{"type": "FeatureCollection", "features": [{"type": "Feature", "properties": {"name": "Huntington Boulevard", "highway": "residential", "length_m": 1182.5}, "geometry": {"type": "LineString", "coordinates": [[-82.91806, 42.43352], [-82.918, 42.43349], [-82.91514, 42.43233], [-82.91167, 42.4309], [-82.9116, 42.43087], [-82.90979, 42.43012], [-82.90935, 42.42994], [-82.90922, 42.42989], [-82.90896, 42.42978], [-82.90885, 42.42974], [-82.90858, 42.42963], [-82.906, 42.42858], [-82.90593, 42.42855], [-82.90588, 42.42854], [-82.90544, 42.42851]]}}, {"type": "Feature", "properties": {"name": "Elford Court", "highway": "residential", "length_m": 348.2}, "geometry": {"type": "LineString", "coordinates": [[-82.89934, 42.42796], [-82.89952, 42.42806], [-82.89969, 42.42813], [-82.89984, 42.4282], [-82.90005, 42.42828], [-82.90009, 42.42831], [-82.90013, 42.42834], [-82.90016, 42.4284], [-82.90017, 42.42844], [-82.90017, 42.42847], [-82.90015, 42.42852], [-82.90007, 42.42864], [-82.90005, 42.42867], [-82.90005, 42.4287], [-82.90005, 42.42873], [-82.90007, 42.42878], [-82.90011, 42.42883], [-82.90014, 42.42885], [-82.90018, 42.42887], [-82.90067, 42.42907], [-82.90071, 42.42908], [-82.90077, 42.42908], [-82.90083, 42.42908], [-82.90088, 42.42906], [-82.90093, 42.42904], [-82.90097, 42.429], [-82.90169, 42.42795]]}}, {"type": "Feature", "properties": {"name": "Paget Court", "highway": "residential", "length_m": 278.8}, "geometry": {"type": "LineString", "coordinates": [[-82.89849, 42.42909], [-82.90039, 42.42982], [-82.90046, 42.42986], [-82.9005, 42.42991], [-82.90053, 42.42997], [-82.90053, 42.43006], [-82.90026, 42.43068]]}}, {"type": "Feature", "properties": {"name": "North Renaud Road", "highway": "residential", "length_m": 701.1}, "geometry": {"type": "LineString", "coordinates": [[-82.90023, 42.4337], [-82.9003, 42.43431], [-82.90031, 42.43436], [-82.90035, 42.43442], [-82.90039, 42.43447], [-82.90045, 42.43452], [-82.90053, 42.43458], [-82.90063, 42.43461], [-82.90191, 42.43492], [-82.90601, 42.4359], [-82.90604, 42.4359], [-82.9061, 42.4359], [-82.90615, 42.43589], [-82.90642, 42.43577], [-82.90646, 42.43575], [-82.90648, 42.43572], [-82.9065, 42.43568], [-82.90667, 42.43504]]}}, {"type": "Feature", "properties": {"name": "Arthur Avenue", "highway": "residential", "length_m": 191.3}, "geometry": {"type": "LineString", "coordinates": [[-82.92048, 42.43024], [-82.92015, 42.43068], [-82.91996, 42.43095], [-82.91991, 42.43101], [-82.91985, 42.4311], [-82.91936, 42.43175]]}}, {"type": "Feature", "properties": {"name": "Cook Road", "highway": "tertiary", "length_m": 1145.5}, "geometry": {"type": "LineString", "coordinates": [[-82.88876, 42.41972], [-82.8894, 42.41998], [-82.88994, 42.42021], [-82.89159, 42.42088], [-82.89199, 42.42104], [-82.89325, 42.42156], [-82.89371, 42.42175], [-82.89462, 42.42212], [-82.89549, 42.42247], [-82.89584, 42.42262], [-82.89607, 42.42272], [-82.89691, 42.42306], [-82.89771, 42.42338], [-82.89774, 42.42339], [-82.89787, 42.42345], [-82.89839, 42.42366], [-82.89867, 42.42377], [-82.8993, 42.42403], [-82.89984, 42.42425], [-82.89988, 42.42427], [-82.90037, 42.42447], [-82.90093, 42.4247]]}}, {"type": "Feature", "properties": {"name": "Broadstone Street", "highway": "residential", "length_m": 297.3}, "geometry": {"type": "LineString", "coordinates": [[-82.92021, 42.4292], [-82.91705, 42.42791]]}}, {"type": "Feature", "properties": {"name": "Severn Road", "highway": "residential", "length_m": 749.6}, "geometry": {"type": "LineString", "coordinates": [[-82.9098, 42.42392], [-82.90994, 42.42393], [-82.91008, 42.42394], [-82.91044, 42.42395], [-82.91061, 42.42396], [-82.91075, 42.42397], [-82.91092, 42.424], [-82.91119, 42.42405], [-82.91134, 42.42409], [-82.9115, 42.42413], [-82.91175, 42.42422], [-82.9119, 42.42428], [-82.91204, 42.42435], [-82.91254, 42.42462], [-82.91274, 42.42473], [-82.91312, 42.42491], [-82.91354, 42.42511], [-82.91413, 42.42536], [-82.91462, 42.42555], [-82.91506, 42.42571], [-82.91589, 42.426], [-82.91661, 42.42627], [-82.91687, 42.42638], [-82.91715, 42.42651], [-82.9175, 42.42668], [-82.91779, 42.42682], [-82.91787, 42.42685]]}}, {"type": "Feature", "properties": {"name": "Severn Road", "highway": "residential", "length_m": 294.6}, "geometry": {"type": "LineString", "coordinates": [[-82.92118, 42.42792], [-82.91813, 42.42668], [-82.91804, 42.42664]]}}, {"type": "Feature", "properties": {"name": "Eastbourne Road", "highway": "residential", "length_m": 434.3}, "geometry": {"type": "LineString", "coordinates": [[-82.9142, 42.42423], [-82.91416, 42.42429], [-82.91354, 42.42511], [-82.9129, 42.42597], [-82.91284, 42.42607], [-82.9123, 42.42678], [-82.91171, 42.42758], [-82.91166, 42.42765]]}}, {"type": "Feature", "properties": {"name": "Broadstone Road", "highway": "residential", "length_m": 687.7}, "geometry": {"type": "LineString", "coordinates": [[-82.90981, 42.42495], [-82.90994, 42.42501], [-82.91048, 42.42505], [-82.91078, 42.42509], [-82.91101, 42.42513], [-82.91137, 42.42522], [-82.91152, 42.42528], [-82.91175, 42.42537], [-82.91202, 42.42552], [-82.91249, 42.42578], [-82.9129, 42.42597], [-82.91363, 42.42628], [-82.91407, 42.42645], [-82.91525, 42.42686], [-82.91563, 42.42701], [-82.91601, 42.42716], [-82.9164, 42.42733], [-82.91684, 42.42753], [-82.9172, 42.42769]]}}, {"type": "Feature", "properties": {"name": "West Emory Court", "highway": "residential", "length_m": 274.7}, "geometry": {"type": "LineString", "coordinates": [[-82.9041, 42.42886], [-82.90325, 42.43001], [-82.90319, 42.43006], [-82.90315, 42.43007], [-82.90311, 42.43008], [-82.90303, 42.43008], [-82.90295, 42.43007], [-82.90226, 42.42979], [-82.90222, 42.42976], [-82.90218, 42.42972], [-82.90216, 42.42968], [-82.90215, 42.42963], [-82.90216, 42.4296], [-82.90218, 42.42956], [-82.90223, 42.42949]]}}, {"type": "Feature", "properties": {"name": "Shelbourne Road", "highway": "residential", "length_m": 364.2}, "geometry": {"type": "LineString", "coordinates": [[-82.90744, 42.42358], [-82.90731, 42.42402], [-82.9073, 42.42407], [-82.9073, 42.42412], [-82.90731, 42.42417], [-82.90733, 42.42422], [-82.90753, 42.42458], [-82.90777, 42.42502], [-82.90783, 42.4251], [-82.90792, 42.42516], [-82.90812, 42.42525], [-82.90929, 42.42573], [-82.90937, 42.42575], [-82.90943, 42.42576], [-82.90955, 42.42577], [-82.9097, 42.42578], [-82.90984, 42.42579]]}}, {"type": "Feature", "properties": {"name": "Mack Plaza Drive", "highway": "residential", "length_m": 183.5}, "geometry": {"type": "LineString", "coordinates": [[-82.90878, 42.4324], [-82.90938, 42.43245], [-82.90947, 42.43246], [-82.90948, 42.43238], [-82.90949, 42.43233], [-82.90954, 42.43208], [-82.90956, 42.43191], [-82.90955, 42.43185], [-82.90952, 42.4318], [-82.90944, 42.43177], [-82.90935, 42.43175], [-82.90912, 42.43171], [-82.90902, 42.4317], [-82.90891, 42.43168]]}}, {"type": "Feature", "properties": {"name": "Jackson Avenue", "highway": "residential", "length_m": 1017.8}, "geometry": {"type": "LineString", "coordinates": [[-82.91259, 42.43423], [-82.91241, 42.43466], [-82.91238, 42.43472], [-82.91235, 42.43479], [-82.91205, 42.43544], [-82.91203, 42.43551], [-82.912, 42.43557], [-82.9117, 42.43624], [-82.91167, 42.43631], [-82.91164, 42.43638], [-82.91135, 42.43705], [-82.91132, 42.43712], [-82.91129, 42.43718], [-82.91099, 42.43786], [-82.91096, 42.43793], [-82.91093, 42.43801], [-82.91063, 42.43869], [-82.9106, 42.43874], [-82.91057, 42.43882], [-82.91024, 42.43957], [-82.90987, 42.44041], [-82.90949, 42.44126], [-82.90915, 42.44204], [-82.90912, 42.4421], [-82.90875, 42.44293]]}}, {"type": "Feature", "properties": {"name": "East Clairview Court", "highway": "residential", "length_m": 156.6}, "geometry": {"type": "LineString", "coordinates": [[-82.90597, 42.42967], [-82.90538, 42.43049], [-82.90536, 42.43058], [-82.90537, 42.43063], [-82.9054, 42.43069], [-82.90543, 42.43074], [-82.90548, 42.43078], [-82.90553, 42.43081], [-82.90566, 42.43086]]}}, {"type": "Feature", "properties": {"name": "Prestwick Road", "highway": "residential", "length_m": 792.5}, "geometry": {"type": "LineString", "coordinates": [[-82.91853, 42.426], [-82.9165, 42.42517], [-82.91585, 42.4249], [-82.9142, 42.42423], [-82.91083, 42.42285], [-82.91077, 42.42283], [-82.9107, 42.4228], [-82.91064, 42.42279], [-82.91031, 42.42277], [-82.9102, 42.42276], [-82.91005, 42.42269]]}}, {"type": "Feature", "properties": {"name": "Berns Court", "highway": "residential", "length_m": 84.2}, "geometry": {"type": "LineString", "coordinates": [[-82.90126, 42.43108], [-82.90176, 42.43042]]}}, {"type": "Feature", "properties": {"name": "South Renaud Road", "highway": "residential", "length_m": 1362.8}, "geometry": {"type": "LineString", "coordinates": [[-82.89293, 42.43278], [-82.89381, 42.43214], [-82.8939, 42.4321], [-82.89395, 42.43208], [-82.89401, 42.43207], [-82.89411, 42.43207], [-82.89417, 42.43207], [-82.89423, 42.43208], [-82.89558, 42.4324], [-82.89823, 42.43303], [-82.89842, 42.43309], [-82.89875, 42.43319], [-82.89902, 42.43328], [-82.89926, 42.43338], [-82.89945, 42.43346], [-82.8997, 42.43358], [-82.89984, 42.43363], [-82.89995, 42.43367], [-82.90013, 42.43369], [-82.90023, 42.4337], [-82.90074, 42.43369], [-82.9009, 42.4337], [-82.90106, 42.43372], [-82.90122, 42.43375], [-82.90231, 42.43401], [-82.90599, 42.43489], [-82.90667, 42.43504], [-82.90687, 42.43508], [-82.90719, 42.4351], [-82.90743, 42.4351], [-82.90763, 42.4351], [-82.90781, 42.43509], [-82.90796, 42.43508], [-82.90798, 42.43508], [-82.9081, 42.43507], [-82.9084, 42.43507]]}}, {"type": "Feature", "properties": {"name": "East Kings Court", "highway": "residential", "length_m": 141.2}, "geometry": {"type": "LineString", "coordinates": [[-82.90678, 42.42564], [-82.90667, 42.4257], [-82.90589, 42.42672]]}}, {"type": "Feature", "properties": {"name": "North Oxford Road", "highway": "residential", "length_m": 1190.1}, "geometry": {"type": "LineString", "coordinates": [[-82.88856, 42.42979], [-82.89163, 42.43052], [-82.89576, 42.43151], [-82.89595, 42.43155], [-82.90141, 42.43285], [-82.90151, 42.43287], [-82.9016, 42.43286], [-82.90167, 42.43284], [-82.90183, 42.43277], [-82.90186, 42.43276], [-82.90189, 42.43275], [-82.90202, 42.43273], [-82.90209, 42.43272], [-82.90216, 42.43272], [-82.90223, 42.43273], [-82.90231, 42.43275]]}}, {"type": "Feature", "properties": {"name": "Raymond Street", "highway": "residential", "length_m": 179.6}, "geometry": {"type": "LineString", "coordinates": [[-82.91531, 42.42095], [-82.91425, 42.42236]]}}, {"type": "Feature", "properties": {"name": "Stanhope Street", "highway": "residential", "length_m": 1230.4}, "geometry": {"type": "LineString", "coordinates": [[-82.90968, 42.42685], [-82.91021, 42.42706], [-82.91166, 42.42765], [-82.91353, 42.42842], [-82.917, 42.42984], [-82.91991, 42.43101], [-82.92, 42.43105], [-82.92232, 42.432], [-82.92277, 42.43218]]}}, {"type": "Feature", "properties": {"name": "Helen Avenue", "highway": "residential", "length_m": 1226.8}, "geometry": {"type": "LineString", "coordinates": [[-82.91552, 42.43392], [-82.91544, 42.43395], [-82.91535, 42.43402], [-82.91528, 42.43409], [-82.91526, 42.43412], [-82.91524, 42.43415], [-82.91524, 42.43417], [-82.91522, 42.43422], [-82.91512, 42.43496], [-82.9151, 42.43508], [-82.91485, 42.43565], [-82.91482, 42.43572], [-82.9148, 42.43579], [-82.91464, 42.43613], [-82.91446, 42.43654], [-82.91431, 42.43687], [-82.91428, 42.43693], [-82.91425, 42.437], [-82.91395, 42.43767], [-82.91393, 42.43773], [-82.9139, 42.4378], [-82.9136, 42.43848], [-82.91357, 42.43856], [-82.91353, 42.43863], [-82.91323, 42.43931], [-82.91321, 42.43937], [-82.91318, 42.43944], [-82.91285, 42.44019], [-82.91248, 42.44103], [-82.9121, 42.44188], [-82.91176, 42.44266], [-82.91172, 42.44273], [-82.91136, 42.44355], [-82.91104, 42.44426], [-82.91099, 42.44437]]}}, {"type": "Feature", "properties": {"name": "West Clairview Court", "highway": "residential", "length_m": 155.2}, "geometry": {"type": "LineString", "coordinates": [[-82.90685, 42.43002], [-82.90629, 42.43078], [-82.90622, 42.43084], [-82.90618, 42.43087], [-82.9061, 42.4309], [-82.90605, 42.43092], [-82.90598, 42.43093], [-82.90592, 42.43093], [-82.90586, 42.43092], [-82.90579, 42.43091], [-82.90566, 42.43086]]}}, {"type": "Feature", "properties": {"name": "Norton Court", "highway": "residential", "length_m": 83.9}, "geometry": {"type": "LineString", "coordinates": [[-82.90775, 42.43035], [-82.90724, 42.431]]}}, {"type": "Feature", "properties": {"name": "Manchester Boulevard", "highway": "residential", "length_m": 1171.9}, "geometry": {"type": "LineString", "coordinates": [[-82.92187, 42.43386], [-82.92166, 42.43377], [-82.92145, 42.43369], [-82.92097, 42.43349], [-82.91874, 42.43259], [-82.91867, 42.43257], [-82.9159, 42.43143], [-82.91583, 42.4314], [-82.9153, 42.43117], [-82.91237, 42.42998], [-82.90994, 42.42897], [-82.90953, 42.4288], [-82.90951, 42.4288], [-82.90942, 42.42877]]}}, {"type": "Feature", "properties": {"name": "Holiday Road", "highway": "residential", "length_m": 1097.2}, "geometry": {"type": "LineString", "coordinates": [[-82.90589, 42.42672], [-82.90583, 42.42677], [-82.90574, 42.42692], [-82.9057, 42.427], [-82.90566, 42.42715], [-82.90561, 42.42747], [-82.90544, 42.42851], [-82.90539, 42.42883], [-82.90537, 42.42888], [-82.90535, 42.42892], [-82.90508, 42.42928], [-82.90395, 42.4308], [-82.90362, 42.43127], [-82.90345, 42.43153], [-82.90325, 42.43189], [-82.90302, 42.43239], [-82.90279, 42.43291], [-82.90231, 42.43401], [-82.90191, 42.43492], [-82.90147, 42.43594]]}}, {"type": "Feature", "properties": {"name": "South Oxford Road", "highway": "residential", "length_m": 1194.7}, "geometry": {"type": "LineString", "coordinates": [[-82.8889, 42.42901], [-82.89197, 42.42974], [-82.89629, 42.43077], [-82.90079, 42.43186], [-82.90131, 42.43202], [-82.90168, 42.43218], [-82.90185, 42.43228], [-82.9019, 42.43233], [-82.90193, 42.43237], [-82.90197, 42.43242], [-82.902, 42.43249], [-82.90209, 42.43258], [-82.90218, 42.43267], [-82.90224, 42.43271], [-82.90231, 42.43275]]}}, {"type": "Feature", "properties": {"name": "West Kings Court", "highway": "residential", "length_m": 228.9}, "geometry": {"type": "LineString", "coordinates": [[-82.90678, 42.42564], [-82.90687, 42.42562], [-82.90724, 42.42574], [-82.9075, 42.42585], [-82.90758, 42.42589], [-82.90762, 42.42593], [-82.90765, 42.42596], [-82.90766, 42.42601], [-82.90766, 42.42605], [-82.90765, 42.42609], [-82.90763, 42.42612], [-82.90731, 42.42655], [-82.90689, 42.42712]]}}, {"type": "Feature", "properties": {"name": "South Prestwick Road", "highway": "residential", "length_m": 13.5}, "geometry": {"type": "LineString", "coordinates": [[-82.90991, 42.42263], [-82.91005, 42.42269]]}}, {"type": "Feature", "properties": {"name": "Blossom Place", "highway": "residential", "length_m": 102.9}, "geometry": {"type": "LineString", "coordinates": [[-82.90844, 42.42673], [-82.9093, 42.42681], [-82.90932, 42.42681], [-82.90943, 42.42682], [-82.90968, 42.42685]]}}, {"type": "Feature", "properties": {"name": "Allard Avenue", "highway": "tertiary", "length_m": 15.6}, "geometry": {"type": "LineString", "coordinates": [[-82.90957, 42.42781], [-82.90968, 42.42782], [-82.90973, 42.42783], [-82.90975, 42.42784]]}}, {"type": "Feature", "properties": {"name": "Ghesquiere Court", "highway": "residential", "length_m": 83.3}, "geometry": {"type": "LineString", "coordinates": [[-82.90223, 42.43147], [-82.90272, 42.43082]]}}, {"type": "Feature", "properties": {"name": "Lexington Road", "highway": "residential", "length_m": 349.5}, "geometry": {"type": "LineString", "coordinates": [[-82.90647, 42.42318], [-82.90744, 42.42358], [-82.90819, 42.42389], [-82.90824, 42.42392], [-82.90829, 42.42395], [-82.90836, 42.42401], [-82.90841, 42.42408], [-82.90856, 42.42436], [-82.90861, 42.42444], [-82.9087, 42.42453], [-82.9088, 42.4246], [-82.90891, 42.42465], [-82.90939, 42.42486], [-82.90946, 42.42488], [-82.90954, 42.42489], [-82.90966, 42.42492], [-82.90981, 42.42495]]}}, {"type": "Feature", "properties": {"name": "Bournemouth Avenue", "highway": "residential", "length_m": 25.7}, "geometry": {"type": "LineString", "coordinates": [[-82.91637, 42.42322], [-82.91609, 42.42311]]}}, {"type": "Feature", "properties": {"name": "Littlestone Road", "highway": "residential", "length_m": 1293.5}, "geometry": {"type": "LineString", "coordinates": [[-82.92334, 42.4314], [-82.92264, 42.43111], [-82.92245, 42.43103], [-82.92048, 42.43024], [-82.91967, 42.42991], [-82.91758, 42.42905], [-82.91674, 42.4287], [-82.91663, 42.42865], [-82.91653, 42.42857], [-82.91648, 42.42853], [-82.91639, 42.42849], [-82.91436, 42.42766], [-82.91412, 42.42756], [-82.9138, 42.42743], [-82.91289, 42.42705], [-82.9123, 42.42678], [-82.91155, 42.42641], [-82.91141, 42.42635], [-82.91121, 42.42627], [-82.91101, 42.42621], [-82.91079, 42.42615], [-82.91039, 42.42609], [-82.91034, 42.42609], [-82.9098, 42.42605], [-82.90966, 42.42605], [-82.90953, 42.42605]]}}, {"type": "Feature", "properties": {"name": "Torrey Road", "highway": "residential", "length_m": 994.9}, "geometry": {"type": "LineString", "coordinates": [[-82.89877, 42.42854], [-82.89883, 42.42847], [-82.89934, 42.42796], [-82.89969, 42.42762], [-82.89978, 42.42755], [-82.89986, 42.4275], [-82.89995, 42.42746], [-82.90005, 42.42744], [-82.90015, 42.42744], [-82.90027, 42.42744], [-82.90034, 42.42746], [-82.90041, 42.42748], [-82.90169, 42.42795], [-82.90301, 42.42844], [-82.90358, 42.42865], [-82.9041, 42.42886], [-82.90432, 42.42895], [-82.90508, 42.42928], [-82.90597, 42.42967], [-82.90619, 42.42976], [-82.90685, 42.43002], [-82.90775, 42.43035], [-82.90825, 42.43053], [-82.90831, 42.43054], [-82.90847, 42.43057], [-82.9087, 42.4306], [-82.90881, 42.43061], [-82.9091, 42.43063]]}}, {"type": "Feature", "properties": {"name": "Faircourt Street", "highway": "residential", "length_m": 258.4}, "geometry": {"type": "LineString", "coordinates": [[-82.90868, 42.433], [-82.90842, 42.43298], [-82.90829, 42.43296], [-82.90826, 42.43296], [-82.90815, 42.43295], [-82.90802, 42.43293], [-82.90792, 42.4329], [-82.90782, 42.43288], [-82.90765, 42.43281], [-82.9065, 42.43234], [-82.90645, 42.43234], [-82.9064, 42.43234], [-82.90636, 42.43235], [-82.90632, 42.43235], [-82.90629, 42.43235], [-82.90626, 42.43233], [-82.90624, 42.43231], [-82.90623, 42.43229], [-82.90623, 42.43228], [-82.90623, 42.43226], [-82.90624, 42.43224], [-82.90625, 42.43223], [-82.90628, 42.43221], [-82.90632, 42.4322], [-82.90634, 42.4322], [-82.90637, 42.4322], [-82.90639, 42.43221], [-82.90641, 42.43223], [-82.90643, 42.43226], [-82.90645, 42.43229], [-82.90647, 42.43231], [-82.9065, 42.43234]]}}, {"type": "Feature", "properties": {"name": "Oxford Road", "highway": "residential", "length_m": 1085.0}, "geometry": {"type": "LineString", "coordinates": [[-82.90231, 42.43275], [-82.90241, 42.43279], [-82.90279, 42.43291], [-82.90758, 42.43445], [-82.90775, 42.43451], [-82.90802, 42.43459], [-82.90804, 42.4346], [-82.90817, 42.43463], [-82.90844, 42.43465], [-82.90859, 42.43469], [-82.90916, 42.43482], [-82.90979, 42.43497], [-82.91193, 42.43548], [-82.91203, 42.43551], [-82.91212, 42.43553], [-82.9127, 42.43567], [-82.91455, 42.43611], [-82.91464, 42.43613]]}}, {"type": "Feature", "properties": {"name": "Baltree Court", "highway": "residential", "length_m": 70.8}, "geometry": {"type": "LineString", "coordinates": [[-82.90408, 42.43223], [-82.90449, 42.43167]]}}, {"type": "Feature", "properties": {"name": "Craig Street", "highway": "residential", "length_m": 515.5}, "geometry": {"type": "LineString", "coordinates": [[-82.91955, 42.42453], [-82.91955, 42.42461], [-82.91954, 42.42462], [-82.91909, 42.42521], [-82.91905, 42.42526], [-82.919, 42.42533], [-82.91855, 42.42593], [-82.91854, 42.42595], [-82.91853, 42.426], [-82.91852, 42.42604], [-82.9185, 42.42607], [-82.91804, 42.42664], [-82.91787, 42.42685], [-82.91753, 42.42726], [-82.9172, 42.42769], [-82.91705, 42.42791], [-82.91653, 42.42857]]}}, {"type": "Feature", "properties": {"name": "Brierstone Street", "highway": "residential", "length_m": 297.3}, "geometry": {"type": "LineString", "coordinates": [[-82.92069, 42.42856], [-82.9206, 42.42853], [-82.91862, 42.42772], [-82.91762, 42.4273], [-82.91753, 42.42726]]}}, {"type": "Feature", "properties": {"name": "West Ida Lane", "highway": "residential", "length_m": 52.5}, "geometry": {"type": "LineString", "coordinates": [[-82.90397, 42.42782], [-82.90403, 42.42792], [-82.90407, 42.42796], [-82.90411, 42.42798], [-82.90444, 42.42811]]}}, {"type": "Feature", "properties": {"name": "West Ida Lane", "highway": "residential", "length_m": 185.8}, "geometry": {"type": "LineString", "coordinates": [[-82.90492, 42.42632], [-82.90487, 42.4264], [-82.90469, 42.42668], [-82.90461, 42.42681], [-82.90454, 42.42695], [-82.90431, 42.42746], [-82.90428, 42.42753], [-82.90422, 42.42761], [-82.90414, 42.4277], [-82.90404, 42.42778], [-82.90397, 42.42782]]}}, {"type": "Feature", "properties": {"name": "Blossom Lane", "highway": "residential", "length_m": 141.1}, "geometry": {"type": "LineString", "coordinates": [[-82.90867, 42.42641], [-82.90844, 42.42673], [-82.90786, 42.42752]]}}, {"type": "Feature", "properties": {"name": "Kingsville Avenue", "highway": "residential", "length_m": 241.4}, "geometry": {"type": "LineString", "coordinates": [[-82.91742, 42.42178], [-82.91633, 42.42135], [-82.91626, 42.42133], [-82.91611, 42.42127], [-82.91531, 42.42095], [-82.91511, 42.42086], [-82.91484, 42.42075]]}}, {"type": "Feature", "properties": {"name": "Ford Court", "highway": "residential", "length_m": 180.4}, "geometry": {"type": "LineString", "coordinates": [[-82.90681, 42.43162], [-82.90751, 42.43191], [-82.90794, 42.43207], [-82.90812, 42.43212], [-82.90832, 42.43218], [-82.90842, 42.43219], [-82.90854, 42.4322], [-82.90881, 42.43223]]}}, {"type": "Feature", "properties": {"name": "Fairholme Road", "highway": "residential", "length_m": 1101.3}, "geometry": {"type": "LineString", "coordinates": [[-82.89877, 42.42854], [-82.89871, 42.42862], [-82.89866, 42.42871], [-82.89849, 42.42909], [-82.89838, 42.42941], [-82.89834, 42.4297], [-82.8984, 42.42983], [-82.89848, 42.42992], [-82.89865, 42.43002], [-82.90026, 42.43068], [-82.90126, 42.43108], [-82.90223, 42.43147], [-82.90316, 42.43185], [-82.90325, 42.43189], [-82.90336, 42.43194], [-82.90408, 42.43223], [-82.90495, 42.43258], [-82.90574, 42.43289], [-82.90598, 42.43297], [-82.90676, 42.43333], [-82.907, 42.43342], [-82.90739, 42.43358], [-82.90747, 42.43361], [-82.90759, 42.43365], [-82.90771, 42.43368], [-82.9078, 42.4337], [-82.90792, 42.43372], [-82.90804, 42.43374], [-82.90817, 42.43375], [-82.90829, 42.43376], [-82.90844, 42.43377], [-82.90856, 42.43379]]}}, {"type": "Feature", "properties": {"name": "Ida Lane East", "highway": "residential", "length_m": 277.5}, "geometry": {"type": "LineString", "coordinates": [[-82.90387, 42.42589], [-82.90382, 42.42597], [-82.90364, 42.42623], [-82.90354, 42.42641], [-82.90345, 42.42658], [-82.90308, 42.42738], [-82.90307, 42.42741], [-82.90307, 42.42745], [-82.90308, 42.42749], [-82.90311, 42.42754], [-82.90315, 42.42758], [-82.9032, 42.42761], [-82.90374, 42.42783], [-82.9038, 42.42784], [-82.90387, 42.42784], [-82.90392, 42.42784], [-82.90397, 42.42782]]}}, {"type": "Feature", "properties": {"name": "Dorthen Street", "highway": "residential", "length_m": 349.1}, "geometry": {"type": "LineString", "coordinates": [[-82.90561, 42.42747], [-82.9061, 42.42751], [-82.90615, 42.42752], [-82.90619, 42.42753], [-82.90873, 42.42857], [-82.90904, 42.4287], [-82.90913, 42.42873], [-82.90942, 42.42877]]}}, {"type": "Feature", "properties": {"name": "Bournemouth Road", "highway": "residential", "length_m": 561.9}, "geometry": {"type": "LineString", "coordinates": [[-82.91009, 42.42077], [-82.91024, 42.42077], [-82.91037, 42.42078], [-82.91045, 42.42079], [-82.91049, 42.42081], [-82.9106, 42.42086], [-82.91077, 42.42094], [-82.91083, 42.42096], [-82.91101, 42.42104], [-82.91118, 42.4211], [-82.91425, 42.42236], [-82.91526, 42.42277], [-82.91609, 42.42311]]}}, {"type": "Feature", "properties": {"name": "East Emory Court", "highway": "residential", "length_m": 133.8}, "geometry": {"type": "LineString", "coordinates": [[-82.90301, 42.42844], [-82.90223, 42.42949]]}}, {"type": "Feature", "properties": {"name": "Bramcaster Road", "highway": "residential", "length_m": 808.5}, "geometry": {"type": "LineString", "coordinates": [[-82.9165, 42.42517], [-82.91646, 42.42523], [-82.91589, 42.426], [-82.91525, 42.42686], [-82.91497, 42.42715], [-82.9147, 42.4274], [-82.91443, 42.42761], [-82.91436, 42.42766], [-82.91428, 42.42771], [-82.91399, 42.42793], [-82.91376, 42.42815], [-82.91359, 42.42835], [-82.91353, 42.42842], [-82.91347, 42.42849], [-82.91302, 42.42909], [-82.91298, 42.42915], [-82.91293, 42.42922], [-82.91243, 42.42989], [-82.91237, 42.42998], [-82.9123, 42.43006], [-82.91173, 42.43082], [-82.91167, 42.4309], [-82.91161, 42.43099], [-82.9116, 42.431], [-82.91135, 42.43132]]}}, {"type": "Feature", "properties": {"name": "Marford Court", "highway": "residential", "length_m": 69.4}, "geometry": {"type": "LineString", "coordinates": [[-82.90495, 42.43258], [-82.90535, 42.43203]]}}, {"type": "Feature", "properties": {"name": "Elizabeth Court", "highway": "residential", "length_m": 104.2}, "geometry": {"type": "LineString", "coordinates": [[-82.90898, 42.42151], [-82.90972, 42.42181], [-82.90983, 42.42185], [-82.90984, 42.42185], [-82.90999, 42.42186], [-82.91013, 42.42187]]}}, {"type": "Feature", "properties": {"name": "North Colonial Court", "highway": "residential", "length_m": 12.1}, "geometry": {"type": "LineString", "coordinates": [[-82.90998, 42.42347], [-82.91013, 42.42347]]}}, {"type": "Feature", "properties": {"name": "Chester Avenue", "highway": "residential", "length_m": 416.0}, "geometry": {"type": "LineString", "coordinates": [[-82.91758, 42.42905], [-82.91725, 42.4295], [-82.91705, 42.42977], [-82.917, 42.42984], [-82.91694, 42.42991], [-82.9165, 42.43051], [-82.91645, 42.43057], [-82.9164, 42.43063], [-82.9159, 42.43131], [-82.91583, 42.4314], [-82.91577, 42.43149], [-82.9152, 42.43224], [-82.91514, 42.43233]]}}, {"type": "Feature", "properties": {"name": "Prestwick Avenue", "highway": "residential", "length_m": 294.3}, "geometry": {"type": "LineString", "coordinates": [[-82.92166, 42.42727], [-82.92158, 42.42725], [-82.91862, 42.42604], [-82.91853, 42.426]]}}, {"type": "Feature", "properties": {"name": "Colonial Court", "highway": "residential", "length_m": 472.4}, "geometry": {"type": "LineString", "coordinates": [[-82.90991, 42.42263], [-82.9098, 42.42262], [-82.90974, 42.42262], [-82.90959, 42.42261], [-82.90949, 42.42259], [-82.90928, 42.42253], [-82.90897, 42.42241], [-82.90813, 42.42207], [-82.90803, 42.42206], [-82.90798, 42.42208], [-82.90791, 42.42212], [-82.90774, 42.42234], [-82.90767, 42.42246], [-82.90758, 42.42267], [-82.90761, 42.42275], [-82.90771, 42.4228], [-82.90825, 42.42301], [-82.90892, 42.4233], [-82.90933, 42.42343], [-82.9096, 42.42346], [-82.90971, 42.42346], [-82.90985, 42.42346], [-82.90998, 42.42347]]}}, {"type": "Feature", "properties": {"name": "Leslie Avenue", "highway": "residential", "length_m": 199.2}, "geometry": {"type": "LineString", "coordinates": [[-82.91609, 42.42311], [-82.91608, 42.4232], [-82.91598, 42.42393], [-82.91597, 42.42401], [-82.91596, 42.42408], [-82.91595, 42.42413], [-82.91594, 42.42423], [-82.91586, 42.42483], [-82.91585, 42.4249]]}}, {"type": "Feature", "properties": {"name": "Linville Street", "highway": "residential", "length_m": 181.1}, "geometry": {"type": "LineString", "coordinates": [[-82.91633, 42.42135], [-82.91526, 42.42277]]}}, {"type": "Feature", "properties": {"name": "Mack Avenue", "highway": "secondary", "length_m": 1851.4}, "geometry": {"type": "LineString", "coordinates": [[-82.91008, 42.42088], [-82.91006, 42.42102], [-82.91005, 42.42113], [-82.90999, 42.42186], [-82.90991, 42.42263], [-82.90985, 42.42346], [-82.90983, 42.42361], [-82.9098, 42.42392], [-82.90966, 42.42492], [-82.90955, 42.42577], [-82.90954, 42.42591], [-82.90953, 42.42605], [-82.9095, 42.42624], [-82.90943, 42.42682], [-82.90935, 42.42728], [-82.90933, 42.42748], [-82.90931, 42.42758], [-82.90927, 42.42793], [-82.90924, 42.42808], [-82.90921, 42.42828], [-82.9092, 42.42833], [-82.90913, 42.42873], [-82.90896, 42.42978], [-82.90881, 42.43061], [-82.90879, 42.43069], [-82.90877, 42.43081], [-82.90871, 42.43119], [-82.90861, 42.43179], [-82.90854, 42.4322], [-82.90852, 42.43228], [-82.90842, 42.43298], [-82.90838, 42.43321], [-82.90829, 42.43376], [-82.90817, 42.43463], [-82.90814, 42.43485], [-82.9081, 42.43507], [-82.90805, 42.43551], [-82.90801, 42.43585], [-82.90797, 42.43615], [-82.90794, 42.43638], [-82.9079, 42.43669], [-82.9078, 42.43745]]}}, {"type": "Feature", "properties": {"name": "Chalfonte Avenue", "highway": "residential", "length_m": 1167.5}, "geometry": {"type": "LineString", "coordinates": [[-82.9068, 42.41549], [-82.90678, 42.41563], [-82.90676, 42.41573], [-82.90675, 42.41578], [-82.90672, 42.41585], [-82.9066, 42.41622], [-82.90643, 42.41675], [-82.90612, 42.41768], [-82.90573, 42.41889], [-82.9051, 42.42083], [-82.90484, 42.42165], [-82.90459, 42.42238], [-82.9045, 42.42269], [-82.90432, 42.42327], [-82.90425, 42.42345], [-82.90423, 42.42352], [-82.90401, 42.42401], [-82.90392, 42.42421], [-82.90355, 42.42503], [-82.90352, 42.42511], [-82.9034, 42.42539], [-82.90331, 42.42559], [-82.90328, 42.42565]]}}, {"type": "Feature", "properties": {"name": "Kenmore Drive", "highway": "residential", "length_m": 1066.6}, "geometry": {"type": "LineString", "coordinates": [[-82.91898, 42.43804], [-82.9191, 42.43775], [-82.91912, 42.43766], [-82.91911, 42.4376], [-82.91909, 42.43755], [-82.91905, 42.43749], [-82.919, 42.43744], [-82.91894, 42.4374], [-82.91745, 42.43679], [-82.91736, 42.43675], [-82.91491, 42.43575], [-82.91482, 42.43572], [-82.91474, 42.43568], [-82.91448, 42.43557], [-82.91246, 42.43476], [-82.91238, 42.43472], [-82.90935, 42.43349], [-82.9088, 42.43326], [-82.90864, 42.43323], [-82.90838, 42.43321]]}}, {"type": "Feature", "properties": {"name": "Mack Avenue", "highway": "secondary", "length_m": 126.5}, "geometry": {"type": "LineString", "coordinates": [[-82.91053, 42.41908], [-82.91054, 42.41896], [-82.91054, 42.41893], [-82.91062, 42.41839], [-82.91066, 42.41803], [-82.91067, 42.41795]]}}, {"type": "Feature", "properties": {"name": "Mack Avenue", "highway": "secondary", "length_m": 960.6}, "geometry": {"type": "LineString", "coordinates": [[-82.90823, 42.43639], [-82.90833, 42.43553], [-82.9084, 42.43507], [-82.90844, 42.43465], [-82.90847, 42.43447], [-82.90849, 42.43435], [-82.90852, 42.43409], [-82.90856, 42.43379], [-82.90864, 42.43323], [-82.90868, 42.433], [-82.90878, 42.4324], [-82.90881, 42.43223], [-82.90886, 42.43201], [-82.90891, 42.43168], [-82.909, 42.43122], [-82.90905, 42.43093], [-82.90908, 42.43074], [-82.9091, 42.43063], [-82.90922, 42.42989], [-82.90924, 42.42979], [-82.90929, 42.42949], [-82.90942, 42.42877], [-82.9095, 42.42827], [-82.90952, 42.42811], [-82.90957, 42.42781]]}}, {"type": "Feature", "properties": {"name": "Kingsville Avenue", "highway": "residential", "length_m": 480.1}, "geometry": {"type": "LineString", "coordinates": [[-82.9165, 42.41961], [-82.91644, 42.4197], [-82.91638, 42.41978], [-82.91631, 42.41988], [-82.91559, 42.4209], [-82.91556, 42.42092], [-82.91552, 42.42092], [-82.91547, 42.42092], [-82.91487, 42.42067], [-82.91482, 42.42067], [-82.91479, 42.42067], [-82.91472, 42.42067], [-82.91455, 42.42065], [-82.91452, 42.42065], [-82.91445, 42.42064], [-82.91429, 42.42062], [-82.91413, 42.42057], [-82.91358, 42.42035], [-82.91353, 42.42031], [-82.91349, 42.42026], [-82.91339, 42.42015], [-82.91331, 42.4201], [-82.91264, 42.41983], [-82.91262, 42.41982], [-82.91257, 42.4198], [-82.91224, 42.41967], [-82.91223, 42.41967]]}}, {"type": "Feature", "properties": {"name": "Harper Avenue", "highway": "secondary", "length_m": 110.3}, "geometry": {"type": "LineString", "coordinates": [[-82.92252, 42.43256], [-82.92234, 42.43284], [-82.92228, 42.43294], [-82.92223, 42.43303], [-82.92215, 42.43321], [-82.92211, 42.43332], [-82.92207, 42.4334], [-82.92203, 42.43348]]}}, {"type": "Feature", "properties": {"name": "Harper Avenue", "highway": "secondary", "length_m": 844.3}, "geometry": {"type": "LineString", "coordinates": [[-82.92714, 42.42579], [-82.92705, 42.42591], [-82.92701, 42.42596], [-82.92689, 42.42612], [-82.92679, 42.42625], [-82.92662, 42.42647], [-82.92637, 42.42681], [-82.9261, 42.42721], [-82.92605, 42.42729], [-82.92604, 42.42731], [-82.92564, 42.42791], [-82.92516, 42.42863], [-82.92507, 42.42877], [-82.92494, 42.42896], [-82.92483, 42.42913], [-82.92475, 42.42926], [-82.92407, 42.4303], [-82.92382, 42.43067], [-82.92334, 42.4314], [-82.92329, 42.43147], [-82.92316, 42.43166], [-82.92302, 42.43185], [-82.92277, 42.43218], [-82.92252, 42.43256]]}}, {"type": "Feature", "properties": {"name": "Kingsville Avenue", "highway": "residential", "length_m": 12.2}, "geometry": {"type": "LineString", "coordinates": [[-82.91089, 42.4191], [-82.91081, 42.41919]]}}, {"type": "Feature", "properties": {"name": "Kingsville Avenue", "highway": "residential", "length_m": 12.4}, "geometry": {"type": "LineString", "coordinates": [[-82.91142, 42.41931], [-82.91135, 42.41941]]}}, {"type": "Feature", "properties": {"name": "Kingsville Avenue", "highway": "residential", "length_m": 12.4}, "geometry": {"type": "LineString", "coordinates": [[-82.91164, 42.4194], [-82.91156, 42.41949]]}}, {"type": "Feature", "properties": {"name": "Kingsville Avenue", "highway": "residential", "length_m": 159.9}, "geometry": {"type": "LineString", "coordinates": [[-82.91223, 42.41967], [-82.91204, 42.41958], [-82.91167, 42.41941], [-82.91164, 42.4194], [-82.91142, 42.41931], [-82.91089, 42.4191], [-82.91065, 42.41901], [-82.91054, 42.41896]]}}, {"type": "Feature", "properties": {"name": "Kingsville Avenue", "highway": "residential", "length_m": 155.5}, "geometry": {"type": "LineString", "coordinates": [[-82.91053, 42.41908], [-82.91064, 42.41912], [-82.91081, 42.41919], [-82.91135, 42.41941], [-82.91156, 42.41949], [-82.91178, 42.41958], [-82.91223, 42.41967]]}}, {"type": "Feature", "properties": {"name": "Cook Road", "highway": "tertiary", "length_m": 346.7}, "geometry": {"type": "LineString", "coordinates": [[-82.90579, 42.42669], [-82.90589, 42.42672], [-82.90689, 42.42712], [-82.90786, 42.42752], [-82.90914, 42.42804], [-82.90924, 42.42808], [-82.90952, 42.42811]]}}, {"type": "Feature", "properties": {"name": "Arthur Avenue", "highway": "residential", "length_m": 343.2}, "geometry": {"type": "LineString", "coordinates": [[-82.91936, 42.43175], [-82.91908, 42.43212], [-82.91874, 42.43259], [-82.91833, 42.43316], [-82.91806, 42.43352], [-82.91737, 42.43446]]}}, {"type": "Feature", "properties": {"name": "Allard Avenue", "highway": "tertiary", "length_m": 260.2}, "geometry": {"type": "LineString", "coordinates": [[-82.91936, 42.43175], [-82.91945, 42.43179], [-82.92177, 42.43273], [-82.92213, 42.43288]]}}, {"type": "Feature", "properties": {"name": "Allard Avenue", "highway": "tertiary", "length_m": 22.3}, "geometry": {"type": "LineString", "coordinates": [[-82.90975, 42.42784], [-82.91, 42.42793]]}}, {"type": "Feature", "properties": {"name": "Mack Avenue", "highway": "secondary", "length_m": 768.6}, "geometry": {"type": "LineString", "coordinates": [[-82.90957, 42.42781], [-82.9096, 42.42758], [-82.90962, 42.42745], [-82.90968, 42.42685], [-82.90975, 42.42644], [-82.90975, 42.42642], [-82.9098, 42.42605], [-82.90981, 42.42597], [-82.90984, 42.42579], [-82.90994, 42.42501], [-82.90999, 42.42467], [-82.91008, 42.42394], [-82.9101, 42.42377], [-82.91013, 42.42347], [-82.9102, 42.42276], [-82.91022, 42.42258], [-82.91026, 42.42204], [-82.91027, 42.42187], [-82.91029, 42.42175], [-82.91035, 42.42104], [-82.91036, 42.42092]]}}, {"type": "Feature", "properties": {"name": "Allard Avenue", "highway": "tertiary", "length_m": 871.5}, "geometry": {"type": "LineString", "coordinates": [[-82.91009, 42.42797], [-82.91298, 42.42915], [-82.91645, 42.43057], [-82.91653, 42.43061], [-82.91936, 42.43175]]}}, {"type": "Feature", "properties": {"name": "Newcastle Road", "highway": "residential", "length_m": 1128.8}, "geometry": {"type": "LineString", "coordinates": [[-82.91013, 42.42187], [-82.91027, 42.42187], [-82.91035, 42.42187], [-82.91045, 42.42188], [-82.91086, 42.42192], [-82.91597, 42.42401], [-82.91905, 42.42526], [-82.92221, 42.42656]]}}, {"type": "Feature", "properties": {"name": "", "highway": "residential", "length_m": 33.0}, "geometry": {"type": "LineString", "coordinates": [[-82.902, 42.43249], [-82.90197, 42.43261], [-82.90194, 42.43268], [-82.90186, 42.43276]]}}, {"type": "Feature", "properties": {"name": "Allard Avenue", "highway": "tertiary", "length_m": 19.2}, "geometry": {"type": "LineString", "coordinates": [[-82.92213, 42.43288], [-82.92228, 42.43294], [-82.92233, 42.43296]]}}, {"type": "Feature", "properties": {"name": "Cook Road", "highway": "tertiary", "length_m": 236.6}, "geometry": {"type": "LineString", "coordinates": [[-82.90328, 42.42565], [-82.90355, 42.42576], [-82.90387, 42.42589], [-82.90492, 42.42632], [-82.90579, 42.42669]]}}, {"type": "Feature", "properties": {"name": "Cook Road", "highway": "tertiary", "length_m": 220.7}, "geometry": {"type": "LineString", "coordinates": [[-82.90093, 42.4247], [-82.90112, 42.42478], [-82.90134, 42.42486], [-82.90137, 42.42487], [-82.90164, 42.42498], [-82.90305, 42.42557], [-82.90328, 42.42565]]}}, {"type": "Feature", "properties": {"name": "Mack Avenue", "highway": "secondary", "length_m": 204.8}, "geometry": {"type": "LineString", "coordinates": [[-82.91036, 42.42092], [-82.91037, 42.42078], [-82.91038, 42.42068], [-82.91039, 42.42053], [-82.91042, 42.42024], [-82.91052, 42.41923], [-82.91053, 42.41908]]}}, {"type": "Feature", "properties": {"name": "Crescent Lane", "highway": "residential", "length_m": 375.3}, "geometry": {"type": "LineString", "coordinates": [[-82.89584, 42.42262], [-82.89617, 42.42218], [-82.89623, 42.42211], [-82.89626, 42.42209], [-82.89629, 42.42208], [-82.89636, 42.42207], [-82.89641, 42.42207], [-82.89645, 42.42208], [-82.89771, 42.42259], [-82.89831, 42.42285], [-82.8986, 42.42298], [-82.89867, 42.42302], [-82.89871, 42.42307], [-82.89873, 42.42311], [-82.89874, 42.42315], [-82.89873, 42.42319], [-82.8987, 42.42325], [-82.89839, 42.42366]]}}, {"type": "Feature", "properties": {"name": "Sunningdale Drive", "highway": "residential", "length_m": 617.5}, "geometry": {"type": "LineString", "coordinates": [[-82.88153, 42.43117], [-82.88148, 42.43128], [-82.88107, 42.43224], [-82.88107, 42.43227], [-82.88108, 42.43229], [-82.88148, 42.43238], [-82.88455, 42.43311], [-82.88487, 42.4332], [-82.88647, 42.43358], [-82.8867, 42.43364]]}}, {"type": "Feature", "properties": {"name": "Sunningdale Drive", "highway": "residential", "length_m": 266.7}, "geometry": {"type": "LineString", "coordinates": [[-82.88683, 42.43376], [-82.88725, 42.43386], [-82.88976, 42.43442], [-82.88994, 42.4344]]}}, {"type": "Feature", "properties": {"name": "North Renaud Road", "highway": "residential", "length_m": 958.1}, "geometry": {"type": "LineString", "coordinates": [[-82.88877, 42.43144], [-82.88882, 42.4315], [-82.889, 42.43177], [-82.88904, 42.4318], [-82.88908, 42.43183], [-82.88916, 42.43188], [-82.88923, 42.4319], [-82.89086, 42.43229], [-82.89293, 42.43278], [-82.89518, 42.43332], [-82.89599, 42.4335], [-82.89817, 42.43403], [-82.89825, 42.43404], [-82.8983, 42.43404], [-82.89837, 42.43403], [-82.89843, 42.43401], [-82.89849, 42.43398], [-82.89926, 42.43338]]}}, {"type": "Feature", "properties": {"name": "Shoreham Road", "highway": "residential", "length_m": 520.4}, "geometry": {"type": "LineString", "coordinates": [[-82.88416, 42.427], [-82.88429, 42.42693], [-82.88433, 42.42688], [-82.88456, 42.42634], [-82.88458, 42.42631], [-82.8846, 42.42629], [-82.88463, 42.42628], [-82.88466, 42.42627], [-82.88469, 42.42627], [-82.88477, 42.42629], [-82.88688, 42.4268], [-82.88957, 42.42746]]}}, {"type": "Feature", "properties": {"name": "Shoreham Road", "highway": "residential", "length_m": 547.0}, "geometry": {"type": "LineString", "coordinates": [[-82.8895, 42.42763], [-82.89045, 42.42786], [-82.89078, 42.42795], [-82.8925, 42.42851], [-82.89563, 42.42951]]}}, {"type": "Feature", "properties": {"name": "Edshire Lane", "highway": "residential", "length_m": 192.7}, "geometry": {"type": "LineString", "coordinates": [[-82.89462, 42.42212], [-82.89419, 42.42269], [-82.89405, 42.42287], [-82.89378, 42.4232], [-82.89342, 42.42361]]}}, {"type": "Feature", "properties": {"name": "East Doyle Place", "highway": "residential", "length_m": 171.5}, "geometry": {"type": "LineString", "coordinates": [[-82.89274, 42.42434], [-82.89268, 42.42436], [-82.89263, 42.42441], [-82.8917, 42.42567]]}}, {"type": "Feature", "properties": {"name": "Fairford Road", "highway": "residential", "length_m": 60.1}, "geometry": {"type": "LineString", "coordinates": [[-82.88968, 42.42489], [-82.88974, 42.42497], [-82.88996, 42.42516], [-82.89005, 42.42521], [-82.89018, 42.42527]]}}, {"type": "Feature", "properties": {"name": "Fairford Road", "highway": "residential", "length_m": 225.0}, "geometry": {"type": "LineString", "coordinates": [[-82.88718, 42.4241], [-82.88781, 42.42422], [-82.88797, 42.42425], [-82.88812, 42.42429], [-82.88825, 42.42432], [-82.88838, 42.42437], [-82.88889, 42.42457], [-82.88955, 42.42484], [-82.88968, 42.42489]]}}, {"type": "Feature", "properties": {"name": "Colonial Road", "highway": "residential", "length_m": 653.0}, "geometry": {"type": "LineString", "coordinates": [[-82.87863, 42.42951], [-82.87872, 42.42955], [-82.87879, 42.42959], [-82.87895, 42.42963], [-82.88614, 42.43136]]}}, {"type": "Feature", "properties": {"name": "South Renaud Road", "highway": "residential", "length_m": 350.0}, "geometry": {"type": "LineString", "coordinates": [[-82.88877, 42.43144], [-82.88933, 42.43103], [-82.88937, 42.43101], [-82.88943, 42.43099], [-82.88948, 42.43098], [-82.88953, 42.43098], [-82.88959, 42.43098], [-82.88964, 42.43099], [-82.89126, 42.43137], [-82.89262, 42.4317]]}}, {"type": "Feature", "properties": {"name": "East Ballantyne Court", "highway": "residential", "length_m": 189.6}, "geometry": {"type": "LineString", "coordinates": [[-82.8958, 42.42733], [-82.89567, 42.4275], [-82.89502, 42.42837], [-82.895, 42.42842], [-82.895, 42.42848], [-82.89504, 42.42853], [-82.89512, 42.42858], [-82.89542, 42.42874]]}}, {"type": "Feature", "properties": {"name": "Thorn Tree Road", "highway": "residential", "length_m": 20.4}, "geometry": {"type": "LineString", "coordinates": [[-82.88935, 42.4216], [-82.88928, 42.42177]]}}, {"type": "Feature", "properties": {"name": "Peach Tree Lane", "highway": "residential", "length_m": 242.0}, "geometry": {"type": "LineString", "coordinates": [[-82.89144, 42.42178], [-82.89283, 42.42235], [-82.8929, 42.42237], [-82.89297, 42.42238], [-82.89298, 42.42239], [-82.89302, 42.42239], [-82.89308, 42.42238], [-82.89316, 42.42236], [-82.89319, 42.42235], [-82.89323, 42.42233], [-82.89328, 42.4223], [-82.89334, 42.42224], [-82.89371, 42.42175]]}}, {"type": "Feature", "properties": {"name": "Peach Tree Lane", "highway": "residential", "length_m": 136.4}, "geometry": {"type": "LineString", "coordinates": [[-82.88956, 42.42102], [-82.88976, 42.42106], [-82.88991, 42.42111], [-82.89103, 42.42157]]}}, {"type": "Feature", "properties": {"name": "West Doyle Place", "highway": "residential", "length_m": 171.1}, "geometry": {"type": "LineString", "coordinates": [[-82.89274, 42.42434], [-82.89279, 42.42433], [-82.89285, 42.42432], [-82.8929, 42.42433], [-82.89294, 42.42434], [-82.89302, 42.42438], [-82.8934, 42.42453], [-82.89407, 42.42481], [-82.89417, 42.42485], [-82.89427, 42.42489], [-82.89435, 42.42494], [-82.8944, 42.425], [-82.89443, 42.42506], [-82.89445, 42.42511]]}}, {"type": "Feature", "properties": {"name": "West Doyle Place", "highway": "residential", "length_m": 292.0}, "geometry": {"type": "LineString", "coordinates": [[-82.89445, 42.42511], [-82.89459, 42.42508], [-82.89466, 42.42508], [-82.89476, 42.42509], [-82.89484, 42.42511], [-82.8956, 42.42542], [-82.89563, 42.42544], [-82.89567, 42.42548], [-82.89569, 42.42551], [-82.8957, 42.42554], [-82.8957, 42.42561], [-82.89567, 42.42566], [-82.89475, 42.42691]]}}, {"type": "Feature", "properties": {"name": "Thorntree Road", "highway": "residential", "length_m": 224.2}, "geometry": {"type": "LineString", "coordinates": [[-82.88928, 42.42177], [-82.88905, 42.42242], [-82.88904, 42.42246], [-82.88905, 42.42251], [-82.88907, 42.42257], [-82.8891, 42.42262], [-82.88916, 42.42267], [-82.88924, 42.42271], [-82.88935, 42.42275], [-82.89043, 42.42319]]}}, {"type": "Feature", "properties": {"name": "Thorntree Road", "highway": "residential", "length_m": 162.4}, "geometry": {"type": "LineString", "coordinates": [[-82.88994, 42.42021], [-82.88978, 42.42049], [-82.88971, 42.42062], [-82.88966, 42.42074], [-82.88956, 42.42102], [-82.88935, 42.4216]]}}, {"type": "Feature", "properties": {"name": "Morningside Drive", "highway": "residential", "length_m": 156.5}, "geometry": {"type": "LineString", "coordinates": [[-82.89199, 42.42104], [-82.89149, 42.42172], [-82.89144, 42.42178], [-82.89108, 42.42228]]}}, {"type": "Feature", "properties": {"name": "Morningside Drive", "highway": "residential", "length_m": 119.5}, "geometry": {"type": "LineString", "coordinates": [[-82.88706, 42.43365], [-82.88741, 42.4328], [-82.88749, 42.43262]]}}, {"type": "Feature", "properties": {"name": "North Higbie Place", "highway": "residential", "length_m": 152.6}, "geometry": {"type": "LineString", "coordinates": [[-82.89016, 42.42422], [-82.89038, 42.42426], [-82.89044, 42.42427], [-82.89051, 42.42429], [-82.89106, 42.42452], [-82.89115, 42.42454], [-82.89122, 42.42453], [-82.8913, 42.42451], [-82.89133, 42.42449], [-82.89136, 42.42447], [-82.89162, 42.42412]]}}, {"type": "Feature", "properties": {"name": "Saddle Lane", "highway": "residential", "length_m": 545.1}, "geometry": {"type": "LineString", "coordinates": [[-82.8924, 42.41979], [-82.89204, 42.42026], [-82.89023, 42.41952], [-82.89012, 42.41949], [-82.89008, 42.41947], [-82.89005, 42.41945], [-82.89003, 42.4194], [-82.89003, 42.41936], [-82.89009, 42.41926], [-82.89017, 42.41903], [-82.89021, 42.41892], [-82.89024, 42.41881], [-82.89026, 42.4188], [-82.89029, 42.41879], [-82.89032, 42.41879], [-82.89048, 42.41884], [-82.89241, 42.41962], [-82.89243, 42.41963], [-82.89246, 42.41966], [-82.89246, 42.41968], [-82.89245, 42.41971], [-82.8924, 42.41979]]}}, {"type": "Feature", "properties": {"name": "Saddle Lane", "highway": "residential", "length_m": 78.2}, "geometry": {"type": "LineString", "coordinates": [[-82.89204, 42.42026], [-82.89159, 42.42088]]}}, {"type": "Feature", "properties": {"name": "Wedgewood Drive", "highway": "residential", "length_m": 90.2}, "geometry": {"type": "LineString", "coordinates": [[-82.8934, 42.42453], [-82.89364, 42.42422], [-82.89393, 42.42382]]}}, {"type": "Feature", "properties": {"name": "Wedgewood Drive", "highway": "residential", "length_m": 973.9}, "geometry": {"type": "LineString", "coordinates": [[-82.89445, 42.42511], [-82.89447, 42.42516], [-82.89448, 42.42525], [-82.89447, 42.4253], [-82.8944, 42.42547], [-82.89428, 42.4257], [-82.89371, 42.42648], [-82.89359, 42.42665], [-82.89308, 42.42733], [-82.89295, 42.42753], [-82.89283, 42.42775], [-82.89254, 42.4284], [-82.8925, 42.42851], [-82.89197, 42.42974], [-82.89163, 42.43052], [-82.89126, 42.43137], [-82.89086, 42.43229], [-82.89042, 42.43329]]}}, {"type": "Feature", "properties": {"name": "Wedgewood Drive", "highway": "residential", "length_m": 178.9}, "geometry": {"type": "LineString", "coordinates": [[-82.89549, 42.42247], [-82.89477, 42.42354], [-82.8947, 42.42363], [-82.89461, 42.42373], [-82.89449, 42.42385], [-82.89445, 42.42388]]}}, {"type": "Feature", "properties": {"name": "Pear Tree Lane", "highway": "residential", "length_m": 114.9}, "geometry": {"type": "LineString", "coordinates": [[-82.88928, 42.42177], [-82.8896, 42.42186], [-82.8905, 42.42226]]}}, {"type": "Feature", "properties": {"name": "Pear Tree Lane", "highway": "residential", "length_m": 100.9}, "geometry": {"type": "LineString", "coordinates": [[-82.88816, 42.42136], [-82.88884, 42.4215], [-82.88935, 42.4216]]}}, {"type": "Feature", "properties": {"name": "Lochmoor Boulevard", "highway": "residential", "length_m": 480.5}, "geometry": {"type": "LineString", "coordinates": [[-82.88194, 42.43133], [-82.88459, 42.43197], [-82.88494, 42.43205], [-82.88517, 42.4321], [-82.88702, 42.43253], [-82.88715, 42.43258], [-82.88733, 42.43263], [-82.88749, 42.43262]]}}, {"type": "Feature", "properties": {"name": "Lochmoor Boulevard", "highway": "residential", "length_m": 539.2}, "geometry": {"type": "LineString", "coordinates": [[-82.89042, 42.43329], [-82.89049, 42.43338], [-82.89059, 42.43341], [-82.89471, 42.4344], [-82.89634, 42.43478], [-82.89643, 42.43479], [-82.8965, 42.43478], [-82.89659, 42.43477]]}}, {"type": "Feature", "properties": {"name": "Fairway Drive", "highway": "residential", "length_m": 1086.5}, "geometry": {"type": "LineString", "coordinates": [[-82.89918, 42.42642], [-82.89788, 42.42818], [-82.89776, 42.42834], [-82.8968, 42.42963], [-82.89676, 42.4297], [-82.89672, 42.42977], [-82.89652, 42.43025], [-82.89629, 42.43077], [-82.89595, 42.43155], [-82.89558, 42.4324], [-82.89518, 42.43332], [-82.89478, 42.43425], [-82.89471, 42.4344], [-82.89426, 42.43544]]}}, {"type": "Feature", "properties": {"name": "West William Court", "highway": "residential", "length_m": 57.5}, "geometry": {"type": "LineString", "coordinates": [[-82.89738, 42.4261], [-82.89762, 42.4262], [-82.89773, 42.42625], [-82.89778, 42.4263], [-82.89781, 42.42637], [-82.8978, 42.42645]]}}, {"type": "Feature", "properties": {"name": "Birch Lane", "highway": "residential", "length_m": 342.4}, "geometry": {"type": "LineString", "coordinates": [[-82.88993, 42.42624], [-82.89013, 42.42625], [-82.89033, 42.42626], [-82.89051, 42.42632], [-82.89062, 42.42639], [-82.89074, 42.4265], [-82.89075, 42.42651], [-82.89077, 42.42654], [-82.89085, 42.42667], [-82.89086, 42.42669], [-82.891, 42.42685], [-82.89115, 42.42697], [-82.89138, 42.42707], [-82.89164, 42.42718], [-82.89174, 42.42718], [-82.89186, 42.42713], [-82.89194, 42.42707], [-82.89255, 42.42623], [-82.89268, 42.42607]]}}, {"type": "Feature", "properties": {"name": "Hidden Lane", "highway": "residential", "length_m": 701.9}, "geometry": {"type": "LineString", "coordinates": [[-82.88431, 42.43422], [-82.88508, 42.43441], [-82.88626, 42.43474], [-82.88646, 42.43476], [-82.88858, 42.43517], [-82.88938, 42.43535], [-82.88951, 42.43539], [-82.89036, 42.43564], [-82.89125, 42.43591], [-82.89157, 42.43599], [-82.89211, 42.4361], [-82.89225, 42.43612], [-82.89241, 42.43613]]}}, {"type": "Feature", "properties": {"name": "South Higbie Place", "highway": "residential", "length_m": 155.6}, "geometry": {"type": "LineString", "coordinates": [[-82.89036, 42.42333], [-82.8906, 42.4234], [-82.89162, 42.42381], [-82.89166, 42.42385], [-82.89169, 42.42388], [-82.89171, 42.42392], [-82.89171, 42.42397], [-82.8917, 42.42401], [-82.89167, 42.42405], [-82.89162, 42.42412]]}}, {"type": "Feature", "properties": {"name": "Omara Court", "highway": "residential", "length_m": 87.3}, "geometry": {"type": "LineString", "coordinates": [[-82.89322, 42.42539], [-82.89315, 42.42548], [-82.89268, 42.42607]]}}, {"type": "Feature", "properties": {"name": "East Williams Court", "highway": "residential", "length_m": 222.4}, "geometry": {"type": "LineString", "coordinates": [[-82.89738, 42.4261], [-82.89708, 42.42598], [-82.89697, 42.42595], [-82.89688, 42.42597], [-82.8968, 42.426], [-82.89674, 42.42606], [-82.8958, 42.42733]]}}, {"type": "Feature", "properties": {"name": "Doyle Court", "highway": "residential", "length_m": 149.2}, "geometry": {"type": "LineString", "coordinates": [[-82.89475, 42.42691], [-82.89463, 42.42707], [-82.89389, 42.42809]]}}, {"type": "Feature", "properties": {"name": "Doyle Place East", "highway": "residential", "length_m": 21.3}, "geometry": {"type": "LineString", "coordinates": [[-82.8917, 42.42567], [-82.89157, 42.42583]]}}, {"type": "Feature", "properties": {"name": "Lake Shore Lane", "highway": "residential", "length_m": 806.3}, "geometry": {"type": "LineString", "coordinates": [[-82.87993, 42.42641], [-82.88324, 42.42718], [-82.88336, 42.42719], [-82.88347, 42.4272], [-82.88356, 42.42719], [-82.88371, 42.42715], [-82.88403, 42.42703], [-82.88416, 42.427], [-82.88659, 42.42759], [-82.88923, 42.42824]]}}, {"type": "Feature", "properties": {"name": "Renaud Road", "highway": "residential", "length_m": 853.9}, "geometry": {"type": "LineString", "coordinates": [[-82.87915, 42.42871], [-82.87932, 42.42878], [-82.88019, 42.42902], [-82.88076, 42.42917], [-82.88128, 42.42928], [-82.88229, 42.42946], [-82.88246, 42.42948], [-82.88257, 42.42951], [-82.88266, 42.42952], [-82.88297, 42.42958], [-82.8831, 42.42961], [-82.88371, 42.42974], [-82.88467, 42.42997], [-82.88562, 42.43024], [-82.88614, 42.4304], [-82.88678, 42.43061], [-82.88685, 42.43064], [-82.88704, 42.43071], [-82.88716, 42.43075], [-82.88742, 42.43085], [-82.8876, 42.43091], [-82.888, 42.43107], [-82.88849, 42.43127], [-82.88859, 42.43131], [-82.8887, 42.43138], [-82.88877, 42.43144]]}}, {"type": "Feature", "properties": {"name": "Pear Tree Lane", "highway": "residential", "length_m": 334.5}, "geometry": {"type": "LineString", "coordinates": [[-82.8909, 42.42253], [-82.89206, 42.42297], [-82.89279, 42.42329], [-82.89342, 42.42361], [-82.8937, 42.42373], [-82.89393, 42.42382], [-82.89419, 42.42391], [-82.89424, 42.42392], [-82.89428, 42.42392], [-82.89432, 42.42392], [-82.89438, 42.42391], [-82.89445, 42.42388]]}}, {"type": "Feature", "properties": {"name": "Morningside Drive", "highway": "residential", "length_m": 1181.4}, "geometry": {"type": "LineString", "coordinates": [[-82.89108, 42.42228], [-82.8909, 42.42253], [-82.89043, 42.42319], [-82.89036, 42.42333], [-82.89027, 42.42355], [-82.89023, 42.42369], [-82.89021, 42.42385], [-82.89016, 42.42422], [-82.89007, 42.42501], [-82.89005, 42.42521], [-82.88993, 42.42624], [-82.88988, 42.4267], [-82.88985, 42.42682], [-82.88977, 42.42702], [-82.88957, 42.42746], [-82.8895, 42.42763], [-82.88923, 42.42824], [-82.8889, 42.42901], [-82.88871, 42.42943], [-82.88856, 42.42979], [-82.888, 42.43107], [-82.88739, 42.43246]]}}, {"type": "Feature", "properties": {"name": "Morningside Drive", "highway": "residential", "length_m": 124.0}, "geometry": {"type": "LineString", "coordinates": [[-82.88715, 42.43258], [-82.8871, 42.43268], [-82.88678, 42.43345], [-82.8867, 42.43364]]}}, {"type": "Feature", "properties": {"name": "Morningside Drive", "highway": "residential", "length_m": 20.4}, "geometry": {"type": "LineString", "coordinates": [[-82.88749, 42.43262], [-82.88746, 42.43251], [-82.88739, 42.43246]]}}, {"type": "Feature", "properties": {"name": "Wedgewood Drive", "highway": "residential", "length_m": 130.1}, "geometry": {"type": "LineString", "coordinates": [[-82.89042, 42.43329], [-82.88994, 42.4344]]}}, {"type": "Feature", "properties": {"name": "Lochmoor Boulevard", "highway": "residential", "length_m": 539.6}, "geometry": {"type": "LineString", "coordinates": [[-82.89659, 42.43477], [-82.89652, 42.43471], [-82.8965, 42.43469], [-82.89646, 42.43466], [-82.89478, 42.43425], [-82.8907, 42.43328], [-82.89055, 42.43324], [-82.89042, 42.43329]]}}, {"type": "Feature", "properties": {"name": "Wedgewood Drive", "highway": "residential", "length_m": 178.5}, "geometry": {"type": "LineString", "coordinates": [[-82.88994, 42.4344], [-82.88951, 42.43539], [-82.88928, 42.43591], [-82.88927, 42.43593]]}}, {"type": "Feature", "properties": {"name": "Sunningdale Drive", "highway": "residential", "length_m": 1364.4}, "geometry": {"type": "LineString", "coordinates": [[-82.88994, 42.4344], [-82.8901, 42.43445], [-82.89089, 42.43463], [-82.89108, 42.43467], [-82.89141, 42.43472], [-82.89154, 42.43475], [-82.89156, 42.43475], [-82.89175, 42.43481], [-82.89253, 42.43505], [-82.89267, 42.43509], [-82.89287, 42.43514], [-82.89344, 42.43524], [-82.89426, 42.43544], [-82.89528, 42.4357], [-82.89549, 42.43577], [-82.8958, 42.43588], [-82.89607, 42.43596], [-82.89625, 42.43602], [-82.89643, 42.43606], [-82.89668, 42.43612], [-82.89686, 42.43616], [-82.89769, 42.43629], [-82.89799, 42.43634], [-82.89837, 42.43642], [-82.89851, 42.43646], [-82.89879, 42.43654], [-82.89923, 42.43669], [-82.90088, 42.43729], [-82.90116, 42.43739], [-82.90148, 42.43748], [-82.90183, 42.43759], [-82.90214, 42.43767], [-82.90406, 42.43813], [-82.90461, 42.43826], [-82.90467, 42.43828], [-82.90509, 42.43838], [-82.90517, 42.4384], [-82.90552, 42.43848]]}}, {"type": "Feature", "properties": {"name": "Sunningdale Drive", "highway": "residential", "length_m": 254.8}, "geometry": {"type": "LineString", "coordinates": [[-82.88994, 42.4344], [-82.8898, 42.43427], [-82.88771, 42.43378], [-82.88715, 42.43365], [-82.88706, 42.43365]]}}, {"type": "Feature", "properties": {"name": "Morningside Drive", "highway": "residential", "length_m": 526.7}, "geometry": {"type": "LineString", "coordinates": [[-82.88683, 42.43376], [-82.8868, 42.43385], [-82.8866, 42.43427], [-82.88646, 42.43476], [-82.88626, 42.43531], [-82.88613, 42.43562], [-82.88575, 42.43649], [-82.8856, 42.43684], [-82.88556, 42.43695], [-82.88552, 42.4371], [-82.88548, 42.43736], [-82.88546, 42.43743], [-82.88543, 42.43752], [-82.88509, 42.43831]]}}, {"type": "Feature", "properties": {"name": "Lochmoor Boulevard", "highway": "residential", "length_m": 252.7}, "geometry": {"type": "LineString", "coordinates": [[-82.88749, 42.43262], [-82.89042, 42.43329]]}}, {"type": "Feature", "properties": {"name": "Lochmoor Boulevard", "highway": "residential", "length_m": 497.9}, "geometry": {"type": "LineString", "coordinates": [[-82.88727, 42.43247], [-82.88709, 42.43242], [-82.885, 42.43192], [-82.88466, 42.43184], [-82.882, 42.4312], [-82.88166, 42.43112], [-82.88153, 42.43117]]}}, {"type": "Feature", "properties": {"name": "Morningside Drive", "highway": "residential", "length_m": 18.6}, "geometry": {"type": "LineString", "coordinates": [[-82.8867, 42.43364], [-82.88673, 42.43371], [-82.88677, 42.43374], [-82.88683, 42.43376]]}}, {"type": "Feature", "properties": {"name": "Morningside Drive", "highway": "residential", "length_m": 25.6}, "geometry": {"type": "LineString", "coordinates": [[-82.88683, 42.43376], [-82.88691, 42.43376], [-82.88696, 42.43376], [-82.88701, 42.43373], [-82.88704, 42.43369], [-82.88706, 42.43365]]}}, {"type": "Feature", "properties": {"name": "Sunningdale Drive", "highway": "residential", "length_m": 33.4}, "geometry": {"type": "LineString", "coordinates": [[-82.88706, 42.43365], [-82.88698, 42.43361], [-82.88688, 42.43359], [-82.88683, 42.43359], [-82.88679, 42.43359], [-82.88676, 42.4336], [-82.8867, 42.43364]]}}, {"type": "Feature", "properties": {"name": "Fairford Road", "highway": "residential", "length_m": 805.1}, "geometry": {"type": "LineString", "coordinates": [[-82.89877, 42.42854], [-82.89788, 42.42818], [-82.89684, 42.42774], [-82.8958, 42.42733], [-82.89475, 42.42691], [-82.89371, 42.42648], [-82.89268, 42.42607], [-82.8917, 42.42567], [-82.8902, 42.42506]]}}, {"type": "Feature", "properties": {"name": "Fairford Road", "highway": "residential", "length_m": 796.2}, "geometry": {"type": "LineString", "coordinates": [[-82.89018, 42.42527], [-82.89157, 42.42583], [-82.89255, 42.42623], [-82.89359, 42.42665], [-82.89463, 42.42707], [-82.89567, 42.4275], [-82.89671, 42.42792], [-82.89776, 42.42834], [-82.89866, 42.42871]]}}, {"type": "Feature", "properties": {"name": "West Ballantyne Court", "highway": "residential", "length_m": 193.2}, "geometry": {"type": "LineString", "coordinates": [[-82.89542, 42.42874], [-82.89572, 42.42886], [-82.89582, 42.42888], [-82.89589, 42.42888], [-82.89598, 42.42885], [-82.89607, 42.42879], [-82.89671, 42.42792], [-82.89684, 42.42774]]}}, {"type": "Feature", "properties": {"name": "West William Court", "highway": "residential", "length_m": 164.3}, "geometry": {"type": "LineString", "coordinates": [[-82.8978, 42.42645], [-82.89684, 42.42774]]}}, {"type": "Feature", "properties": {"name": "Fairford Road", "highway": "residential", "length_m": 47.2}, "geometry": {"type": "LineString", "coordinates": [[-82.8902, 42.42506], [-82.89007, 42.42501], [-82.88987, 42.42494], [-82.88968, 42.42489]]}}, {"type": "Feature", "properties": {"name": "Morningside Drive", "highway": "residential", "length_m": 16.3}, "geometry": {"type": "LineString", "coordinates": [[-82.88727, 42.43247], [-82.8872, 42.43251], [-82.88715, 42.43258]]}}, {"type": "Feature", "properties": {"name": "Oxford Road", "highway": "residential", "length_m": 644.7}, "geometry": {"type": "LineString", "coordinates": [[-82.88134, 42.42755], [-82.88166, 42.42766], [-82.88182, 42.4277], [-82.88242, 42.42784], [-82.88293, 42.42797], [-82.88373, 42.42816], [-82.884, 42.42826], [-82.8844, 42.42842], [-82.88446, 42.42843], [-82.8849, 42.42854], [-82.88613, 42.42883], [-82.88625, 42.42887], [-82.8865, 42.42893], [-82.88711, 42.4291], [-82.88724, 42.42912], [-82.8873, 42.42913], [-82.88736, 42.42914], [-82.88756, 42.42916], [-82.88763, 42.42917], [-82.88765, 42.42917], [-82.88773, 42.42918], [-82.88792, 42.42921], [-82.88801, 42.42923], [-82.88822, 42.42926], [-82.88835, 42.42931], [-82.88871, 42.42943]]}}, {"type": "Feature", "properties": {"name": "", "highway": "residential", "length_m": 57.1}, "geometry": {"type": "LineString", "coordinates": [[-82.89316, 42.42236], [-82.89319, 42.42249], [-82.89319, 42.42254], [-82.89317, 42.42257], [-82.89311, 42.42259], [-82.89307, 42.42259], [-82.89303, 42.42256], [-82.89301, 42.42254], [-82.893, 42.4225], [-82.89298, 42.42239]]}}, {"type": "Feature", "properties": {"name": "Helen Street", "highway": "residential", "length_m": 456.5}, "geometry": {"type": "LineString", "coordinates": [[-82.9097, 42.45079], [-82.90968, 42.45093], [-82.9095, 42.45133], [-82.90916, 42.4521], [-82.90913, 42.45218], [-82.90883, 42.45287], [-82.9085, 42.45364], [-82.90804, 42.45471]]}}, {"type": "Feature", "properties": {"name": "Sunningdale Drive", "highway": "residential", "length_m": 39.6}, "geometry": {"type": "LineString", "coordinates": [[-82.90517, 42.4384], [-82.90519, 42.43845], [-82.9052, 42.43848], [-82.90522, 42.43852], [-82.90521, 42.43857], [-82.90517, 42.43875]]}}, {"type": "Feature", "properties": {"name": "Blairmoor Court", "highway": "residential", "length_m": 793.6}, "geometry": {"type": "LineString", "coordinates": [[-82.89155, 42.44848], [-82.89154, 42.44843], [-82.89154, 42.44839], [-82.89155, 42.44836], [-82.89158, 42.44832], [-82.89188, 42.44803], [-82.89193, 42.448], [-82.89198, 42.44798], [-82.89203, 42.44796], [-82.89209, 42.44795], [-82.89217, 42.44795], [-82.89222, 42.44796], [-82.89337, 42.44824], [-82.89701, 42.44912], [-82.90036, 42.44991]]}}, {"type": "Feature", "properties": {"name": "Lennon Street", "highway": "residential", "length_m": 887.1}, "geometry": {"type": "LineString", "coordinates": [[-82.91745, 42.44409], [-82.91735, 42.44407], [-82.91695, 42.44397], [-82.91457, 42.4434], [-82.91355, 42.44316], [-82.91172, 42.44273], [-82.90912, 42.4421], [-82.90806, 42.44186], [-82.90765, 42.44176], [-82.90746, 42.44172], [-82.90719, 42.44167]]}}, {"type": "Feature", "properties": {"name": "Goethe Street", "highway": "residential", "length_m": 496.1}, "geometry": {"type": "LineString", "coordinates": [[-82.90179, 42.4466], [-82.90137, 42.44757], [-82.90101, 42.44841], [-82.90066, 42.4492], [-82.90036, 42.44991], [-82.89993, 42.45085]]}}, {"type": "Feature", "properties": {"name": "Hampton Road", "highway": "residential", "length_m": 772.9}, "geometry": {"type": "LineString", "coordinates": [[-82.90597, 42.44794], [-82.90609, 42.44797], [-82.9065, 42.44806], [-82.90917, 42.44871], [-82.91165, 42.4493], [-82.91197, 42.44938], [-82.91438, 42.44995], [-82.9149, 42.45008]]}}, {"type": "Feature", "properties": {"name": "Country Club Drive", "highway": "residential", "length_m": 966.6}, "geometry": {"type": "LineString", "coordinates": [[-82.9189, 42.44073], [-82.91879, 42.44071], [-82.91838, 42.44062], [-82.91601, 42.44004], [-82.91592, 42.44002], [-82.91416, 42.43959], [-82.91321, 42.43937], [-82.91311, 42.43934], [-82.9106, 42.43874], [-82.90871, 42.43829], [-82.90813, 42.43816], [-82.90801, 42.43813], [-82.90772, 42.4381]]}}, {"type": "Feature", "properties": {"name": "Hunt Club Drive", "highway": "residential", "length_m": 1008.6}, "geometry": {"type": "LineString", "coordinates": [[-82.91961, 42.43909], [-82.91911, 42.43897], [-82.91673, 42.4384], [-82.91454, 42.43788], [-82.91393, 42.43773], [-82.91383, 42.43771], [-82.91132, 42.43712], [-82.90893, 42.43654], [-82.90835, 42.43641], [-82.90823, 42.43639], [-82.90794, 42.43638]]}}, {"type": "Feature", "properties": {"name": "Hollywood Avenue", "highway": "residential", "length_m": 2119.8}, "geometry": {"type": "LineString", "coordinates": [[-82.88164, 42.44086], [-82.88198, 42.44094], [-82.88452, 42.44156], [-82.88763, 42.44231], [-82.89457, 42.44395], [-82.89531, 42.44414], [-82.8954, 42.44416], [-82.89875, 42.44496], [-82.90201, 42.44574], [-82.90211, 42.44574], [-82.90221, 42.44574], [-82.90252, 42.44579], [-82.90602, 42.44661], [-82.90615, 42.44664]]}}, {"type": "Feature", "properties": {"name": "Aline Drive", "highway": "residential", "length_m": 1083.4}, "geometry": {"type": "LineString", "coordinates": [[-82.89238, 42.44721], [-82.89377, 42.44754], [-82.89732, 42.44839], [-82.90066, 42.4492], [-82.90166, 42.44943], [-82.904, 42.45001], [-82.90422, 42.45006], [-82.90474, 42.45019], [-82.90489, 42.45023]]}}, {"type": "Feature", "properties": {"name": "Ridgemont Road", "highway": "residential", "length_m": 778.9}, "geometry": {"type": "LineString", "coordinates": [[-82.91524, 42.44933], [-82.91473, 42.44921], [-82.91231, 42.44862], [-82.91222, 42.4486], [-82.91197, 42.44854], [-82.90951, 42.44795], [-82.90695, 42.44734], [-82.90678, 42.4473], [-82.90636, 42.4472], [-82.90625, 42.44717]]}}, {"type": "Feature", "properties": {"name": "Goethe Avenue", "highway": "residential", "length_m": 298.4}, "geometry": {"type": "LineString", "coordinates": [[-82.90286, 42.44404], [-82.90248, 42.44491], [-82.90211, 42.44574], [-82.90207, 42.44583], [-82.90181, 42.44655], [-82.90179, 42.4466]]}}, {"type": "Feature", "properties": {"name": "Van Antwerp Street", "highway": "residential", "length_m": 852.1}, "geometry": {"type": "LineString", "coordinates": [[-82.91712, 42.44496], [-82.91699, 42.44493], [-82.91659, 42.44483], [-82.91422, 42.44424], [-82.91328, 42.44402], [-82.91136, 42.44355], [-82.90875, 42.44293], [-82.90785, 42.44272], [-82.90744, 42.44262], [-82.90729, 42.44258]]}}, {"type": "Feature", "properties": {"name": "Lochmoor Boulevard", "highway": "residential", "length_m": 963.3}, "geometry": {"type": "LineString", "coordinates": [[-82.91925, 42.43991], [-82.91915, 42.43988], [-82.91875, 42.43979], [-82.91637, 42.43922], [-82.91628, 42.4392], [-82.91435, 42.43874], [-82.91357, 42.43856], [-82.91347, 42.43853], [-82.91096, 42.43793], [-82.90881, 42.43742], [-82.90824, 42.43728], [-82.90812, 42.43725]]}}, {"type": "Feature", "properties": {"name": "Lochmoor Boulevard", "highway": "residential", "length_m": 411.5}, "geometry": {"type": "LineString", "coordinates": [[-82.90147, 42.43594], [-82.90155, 42.43604], [-82.90599, 42.43709], [-82.90615, 42.43706]]}}, {"type": "Feature", "properties": {"name": "Hawthorne Road", "highway": "residential", "length_m": 922.0}, "geometry": {"type": "LineString", "coordinates": [[-82.89568, 42.4433], [-82.89913, 42.44411], [-82.90248, 42.44491], [-82.90622, 42.44581], [-82.90623, 42.44581], [-82.90634, 42.44583]]}}, {"type": "Feature", "properties": {"name": "Hawthorne Road", "highway": "residential", "length_m": 796.2}, "geometry": {"type": "LineString", "coordinates": [[-82.90669, 42.44556], [-82.9068, 42.44558], [-82.90716, 42.44567], [-82.91018, 42.4464], [-82.91028, 42.44642], [-82.91246, 42.44693], [-82.91289, 42.44704], [-82.91298, 42.44707], [-82.91538, 42.44764], [-82.91578, 42.44774], [-82.91589, 42.44776]]}}, {"type": "Feature", "properties": {"name": "Sunningdale Park", "highway": "residential", "length_m": 663.0}, "geometry": {"type": "LineString", "coordinates": [[-82.90615, 42.43706], [-82.90558, 42.43839], [-82.90556, 42.43843], [-82.90552, 42.43848], [-82.90548, 42.43852], [-82.90543, 42.43856], [-82.90525, 42.43867], [-82.90521, 42.43871], [-82.90517, 42.43875], [-82.90511, 42.43889], [-82.9048, 42.43962], [-82.90478, 42.43966], [-82.90473, 42.43979], [-82.90471, 42.43995], [-82.9047, 42.44011], [-82.90471, 42.44021], [-82.90473, 42.44029], [-82.90476, 42.4404], [-82.90481, 42.44051], [-82.90486, 42.44061], [-82.90496, 42.44078], [-82.90502, 42.44093], [-82.90505, 42.44103], [-82.90507, 42.44113], [-82.90508, 42.44129], [-82.90507, 42.44149], [-82.90504, 42.44165], [-82.90504, 42.44166], [-82.90494, 42.44206], [-82.90478, 42.44273]]}}, {"type": "Feature", "properties": {"name": "Norwood Drive", "highway": "residential", "length_m": 1029.0}, "geometry": {"type": "LineString", "coordinates": [[-82.91997, 42.43828], [-82.91947, 42.43816], [-82.91898, 42.43804], [-82.91709, 42.4376], [-82.917, 42.43757], [-82.91428, 42.43693], [-82.91419, 42.43691], [-82.91177, 42.43633], [-82.91167, 42.43631], [-82.90904, 42.43569], [-82.90847, 42.43556], [-82.90833, 42.43553], [-82.90805, 42.43551]]}}, {"type": "Feature", "properties": {"name": "Anita Avenue", "highway": "residential", "length_m": 814.8}, "geometry": {"type": "LineString", "coordinates": [[-82.91627, 42.44693], [-82.91614, 42.4469], [-82.91582, 42.44683], [-82.91573, 42.44681], [-82.91334, 42.44624], [-82.91325, 42.44622], [-82.91265, 42.44607], [-82.91053, 42.44557], [-82.9078, 42.44493], [-82.90734, 42.44482], [-82.90712, 42.44476], [-82.90697, 42.44472], [-82.90685, 42.44469]]}}, {"type": "Feature", "properties": {"name": "Anita Avenue", "highway": "residential", "length_m": 2093.7}, "geometry": {"type": "LineString", "coordinates": [[-82.88233, 42.43919], [-82.88263, 42.43926], [-82.88302, 42.43936], [-82.88525, 42.4399], [-82.88675, 42.44026], [-82.88722, 42.44035], [-82.88787, 42.44046], [-82.88828, 42.44055], [-82.88856, 42.44061], [-82.89404, 42.44192], [-82.89605, 42.44241], [-82.89739, 42.44273], [-82.89868, 42.44304], [-82.89941, 42.44322], [-82.89951, 42.44324], [-82.90276, 42.44402], [-82.90278, 42.44402], [-82.90286, 42.44404], [-82.90292, 42.44406], [-82.90601, 42.44479], [-82.90614, 42.44483], [-82.90643, 42.44491], [-82.90654, 42.44494]]}}, {"type": "Feature", "properties": {"name": "Beaufait Drive", "highway": "residential", "length_m": 904.4}, "geometry": {"type": "LineString", "coordinates": [[-82.91781, 42.44324], [-82.91769, 42.44321], [-82.91731, 42.44311], [-82.91492, 42.44255], [-82.91364, 42.44225], [-82.9121, 42.44188], [-82.90949, 42.44126], [-82.90827, 42.44096], [-82.90774, 42.44084], [-82.90763, 42.44081], [-82.90734, 42.44078]]}}, {"type": "Feature", "properties": {"name": "Roslyn Road", "highway": "residential", "length_m": 2590.4}, "geometry": {"type": "LineString", "coordinates": [[-82.87555, 42.44139], [-82.87573, 42.44143], [-82.87584, 42.44144], [-82.88373, 42.44335], [-82.88683, 42.4441], [-82.89306, 42.4456], [-82.89452, 42.44594], [-82.89802, 42.44677], [-82.90137, 42.44757], [-82.90494, 42.44843], [-82.90532, 42.44851], [-82.90534, 42.44852], [-82.90538, 42.44853], [-82.90544, 42.44859]]}}, {"type": "Feature", "properties": {"name": "Fleetwood Drive", "highway": "residential", "length_m": 923.1}, "geometry": {"type": "LineString", "coordinates": [[-82.91817, 42.44239], [-82.91805, 42.44236], [-82.91766, 42.44226], [-82.91528, 42.44169], [-82.91383, 42.44135], [-82.91248, 42.44103], [-82.90987, 42.44041], [-82.90845, 42.44007], [-82.90788, 42.43994], [-82.90777, 42.43991], [-82.90749, 42.43988]]}}, {"type": "Feature", "properties": {"name": "Lancaster Street", "highway": "residential", "length_m": 947.1}, "geometry": {"type": "LineString", "coordinates": [[-82.91854, 42.44156], [-82.91843, 42.44153], [-82.91804, 42.44143], [-82.91565, 42.44086], [-82.9141, 42.44049], [-82.91285, 42.44019], [-82.91024, 42.43957], [-82.90859, 42.43918], [-82.90801, 42.43904], [-82.90789, 42.43901], [-82.9076, 42.43892]]}}, {"type": "Feature", "properties": {"name": "Brys Drive", "highway": "residential", "length_m": 952.0}, "geometry": {"type": "LineString", "coordinates": [[-82.89414, 42.4468], [-82.89766, 42.44762], [-82.90101, 42.44841], [-82.9047, 42.44929], [-82.90503, 42.44937], [-82.90516, 42.4494]]}}, {"type": "Feature", "properties": {"name": "Mack Avenue", "highway": "secondary", "length_m": 725.6}, "geometry": {"type": "LineString", "coordinates": [[-82.90482, 42.45061], [-82.90496, 42.45047], [-82.905, 42.45036], [-82.90504, 42.45029], [-82.90512, 42.45011], [-82.90514, 42.45009], [-82.90522, 42.44992], [-82.9054, 42.44954], [-82.90543, 42.44946], [-82.90547, 42.44934], [-82.9057, 42.4487], [-82.90597, 42.44794], [-82.90599, 42.44788], [-82.90622, 42.44725], [-82.90625, 42.44717], [-82.90629, 42.44704], [-82.90633, 42.44693], [-82.90641, 42.44672], [-82.9065, 42.4464], [-82.90653, 42.44629], [-82.90662, 42.44586], [-82.90669, 42.44556], [-82.90671, 42.44546], [-82.90674, 42.44528], [-82.90685, 42.44479], [-82.90685, 42.44469], [-82.90687, 42.4446], [-82.90693, 42.44431]]}}, {"type": "Feature", "properties": {"name": "Charlevoix Avenue", "highway": "residential", "length_m": 958.3}, "geometry": {"type": "LineString", "coordinates": [[-82.90013, 42.44193], [-82.9001, 42.44201], [-82.89978, 42.44274], [-82.89975, 42.4428], [-82.89968, 42.44287], [-82.89965, 42.44292], [-82.89953, 42.44319], [-82.89951, 42.44324], [-82.89913, 42.44411], [-82.89878, 42.4449], [-82.89875, 42.44496], [-82.89872, 42.44504], [-82.89846, 42.44574], [-82.89844, 42.4458], [-82.89802, 42.44677], [-82.89766, 42.44762], [-82.89732, 42.44839], [-82.89701, 42.44912], [-82.89672, 42.44979], [-82.89657, 42.45013]]}}, {"type": "Feature", "properties": {"name": "East 8 Mile Road", "highway": "unclassified", "length_m": 441.4}, "geometry": {"type": "LineString", "coordinates": [[-82.91462, 42.45075], [-82.91416, 42.45076], [-82.91399, 42.45076], [-82.91279, 42.45077], [-82.91246, 42.45077], [-82.91139, 42.45078], [-82.91103, 42.45078], [-82.9097, 42.45079], [-82.90926, 42.4508]]}}, {"type": "Feature", "properties": {"name": "Brys Drive", "highway": "residential", "length_m": 371.5}, "geometry": {"type": "LineString", "coordinates": [[-82.90926, 42.4508], [-82.9092, 42.45078], [-82.90915, 42.45075], [-82.90912, 42.45071], [-82.9091, 42.45068], [-82.9091, 42.45063], [-82.90908, 42.45044], [-82.90908, 42.45039], [-82.90906, 42.45036], [-82.90901, 42.45033], [-82.90857, 42.45022], [-82.90849, 42.4502], [-82.90598, 42.4496], [-82.90554, 42.4495], [-82.90543, 42.44946]]}}, {"type": "Feature", "properties": {"name": "Roslyn Road", "highway": "residential", "length_m": 651.6}, "geometry": {"type": "LineString", "coordinates": [[-82.91279, 42.45077], [-82.91279, 42.45051], [-82.91278, 42.45045], [-82.91275, 42.45041], [-82.91271, 42.45038], [-82.91164, 42.45013], [-82.91133, 42.45005], [-82.90885, 42.44945], [-82.90624, 42.44882], [-82.90581, 42.44872], [-82.9057, 42.4487]]}}, {"type": "Feature", "properties": {"name": "Hampton Road", "highway": "residential", "length_m": 2571.5}, "geometry": {"type": "LineString", "coordinates": [[-82.87558, 42.44031], [-82.87576, 42.44035], [-82.87587, 42.44038], [-82.87898, 42.44114], [-82.88116, 42.44167], [-82.88145, 42.44174], [-82.88416, 42.44239], [-82.88726, 42.44315], [-82.89298, 42.44452], [-82.89345, 42.44462], [-82.89359, 42.44463], [-82.89382, 42.44469], [-82.89494, 42.44496], [-82.89844, 42.4458], [-82.90179, 42.4466], [-82.90513, 42.44741], [-82.90528, 42.44744]]}}, {"type": "Feature", "properties": {"name": "Hollywood Avenue", "highway": "residential", "length_m": 531.5}, "geometry": {"type": "LineString", "coordinates": [[-82.9065, 42.4464], [-82.90661, 42.44642], [-82.90709, 42.44654], [-82.90727, 42.44658], [-82.90984, 42.44719], [-82.91226, 42.44776], [-82.91255, 42.44783], [-82.91265, 42.44786]]}}, {"type": "Feature", "properties": {"name": "Vernier Road", "highway": "secondary", "length_m": 169.2}, "geometry": {"type": "LineString", "coordinates": [[-82.9047, 42.44303], [-82.90478, 42.44313], [-82.90507, 42.44322], [-82.90515, 42.44325], [-82.90525, 42.44327], [-82.90546, 42.44332], [-82.90565, 42.44337], [-82.9061, 42.44347], [-82.90657, 42.44359]]}}, {"type": "Feature", "properties": {"name": "Mack Avenue", "highway": "secondary", "length_m": 19.2}, "geometry": {"type": "LineString", "coordinates": [[-82.90482, 42.45061], [-82.90474, 42.45075], [-82.90473, 42.45077]]}}, {"type": "Feature", "properties": {"name": "Mack Avenue", "highway": "secondary", "length_m": 18.2}, "geometry": {"type": "LineString", "coordinates": [[-82.9068, 42.44365], [-82.90678, 42.44374], [-82.90676, 42.44381]]}}, {"type": "Feature", "properties": {"name": "Mack Avenue", "highway": "secondary", "length_m": 268.9}, "geometry": {"type": "LineString", "coordinates": [[-82.90735, 42.44231], [-82.90736, 42.44224], [-82.90739, 42.44209], [-82.90743, 42.44193], [-82.90743, 42.44191], [-82.90746, 42.44172], [-82.90763, 42.44081], [-82.90771, 42.44036], [-82.90777, 42.43991]]}}, {"type": "Feature", "properties": {"name": "Vernier Road", "highway": "secondary", "length_m": 21.5}, "geometry": {"type": "LineString", "coordinates": [[-82.9068, 42.44365], [-82.90705, 42.44371]]}}, {"type": "Feature", "properties": {"name": "Vernier Road", "highway": "secondary", "length_m": 20.6}, "geometry": {"type": "LineString", "coordinates": [[-82.9071, 42.44347], [-82.90686, 42.44342]]}}, {"type": "Feature", "properties": {"name": "Lochmoor Boulevard", "highway": "residential", "length_m": 422.2}, "geometry": {"type": "LineString", "coordinates": [[-82.89659, 42.43477], [-82.90108, 42.43584], [-82.90147, 42.43594]]}}, {"type": "Feature", "properties": {"name": "Mack Avenue", "highway": "secondary", "length_m": 199.3}, "geometry": {"type": "LineString", "coordinates": [[-82.90777, 42.43991], [-82.90778, 42.43983], [-82.90789, 42.43901], [-82.90801, 42.43813]]}}, {"type": "Feature", "properties": {"name": "Mack Avenue", "highway": "secondary", "length_m": 194.5}, "geometry": {"type": "LineString", "coordinates": [[-82.90801, 42.43813], [-82.90809, 42.43747], [-82.90812, 42.43725], [-82.90813, 42.43717], [-82.90814, 42.43709], [-82.90816, 42.43693], [-82.9082, 42.43663], [-82.90823, 42.43639]]}}, {"type": "Feature", "properties": {"name": "Mack Avenue", "highway": "secondary", "length_m": 566.2}, "geometry": {"type": "LineString", "coordinates": [[-82.9078, 42.43745], [-82.90777, 42.43773], [-82.90772, 42.4381], [-82.90771, 42.43823], [-82.90768, 42.43841], [-82.9076, 42.43892], [-82.90756, 42.4393], [-82.9075, 42.43977], [-82.90749, 42.43988], [-82.90746, 42.4401], [-82.90743, 42.44026], [-82.90743, 42.44029], [-82.90734, 42.44078], [-82.90724, 42.44138], [-82.90719, 42.44167], [-82.9071, 42.44212], [-82.90704, 42.4425]]}}, {"type": "Feature", "properties": {"name": "Lochmoor Boulevard", "highway": "residential", "length_m": 166.1}, "geometry": {"type": "LineString", "coordinates": [[-82.90615, 42.43706], [-82.90768, 42.43742], [-82.9078, 42.43745], [-82.90809, 42.43747]]}}, {"type": "Feature", "properties": {"name": "Holiday Road", "highway": "residential", "length_m": 158.6}, "geometry": {"type": "LineString", "coordinates": [[-82.90147, 42.43594], [-82.90088, 42.43729]]}}, {"type": "Feature", "properties": {"name": "Lochmoor Boulevard", "highway": "residential", "length_m": 411.1}, "geometry": {"type": "LineString", "coordinates": [[-82.90615, 42.43706], [-82.90606, 42.43696], [-82.90191, 42.43596], [-82.90161, 42.43589], [-82.90147, 42.43594]]}}, {"type": "Feature", "properties": {"name": "Helen Avenue", "highway": "residential", "length_m": 646.5}, "geometry": {"type": "LineString", "coordinates": [[-82.91093, 42.44468], [-82.91088, 42.44479], [-82.91057, 42.44551], [-82.91053, 42.44557], [-82.9105, 42.44564], [-82.91018, 42.4464], [-82.90984, 42.44719], [-82.90951, 42.44795], [-82.90917, 42.44871], [-82.90885, 42.44945], [-82.90849, 42.4502]]}}, {"type": "Feature", "properties": {"name": "Mack Avenue", "highway": "secondary", "length_m": 27.5}, "geometry": {"type": "LineString", "coordinates": [[-82.90705, 42.44371], [-82.9071, 42.44347]]}}, {"type": "Feature", "properties": {"name": "Vernier Road", "highway": "secondary", "length_m": 25.2}, "geometry": {"type": "LineString", "coordinates": [[-82.90563, 42.44312], [-82.90533, 42.44307]]}}, {"type": "Feature", "properties": {"name": "Vernier Road", "highway": "secondary", "length_m": 394.2}, "geometry": {"type": "LineString", "coordinates": [[-82.91388, 42.44506], [-82.91349, 42.44497], [-82.91099, 42.44437], [-82.9109, 42.44435], [-82.91083, 42.44433], [-82.91007, 42.44416], [-82.90933, 42.44398]]}}, {"type": "Feature", "properties": {"name": "Shorepointe Lane", "highway": "residential", "length_m": 289.7}, "geometry": {"type": "LineString", "coordinates": [[-82.90931, 42.45129], [-82.90797, 42.45096], [-82.90792, 42.45095], [-82.90721, 42.45077], [-82.90699, 42.45072], [-82.90682, 42.4507], [-82.90658, 42.45069], [-82.90646, 42.4507], [-82.90631, 42.45074], [-82.90608, 42.45081], [-82.90602, 42.45082], [-82.90596, 42.45081]]}}, {"type": "Feature", "properties": {"name": "Edmunton Street", "highway": "residential", "length_m": 265.4}, "geometry": {"type": "LineString", "coordinates": [[-82.90422, 42.4519], [-82.90404, 42.45186], [-82.90395, 42.45183], [-82.90377, 42.45179], [-82.90359, 42.45175], [-82.90196, 42.45134], [-82.90191, 42.45133], [-82.90178, 42.45126], [-82.90171, 42.45119], [-82.90167, 42.45112], [-82.90165, 42.45106], [-82.90164, 42.451], [-82.90164, 42.45082]]}}, {"type": "Feature", "properties": {"name": "Mack Avenue", "highway": "secondary", "length_m": 16.7}, "geometry": {"type": "LineString", "coordinates": [[-82.90684, 42.4435], [-82.9068, 42.44365]]}}, {"type": "Feature", "properties": {"name": "Mack Avenue", "highway": "secondary", "length_m": 17.8}, "geometry": {"type": "LineString", "coordinates": [[-82.9071, 42.44347], [-82.90713, 42.44333], [-82.90714, 42.44331]]}}, {"type": "Feature", "properties": {"name": "Mack Avenue", "highway": "secondary", "length_m": 72.6}, "geometry": {"type": "LineString", "coordinates": [[-82.90699, 42.44277], [-82.9069, 42.44325], [-82.90689, 42.44327], [-82.90686, 42.44342]]}}, {"type": "Feature", "properties": {"name": "Mack Avenue", "highway": "secondary", "length_m": 113.1}, "geometry": {"type": "LineString", "coordinates": [[-82.90714, 42.44331], [-82.90717, 42.44315], [-82.90729, 42.44258], [-82.90732, 42.44242], [-82.90735, 42.44231]]}}, {"type": "Feature", "properties": {"name": "Vernier Road", "highway": "secondary", "length_m": 64.4}, "geometry": {"type": "LineString", "coordinates": [[-82.90637, 42.4433], [-82.90563, 42.44312]]}}, {"type": "Feature", "properties": {"name": "Vernier Road", "highway": "secondary", "length_m": 42.2}, "geometry": {"type": "LineString", "coordinates": [[-82.90686, 42.44342], [-82.90674, 42.44338], [-82.90637, 42.4433]]}}, {"type": "Feature", "properties": {"name": "Vernier Road", "highway": "secondary", "length_m": 137.3}, "geometry": {"type": "LineString", "coordinates": [[-82.9087, 42.44383], [-82.90724, 42.4435], [-82.9071, 42.44347]]}}, {"type": "Feature", "properties": {"name": "Vernier Road", "highway": "secondary", "length_m": 52.7}, "geometry": {"type": "LineString", "coordinates": [[-82.90533, 42.44307], [-82.90503, 42.44303], [-82.90484, 42.443], [-82.9047, 42.44303]]}}, {"type": "Feature", "properties": {"name": "Vernier Road", "highway": "secondary", "length_m": 394.9}, "geometry": {"type": "LineString", "coordinates": [[-82.90984, 42.44442], [-82.91084, 42.44465], [-82.91093, 42.44468], [-82.91121, 42.44474], [-82.91305, 42.44518], [-82.91374, 42.44535], [-82.91402, 42.44541], [-82.91441, 42.44551]]}}, {"type": "Feature", "properties": {"name": "Mack Avenue", "highway": "secondary", "length_m": 66.6}, "geometry": {"type": "LineString", "coordinates": [[-82.90693, 42.44431], [-82.90702, 42.44385], [-82.90705, 42.44371]]}}, {"type": "Feature", "properties": {"name": "Vernier Road", "highway": "secondary", "length_m": 54.7}, "geometry": {"type": "LineString", "coordinates": [[-82.90933, 42.44398], [-82.90881, 42.44385], [-82.9087, 42.44383]]}}, {"type": "Feature", "properties": {"name": "Sunningdale Park", "highway": "residential", "length_m": 34.3}, "geometry": {"type": "LineString", "coordinates": [[-82.90478, 42.44273], [-82.9047, 42.44303]]}}, {"type": "Feature", "properties": {"name": "Vernier Road", "highway": "secondary", "length_m": 72.0}, "geometry": {"type": "LineString", "coordinates": [[-82.9047, 42.44303], [-82.90387, 42.44283]]}}, {"type": "Feature", "properties": {"name": "Greater Mack Avenue", "highway": "secondary", "length_m": 132.4}, "geometry": {"type": "LineString", "coordinates": [[-82.90473, 42.45077], [-82.90467, 42.45093], [-82.90459, 42.45109], [-82.90452, 42.45125], [-82.90439, 42.45153], [-82.90435, 42.45162], [-82.90422, 42.4519]]}}, {"type": "Feature", "properties": {"name": "Aline Drive", "highway": "residential", "length_m": 13.9}, "geometry": {"type": "LineString", "coordinates": [[-82.90489, 42.45023], [-82.90504, 42.45029]]}}, {"type": "Feature", "properties": {"name": "East 8 Mile Road", "highway": "unclassified", "length_m": 457.4}, "geometry": {"type": "LineString", "coordinates": [[-82.89918, 42.45086], [-82.89993, 42.45085], [-82.9007, 42.45084], [-82.90164, 42.45082], [-82.90226, 42.45081], [-82.9035, 42.45079], [-82.90421, 42.45078], [-82.90453, 42.45078], [-82.90473, 42.45077]]}}, {"type": "Feature", "properties": {"name": "Shorepointe Lane", "highway": "residential", "length_m": 97.8}, "geometry": {"type": "LineString", "coordinates": [[-82.90482, 42.45061], [-82.90498, 42.45063], [-82.90512, 42.45066], [-82.90583, 42.45082], [-82.9059, 42.45083], [-82.90596, 42.45081]]}}, {"type": "Feature", "properties": {"name": "Shorepointe Lane", "highway": "residential", "length_m": 93.6}, "geometry": {"type": "LineString", "coordinates": [[-82.90596, 42.45081], [-82.90589, 42.45077], [-82.90557, 42.45069], [-82.90515, 42.45058], [-82.905, 42.45054], [-82.90497, 42.45052], [-82.90496, 42.45047]]}}, {"type": "Feature", "properties": {"name": "Mack Avenue", "highway": "secondary", "length_m": 29.7}, "geometry": {"type": "LineString", "coordinates": [[-82.90704, 42.4425], [-82.90703, 42.44256], [-82.90699, 42.44277]]}}, {"type": "Feature", "properties": {"name": "Hampton Road", "highway": "residential", "length_m": 45.5}, "geometry": {"type": "LineString", "coordinates": [[-82.90528, 42.44744], [-82.90569, 42.44754], [-82.90581, 42.44757]]}}, {"type": "Feature", "properties": {"name": "Vernier Road", "highway": "secondary", "length_m": 54.1}, "geometry": {"type": "LineString", "coordinates": [[-82.90922, 42.44427], [-82.90984, 42.44442]]}}, {"type": "Feature", "properties": {"name": "Vernier Road", "highway": "secondary", "length_m": 189.2}, "geometry": {"type": "LineString", "coordinates": [[-82.90705, 42.44371], [-82.90718, 42.44375], [-82.90794, 42.44396], [-82.90819, 42.44402], [-82.90847, 42.44409], [-82.90922, 42.44427]]}}, {"type": "Feature", "properties": {"name": "Mack Avenue", "highway": "secondary", "length_m": 750.5}, "geometry": {"type": "LineString", "coordinates": [[-82.90672, 42.44402], [-82.90668, 42.44418], [-82.90663, 42.44447], [-82.90658, 42.44475], [-82.90655, 42.44487], [-82.90654, 42.44494], [-82.90641, 42.44553], [-82.90634, 42.44583], [-82.90633, 42.4459], [-82.90622, 42.44635], [-82.90615, 42.44664], [-82.90613, 42.44671], [-82.90607, 42.44688], [-82.90601, 42.44703], [-82.90583, 42.44751], [-82.90581, 42.44757], [-82.90577, 42.44769], [-82.90576, 42.4477], [-82.9057, 42.44787], [-82.90544, 42.44859], [-82.90533, 42.4489], [-82.90516, 42.4494], [-82.90513, 42.44948], [-82.90512, 42.44953], [-82.905, 42.4499], [-82.90498, 42.44994], [-82.90489, 42.45023], [-82.90486, 42.45032], [-82.90482, 42.45061]]}}, {"type": "Feature", "properties": {"name": "Mack Avenue", "highway": "secondary", "length_m": 23.9}, "geometry": {"type": "LineString", "coordinates": [[-82.90676, 42.44381], [-82.90675, 42.44388], [-82.90672, 42.44402]]}}, {"type": "Feature", "properties": {"name": "Vernier Road", "highway": "secondary", "length_m": 20.0}, "geometry": {"type": "LineString", "coordinates": [[-82.90657, 42.44359], [-82.90668, 42.44362], [-82.9068, 42.44365]]}}, {"type": "Feature", "properties": {"name": "Vernier Road", "highway": "secondary", "length_m": 627.0}, "geometry": {"type": "LineString", "coordinates": [[-82.90387, 42.44283], [-82.90257, 42.44252], [-82.90235, 42.44246], [-82.90013, 42.44193], [-82.89896, 42.44165], [-82.89782, 42.44137], [-82.89663, 42.44108]]}}, {"type": "Feature", "properties": {"name": "Marter Road", "highway": "tertiary", "length_m": 1459.9}, "geometry": {"type": "LineString", "coordinates": [[-82.89178, 42.45101], [-82.89174, 42.45108], [-82.89154, 42.45139], [-82.89148, 42.4515], [-82.89116, 42.45207], [-82.89065, 42.45295], [-82.89057, 42.45309], [-82.89006, 42.45385], [-82.89, 42.45392], [-82.8898, 42.45421], [-82.88964, 42.45442], [-82.88954, 42.45455], [-82.88938, 42.45472], [-82.88893, 42.45522], [-82.88869, 42.45545], [-82.88835, 42.45581], [-82.88808, 42.4561], [-82.88791, 42.45629], [-82.8878, 42.45643], [-82.88732, 42.4571], [-82.88676, 42.45791], [-82.88647, 42.45833], [-82.88625, 42.45868], [-82.88582, 42.45929], [-82.88543, 42.45985], [-82.88539, 42.4599], [-82.88533, 42.45992], [-82.88526, 42.45991], [-82.88496, 42.45984], [-82.88466, 42.45975], [-82.88383, 42.45955], [-82.8832, 42.4594], [-82.88313, 42.45938], [-82.88248, 42.45924], [-82.88156, 42.45903], [-82.88149, 42.45902]]}}, {"type": "Feature", "properties": {"name": "River Road", "highway": "residential", "length_m": 888.8}, "geometry": {"type": "LineString", "coordinates": [[-82.89148, 42.44616], [-82.89115, 42.4469], [-82.89106, 42.44711], [-82.89098, 42.44726], [-82.89086, 42.44745], [-82.89072, 42.44764], [-82.8905, 42.44789], [-82.89011, 42.44829], [-82.88981, 42.44858], [-82.88962, 42.44877], [-82.88919, 42.4492], [-82.88898, 42.44938], [-82.8888, 42.44953], [-82.8883, 42.4499], [-82.88755, 42.45049], [-82.88643, 42.45133], [-82.88631, 42.45145], [-82.88618, 42.45158], [-82.88592, 42.45182], [-82.88566, 42.45208], [-82.88547, 42.4523], [-82.88532, 42.45241], [-82.88512, 42.45249]]}}, {"type": "Feature", "properties": {"name": "Goethe Street", "highway": "residential", "length_m": 101.9}, "geometry": {"type": "LineString", "coordinates": [[-82.89993, 42.45085], [-82.89956, 42.45172]]}}, {"type": "Feature", "properties": {"name": "Robert John Road", "highway": "residential", "length_m": 681.6}, "geometry": {"type": "LineString", "coordinates": [[-82.88512, 42.45249], [-82.88494, 42.45254], [-82.88472, 42.45253], [-82.8845, 42.45249], [-82.88281, 42.45209], [-82.88225, 42.45205], [-82.88016, 42.45156], [-82.8772, 42.45085]]}}, {"type": "Feature", "properties": {"name": "Morningside Drive", "highway": "residential", "length_m": 169.4}, "geometry": {"type": "LineString", "coordinates": [[-82.88046, 42.45084], [-82.88016, 42.45156], [-82.87985, 42.4523]]}}, {"type": "Feature", "properties": {"name": "Van K Drive", "highway": "residential", "length_m": 769.3}, "geometry": {"type": "LineString", "coordinates": [[-82.88103, 42.44367], [-82.88098, 42.44369], [-82.88094, 42.44372], [-82.88092, 42.44375], [-82.88063, 42.44439], [-82.88031, 42.44513], [-82.88001, 42.4458], [-82.87948, 42.44702], [-82.87918, 42.4477], [-82.87902, 42.44806], [-82.87896, 42.44817], [-82.87887, 42.44829], [-82.87882, 42.44836], [-82.87877, 42.44845], [-82.87851, 42.44903], [-82.87824, 42.44966], [-82.87804, 42.45009], [-82.87803, 42.45014], [-82.87805, 42.45019]]}}, {"type": "Feature", "properties": {"name": "Parkway Drive", "highway": "residential", "length_m": 254.7}, "geometry": {"type": "LineString", "coordinates": [[-82.89274, 42.44931], [-82.89146, 42.449], [-82.89093, 42.44888], [-82.89068, 42.44881], [-82.89058, 42.44878], [-82.89043, 42.44872], [-82.88981, 42.44858]]}}, {"type": "Feature", "properties": {"name": "Blairmoor Court", "highway": "residential", "length_m": 902.1}, "geometry": {"type": "LineString", "coordinates": [[-82.88031, 42.44513], [-82.88271, 42.44568], [-82.88581, 42.44642], [-82.89039, 42.44752], [-82.89051, 42.44756], [-82.89072, 42.44764]]}}, {"type": "Feature", "properties": {"name": "Moorland Drive", "highway": "residential", "length_m": 876.9}, "geometry": {"type": "LineString", "coordinates": [[-82.87818, 42.44746], [-82.87862, 42.44757], [-82.87918, 42.4477], [-82.88158, 42.44828], [-82.88468, 42.44903], [-82.8883, 42.4499]]}}, {"type": "Feature", "properties": {"name": "Marian Court", "highway": "residential", "length_m": 99.4}, "geometry": {"type": "LineString", "coordinates": [[-82.88847, 42.44849], [-82.88962, 42.44877]]}}, {"type": "Feature", "properties": {"name": "Fairway Lane", "highway": "residential", "length_m": 280.9}, "geometry": {"type": "LineString", "coordinates": [[-82.89213, 42.44001], [-82.89231, 42.43988], [-82.89245, 42.43971], [-82.89337, 42.43768]]}}, {"type": "Feature", "properties": {"name": "Coventry Lane", "highway": "residential", "length_m": 144.4}, "geometry": {"type": "LineString", "coordinates": [[-82.88447, 42.43522], [-82.88613, 42.43562]]}}, {"type": "Feature", "properties": {"name": "Heather Lane", "highway": "residential", "length_m": 145.7}, "geometry": {"type": "LineString", "coordinates": [[-82.88548, 42.43736], [-82.88379, 42.43696]]}}, {"type": "Feature", "properties": {"name": "Wicks Lane", "highway": "residential", "length_m": 69.8}, "geometry": {"type": "LineString", "coordinates": [[-82.89896, 42.44165], [-82.89892, 42.44173], [-82.89878, 42.44205], [-82.89868, 42.44224]]}}, {"type": "Feature", "properties": {"name": "Marter Road", "highway": "tertiary", "length_m": 970.5}, "geometry": {"type": "LineString", "coordinates": [[-82.89663, 42.44108], [-82.89605, 42.44241], [-82.89602, 42.44249], [-82.89568, 42.4433], [-82.89565, 42.44336], [-82.89531, 42.44414], [-82.89494, 42.44496], [-82.89452, 42.44594], [-82.89414, 42.4468], [-82.89405, 42.44702], [-82.89399, 42.44714], [-82.89377, 42.44754], [-82.89337, 42.44824], [-82.89298, 42.44889], [-82.89274, 42.44931]]}}, {"type": "Feature", "properties": {"name": "Woods Lane", "highway": "residential", "length_m": 827.0}, "geometry": {"type": "LineString", "coordinates": [[-82.87948, 42.44702], [-82.88188, 42.44759], [-82.88498, 42.44834], [-82.88605, 42.4486], [-82.88716, 42.44886], [-82.88869, 42.44923], [-82.88875, 42.44925], [-82.88882, 42.44928], [-82.88898, 42.44938]]}}, {"type": "Feature", "properties": {"name": "Canterbury Court", "highway": "residential", "length_m": 59.4}, "geometry": {"type": "LineString", "coordinates": [[-82.88449, 42.44688], [-82.88426, 42.44739]]}}, {"type": "Feature", "properties": {"name": "Morningside Drive", "highway": "residential", "length_m": 1442.8}, "geometry": {"type": "LineString", "coordinates": [[-82.88586, 42.4385], [-82.88557, 42.43917], [-82.88525, 42.4399], [-82.88488, 42.44075], [-82.88452, 42.44156], [-82.88416, 42.44239], [-82.88373, 42.44335], [-82.8835, 42.44389], [-82.88337, 42.44419], [-82.88322, 42.44452], [-82.88301, 42.44498], [-82.88271, 42.44568], [-82.88241, 42.44638], [-82.88188, 42.44759], [-82.88158, 42.44828], [-82.88128, 42.44896], [-82.88098, 42.44963], [-82.88071, 42.45025], [-82.88046, 42.45084]]}}, {"type": "Feature", "properties": {"name": "West Canterbury Court", "highway": "residential", "length_m": 61.2}, "geometry": {"type": "LineString", "coordinates": [[-82.88343, 42.44662], [-82.88319, 42.44714]]}}, {"type": "Feature", "properties": {"name": "Toles Lane", "highway": "residential", "length_m": 70.1}, "geometry": {"type": "LineString", "coordinates": [[-82.89782, 42.44137], [-82.89779, 42.44145], [-82.89755, 42.44197]]}}, {"type": "Feature", "properties": {"name": "Edmunton Drive", "highway": "residential", "length_m": 713.6}, "geometry": {"type": "LineString", "coordinates": [[-82.89155, 42.44848], [-82.8916, 42.44853], [-82.89165, 42.44857], [-82.89171, 42.44859], [-82.89298, 42.44889], [-82.89672, 42.44979], [-82.899, 42.45034], [-82.8991, 42.45038], [-82.89915, 42.45043], [-82.89917, 42.4505], [-82.89918, 42.45086]]}}, {"type": "Feature", "properties": {"name": "Maple Lane", "highway": "residential", "length_m": 164.8}, "geometry": {"type": "LineString", "coordinates": [[-82.88849, 42.43783], [-82.88805, 42.43773], [-82.888, 42.43773], [-82.88793, 42.43773], [-82.88787, 42.43774], [-82.88781, 42.43775], [-82.88778, 42.43776], [-82.88774, 42.43779], [-82.8877, 42.43782], [-82.88766, 42.43785], [-82.88763, 42.43791], [-82.88761, 42.43794], [-82.8876, 42.43798], [-82.88761, 42.43802], [-82.88762, 42.43806], [-82.88763, 42.4381], [-82.88766, 42.43813], [-82.88769, 42.43816], [-82.88772, 42.43819], [-82.88777, 42.43822], [-82.88785, 42.43825], [-82.88827, 42.43835]]}}, {"type": "Feature", "properties": {"name": "Wedgewood Drive", "highway": "residential", "length_m": 172.8}, "geometry": {"type": "LineString", "coordinates": [[-82.88798, 42.43901], [-82.88827, 42.43835], [-82.88849, 42.43783], [-82.88862, 42.43753]]}}, {"type": "Feature", "properties": {"name": "Wedgewood Drive", "highway": "residential", "length_m": 960.9}, "geometry": {"type": "LineString", "coordinates": [[-82.88797, 42.4415], [-82.88763, 42.44231], [-82.88726, 42.44315], [-82.88683, 42.4441], [-82.88647, 42.44493], [-82.88613, 42.44572], [-82.88581, 42.44642], [-82.88551, 42.44712], [-82.88525, 42.44772], [-82.88498, 42.44834], [-82.88468, 42.44903], [-82.88437, 42.44972]]}}, {"type": "Feature", "properties": {"name": "Woods Lane Court", "highway": "residential", "length_m": 62.7}, "geometry": {"type": "LineString", "coordinates": [[-82.88738, 42.44832], [-82.88716, 42.44886]]}}, {"type": "Feature", "properties": {"name": "Eastbrook Court", "highway": "residential", "length_m": 109.1}, "geometry": {"type": "LineString", "coordinates": [[-82.89314, 42.44968], [-82.89272, 42.45061]]}}, {"type": "Feature", "properties": {"name": "Briarcliff Drive", "highway": "residential", "length_m": 480.5}, "geometry": {"type": "LineString", "coordinates": [[-82.87882, 42.44836], [-82.88128, 42.44896], [-82.88316, 42.44941], [-82.8835, 42.4495], [-82.88351, 42.4495], [-82.88437, 42.44972]]}}, {"type": "Feature", "properties": {"name": "Perrien Place", "highway": "residential", "length_m": 336.7}, "geometry": {"type": "LineString", "coordinates": [[-82.87851, 42.44903], [-82.88098, 42.44963], [-82.8824, 42.44997]]}}, {"type": "Feature", "properties": {"name": "Young Lane", "highway": "residential", "length_m": 60.3}, "geometry": {"type": "LineString", "coordinates": [[-82.89444, 42.44056], [-82.89421, 42.44108]]}}, {"type": "Feature", "properties": {"name": "North Rosedale Court", "highway": "residential", "length_m": 212.9}, "geometry": {"type": "LineString", "coordinates": [[-82.87805, 42.45019], [-82.87808, 42.45023], [-82.87816, 42.45027], [-82.88046, 42.45084]]}}, {"type": "Feature", "properties": {"name": "Hawthorne Road", "highway": "residential", "length_m": 1738.5}, "geometry": {"type": "LineString", "coordinates": [[-82.8756, 42.43848], [-82.8758, 42.43856], [-82.87588, 42.43858], [-82.88186, 42.44002], [-82.88219, 42.4401], [-82.88488, 42.44075], [-82.88797, 42.4415], [-82.89565, 42.44336]]}}, {"type": "Feature", "properties": {"name": "Canterbury Road", "highway": "residential", "length_m": 877.5}, "geometry": {"type": "LineString", "coordinates": [[-82.88001, 42.4458], [-82.88131, 42.44611], [-82.88241, 42.44638], [-82.88343, 42.44662], [-82.88449, 42.44688], [-82.88551, 42.44712], [-82.88893, 42.44794], [-82.88976, 42.44814], [-82.88993, 42.44819], [-82.89011, 42.44829]]}}, {"type": "Feature", "properties": {"name": "Glen Arbor Lane", "highway": "residential", "length_m": 141.6}, "geometry": {"type": "LineString", "coordinates": [[-82.88411, 42.43611], [-82.88575, 42.43649]]}}, {"type": "Feature", "properties": {"name": "Virginia Lane", "highway": "residential", "length_m": 64.7}, "geometry": {"type": "LineString", "coordinates": [[-82.89299, 42.44022], [-82.89283, 42.44061], [-82.89276, 42.44078]]}}, {"type": "Feature", "properties": {"name": "Crestwood Drive", "highway": "residential", "length_m": 329.8}, "geometry": {"type": "LineString", "coordinates": [[-82.8734, 42.44993], [-82.87359, 42.44997], [-82.87369, 42.45], [-82.87387, 42.45004], [-82.8772, 42.45085]]}}, {"type": "Feature", "properties": {"name": "Montague Lane", "highway": "residential", "length_m": 162.2}, "geometry": {"type": "LineString", "coordinates": [[-82.88849, 42.43914], [-82.88853, 42.43901], [-82.88856, 42.43895], [-82.88861, 42.4389], [-82.88868, 42.43886], [-82.88876, 42.43881], [-82.88885, 42.43872], [-82.88891, 42.43866], [-82.88892, 42.4386], [-82.88892, 42.43853], [-82.88891, 42.43844], [-82.88892, 42.43838], [-82.88897, 42.43831], [-82.88906, 42.43823], [-82.88912, 42.43818], [-82.88914, 42.43813], [-82.88914, 42.43806], [-82.88912, 42.43795], [-82.88907, 42.43785]]}}, {"type": "Feature", "properties": {"name": "Vernier Circle", "highway": "residential", "length_m": 119.7}, "geometry": {"type": "LineString", "coordinates": [[-82.88987, 42.43834], [-82.88943, 42.43937]]}}, {"type": "Feature", "properties": {"name": "Brys Drive North", "highway": "residential", "length_m": 700.5}, "geometry": {"type": "LineString", "coordinates": [[-82.88063, 42.44439], [-82.88301, 42.44498], [-82.88613, 42.44572], [-82.88816, 42.44618], [-82.88823, 42.44618], [-82.88828, 42.44617], [-82.88833, 42.44615], [-82.88838, 42.44611], [-82.8884, 42.44608], [-82.88849, 42.44587]]}}, {"type": "Feature", "properties": {"name": "Brys Drive North", "highway": "residential", "length_m": 204.4}, "geometry": {"type": "LineString", "coordinates": [[-82.88934, 42.44607], [-82.88925, 42.44627], [-82.88924, 42.44632], [-82.88924, 42.44636], [-82.88926, 42.4464], [-82.8893, 42.44643], [-82.88934, 42.44646], [-82.88938, 42.44648], [-82.88945, 42.44649], [-82.88953, 42.44652], [-82.89115, 42.4469]]}}, {"type": "Feature", "properties": {"name": "Brys Drive South", "highway": "residential", "length_m": 440.5}, "geometry": {"type": "LineString", "coordinates": [[-82.88934, 42.44607], [-82.88945, 42.44582], [-82.88948, 42.44578], [-82.88952, 42.44575], [-82.88957, 42.44573], [-82.88961, 42.44572], [-82.88967, 42.44571], [-82.88971, 42.44572], [-82.89148, 42.44616], [-82.89259, 42.44641], [-82.89414, 42.4468]]}}, {"type": "Feature", "properties": {"name": "Brys Drive South", "highway": "residential", "length_m": 72.9}, "geometry": {"type": "LineString", "coordinates": [[-82.88849, 42.44587], [-82.88934, 42.44607]]}}, {"type": "Feature", "properties": {"name": "Brys Drive South", "highway": "residential", "length_m": 202.3}, "geometry": {"type": "LineString", "coordinates": [[-82.88103, 42.44367], [-82.88109, 42.44366], [-82.88113, 42.44366], [-82.88117, 42.44366], [-82.88337, 42.44419]]}}, {"type": "Feature", "properties": {"name": "Brys Drive South", "highway": "residential", "length_m": 229.6}, "geometry": {"type": "LineString", "coordinates": [[-82.88647, 42.44493], [-82.88842, 42.44541], [-82.8885, 42.44543], [-82.88855, 42.44546], [-82.88858, 42.44549], [-82.8886, 42.44553], [-82.88861, 42.44557], [-82.8886, 42.44562], [-82.88849, 42.44587]]}}, {"type": "Feature", "properties": {"name": "North Rosedale Court", "highway": "residential", "length_m": 449.5}, "geometry": {"type": "LineString", "coordinates": [[-82.88566, 42.45208], [-82.88046, 42.45084]]}}, {"type": "Feature", "properties": {"name": "Lee Court", "highway": "residential", "length_m": 91.3}, "geometry": {"type": "LineString", "coordinates": [[-82.89006, 42.43952], [-82.8899, 42.43992], [-82.88988, 42.43996], [-82.88984, 42.44], [-82.88978, 42.44002], [-82.88971, 42.44004], [-82.88944, 42.44]]}}, {"type": "Feature", "properties": {"name": "Avon Court", "highway": "residential", "length_m": 99.2}, "geometry": {"type": "LineString", "coordinates": [[-82.88525, 42.44772], [-82.88639, 42.44799]]}}, {"type": "Feature", "properties": {"name": "East Canterbury Court", "highway": "residential", "length_m": 61.1}, "geometry": {"type": "LineString", "coordinates": [[-82.88131, 42.44611], [-82.88107, 42.44663]]}}, {"type": "Feature", "properties": {"name": "South Rosedale Court", "highway": "residential", "length_m": 687.7}, "geometry": {"type": "LineString", "coordinates": [[-82.88618, 42.45158], [-82.88071, 42.45025], [-82.87824, 42.44966]]}}, {"type": "Feature", "properties": {"name": "Green Court", "highway": "residential", "length_m": 46.6}, "geometry": {"type": "LineString", "coordinates": [[-82.88557, 42.43917], [-82.88517, 42.43906], [-82.88504, 42.43903]]}}, {"type": "Feature", "properties": {"name": "Westbrook Court", "highway": "residential", "length_m": 79.4}, "geometry": {"type": "LineString", "coordinates": [[-82.8951, 42.45016], [-82.89487, 42.45068], [-82.89488, 42.45084]]}}, {"type": "Feature", "properties": {"name": "Wendy Lane", "highway": "residential", "length_m": 69.4}, "geometry": {"type": "LineString", "coordinates": [[-82.89559, 42.44084], [-82.89532, 42.44143]]}}, {"type": "Feature", "properties": {"name": "Lochmoor Place", "highway": "residential", "length_m": 110.9}, "geometry": {"type": "LineString", "coordinates": [[-82.89098, 42.43974], [-82.89092, 42.43993], [-82.89091, 42.43998], [-82.89091, 42.44002], [-82.89093, 42.44015], [-82.89093, 42.44021], [-82.89086, 42.44038], [-82.89084, 42.4404], [-82.89081, 42.44041], [-82.89078, 42.44042], [-82.89074, 42.44042], [-82.89043, 42.44035]]}}, {"type": "Feature", "properties": {"name": "Centerbrook Court", "highway": "residential", "length_m": 90.3}, "geometry": {"type": "LineString", "coordinates": [[-82.89415, 42.44993], [-82.89381, 42.4507]]}}, {"type": "Feature", "properties": {"name": "Morningside Lane", "highway": "residential", "length_m": 126.8}, "geometry": {"type": "LineString", "coordinates": [[-82.88557, 42.43917], [-82.88622, 42.43933], [-82.88638, 42.43897], [-82.88606, 42.43888]]}}, {"type": "Feature", "properties": {"name": "Christine Court", "highway": "residential", "length_m": 96.3}, "geometry": {"type": "LineString", "coordinates": [[-82.89201, 42.43999], [-82.8918, 42.44042], [-82.89165, 42.44081]]}}, {"type": "Feature", "properties": {"name": "Yorktown Street", "highway": "residential", "length_m": 567.2}, "geometry": {"type": "LineString", "coordinates": [[-82.89258, 42.44955], [-82.89314, 42.44968], [-82.89415, 42.44993], [-82.8951, 42.45016], [-82.89567, 42.45028], [-82.89588, 42.45035], [-82.89624, 42.45048], [-82.89641, 42.45052], [-82.8968, 42.45055], [-82.89699, 42.45059], [-82.89766, 42.45074], [-82.89818, 42.45087], [-82.89838, 42.45087], [-82.89918, 42.45086]]}}, {"type": "Feature", "properties": {"name": "Vernier Road", "highway": "secondary", "length_m": 829.3}, "geometry": {"type": "LineString", "coordinates": [[-82.89663, 42.44108], [-82.89559, 42.44084], [-82.89444, 42.44056], [-82.89373, 42.4404], [-82.89299, 42.44022], [-82.89213, 42.44001], [-82.89201, 42.43999], [-82.89156, 42.43988], [-82.89098, 42.43974], [-82.8908, 42.4397], [-82.89006, 42.43952], [-82.88943, 42.43937], [-82.88909, 42.43928], [-82.88849, 42.43914], [-82.88798, 42.43901], [-82.88788, 42.43899], [-82.8875, 42.4389], [-82.88705, 42.43879]]}}, {"type": "Feature", "properties": {"name": "Briarcliff Drive", "highway": "residential", "length_m": 275.5}, "geometry": {"type": "LineString", "coordinates": [[-82.88437, 42.44972], [-82.8853, 42.44994], [-82.88755, 42.45049]]}}, {"type": "Feature", "properties": {"name": "Vernier Road", "highway": "secondary", "length_m": 655.6}, "geometry": {"type": "LineString", "coordinates": [[-82.88362, 42.43794], [-82.88352, 42.43792], [-82.88316, 42.43783], [-82.88283, 42.43774], [-82.87975, 42.43702], [-82.87894, 42.43682], [-82.87765, 42.43653], [-82.87741, 42.43648], [-82.87616, 42.43619], [-82.87603, 42.43617]]}}, {"type": "Feature", "properties": {"name": "Vernier Road", "highway": "secondary", "length_m": 273.3}, "geometry": {"type": "LineString", "coordinates": [[-82.88705, 42.43879], [-82.88672, 42.43871], [-82.88655, 42.43867], [-82.88586, 42.4385], [-82.88509, 42.43831], [-82.8839, 42.43801]]}}, {"type": "Feature", "properties": {"name": "Vernier Road", "highway": "secondary", "length_m": 24.1}, "geometry": {"type": "LineString", "coordinates": [[-82.8839, 42.43801], [-82.88362, 42.43794]]}}, {"type": "Feature", "properties": {"name": "Marter Road", "highway": "tertiary", "length_m": 175.0}, "geometry": {"type": "LineString", "coordinates": [[-82.89258, 42.44955], [-82.89178, 42.45101]]}}, {"type": "Feature", "properties": {"name": "Marter Road", "highway": "tertiary", "length_m": 29.6}, "geometry": {"type": "LineString", "coordinates": [[-82.89274, 42.44931], [-82.89258, 42.44955]]}}, {"type": "Feature", "properties": {"name": "Wedgewood Drive", "highway": "residential", "length_m": 153.6}, "geometry": {"type": "LineString", "coordinates": [[-82.88909, 42.43928], [-82.88882, 42.43997], [-82.88876, 42.44012], [-82.88856, 42.44061]]}}, {"type": "Feature", "properties": {"name": "Wedgewood Drive", "highway": "residential", "length_m": 112.2}, "geometry": {"type": "LineString", "coordinates": [[-82.88856, 42.44061], [-82.88852, 42.44071], [-82.88847, 42.44078], [-82.8884, 42.44085], [-82.88831, 42.44091], [-82.88826, 42.44095], [-82.8882, 42.44101], [-82.88816, 42.44107], [-82.88797, 42.4415]]}}, {"type": "Feature", "properties": {"name": "", "highway": "residential", "length_m": 37.2}, "geometry": {"type": "LineString", "coordinates": [[-82.8798, 42.44379], [-82.88023, 42.44389]]}}]}