{"type": "FeatureCollection", "features": [{"type": "Feature", "properties": {"name": "Rose Terrace Street", "highway": "residential", "length_m": 41.3}, "geometry": {"type": "LineString", "coordinates": [[-82.89952, 42.38558], [-82.89997, 42.38542]]}}, {"type": "Feature", "properties": {"name": "East Jefferson Avenue", "highway": "secondary", "length_m": 75.9}, "geometry": {"type": "LineString", "coordinates": [[-82.89965, 42.38728], [-82.89948, 42.38735], [-82.89921, 42.38747], [-82.89886, 42.38762]]}}, {"type": "Feature", "properties": {"name": "Cherryhurst Lane", "highway": "residential", "length_m": 141.0}, "geometry": {"type": "LineString", "coordinates": [[-82.89317, 42.39099], [-82.89332, 42.39105], [-82.89352, 42.3911], [-82.89457, 42.39154], [-82.89462, 42.39162]]}}, {"type": "Feature", "properties": {"name": "Maumee Street", "highway": "residential", "length_m": 1669.8}, "geometry": {"type": "LineString", "coordinates": [[-82.9213, 42.38277], [-82.91997, 42.38325], [-82.91866, 42.38372], [-82.91685, 42.38437], [-82.91576, 42.38476], [-82.91399, 42.38541], [-82.91271, 42.38587], [-82.91194, 42.38615], [-82.91155, 42.38629], [-82.91094, 42.38651], [-82.90962, 42.38698], [-82.90839, 42.38742], [-82.90728, 42.38782], [-82.90645, 42.38812], [-82.90557, 42.38843], [-82.90436, 42.38887], [-82.90355, 42.38917], [-82.90309, 42.38935]]}}, {"type": "Feature", "properties": {"name": "McKinley Place", "highway": "residential", "length_m": 332.8}, "geometry": {"type": "LineString", "coordinates": [[-82.89965, 42.38728], [-82.90151, 42.38983], [-82.90157, 42.38991]]}}, {"type": "Feature", "properties": {"name": "Elm Court", "highway": "residential", "length_m": 163.6}, "geometry": {"type": "LineString", "coordinates": [[-82.89844, 42.3878], [-82.89856, 42.38791], [-82.89878, 42.38811], [-82.89885, 42.38818], [-82.89901, 42.38837], [-82.89947, 42.38905]]}}, {"type": "Feature", "properties": {"name": "Deming Lane", "highway": "residential", "length_m": 187.3}, "geometry": {"type": "LineString", "coordinates": [[-82.89734, 42.39301], [-82.89698, 42.39287], [-82.89579, 42.39238], [-82.89535, 42.3922]]}}, {"type": "Feature", "properties": {"name": "Meadow Lane", "highway": "residential", "length_m": 396.8}, "geometry": {"type": "LineString", "coordinates": [[-82.89871, 42.39126], [-82.90294, 42.39297]]}}, {"type": "Feature", "properties": {"name": "Newberry Place", "highway": "residential", "length_m": 415.7}, "geometry": {"type": "LineString", "coordinates": [[-82.89264, 42.39172], [-82.89314, 42.39189], [-82.89355, 42.39205], [-82.89378, 42.39214], [-82.89613, 42.39315], [-82.89637, 42.39325], [-82.89661, 42.39335], [-82.89694, 42.39347], [-82.89706, 42.39351]]}}, {"type": "Feature", "properties": {"name": "Pine Court", "highway": "residential", "length_m": 146.5}, "geometry": {"type": "LineString", "coordinates": [[-82.90037, 42.39006], [-82.90024, 42.39005], [-82.90012, 42.3899], [-82.90001, 42.38978], [-82.90002, 42.38971], [-82.90007, 42.38967], [-82.90013, 42.38966], [-82.90021, 42.38968], [-82.90041, 42.38998], [-82.90037, 42.39006], [-82.90048, 42.39021], [-82.90053, 42.39027]]}}, {"type": "Feature", "properties": {"name": "Radnor Circle", "highway": "residential", "length_m": 517.5}, "geometry": {"type": "LineString", "coordinates": [[-82.90037, 42.39487], [-82.90139, 42.39349], [-82.9014, 42.39347], [-82.90144, 42.39341], [-82.90147, 42.39338], [-82.90151, 42.39335], [-82.90156, 42.39334], [-82.90159, 42.39333], [-82.90164, 42.39333], [-82.9017, 42.39334], [-82.90265, 42.39373], [-82.90269, 42.39375], [-82.90272, 42.39377], [-82.90275, 42.39383], [-82.90275, 42.39386], [-82.90275, 42.39388], [-82.90274, 42.3939], [-82.90273, 42.39394], [-82.90145, 42.39514], [-82.90137, 42.39523], [-82.90132, 42.39531]]}}, {"type": "Feature", "properties": {"name": "Briarwood Place", "highway": "residential", "length_m": 314.9}, "geometry": {"type": "LineString", "coordinates": [[-82.89665, 42.39428], [-82.89329, 42.39292]]}}, {"type": "Feature", "properties": {"name": "Handy Road", "highway": "residential", "length_m": 412.7}, "geometry": {"type": "LineString", "coordinates": [[-82.89807, 42.39189], [-82.90024, 42.39275], [-82.90028, 42.39277], [-82.9003, 42.39279], [-82.90033, 42.39283], [-82.90034, 42.39287], [-82.90033, 42.3929], [-82.90032, 42.39293], [-82.90025, 42.39303], [-82.89982, 42.39361], [-82.89923, 42.39441]]}}, {"type": "Feature", "properties": {"name": "Grosse Pointe Boulevard", "highway": "residential", "length_m": 94.2}, "geometry": {"type": "LineString", "coordinates": [[-82.90157, 42.38991], [-82.9006, 42.39025], [-82.90053, 42.39027]]}}, {"type": "Feature", "properties": {"name": "Grosse Pointe Boulevard", "highway": "residential", "length_m": 1114.4}, "geometry": {"type": "LineString", "coordinates": [[-82.89807, 42.39189], [-82.89774, 42.39231], [-82.89766, 42.39244], [-82.89752, 42.39268], [-82.89734, 42.39301], [-82.89706, 42.39351], [-82.89665, 42.39428], [-82.89642, 42.39467], [-82.89633, 42.39483], [-82.89616, 42.39513], [-82.89591, 42.3956], [-82.89579, 42.39582], [-82.89566, 42.39604], [-82.89532, 42.39667], [-82.89477, 42.39767], [-82.89415, 42.39879], [-82.89409, 42.3989], [-82.89404, 42.39899], [-82.89377, 42.39948], [-82.89353, 42.39991], [-82.89337, 42.40019], [-82.89314, 42.4006], [-82.89308, 42.40072], [-82.89285, 42.40113]]}}, {"type": "Feature", "properties": {"name": "Lake Shore Road", "highway": "secondary", "length_m": 159.2}, "geometry": {"type": "LineString", "coordinates": [[-82.90133, 42.38656], [-82.9007, 42.38683], [-82.90018, 42.38705], [-82.89993, 42.38716], [-82.89965, 42.38728]]}}, {"type": "Feature", "properties": {"name": "Lake Shore Road", "highway": "secondary", "length_m": 500.2}, "geometry": {"type": "LineString", "coordinates": [[-82.89886, 42.38762], [-82.89863, 42.38772], [-82.89844, 42.3878], [-82.89819, 42.38791], [-82.89813, 42.38793], [-82.89759, 42.38817], [-82.89738, 42.38826], [-82.89654, 42.38862], [-82.896, 42.38886], [-82.89592, 42.38889], [-82.8958, 42.38895], [-82.89545, 42.38911], [-82.89508, 42.38927], [-82.89492, 42.38937], [-82.89469, 42.38951], [-82.89455, 42.3896], [-82.89422, 42.38981], [-82.89403, 42.38994], [-82.89381, 42.39009]]}}, {"type": "Feature", "properties": {"name": "North Warner Road", "highway": "residential", "length_m": 77.8}, "geometry": {"type": "LineString", "coordinates": [[-82.89523, 42.39066], [-82.8948, 42.39128]]}}, {"type": "Feature", "properties": {"name": "Stanton Lane", "highway": "residential", "length_m": 215.9}, "geometry": {"type": "LineString", "coordinates": [[-82.89752, 42.39268], [-82.89982, 42.39361]]}}, {"type": "Feature", "properties": {"name": "Rose Terrace Street", "highway": "residential", "length_m": 473.7}, "geometry": {"type": "LineString", "coordinates": [[-82.90048, 42.38654], [-82.90055, 42.38645], [-82.90056, 42.38635], [-82.90054, 42.38629], [-82.90049, 42.38618], [-82.9004, 42.38603], [-82.89997, 42.38542], [-82.8996, 42.38485], [-82.89954, 42.3848], [-82.89946, 42.3848], [-82.89924, 42.38487], [-82.89914, 42.3849], [-82.89908, 42.38496], [-82.89908, 42.385], [-82.89909, 42.38502], [-82.89927, 42.38527], [-82.89952, 42.38558], [-82.89961, 42.38573], [-82.89965, 42.3858], [-82.89969, 42.38589], [-82.89973, 42.38598], [-82.89979, 42.3861], [-82.89994, 42.38628], [-82.90004, 42.38638], [-82.90015, 42.38648], [-82.90028, 42.38655], [-82.90039, 42.38657]]}}, {"type": "Feature", "properties": {"name": "South Warner Road", "highway": "residential", "length_m": 85.2}, "geometry": {"type": "LineString", "coordinates": [[-82.89723, 42.39122], [-82.89678, 42.39191]]}}, {"type": "Feature", "properties": {"name": "Beverly Road", "highway": "residential", "length_m": 319.8}, "geometry": {"type": "LineString", "coordinates": [[-82.90256, 42.38956], [-82.9025, 42.38948], [-82.90082, 42.38699]]}}, {"type": "Feature", "properties": {"name": "Dyar Lane", "highway": "residential", "length_m": 140.5}, "geometry": {"type": "LineString", "coordinates": [[-82.89907, 42.391], [-82.89898, 42.39096], [-82.89772, 42.39042], [-82.89764, 42.39034]]}}, {"type": "Feature", "properties": {"name": "Edgemere Road", "highway": "residential", "length_m": 333.3}, "geometry": {"type": "LineString", "coordinates": [[-82.89738, 42.38826], [-82.89752, 42.38843], [-82.89781, 42.38878], [-82.89795, 42.38898], [-82.89807, 42.38915], [-82.89818, 42.38934], [-82.8983, 42.38958], [-82.89841, 42.38972], [-82.89852, 42.38985], [-82.89856, 42.38989], [-82.89862, 42.38993], [-82.89869, 42.38997], [-82.89903, 42.39011], [-82.89912, 42.39016], [-82.89919, 42.39021], [-82.89957, 42.3906], [-82.89964, 42.39068]]}}, {"type": "Feature", "properties": {"name": "Saint Paul Street", "highway": "residential", "length_m": 3359.5}, "geometry": {"type": "LineString", "coordinates": [[-82.94127, 42.37849], [-82.94085, 42.37863], [-82.94036, 42.37881], [-82.93999, 42.37895], [-82.9399, 42.37898], [-82.93982, 42.37901], [-82.93915, 42.37924], [-82.93849, 42.37948], [-82.93782, 42.37972], [-82.93734, 42.37989], [-82.93684, 42.38007], [-82.93634, 42.38025], [-82.93537, 42.3806], [-82.93414, 42.38105], [-82.93266, 42.38158], [-82.9312, 42.3821], [-82.92976, 42.38262], [-82.92855, 42.38306], [-82.92705, 42.38359], [-82.92542, 42.38417], [-82.92412, 42.38463], [-82.92282, 42.38511], [-82.92149, 42.38558], [-82.9203, 42.38601], [-82.91937, 42.38634], [-82.91838, 42.3867], [-82.91729, 42.38709], [-82.91552, 42.38773], [-82.91424, 42.38818], [-82.91343, 42.38847], [-82.91246, 42.38882], [-82.91114, 42.38929], [-82.90991, 42.38974], [-82.90879, 42.39014], [-82.90715, 42.39073], [-82.90587, 42.39118], [-82.90506, 42.39147], [-82.90458, 42.39164]]}}, {"type": "Feature", "properties": {"name": "Sunset Lane", "highway": "residential", "length_m": 134.9}, "geometry": {"type": "LineString", "coordinates": [[-82.89592, 42.38889], [-82.89609, 42.38898], [-82.89682, 42.38932], [-82.89731, 42.38954]]}}, {"type": "Feature", "properties": {"name": "Lakecrest Lane", "highway": "residential", "length_m": 302.2}, "geometry": {"type": "LineString", "coordinates": [[-82.89469, 42.38951], [-82.89481, 42.3896], [-82.89492, 42.38967], [-82.89504, 42.38974], [-82.89519, 42.38981], [-82.89735, 42.39069], [-82.89784, 42.39089]]}}, {"type": "Feature", "properties": {"name": "Warner Road", "highway": "residential", "length_m": 422.7}, "geometry": {"type": "LineString", "coordinates": [[-82.89381, 42.39009], [-82.89523, 42.39066], [-82.89563, 42.39082], [-82.89571, 42.39087], [-82.89577, 42.39091], [-82.89587, 42.391], [-82.89593, 42.39109], [-82.89598, 42.39119], [-82.89604, 42.39137], [-82.89607, 42.39143], [-82.89613, 42.39153], [-82.89621, 42.39162], [-82.89631, 42.3917], [-82.89642, 42.39177], [-82.8965, 42.3918], [-82.89678, 42.39191], [-82.89764, 42.39227], [-82.89774, 42.39231]]}}, {"type": "Feature", "properties": {"name": "Fisher Road", "highway": "residential", "length_m": 891.1}, "geometry": {"type": "LineString", "coordinates": [[-82.90133, 42.38656], [-82.9015, 42.38683], [-82.90309, 42.38935], [-82.90349, 42.38998], [-82.90364, 42.39021], [-82.90373, 42.39035], [-82.90396, 42.39069], [-82.90401, 42.39078], [-82.90408, 42.39088], [-82.90414, 42.39098], [-82.90419, 42.39105], [-82.90449, 42.3915], [-82.90458, 42.39164], [-82.90571, 42.39337], [-82.90587, 42.39362], [-82.90599, 42.39379]]}}, {"type": "Feature", "properties": {"name": "Lake Shore Road", "highway": "secondary", "length_m": 1514.8}, "geometry": {"type": "LineString", "coordinates": [[-82.88763, 42.40279], [-82.88769, 42.40253], [-82.88769, 42.40249], [-82.88788, 42.40167], [-82.88792, 42.40149], [-82.88796, 42.40131], [-82.88807, 42.40087], [-82.88812, 42.40073], [-82.88822, 42.40037], [-82.88831, 42.4001], [-82.88833, 42.40002], [-82.88838, 42.3999], [-82.88856, 42.3994], [-82.88859, 42.39932], [-82.8886, 42.39931], [-82.88903, 42.39819], [-82.88915, 42.3979], [-82.8892, 42.39775], [-82.88939, 42.39726], [-82.8895, 42.39697], [-82.88966, 42.39657], [-82.88979, 42.39627], [-82.89, 42.39584], [-82.89014, 42.39556], [-82.89028, 42.39531], [-82.89056, 42.39483], [-82.89074, 42.39452], [-82.89091, 42.39425], [-82.89109, 42.39398], [-82.89127, 42.39369], [-82.89143, 42.39345], [-82.89156, 42.39319], [-82.89158, 42.39317], [-82.89176, 42.39291], [-82.89186, 42.39276], [-82.8919, 42.3927], [-82.89194, 42.39266], [-82.89213, 42.39241], [-82.89233, 42.39214], [-82.89235, 42.39212], [-82.89264, 42.39172], [-82.89299, 42.39123], [-82.89312, 42.39105], [-82.89317, 42.39099], [-82.89322, 42.39089], [-82.89326, 42.39085], [-82.89328, 42.39081], [-82.89336, 42.3907], [-82.89348, 42.39056], [-82.89364, 42.39037], [-82.89383, 42.39016], [-82.89381, 42.39009]]}}, {"type": "Feature", "properties": {"name": "Lake Shore Road", "highway": "secondary", "length_m": 1130.8}, "geometry": {"type": "LineString", "coordinates": [[-82.89381, 42.39009], [-82.89371, 42.39011], [-82.89356, 42.39023], [-82.89338, 42.39042], [-82.89318, 42.39066], [-82.89307, 42.39081], [-82.89284, 42.39115], [-82.89248, 42.39164], [-82.89219, 42.39204], [-82.89175, 42.39264], [-82.89156, 42.3929], [-82.89141, 42.39313], [-82.89111, 42.39361], [-82.89074, 42.3942], [-82.89022, 42.39505], [-82.89011, 42.39525], [-82.88995, 42.39554], [-82.88983, 42.39577], [-82.88966, 42.39611], [-82.88949, 42.39651], [-82.88921, 42.39721], [-82.88897, 42.39783], [-82.88839, 42.39934]]}}, {"type": "Feature", "properties": {"name": "Kercheval Avenue", "highway": "tertiary", "length_m": 688.6}, "geometry": {"type": "LineString", "coordinates": [[-82.91352, 42.3911], [-82.91254, 42.39145], [-82.91132, 42.39189], [-82.91115, 42.39195], [-82.9102, 42.39229], [-82.90871, 42.39282], [-82.90856, 42.39287], [-82.90831, 42.39296], [-82.90728, 42.39333], [-82.90624, 42.3937], [-82.90599, 42.39379]]}}, {"type": "Feature", "properties": {"name": "East Jefferson Avenue", "highway": "secondary", "length_m": 594.6}, "geometry": {"type": "LineString", "coordinates": [[-82.90765, 42.38399], [-82.90678, 42.38434], [-82.90668, 42.38438], [-82.90643, 42.38448], [-82.90597, 42.38467], [-82.9058, 42.38474], [-82.90537, 42.38492], [-82.90472, 42.38518], [-82.90455, 42.38525], [-82.90392, 42.38551], [-82.9037, 42.3856], [-82.90311, 42.38584], [-82.90252, 42.38608], [-82.90185, 42.38635], [-82.90172, 42.3864], [-82.90133, 42.38656]]}}, {"type": "Feature", "properties": {"name": "Grosse Pointe Boulevard", "highway": "residential", "length_m": 90.5}, "geometry": {"type": "LineString", "coordinates": [[-82.90256, 42.38956], [-82.90209, 42.38973], [-82.90162, 42.38989], [-82.90157, 42.38991]]}}, {"type": "Feature", "properties": {"name": "Grosse Pointe Boulevard", "highway": "residential", "length_m": 49.9}, "geometry": {"type": "LineString", "coordinates": [[-82.90309, 42.38935], [-82.90295, 42.38942], [-82.90256, 42.38956]]}}, {"type": "Feature", "properties": {"name": "Waterloo Street", "highway": "residential", "length_m": 1000.6}, "geometry": {"type": "LineString", "coordinates": [[-82.91811, 42.39168], [-82.91805, 42.39171], [-82.91729, 42.39198], [-82.91695, 42.39209], [-82.91684, 42.39213], [-82.91671, 42.39217], [-82.91578, 42.39251], [-82.91505, 42.39277], [-82.91373, 42.39325], [-82.91251, 42.39369], [-82.91139, 42.39409], [-82.90974, 42.39468], [-82.90847, 42.39514], [-82.90718, 42.3956]]}}, {"type": "Feature", "properties": {"name": "Grosse Pointe Boulevard", "highway": "residential", "length_m": 274.3}, "geometry": {"type": "LineString", "coordinates": [[-82.90053, 42.39027], [-82.90036, 42.39033], [-82.90001, 42.3905], [-82.89967, 42.39066], [-82.89964, 42.39068], [-82.89959, 42.3907], [-82.89907, 42.391], [-82.89871, 42.39126], [-82.89867, 42.39129], [-82.89862, 42.39133], [-82.89852, 42.39143], [-82.89814, 42.3918], [-82.89807, 42.39189]]}}, {"type": "Feature", "properties": {"name": "Berkshire Lane", "highway": "residential", "length_m": 146.0}, "geometry": {"type": "LineString", "coordinates": [[-82.89993, 42.38716], [-82.89978, 42.3869], [-82.89956, 42.38658], [-82.89944, 42.3864], [-82.89939, 42.38633], [-82.89915, 42.38598]]}}, {"type": "Feature", "properties": {"name": "Berkshire Place", "highway": "residential", "length_m": 108.0}, "geometry": {"type": "LineString", "coordinates": [[-82.89921, 42.38747], [-82.89917, 42.38743], [-82.899, 42.3873], [-82.89831, 42.38676]]}}, {"type": "Feature", "properties": {"name": "", "highway": "residential", "length_m": 130.8}, "geometry": {"type": "LineString", "coordinates": [[-82.89831, 42.38676], [-82.89769, 42.38636], [-82.89732, 42.38608], [-82.89728, 42.38607], [-82.89722, 42.38608], [-82.89714, 42.38616]]}}, {"type": "Feature", "properties": {"name": "Rose Terrace Street", "highway": "residential", "length_m": 76.1}, "geometry": {"type": "LineString", "coordinates": [[-82.90039, 42.38657], [-82.90057, 42.38677], [-82.9007, 42.38683], [-82.90066, 42.38673], [-82.90048, 42.38654]]}}, {"type": "Feature", "properties": {"name": "Carmel Lane", "highway": "residential", "length_m": 15.5}, "geometry": {"type": "LineString", "coordinates": [[-82.88788, 42.40167], [-82.8877, 42.40166]]}}, {"type": "Feature", "properties": {"name": "Ashley Street", "highway": "residential", "length_m": 581.9}, "geometry": {"type": "LineString", "coordinates": [[-82.9121, 42.41341], [-82.91223, 42.41345], [-82.91234, 42.41349], [-82.91239, 42.41351], [-82.91279, 42.41367], [-82.91458, 42.4144], [-82.91517, 42.41464], [-82.91731, 42.41551], [-82.9183, 42.41591]]}}, {"type": "Feature", "properties": {"name": "Reno Lane", "highway": "residential", "length_m": 108.0}, "geometry": {"type": "LineString", "coordinates": [[-82.8928, 42.40646], [-82.89257, 42.40677], [-82.89233, 42.4071], [-82.89222, 42.40724], [-82.89217, 42.40731]]}}, {"type": "Feature", "properties": {"name": "Oldbrook Lane", "highway": "residential", "length_m": 175.3}, "geometry": {"type": "LineString", "coordinates": [[-82.88816, 42.4067], [-82.8884, 42.4068], [-82.88898, 42.40701], [-82.89007, 42.4074]]}}, {"type": "Feature", "properties": {"name": "Orchard Lane", "highway": "residential", "length_m": 59.2}, "geometry": {"type": "LineString", "coordinates": [[-82.8937, 42.39723], [-82.89335, 42.3977]]}}, {"type": "Feature", "properties": {"name": "Moran Road", "highway": "residential", "length_m": 1356.8}, "geometry": {"type": "LineString", "coordinates": [[-82.88983, 42.39577], [-82.89, 42.39584], [-82.89005, 42.39586], [-82.89044, 42.39601], [-82.89162, 42.39649], [-82.89241, 42.39682], [-82.89249, 42.39685], [-82.89261, 42.3969], [-82.89279, 42.39694], [-82.89309, 42.39702], [-82.89316, 42.39704], [-82.89328, 42.39707], [-82.89347, 42.39714], [-82.8937, 42.39723], [-82.89477, 42.39767], [-82.89599, 42.39815], [-82.89933, 42.39955], [-82.90184, 42.4006], [-82.90322, 42.40116], [-82.90428, 42.4016]]}}, {"type": "Feature", "properties": {"name": "Waverly Lane", "highway": "residential", "length_m": 271.0}, "geometry": {"type": "LineString", "coordinates": [[-82.88667, 42.41157], [-82.88764, 42.41192], [-82.88952, 42.41278]]}}, {"type": "Feature", "properties": {"name": "Vincennes Place", "highway": "residential", "length_m": 164.7}, "geometry": {"type": "LineString", "coordinates": [[-82.89973, 42.4076], [-82.89962, 42.40775], [-82.89952, 42.40787], [-82.89939, 42.40801], [-82.89921, 42.4082], [-82.89917, 42.40823], [-82.89897, 42.40846], [-82.89888, 42.40858], [-82.89867, 42.40886]]}}, {"type": "Feature", "properties": {"name": "Williams Avenue", "highway": "residential", "length_m": 109.3}, "geometry": {"type": "LineString", "coordinates": [[-82.90339, 42.41298], [-82.90276, 42.41385]]}}, {"type": "Feature", "properties": {"name": "Williams Avenue", "highway": "residential", "length_m": 649.6}, "geometry": {"type": "LineString", "coordinates": [[-82.90815, 42.40605], [-82.90754, 42.40687], [-82.90668, 42.40803], [-82.90601, 42.40893], [-82.90563, 42.40944], [-82.90503, 42.41025], [-82.90435, 42.41117]]}}, {"type": "Feature", "properties": {"name": "Williams Avenue", "highway": "residential", "length_m": 363.1}, "geometry": {"type": "LineString", "coordinates": [[-82.9122, 42.40329], [-82.91121, 42.40361], [-82.91033, 42.40392], [-82.91024, 42.40398], [-82.90971, 42.40474], [-82.90919, 42.40544]]}}, {"type": "Feature", "properties": {"name": "Grosse Pointe Boulevard", "highway": "residential", "length_m": 99.4}, "geometry": {"type": "LineString", "coordinates": [[-82.89285, 42.40113], [-82.89282, 42.40119], [-82.89255, 42.40168], [-82.8924, 42.40196]]}}, {"type": "Feature", "properties": {"name": "Tonnancour Place", "highway": "residential", "length_m": 45.5}, "geometry": {"type": "LineString", "coordinates": [[-82.88909, 42.41163], [-82.88921, 42.41147], [-82.88936, 42.41128]]}}, {"type": "Feature", "properties": {"name": "Winthrop Place", "highway": "residential", "length_m": 151.7}, "geometry": {"type": "LineString", "coordinates": [[-82.88822, 42.40037], [-82.8885, 42.40042], [-82.88864, 42.40046], [-82.88987, 42.40097]]}}, {"type": "Feature", "properties": {"name": "Irvine Lane", "highway": "residential", "length_m": 258.1}, "geometry": {"type": "LineString", "coordinates": [[-82.88977, 42.41245], [-82.89191, 42.41334], [-82.89216, 42.41344], [-82.89231, 42.4135], [-82.89233, 42.4135], [-82.89253, 42.41353]]}}, {"type": "Feature", "properties": {"name": "Severn Road", "highway": "residential", "length_m": 749.6}, "geometry": {"type": "LineString", "coordinates": [[-82.9098, 42.42392], [-82.90994, 42.42393], [-82.91008, 42.42394], [-82.91044, 42.42395], [-82.91061, 42.42396], [-82.91075, 42.42397], [-82.91092, 42.424], [-82.91119, 42.42405], [-82.91134, 42.42409], [-82.9115, 42.42413], [-82.91175, 42.42422], [-82.9119, 42.42428], [-82.91204, 42.42435], [-82.91254, 42.42462], [-82.91274, 42.42473], [-82.91312, 42.42491], [-82.91354, 42.42511], [-82.91413, 42.42536], [-82.91462, 42.42555], [-82.91506, 42.42571], [-82.91589, 42.426], [-82.91661, 42.42627], [-82.91687, 42.42638], [-82.91715, 42.42651], [-82.9175, 42.42668], [-82.91779, 42.42682], [-82.91787, 42.42685]]}}, {"type": "Feature", "properties": {"name": "Piche Street", "highway": "residential", "length_m": 323.8}, "geometry": {"type": "LineString", "coordinates": [[-82.90665, 42.41211], [-82.90603, 42.41295], [-82.9054, 42.4138], [-82.90476, 42.41466]]}}, {"type": "Feature", "properties": {"name": "Goethe Street", "highway": "residential", "length_m": 536.4}, "geometry": {"type": "LineString", "coordinates": [[-82.91597, 42.39797], [-82.91544, 42.39816], [-82.91432, 42.39856], [-82.91268, 42.39915], [-82.9114, 42.39961], [-82.91011, 42.40007]]}}, {"type": "Feature", "properties": {"name": "Public Drive", "highway": "residential", "length_m": 322.2}, "geometry": {"type": "LineString", "coordinates": [[-82.91087, 42.41386], [-82.91085, 42.4139], [-82.91079, 42.41402], [-82.91023, 42.41523], [-82.91019, 42.4153], [-82.91011, 42.41545], [-82.91003, 42.4156], [-82.90995, 42.41573], [-82.90987, 42.41588], [-82.90969, 42.41616], [-82.90951, 42.41641], [-82.90942, 42.41654]]}}, {"type": "Feature", "properties": {"name": "Lothrop Road", "highway": "residential", "length_m": 670.5}, "geometry": {"type": "LineString", "coordinates": [[-82.90278, 42.40389], [-82.90579, 42.40511], [-82.9081, 42.40603], [-82.90815, 42.40605], [-82.90854, 42.40621], [-82.90862, 42.40624], [-82.90892, 42.40637], [-82.90993, 42.40677]]}}, {"type": "Feature", "properties": {"name": "Lothrop Road", "highway": "residential", "length_m": 768.0}, "geometry": {"type": "LineString", "coordinates": [[-82.89353, 42.39991], [-82.89777, 42.40165], [-82.90029, 42.40268], [-82.90168, 42.40325]]}}, {"type": "Feature", "properties": {"name": "Lothrop Road", "highway": "residential", "length_m": 229.5}, "geometry": {"type": "LineString", "coordinates": [[-82.91, 42.40662], [-82.91191, 42.4074], [-82.91199, 42.40742], [-82.91206, 42.40743], [-82.91214, 42.40743], [-82.91247, 42.40732]]}}, {"type": "Feature", "properties": {"name": "Whitcomb Drive", "highway": "residential", "length_m": 295.4}, "geometry": {"type": "LineString", "coordinates": [[-82.88618, 42.40846], [-82.88802, 42.4092], [-82.88933, 42.40973]]}}, {"type": "Feature", "properties": {"name": "Broadstone Road", "highway": "residential", "length_m": 687.7}, "geometry": {"type": "LineString", "coordinates": [[-82.90981, 42.42495], [-82.90994, 42.42501], [-82.91048, 42.42505], [-82.91078, 42.42509], [-82.91101, 42.42513], [-82.91137, 42.42522], [-82.91152, 42.42528], [-82.91175, 42.42537], [-82.91202, 42.42552], [-82.91249, 42.42578], [-82.9129, 42.42597], [-82.91363, 42.42628], [-82.91407, 42.42645], [-82.91525, 42.42686], [-82.91563, 42.42701], [-82.91601, 42.42716], [-82.9164, 42.42733], [-82.91684, 42.42753], [-82.9172, 42.42769]]}}, {"type": "Feature", "properties": {"name": "Scherer Place", "highway": "residential", "length_m": 50.1}, "geometry": {"type": "LineString", "coordinates": [[-82.89261, 42.3969], [-82.89254, 42.39702], [-82.89234, 42.3973]]}}, {"type": "Feature", "properties": {"name": "Mapleton Road", "highway": "residential", "length_m": 470.0}, "geometry": {"type": "LineString", "coordinates": [[-82.89633, 42.39483], [-82.90123, 42.39683], [-82.90133, 42.39687]]}}, {"type": "Feature", "properties": {"name": "Windward Place", "highway": "residential", "length_m": 242.6}, "geometry": {"type": "LineString", "coordinates": [[-82.8895, 42.39697], [-82.8904, 42.39725], [-82.89065, 42.39736], [-82.89074, 42.3974], [-82.89088, 42.39748], [-82.89096, 42.39752], [-82.89192, 42.39791], [-82.8921, 42.39799]]}}, {"type": "Feature", "properties": {"name": "260-270 Road", "highway": "residential", "length_m": 52.4}, "geometry": {"type": "LineString", "coordinates": [[-82.90349, 42.40524], [-82.90319, 42.40566]]}}, {"type": "Feature", "properties": {"name": "Shelbourne Road", "highway": "residential", "length_m": 364.2}, "geometry": {"type": "LineString", "coordinates": [[-82.90744, 42.42358], [-82.90731, 42.42402], [-82.9073, 42.42407], [-82.9073, 42.42412], [-82.90731, 42.42417], [-82.90733, 42.42422], [-82.90753, 42.42458], [-82.90777, 42.42502], [-82.90783, 42.4251], [-82.90792, 42.42516], [-82.90812, 42.42525], [-82.90929, 42.42573], [-82.90937, 42.42575], [-82.90943, 42.42576], [-82.90955, 42.42577], [-82.9097, 42.42578], [-82.90984, 42.42579]]}}, {"type": "Feature", "properties": {"name": "Lewiston Road", "highway": "residential", "length_m": 1127.6}, "geometry": {"type": "LineString", "coordinates": [[-82.89591, 42.3956], [-82.89664, 42.3959], [-82.9008, 42.39759], [-82.90282, 42.39841], [-82.90332, 42.39861], [-82.90576, 42.39962], [-82.90606, 42.39978], [-82.90634, 42.39995], [-82.90654, 42.40006], [-82.90674, 42.40015], [-82.90696, 42.40024], [-82.9071, 42.40028], [-82.90724, 42.40032], [-82.9075, 42.40038], [-82.90757, 42.40038], [-82.90766, 42.40038], [-82.90772, 42.40037], [-82.90779, 42.40036], [-82.90789, 42.40033]]}}, {"type": "Feature", "properties": {"name": "Kenwood Court", "highway": "residential", "length_m": 467.0}, "geometry": {"type": "LineString", "coordinates": [[-82.90322, 42.40116], [-82.90378, 42.4004], [-82.90382, 42.40036], [-82.90384, 42.40033], [-82.9039, 42.40029], [-82.90396, 42.40026], [-82.90406, 42.40023], [-82.90416, 42.40023], [-82.90424, 42.40024], [-82.9043, 42.40026], [-82.90466, 42.40042], [-82.90502, 42.4006], [-82.90595, 42.40104], [-82.90651, 42.40128], [-82.90704, 42.40149], [-82.90746, 42.40165], [-82.90754, 42.40169], [-82.90762, 42.40174]]}}, {"type": "Feature", "properties": {"name": "Voltaire Place", "highway": "residential", "length_m": 246.7}, "geometry": {"type": "LineString", "coordinates": [[-82.89811, 42.40694], [-82.89817, 42.40701], [-82.89821, 42.40707], [-82.89825, 42.40715], [-82.89827, 42.40725], [-82.89826, 42.40745], [-82.89824, 42.40752], [-82.89823, 42.40754], [-82.89822, 42.40757], [-82.89818, 42.40763], [-82.89803, 42.4078], [-82.89797, 42.40785], [-82.89791, 42.40789], [-82.89787, 42.40791], [-82.89778, 42.40796], [-82.89763, 42.40802], [-82.89756, 42.40803], [-82.8974, 42.40804], [-82.89732, 42.40804], [-82.89725, 42.40804], [-82.89715, 42.40803], [-82.89701, 42.40799], [-82.89684, 42.40793], [-82.89677, 42.4079], [-82.89647, 42.40778]]}}, {"type": "Feature", "properties": {"name": "Country Club Drive", "highway": "residential", "length_m": 333.7}, "geometry": {"type": "LineString", "coordinates": [[-82.89049, 42.41147], [-82.89101, 42.41168], [-82.89129, 42.4118], [-82.89138, 42.41183], [-82.89162, 42.41193], [-82.8917, 42.41196], [-82.89193, 42.41206], [-82.89199, 42.41208], [-82.89223, 42.41218], [-82.89355, 42.41272], [-82.8939, 42.41286], [-82.89395, 42.41287], [-82.89401, 42.41288], [-82.89406, 42.41288]]}}, {"type": "Feature", "properties": {"name": "280-290 Road", "highway": "residential", "length_m": 52.4}, "geometry": {"type": "LineString", "coordinates": [[-82.90435, 42.40559], [-82.90403, 42.406]]}}, {"type": "Feature", "properties": {"name": "Kercheval Avenue", "highway": "tertiary", "length_m": 1368.8}, "geometry": {"type": "LineString", "coordinates": [[-82.90001, 42.39863], [-82.89993, 42.39875], [-82.89941, 42.39944], [-82.89933, 42.39955], [-82.8987, 42.4004], [-82.89862, 42.40051], [-82.89853, 42.40063], [-82.89777, 42.40165], [-82.89702, 42.40267], [-82.89693, 42.4028], [-82.89687, 42.40287], [-82.89624, 42.40373], [-82.89617, 42.40383], [-82.89547, 42.40477], [-82.8954, 42.40487], [-82.89484, 42.40561], [-82.89396, 42.4068], [-82.89388, 42.4069], [-82.89326, 42.40774], [-82.89264, 42.40858], [-82.89202, 42.40942]]}}, {"type": "Feature", "properties": {"name": "Prestwick Road", "highway": "residential", "length_m": 792.5}, "geometry": {"type": "LineString", "coordinates": [[-82.91853, 42.426], [-82.9165, 42.42517], [-82.91585, 42.4249], [-82.9142, 42.42423], [-82.91083, 42.42285], [-82.91077, 42.42283], [-82.9107, 42.4228], [-82.91064, 42.42279], [-82.91031, 42.42277], [-82.9102, 42.42276], [-82.91005, 42.42269]]}}, {"type": "Feature", "properties": {"name": "Willow Lane", "highway": "residential", "length_m": 42.7}, "geometry": {"type": "LineString", "coordinates": [[-82.88751, 42.41468], [-82.88797, 42.41487]]}}, {"type": "Feature", "properties": {"name": "Preston Place", "highway": "residential", "length_m": 84.3}, "geometry": {"type": "LineString", "coordinates": [[-82.88584, 42.4156], [-82.88534, 42.41626]]}}, {"type": "Feature", "properties": {"name": "Preston Place", "highway": "residential", "length_m": 176.3}, "geometry": {"type": "LineString", "coordinates": [[-82.88517, 42.41533], [-82.88548, 42.41544], [-82.88584, 42.4156], [-82.8861, 42.4157], [-82.88644, 42.41584], [-82.88704, 42.41609]]}}, {"type": "Feature", "properties": {"name": "Beacon Hill Street", "highway": "residential", "length_m": 53.0}, "geometry": {"type": "LineString", "coordinates": [[-82.88941, 42.40576], [-82.88912, 42.40618]]}}, {"type": "Feature", "properties": {"name": "Stephens Court", "highway": "residential", "length_m": 42.5}, "geometry": {"type": "LineString", "coordinates": [[-82.9018, 42.40456], [-82.90155, 42.40489]]}}, {"type": "Feature", "properties": {"name": "De Petrie Way", "highway": "residential", "length_m": 105.0}, "geometry": {"type": "LineString", "coordinates": [[-82.89337, 42.40019], [-82.89254, 42.39985], [-82.89226, 42.39973]]}}, {"type": "Feature", "properties": {"name": "Carver Street", "highway": "residential", "length_m": 107.9}, "geometry": {"type": "LineString", "coordinates": [[-82.88863, 42.40805], [-82.88818, 42.40867], [-82.88817, 42.4087], [-82.88817, 42.40874], [-82.88798, 42.40888]]}}, {"type": "Feature", "properties": {"name": "Hillcrest Lane", "highway": "residential", "length_m": 183.6}, "geometry": {"type": "LineString", "coordinates": [[-82.89264, 42.40858], [-82.89371, 42.40901], [-82.89383, 42.40904], [-82.89398, 42.40906], [-82.89411, 42.40908], [-82.89418, 42.4091], [-82.89463, 42.40929]]}}, {"type": "Feature", "properties": {"name": "Moross Place", "highway": "residential", "length_m": 109.2}, "geometry": {"type": "LineString", "coordinates": [[-82.89886, 42.41113], [-82.89823, 42.41199]]}}, {"type": "Feature", "properties": {"name": "Beacon Hill Road", "highway": "residential", "length_m": 305.5}, "geometry": {"type": "LineString", "coordinates": [[-82.88703, 42.40544], [-82.8874, 42.40552], [-82.88761, 42.40558], [-82.88794, 42.4057], [-82.88822, 42.40581], [-82.88912, 42.40618], [-82.88963, 42.4064], [-82.88978, 42.40646], [-82.88999, 42.40653], [-82.89036, 42.40663]]}}, {"type": "Feature", "properties": {"name": "Roland Court", "highway": "residential", "length_m": 113.4}, "geometry": {"type": "LineString", "coordinates": [[-82.90638, 42.42031], [-82.90698, 42.41939]]}}, {"type": "Feature", "properties": {"name": "Ridgemont Road", "highway": "residential", "length_m": 1330.2}, "geometry": {"type": "LineString", "coordinates": [[-82.89326, 42.40774], [-82.89761, 42.40952], [-82.90142, 42.41107], [-82.90603, 42.41295], [-82.9074, 42.41351]]}}, {"type": "Feature", "properties": {"name": "Cloverly Road", "highway": "residential", "length_m": 685.0}, "geometry": {"type": "LineString", "coordinates": [[-82.89953, 42.40513], [-82.89946, 42.40507], [-82.89942, 42.40503], [-82.89936, 42.40499], [-82.89932, 42.40497], [-82.89875, 42.40474], [-82.89867, 42.40472], [-82.89624, 42.40373], [-82.8924, 42.40217], [-82.89228, 42.40218]]}}, {"type": "Feature", "properties": {"name": "Cloverly Road", "highway": "residential", "length_m": 412.0}, "geometry": {"type": "LineString", "coordinates": [[-82.90901, 42.409], [-82.91104, 42.40984], [-82.91212, 42.41029], [-82.91268, 42.41052], [-82.91279, 42.41057], [-82.91309, 42.41069], [-82.9132, 42.41074], [-82.9133, 42.41076], [-82.91339, 42.41078]]}}, {"type": "Feature", "properties": {"name": "Cloverly Road", "highway": "residential", "length_m": 673.8}, "geometry": {"type": "LineString", "coordinates": [[-82.90668, 42.40803], [-82.9057, 42.40764], [-82.90537, 42.40752], [-82.90478, 42.40734], [-82.90459, 42.40727], [-82.90431, 42.40716], [-82.904, 42.40705], [-82.90351, 42.4068], [-82.90317, 42.40665], [-82.90283, 42.40649], [-82.90257, 42.40631], [-82.90233, 42.40618], [-82.90182, 42.40597], [-82.90121, 42.40573], [-82.90055, 42.40547], [-82.90032, 42.40539], [-82.89953, 42.40513]]}}, {"type": "Feature", "properties": {"name": "Kerby Court", "highway": "residential", "length_m": 49.5}, "geometry": {"type": "LineString", "coordinates": [[-82.8899, 42.40477], [-82.8898, 42.40488], [-82.88961, 42.40516]]}}, {"type": "Feature", "properties": {"name": "Manor Street", "highway": "residential", "length_m": 409.8}, "geometry": {"type": "LineString", "coordinates": [[-82.90934, 42.40814], [-82.91161, 42.40908], [-82.91306, 42.40969], [-82.91347, 42.40986], [-82.91359, 42.40991], [-82.91364, 42.40992], [-82.91369, 42.40993]]}}, {"type": "Feature", "properties": {"name": "Beacon Hill Avenue", "highway": "residential", "length_m": 51.4}, "geometry": {"type": "LineString", "coordinates": [[-82.8885, 42.40539], [-82.88822, 42.40581]]}}, {"type": "Feature", "properties": {"name": "Tonnancour Place", "highway": "residential", "length_m": 438.1}, "geometry": {"type": "LineString", "coordinates": [[-82.88565, 42.40994], [-82.88695, 42.41045], [-82.88711, 42.41052], [-82.8872, 42.41058], [-82.88728, 42.41065], [-82.88733, 42.4107], [-82.88741, 42.4108], [-82.88748, 42.41088], [-82.88756, 42.41096], [-82.88764, 42.41102], [-82.88773, 42.41108], [-82.88785, 42.41114], [-82.88797, 42.4112], [-82.88815, 42.41126], [-82.88845, 42.41138], [-82.88909, 42.41163], [-82.89008, 42.41203]]}}, {"type": "Feature", "properties": {"name": "Lakeview Avenue", "highway": "residential", "length_m": 14.6}, "geometry": {"type": "LineString", "coordinates": [[-82.89016, 42.40966], [-82.89016, 42.40967], [-82.89019, 42.40969], [-82.89029, 42.40974]]}}, {"type": "Feature", "properties": {"name": "Westwind Lane", "highway": "residential", "length_m": 141.0}, "geometry": {"type": "LineString", "coordinates": [[-82.89228, 42.39886], [-82.89377, 42.39948]]}}, {"type": "Feature", "properties": {"name": "Beaupre Avenue", "highway": "residential", "length_m": 289.3}, "geometry": {"type": "LineString", "coordinates": [[-82.91011, 42.40007], [-82.90913, 42.40042], [-82.90862, 42.40061], [-82.90853, 42.40064], [-82.90846, 42.40069], [-82.90829, 42.40079], [-82.90824, 42.40084], [-82.90817, 42.40096], [-82.90762, 42.40174]]}}, {"type": "Feature", "properties": {"name": "Beaupre Avenue", "highway": "residential", "length_m": 1389.9}, "geometry": {"type": "LineString", "coordinates": [[-82.90762, 42.40174], [-82.90766, 42.40178], [-82.9077, 42.40183], [-82.90774, 42.40188], [-82.90776, 42.40193], [-82.90778, 42.402], [-82.9078, 42.4021], [-82.90779, 42.40217], [-82.90779, 42.40224], [-82.90775, 42.40235], [-82.9077, 42.40244], [-82.90739, 42.40287], [-82.90687, 42.40359], [-82.90636, 42.40431], [-82.90579, 42.40511], [-82.90522, 42.40594], [-82.90431, 42.40716], [-82.90365, 42.40806], [-82.90337, 42.40843], [-82.90272, 42.40931], [-82.90204, 42.41023], [-82.90142, 42.41107], [-82.90105, 42.41158], [-82.9008, 42.41192], [-82.90017, 42.41278]]}}, {"type": "Feature", "properties": {"name": "McMillan Road", "highway": "residential", "length_m": 111.2}, "geometry": {"type": "LineString", "coordinates": [[-82.90406, 42.39449], [-82.90413, 42.39456], [-82.90435, 42.39491], [-82.90465, 42.39538]]}}, {"type": "Feature", "properties": {"name": "McMillan Road", "highway": "residential", "length_m": 73.6}, "geometry": {"type": "LineString", "coordinates": [[-82.90481, 42.39566], [-82.90487, 42.39568], [-82.90491, 42.39568], [-82.90497, 42.39567], [-82.90502, 42.39565], [-82.90504, 42.39561], [-82.90503, 42.39557], [-82.9049, 42.39537], [-82.90487, 42.39535], [-82.90482, 42.39535], [-82.90473, 42.39536], [-82.90465, 42.39538]]}}, {"type": "Feature", "properties": {"name": "Earl Court", "highway": "residential", "length_m": 68.0}, "geometry": {"type": "LineString", "coordinates": [[-82.89414, 42.4099], [-82.89387, 42.40979], [-82.89384, 42.40979], [-82.8938, 42.40979], [-82.89378, 42.40981], [-82.89377, 42.40983], [-82.89369, 42.41011]]}}, {"type": "Feature", "properties": {"name": "Lannoo Drive", "highway": "residential", "length_m": 12.9}, "geometry": {"type": "LineString", "coordinates": [[-82.91117, 42.41511], [-82.91131, 42.41515]]}}, {"type": "Feature", "properties": {"name": "Madison Street", "highway": "residential", "length_m": 355.6}, "geometry": {"type": "LineString", "coordinates": [[-82.90967, 42.40732], [-82.91217, 42.40835], [-82.91312, 42.40874], [-82.91346, 42.40885]]}}, {"type": "Feature", "properties": {"name": "Kenwood Road", "highway": "residential", "length_m": 555.6}, "geometry": {"type": "LineString", "coordinates": [[-82.89532, 42.39667], [-82.89946, 42.39842], [-82.8998, 42.39856], [-82.90001, 42.39863], [-82.90019, 42.39869], [-82.90121, 42.3991]]}}, {"type": "Feature", "properties": {"name": "Harbor Court", "highway": "residential", "length_m": 42.2}, "geometry": {"type": "LineString", "coordinates": [[-82.88777, 42.4077], [-82.88753, 42.40804]]}}, {"type": "Feature", "properties": {"name": "Champine Place", "highway": "residential", "length_m": 166.9}, "geometry": {"type": "LineString", "coordinates": [[-82.90612, 42.41768], [-82.9064, 42.41773], [-82.90663, 42.41779], [-82.90683, 42.41787], [-82.90707, 42.41797], [-82.90724, 42.41805], [-82.90745, 42.41817], [-82.90763, 42.4183], [-82.90782, 42.41845]]}}, {"type": "Feature", "properties": {"name": "Ridge Road", "highway": "residential", "length_m": 320.6}, "geometry": {"type": "LineString", "coordinates": [[-82.89823, 42.40868], [-82.89761, 42.40952], [-82.897, 42.41036], [-82.89638, 42.41121]]}}, {"type": "Feature", "properties": {"name": "Ridge Road", "highway": "residential", "length_m": 1665.5}, "geometry": {"type": "LineString", "coordinates": [[-82.90718, 42.3956], [-82.90622, 42.39595], [-82.90526, 42.3963], [-82.90503, 42.39638], [-82.90495, 42.39647], [-82.90425, 42.39738], [-82.90422, 42.39743], [-82.90421, 42.39744], [-82.90403, 42.39768], [-82.90332, 42.39861], [-82.90257, 42.39962], [-82.90249, 42.39973], [-82.90219, 42.40013], [-82.90184, 42.4006], [-82.90113, 42.40155], [-82.90029, 42.40268], [-82.89958, 42.40361], [-82.89944, 42.40381], [-82.8994, 42.40386], [-82.89875, 42.40474], [-82.89867, 42.40485], [-82.89796, 42.4058], [-82.89734, 42.40663], [-82.89647, 42.40778], [-82.89637, 42.40792]]}}, {"type": "Feature", "properties": {"name": "Mary Street", "highway": "residential", "length_m": 97.3}, "geometry": {"type": "LineString", "coordinates": [[-82.89071, 42.40888], [-82.8902, 42.40958], [-82.89016, 42.40964], [-82.89016, 42.40966]]}}, {"type": "Feature", "properties": {"name": "South Prestwick Road", "highway": "residential", "length_m": 13.5}, "geometry": {"type": "LineString", "coordinates": [[-82.90991, 42.42263], [-82.91005, 42.42269]]}}, {"type": "Feature", "properties": {"name": "Windemere Place", "highway": "residential", "length_m": 383.3}, "geometry": {"type": "LineString", "coordinates": [[-82.88825, 42.41449], [-82.88815, 42.41445], [-82.88727, 42.41409], [-82.88721, 42.41405], [-82.88719, 42.41401], [-82.88715, 42.41392], [-82.88713, 42.41389], [-82.88708, 42.41384], [-82.88704, 42.41381], [-82.88664, 42.41363], [-82.88661, 42.4136], [-82.88659, 42.41357], [-82.88657, 42.41352], [-82.88656, 42.41338], [-82.88655, 42.41333], [-82.88651, 42.41326], [-82.88647, 42.41321], [-82.88644, 42.41319], [-82.8861, 42.41302], [-82.88605, 42.413], [-82.88598, 42.41299], [-82.88564, 42.41302], [-82.8856, 42.41301], [-82.88556, 42.41299], [-82.88554, 42.41297], [-82.88547, 42.41277], [-82.88546, 42.41275], [-82.88544, 42.41273], [-82.88517, 42.41263], [-82.88485, 42.41259]]}}, {"type": "Feature", "properties": {"name": "Windemere Place", "highway": "residential", "length_m": 79.1}, "geometry": {"type": "LineString", "coordinates": [[-82.88549, 42.41315], [-82.88541, 42.41325], [-82.88536, 42.41335], [-82.88537, 42.41339], [-82.88541, 42.41341], [-82.88545, 42.41342], [-82.88549, 42.41342], [-82.88554, 42.4134], [-82.88557, 42.41337], [-82.88559, 42.41334], [-82.8856, 42.41332], [-82.88562, 42.41329], [-82.88562, 42.41326], [-82.88561, 42.41321], [-82.88556, 42.41318], [-82.88549, 42.41315]]}}, {"type": "Feature", "properties": {"name": "Windemere Place", "highway": "residential", "length_m": 64.5}, "geometry": {"type": "LineString", "coordinates": [[-82.8861, 42.41302], [-82.88615, 42.41293], [-82.88614, 42.41289], [-82.88613, 42.41287], [-82.88611, 42.41286], [-82.88574, 42.4127], [-82.88571, 42.41262]]}}, {"type": "Feature", "properties": {"name": "Grosse Pointe Boulevard", "highway": "residential", "length_m": 758.7}, "geometry": {"type": "LineString", "coordinates": [[-82.8924, 42.40196], [-82.89228, 42.40218], [-82.89222, 42.40228], [-82.89197, 42.40273], [-82.89167, 42.40327], [-82.89141, 42.40391], [-82.8913, 42.40417], [-82.89117, 42.40448], [-82.89074, 42.40562], [-82.89036, 42.40663], [-82.89021, 42.40703], [-82.89007, 42.4074], [-82.88993, 42.40775], [-82.88986, 42.40796], [-82.88966, 42.40846]]}}, {"type": "Feature", "properties": {"name": "Opal Street", "highway": "residential", "length_m": 237.1}, "geometry": {"type": "LineString", "coordinates": [[-82.91307, 42.41101], [-82.91317, 42.41103], [-82.91326, 42.41105], [-82.91336, 42.41109], [-82.91354, 42.41117], [-82.9138, 42.41128], [-82.91448, 42.41155], [-82.91451, 42.41156], [-82.9147, 42.41164], [-82.91489, 42.41171], [-82.91495, 42.41174], [-82.91561, 42.412]]}}, {"type": "Feature", "properties": {"name": "La Salle Place", "highway": "residential", "length_m": 83.0}, "geometry": {"type": "LineString", "coordinates": [[-82.89278, 42.4056], [-82.89229, 42.40625]]}}, {"type": "Feature", "properties": {"name": "Stephens Road", "highway": "residential", "length_m": 760.3}, "geometry": {"type": "LineString", "coordinates": [[-82.8994, 42.40386], [-82.89956, 42.40396], [-82.89983, 42.40407], [-82.90054, 42.40436], [-82.90067, 42.40442], [-82.90075, 42.40442], [-82.90083, 42.40441], [-82.901, 42.40437], [-82.90114, 42.40435], [-82.90128, 42.40435], [-82.9014, 42.40438], [-82.9018, 42.40456], [-82.90253, 42.40484], [-82.90267, 42.4049], [-82.90349, 42.40524], [-82.90435, 42.40559], [-82.90522, 42.40594], [-82.90602, 42.40625], [-82.90675, 42.40655], [-82.90754, 42.40687]]}}, {"type": "Feature", "properties": {"name": "Stephens Road", "highway": "residential", "length_m": 619.0}, "geometry": {"type": "LineString", "coordinates": [[-82.89285, 42.40113], [-82.89295, 42.40116], [-82.89693, 42.4028], [-82.89944, 42.40381]]}}, {"type": "Feature", "properties": {"name": "Lake Shore Road", "highway": "secondary", "length_m": 2780.2}, "geometry": {"type": "LineString", "coordinates": [[-82.87619, 42.43542], [-82.87624, 42.43514], [-82.87635, 42.43463], [-82.87636, 42.43455], [-82.87646, 42.43404], [-82.87656, 42.43354], [-82.87658, 42.43348], [-82.87673, 42.43296], [-82.8768, 42.43273], [-82.87684, 42.43263], [-82.87689, 42.43251], [-82.8769, 42.43248], [-82.87714, 42.43191], [-82.87723, 42.4317], [-82.87734, 42.43149], [-82.87748, 42.43125], [-82.87774, 42.4308], [-82.87819, 42.43031], [-82.87833, 42.43015], [-82.87879, 42.42959], [-82.87885, 42.42952], [-82.8791, 42.42919], [-82.87927, 42.42889], [-82.87932, 42.42878], [-82.87936, 42.42868], [-82.87943, 42.42848], [-82.87947, 42.42832], [-82.87952, 42.42811], [-82.87953, 42.42809], [-82.8796, 42.42779], [-82.87969, 42.42741], [-82.87973, 42.42723], [-82.87975, 42.42715], [-82.87993, 42.42641], [-82.88004, 42.426], [-82.88023, 42.42523], [-82.88027, 42.4251], [-82.88034, 42.42482], [-82.88035, 42.42475], [-82.8805, 42.42414], [-82.88061, 42.42363], [-82.88071, 42.42322], [-82.88071, 42.4232], [-82.88074, 42.42307], [-82.88078, 42.42295], [-82.88096, 42.42236], [-82.88105, 42.42213], [-82.88109, 42.42202], [-82.88111, 42.42197], [-82.88121, 42.42173], [-82.88134, 42.42143], [-82.88138, 42.42132], [-82.88148, 42.42109], [-82.88151, 42.421], [-82.88161, 42.42078], [-82.88173, 42.42048], [-82.8818, 42.42033], [-82.88183, 42.42024], [-82.88186, 42.42016], [-82.8819, 42.42004], [-82.88203, 42.41959], [-82.88205, 42.41949], [-82.88212, 42.41908], [-82.88213, 42.41902], [-82.8822, 42.4186], [-82.88224, 42.41842], [-82.88226, 42.41835], [-82.88227, 42.41831], [-82.88236, 42.41803], [-82.88256, 42.41761], [-82.88268, 42.41739], [-82.88277, 42.4172], [-82.88294, 42.41685], [-82.88309, 42.41655], [-82.88333, 42.41608], [-82.88338, 42.41597], [-82.88344, 42.41586], [-82.88354, 42.41565], [-82.88389, 42.41496], [-82.88397, 42.4148], [-82.88437, 42.414], [-82.88447, 42.41379], [-82.88453, 42.41365], [-82.88458, 42.41351], [-82.88463, 42.41333], [-82.88485, 42.41259], [-82.88492, 42.41236], [-82.88517, 42.41149]]}}, {"type": "Feature", "properties": {"name": "Allard Avenue", "highway": "residential", "length_m": 239.8}, "geometry": {"type": "LineString", "coordinates": [[-82.90798, 42.4198], [-82.90799, 42.41976], [-82.90811, 42.41957], [-82.9082, 42.41947], [-82.9083, 42.41937], [-82.90845, 42.41925], [-82.9086, 42.41915], [-82.90877, 42.41905], [-82.9089, 42.41899], [-82.9091, 42.41891], [-82.90926, 42.41886], [-82.90941, 42.41882], [-82.90964, 42.4188], [-82.91016, 42.41884], [-82.91029, 42.41884]]}}, {"type": "Feature", "properties": {"name": "Touraine Court", "highway": "residential", "length_m": 129.5}, "geometry": {"type": "LineString", "coordinates": [[-82.90485, 42.40848], [-82.90446, 42.40902], [-82.90436, 42.40904], [-82.9043, 42.40906], [-82.90427, 42.40909], [-82.90426, 42.40913], [-82.90428, 42.40916], [-82.90433, 42.40919], [-82.90438, 42.4092], [-82.90443, 42.4092], [-82.90447, 42.40916], [-82.90449, 42.40912], [-82.90449, 42.40908], [-82.90446, 42.40902]]}}, {"type": "Feature", "properties": {"name": "Carrington Place", "highway": "residential", "length_m": 106.6}, "geometry": {"type": "LineString", "coordinates": [[-82.88794, 42.41292], [-82.88907, 42.41339]]}}, {"type": "Feature", "properties": {"name": "Lexington Road", "highway": "residential", "length_m": 349.5}, "geometry": {"type": "LineString", "coordinates": [[-82.90647, 42.42318], [-82.90744, 42.42358], [-82.90819, 42.42389], [-82.90824, 42.42392], [-82.90829, 42.42395], [-82.90836, 42.42401], [-82.90841, 42.42408], [-82.90856, 42.42436], [-82.90861, 42.42444], [-82.9087, 42.42453], [-82.9088, 42.4246], [-82.90891, 42.42465], [-82.90939, 42.42486], [-82.90946, 42.42488], [-82.90954, 42.42489], [-82.90966, 42.42492], [-82.90981, 42.42495]]}}, {"type": "Feature", "properties": {"name": "Lexington Road", "highway": "residential", "length_m": 361.5}, "geometry": {"type": "LineString", "coordinates": [[-82.9051, 42.42083], [-82.90543, 42.42093], [-82.90564, 42.42101], [-82.90691, 42.42154], [-82.90696, 42.42157], [-82.90698, 42.4216], [-82.907, 42.42163], [-82.907, 42.42168], [-82.90699, 42.42171], [-82.90674, 42.42206], [-82.90669, 42.42216], [-82.90665, 42.42226], [-82.90662, 42.42237], [-82.90651, 42.42304], [-82.90647, 42.42318]]}}, {"type": "Feature", "properties": {"name": "Roland Road", "highway": "residential", "length_m": 357.8}, "geometry": {"type": "LineString", "coordinates": [[-82.90689, 42.41936], [-82.90703, 42.41916], [-82.90712, 42.41905], [-82.90721, 42.41894], [-82.90732, 42.41884], [-82.90744, 42.41873], [-82.90758, 42.41862], [-82.9077, 42.41853], [-82.90782, 42.41845], [-82.90806, 42.41832], [-82.90831, 42.41819], [-82.90855, 42.4181], [-82.90903, 42.41796], [-82.90929, 42.41787], [-82.90985, 42.41791], [-82.91027, 42.41794], [-82.91041, 42.41795]]}}, {"type": "Feature", "properties": {"name": "Fair Acres Drive", "highway": "residential", "length_m": 225.0}, "geometry": {"type": "LineString", "coordinates": [[-82.88879, 42.4035], [-82.88937, 42.40375], [-82.89117, 42.40448]]}}, {"type": "Feature", "properties": {"name": "Fair Acres Drive", "highway": "residential", "length_m": 127.2}, "geometry": {"type": "LineString", "coordinates": [[-82.88862, 42.40475], [-82.88937, 42.40375]]}}, {"type": "Feature", "properties": {"name": "Littlestone Road", "highway": "residential", "length_m": 1293.5}, "geometry": {"type": "LineString", "coordinates": [[-82.92334, 42.4314], [-82.92264, 42.43111], [-82.92245, 42.43103], [-82.92048, 42.43024], [-82.91967, 42.42991], [-82.91758, 42.42905], [-82.91674, 42.4287], [-82.91663, 42.42865], [-82.91653, 42.42857], [-82.91648, 42.42853], [-82.91639, 42.42849], [-82.91436, 42.42766], [-82.91412, 42.42756], [-82.9138, 42.42743], [-82.91289, 42.42705], [-82.9123, 42.42678], [-82.91155, 42.42641], [-82.91141, 42.42635], [-82.91121, 42.42627], [-82.91101, 42.42621], [-82.91079, 42.42615], [-82.91039, 42.42609], [-82.91034, 42.42609], [-82.9098, 42.42605], [-82.90966, 42.42605], [-82.90953, 42.42605]]}}, {"type": "Feature", "properties": {"name": "Muir Road", "highway": "residential", "length_m": 373.6}, "geometry": {"type": "LineString", "coordinates": [[-82.90251, 42.39666], [-82.90312, 42.3969], [-82.90324, 42.39695], [-82.90345, 42.39704], [-82.90352, 42.39706], [-82.90357, 42.39709], [-82.90391, 42.39722], [-82.90397, 42.39725], [-82.90418, 42.39735], [-82.90425, 42.39738], [-82.90617, 42.39816], [-82.90633, 42.3982], [-82.90651, 42.3982]]}}, {"type": "Feature", "properties": {"name": "Baker Lane", "highway": "residential", "length_m": 162.6}, "geometry": {"type": "LineString", "coordinates": [[-82.8892, 42.39775], [-82.89093, 42.39845]]}}, {"type": "Feature", "properties": {"name": "Kerby Road", "highway": "residential", "length_m": 2302.0}, "geometry": {"type": "LineString", "coordinates": [[-82.88712, 42.4042], [-82.8873, 42.40424], [-82.88741, 42.40424], [-82.88862, 42.40475], [-82.88961, 42.40516], [-82.89074, 42.40562], [-82.89217, 42.4062], [-82.89229, 42.40625], [-82.8928, 42.40646], [-82.89337, 42.40669], [-82.89388, 42.4069], [-82.89525, 42.40746], [-82.89637, 42.40792], [-82.89713, 42.40823], [-82.89823, 42.40868], [-82.89867, 42.40886], [-82.89945, 42.40917], [-82.90079, 42.40972], [-82.90204, 42.41023], [-82.90435, 42.41117], [-82.90665, 42.41211], [-82.90761, 42.4125], [-82.90771, 42.41255], [-82.90782, 42.4126], [-82.90874, 42.41297], [-82.90899, 42.41307], [-82.90908, 42.41311], [-82.9095, 42.41328], [-82.91087, 42.41386], [-82.91148, 42.41409], [-82.9115, 42.4141], [-82.91161, 42.41414]]}}, {"type": "Feature", "properties": {"name": "Cambridge Road", "highway": "residential", "length_m": 192.2}, "geometry": {"type": "LineString", "coordinates": [[-82.89021, 42.40703], [-82.89123, 42.40745], [-82.89211, 42.40782], [-82.89213, 42.40784], [-82.89223, 42.40788]]}}, {"type": "Feature", "properties": {"name": "Hamilton Court", "highway": "residential", "length_m": 87.9}, "geometry": {"type": "LineString", "coordinates": [[-82.89999, 42.40844], [-82.9007, 42.40873], [-82.90092, 42.40883]]}}, {"type": "Feature", "properties": {"name": "Carmel Lane", "highway": "residential", "length_m": 259.5}, "geometry": {"type": "LineString", "coordinates": [[-82.88788, 42.40167], [-82.88798, 42.40167], [-82.89065, 42.40276]]}}, {"type": "Feature", "properties": {"name": "Belanger Street", "highway": "residential", "length_m": 806.9}, "geometry": {"type": "LineString", "coordinates": [[-82.90272, 42.40931], [-82.90503, 42.41025], [-82.90794, 42.41144], [-82.90807, 42.41149], [-82.90976, 42.41218], [-82.9113, 42.4128]]}}, {"type": "Feature", "properties": {"name": "Shelbourne", "highway": "residential", "length_m": 55.2}, "geometry": {"type": "LineString", "coordinates": [[-82.9069, 42.42477], [-82.90753, 42.42458]]}}, {"type": "Feature", "properties": {"name": "Lannoo Street", "highway": "residential", "length_m": 835.3}, "geometry": {"type": "LineString", "coordinates": [[-82.91131, 42.41515], [-82.91143, 42.41518], [-82.91153, 42.41521], [-82.91155, 42.41521], [-82.91173, 42.41528], [-82.91391, 42.41618], [-82.914, 42.41621], [-82.91568, 42.4169], [-82.91643, 42.4172], [-82.91873, 42.41814], [-82.92021, 42.41874]]}}, {"type": "Feature", "properties": {"name": "Mount Vernon Avenue", "highway": "residential", "length_m": 825.3}, "geometry": {"type": "LineString", "coordinates": [[-82.90322, 42.40303], [-82.90636, 42.40431], [-82.90919, 42.40544], [-82.91034, 42.40591], [-82.912, 42.4066]]}}, {"type": "Feature", "properties": {"name": "Windemere Lane", "highway": "residential", "length_m": 75.5}, "geometry": {"type": "LineString", "coordinates": [[-82.88659, 42.41357], [-82.88649, 42.4137], [-82.88648, 42.41371], [-82.88643, 42.41379], [-82.88643, 42.41382], [-82.88646, 42.41385], [-82.8865, 42.41387], [-82.88654, 42.41388], [-82.88657, 42.41388], [-82.8866, 42.41387], [-82.88663, 42.41386], [-82.88664, 42.41385], [-82.88666, 42.41383], [-82.88666, 42.41381], [-82.88665, 42.4138], [-82.88661, 42.41377], [-82.88648, 42.41371]]}}, {"type": "Feature", "properties": {"name": "Windemere Lane", "highway": "residential", "length_m": 77.5}, "geometry": {"type": "LineString", "coordinates": [[-82.88698, 42.41322], [-82.88707, 42.41326], [-82.88717, 42.4133], [-82.8872, 42.4133], [-82.88724, 42.4133], [-82.88728, 42.41329], [-82.88732, 42.41327], [-82.88732, 42.41324], [-82.88732, 42.41321], [-82.88729, 42.41318], [-82.88725, 42.41314], [-82.8872, 42.41312], [-82.88711, 42.41311], [-82.88707, 42.41312], [-82.88703, 42.41314], [-82.88699, 42.41317], [-82.88698, 42.41322]]}}, {"type": "Feature", "properties": {"name": "Hillcrest Drive", "highway": "residential", "length_m": 13.4}, "geometry": {"type": "LineString", "coordinates": [[-82.91081, 42.41599], [-82.91096, 42.41602]]}}, {"type": "Feature", "properties": {"name": "Chalfonte Avenue", "highway": "residential", "length_m": 387.2}, "geometry": {"type": "LineString", "coordinates": [[-82.91644, 42.40179], [-82.9149, 42.40235], [-82.91479, 42.40239], [-82.91466, 42.40243], [-82.91351, 42.40284], [-82.9122, 42.40329]]}}, {"type": "Feature", "properties": {"name": "Vendome Court", "highway": "residential", "length_m": 123.5}, "geometry": {"type": "LineString", "coordinates": [[-82.90054, 42.4077], [-82.90186, 42.40822]]}}, {"type": "Feature", "properties": {"name": "Hillcrest Avenue", "highway": "residential", "length_m": 1091.4}, "geometry": {"type": "LineString", "coordinates": [[-82.897, 42.41036], [-82.89886, 42.41113], [-82.9008, 42.41192], [-82.90339, 42.41298], [-82.9054, 42.4138], [-82.90709, 42.4145], [-82.90859, 42.41511]]}}, {"type": "Feature", "properties": {"name": "Beaupre Lane", "highway": "residential", "length_m": 159.2}, "geometry": {"type": "LineString", "coordinates": [[-82.89123, 42.40745], [-82.89158, 42.40698], [-82.89169, 42.40684], [-82.89217, 42.4062]]}}, {"type": "Feature", "properties": {"name": "Country Club Lane", "highway": "residential", "length_m": 260.4}, "geometry": {"type": "LineString", "coordinates": [[-82.89578, 42.41096], [-82.89521, 42.41174], [-82.89467, 42.41247], [-82.89459, 42.41258], [-82.89448, 42.41268], [-82.8944, 42.41273], [-82.89432, 42.41278], [-82.89421, 42.41284], [-82.89416, 42.41286], [-82.89411, 42.41287], [-82.89406, 42.41288]]}}, {"type": "Feature", "properties": {"name": "Harbor Hill Road", "highway": "residential", "length_m": 238.7}, "geometry": {"type": "LineString", "coordinates": [[-82.88903, 42.39819], [-82.88993, 42.39854], [-82.89034, 42.39871], [-82.89075, 42.39888], [-82.89156, 42.39923]]}}, {"type": "Feature", "properties": {"name": "Harbor Hill Road", "highway": "residential", "length_m": 37.7}, "geometry": {"type": "LineString", "coordinates": [[-82.89156, 42.39923], [-82.89133, 42.39953]]}}, {"type": "Feature", "properties": {"name": "Harbor Hill Road", "highway": "residential", "length_m": 41.7}, "geometry": {"type": "LineString", "coordinates": [[-82.88993, 42.39854], [-82.88969, 42.39887]]}}, {"type": "Feature", "properties": {"name": "Harbor Hill Road", "highway": "residential", "length_m": 40.7}, "geometry": {"type": "LineString", "coordinates": [[-82.89075, 42.39888], [-82.89052, 42.3992]]}}, {"type": "Feature", "properties": {"name": "Barclay Road", "highway": "residential", "length_m": 514.6}, "geometry": {"type": "LineString", "coordinates": [[-82.90484, 42.42165], [-82.90505, 42.4217], [-82.90517, 42.42173], [-82.90527, 42.42177], [-82.90534, 42.4218], [-82.90541, 42.42184], [-82.90551, 42.42192], [-82.90552, 42.42193], [-82.90558, 42.42199], [-82.90563, 42.42207], [-82.90563, 42.42211], [-82.90564, 42.42215], [-82.90565, 42.42232], [-82.90564, 42.42238], [-82.90559, 42.42261], [-82.90518, 42.42391], [-82.90518, 42.42397], [-82.90521, 42.42401], [-82.90525, 42.42405], [-82.90528, 42.42407], [-82.90587, 42.42431], [-82.90594, 42.42432], [-82.90601, 42.42432], [-82.90605, 42.4243], [-82.90609, 42.42428], [-82.90613, 42.42425], [-82.90615, 42.42421], [-82.90646, 42.42327], [-82.90647, 42.42318]]}}, {"type": "Feature", "properties": {"name": "Moran Court", "highway": "residential", "length_m": 45.6}, "geometry": {"type": "LineString", "coordinates": [[-82.89599, 42.39815], [-82.89567, 42.39849]]}}, {"type": "Feature", "properties": {"name": "Provencal Road", "highway": "tertiary", "length_m": 322.4}, "geometry": {"type": "LineString", "coordinates": [[-82.8842, 42.41394], [-82.88437, 42.414], [-82.88444, 42.41401], [-82.88763, 42.41533]]}}, {"type": "Feature", "properties": {"name": "Provencal Road", "highway": "residential", "length_m": 1605.7}, "geometry": {"type": "LineString", "coordinates": [[-82.88763, 42.41533], [-82.88762, 42.41542], [-82.88763, 42.4155], [-82.88768, 42.41565], [-82.88777, 42.4158], [-82.88788, 42.41596], [-82.88799, 42.41605], [-82.88806, 42.4161], [-82.88812, 42.41614], [-82.88821, 42.4162], [-82.88829, 42.41624], [-82.88848, 42.41632], [-82.88861, 42.41637], [-82.88876, 42.41642], [-82.88895, 42.41648], [-82.88912, 42.41653], [-82.88941, 42.4166], [-82.88944, 42.41661], [-82.89003, 42.41673], [-82.89013, 42.41675], [-82.89043, 42.41682], [-82.89058, 42.41686], [-82.89102, 42.41698], [-82.89146, 42.41711], [-82.89194, 42.41729], [-82.89214, 42.41736], [-82.89231, 42.41744], [-82.89266, 42.41762], [-82.89283, 42.41771], [-82.89308, 42.41785], [-82.89315, 42.41789], [-82.89329, 42.41797], [-82.89354, 42.4181], [-82.89386, 42.41823], [-82.89406, 42.4183], [-82.89411, 42.41832], [-82.89436, 42.4184], [-82.89452, 42.41844], [-82.89464, 42.41847], [-82.89492, 42.41853], [-82.89515, 42.41859], [-82.89521, 42.41861], [-82.89546, 42.41868], [-82.89555, 42.41871], [-82.89574, 42.41878], [-82.89581, 42.41881], [-82.89589, 42.41884], [-82.896, 42.4189], [-82.89606, 42.41894], [-82.89612, 42.41898], [-82.89618, 42.41903], [-82.89623, 42.41909], [-82.89627, 42.41915], [-82.89631, 42.41921], [-82.89655, 42.41957], [-82.89667, 42.41973], [-82.89684, 42.41994], [-82.89694, 42.42004], [-82.89698, 42.42009], [-82.89713, 42.42024], [-82.89715, 42.42026], [-82.89738, 42.42048], [-82.89742, 42.4205], [-82.89755, 42.42061], [-82.89769, 42.42072], [-82.89777, 42.42079], [-82.89811, 42.42104], [-82.89834, 42.42118], [-82.89855, 42.4213], [-82.89856, 42.42131], [-82.8988, 42.42143], [-82.89903, 42.42156], [-82.89909, 42.42159], [-82.89915, 42.4216], [-82.89941, 42.42155], [-82.89948, 42.42156], [-82.89958, 42.42157], [-82.90038, 42.42173], [-82.90058, 42.42178], [-82.90101, 42.42197], [-82.90129, 42.42207], [-82.90157, 42.42215], [-82.9021, 42.42234], [-82.90248, 42.4225], [-82.90298, 42.4227], [-82.90307, 42.42275], [-82.90314, 42.42279], [-82.90321, 42.42286], [-82.90325, 42.4229]]}}, {"type": "Feature", "properties": {"name": "Hall Place", "highway": "residential", "length_m": 405.1}, "geometry": {"type": "LineString", "coordinates": [[-82.89706, 42.39351], [-82.89716, 42.39358], [-82.89923, 42.39441], [-82.90037, 42.39487], [-82.90106, 42.39515], [-82.90124, 42.39525], [-82.90132, 42.39531]]}}, {"type": "Feature", "properties": {"name": "Higbie Court", "highway": "residential", "length_m": 49.7}, "geometry": {"type": "LineString", "coordinates": [[-82.89162, 42.39649], [-82.89133, 42.39689]]}}, {"type": "Feature", "properties": {"name": "Touraine Road", "highway": "residential", "length_m": 408.1}, "geometry": {"type": "LineString", "coordinates": [[-82.90873, 42.40972], [-82.91065, 42.41052], [-82.91233, 42.41123], [-82.91275, 42.41139], [-82.91287, 42.41144], [-82.91297, 42.41146], [-82.91307, 42.41147]]}}, {"type": "Feature", "properties": {"name": "Touraine Road", "highway": "residential", "length_m": 1408.4}, "geometry": {"type": "LineString", "coordinates": [[-82.89167, 42.40327], [-82.8922, 42.40339], [-82.89255, 42.40348], [-82.89297, 42.40362], [-82.89333, 42.40375], [-82.89368, 42.40389], [-82.89398, 42.40404], [-82.89428, 42.4042], [-82.89472, 42.40444], [-82.89487, 42.40452], [-82.89505, 42.4046], [-82.89547, 42.40477], [-82.89591, 42.40491], [-82.89625, 42.40502], [-82.89651, 42.40511], [-82.89683, 42.40524], [-82.89708, 42.40535], [-82.89732, 42.40546], [-82.89796, 42.4058], [-82.89812, 42.40589], [-82.89823, 42.40594], [-82.89846, 42.40605], [-82.89864, 42.40612], [-82.89893, 42.40622], [-82.89893, 42.40622], [-82.89941, 42.40636], [-82.89942, 42.40636], [-82.89974, 42.40647], [-82.90098, 42.40696], [-82.90106, 42.40699], [-82.90143, 42.40713], [-82.90225, 42.40738], [-82.9025, 42.40747], [-82.90264, 42.40753], [-82.90278, 42.4076], [-82.90314, 42.40782], [-82.90322, 42.40786], [-82.90356, 42.40802], [-82.90365, 42.40806], [-82.90398, 42.40819], [-82.9042, 42.40826], [-82.90447, 42.40833], [-82.90485, 42.40848], [-82.90559, 42.4088], [-82.90573, 42.40885], [-82.90601, 42.40893], [-82.90623, 42.40897], [-82.90649, 42.409], [-82.90666, 42.40901], [-82.90677, 42.40905]]}}, {"type": "Feature", "properties": {"name": "Touraine Road", "highway": "residential", "length_m": 97.2}, "geometry": {"type": "LineString", "coordinates": [[-82.90337, 42.40843], [-82.90296, 42.40829], [-82.90291, 42.40825], [-82.90289, 42.4082], [-82.90288, 42.40817], [-82.9029, 42.40812], [-82.90294, 42.40808], [-82.90314, 42.40782]]}}, {"type": "Feature", "properties": {"name": "Bournemouth Road", "highway": "residential", "length_m": 122.2}, "geometry": {"type": "LineString", "coordinates": [[-82.90874, 42.42055], [-82.90876, 42.42056], [-82.90978, 42.42098], [-82.90985, 42.421], [-82.90992, 42.42101], [-82.91006, 42.42102]]}}, {"type": "Feature", "properties": {"name": "Bournemouth Road", "highway": "residential", "length_m": 305.6}, "geometry": {"type": "LineString", "coordinates": [[-82.90573, 42.41889], [-82.90689, 42.41936], [-82.90698, 42.41939], [-82.90778, 42.41972], [-82.90798, 42.4198], [-82.90898, 42.42021]]}}, {"type": "Feature", "properties": {"name": "Bournemouth Road", "highway": "residential", "length_m": 561.9}, "geometry": {"type": "LineString", "coordinates": [[-82.91009, 42.42077], [-82.91024, 42.42077], [-82.91037, 42.42078], [-82.91045, 42.42079], [-82.91049, 42.42081], [-82.9106, 42.42086], [-82.91077, 42.42094], [-82.91083, 42.42096], [-82.91101, 42.42104], [-82.91118, 42.4211], [-82.91425, 42.42236], [-82.91526, 42.42277], [-82.91609, 42.42311]]}}, {"type": "Feature", "properties": {"name": "Stephens Lane", "highway": "residential", "length_m": 53.5}, "geometry": {"type": "LineString", "coordinates": [[-82.90675, 42.40655], [-82.90644, 42.40698]]}}, {"type": "Feature", "properties": {"name": "Stephens Lane", "highway": "residential", "length_m": 53.6}, "geometry": {"type": "LineString", "coordinates": [[-82.90602, 42.40625], [-82.9057, 42.40668]]}}, {"type": "Feature", "properties": {"name": "Mirabeau Place", "highway": "residential", "length_m": 50.0}, "geometry": {"type": "LineString", "coordinates": [[-82.89554, 42.40706], [-82.89525, 42.40746]]}}, {"type": "Feature", "properties": {"name": "Elizabeth Court", "highway": "residential", "length_m": 104.2}, "geometry": {"type": "LineString", "coordinates": [[-82.90898, 42.42151], [-82.90972, 42.42181], [-82.90983, 42.42185], [-82.90984, 42.42185], [-82.90999, 42.42186], [-82.91013, 42.42187]]}}, {"type": "Feature", "properties": {"name": "Calvin Avenue", "highway": "residential", "length_m": 385.7}, "geometry": {"type": "LineString", "coordinates": [[-82.90843, 42.4105], [-82.91035, 42.41128], [-82.91196, 42.41194], [-82.91242, 42.41212], [-82.91244, 42.41213], [-82.91254, 42.41215]]}}, {"type": "Feature", "properties": {"name": "East Warren Avenue", "highway": "secondary", "length_m": 25.7}, "geometry": {"type": "LineString", "coordinates": [[-82.91271, 42.41234], [-82.91256, 42.41239], [-82.91243, 42.41243]]}}, {"type": "Feature", "properties": {"name": "Mosselle Place", "highway": "residential", "length_m": 93.0}, "geometry": {"type": "LineString", "coordinates": [[-82.90563, 42.40944], [-82.90662, 42.40984]]}}, {"type": "Feature", "properties": {"name": "Charlevoix Avenue", "highway": "tertiary", "length_m": 1785.5}, "geometry": {"type": "LineString", "coordinates": [[-82.92821, 42.39095], [-82.92691, 42.39139], [-82.92573, 42.39182], [-82.92558, 42.39187], [-82.9254, 42.39193], [-82.92442, 42.39228], [-82.9236, 42.39258], [-82.92349, 42.39262], [-82.92338, 42.39266], [-82.92251, 42.39297], [-82.92155, 42.39332], [-82.92143, 42.39336], [-82.92135, 42.39339], [-82.92122, 42.39343], [-82.92059, 42.39366], [-82.92053, 42.39368], [-82.92047, 42.39371], [-82.91976, 42.39396], [-82.91972, 42.39397], [-82.91964, 42.394], [-82.91957, 42.39403], [-82.91952, 42.39405], [-82.91889, 42.39427], [-82.91848, 42.39442], [-82.91836, 42.39446], [-82.91726, 42.39486], [-82.91672, 42.39505], [-82.91659, 42.3951], [-82.91644, 42.39515], [-82.91526, 42.39557], [-82.91416, 42.39597], [-82.91403, 42.39601], [-82.91386, 42.39607], [-82.91291, 42.39641], [-82.91141, 42.39695], [-82.91127, 42.39701], [-82.91107, 42.39707], [-82.91, 42.39746], [-82.90879, 42.39789], [-82.9087, 42.39792]]}}, {"type": "Feature", "properties": {"name": "Webster Road", "highway": "residential", "length_m": 589.2}, "geometry": {"type": "LineString", "coordinates": [[-82.91217, 42.40835], [-82.91161, 42.40908], [-82.91104, 42.40984], [-82.91079, 42.41018], [-82.91065, 42.41052], [-82.91035, 42.41128], [-82.91032, 42.41134], [-82.9101, 42.41173], [-82.90976, 42.41218], [-82.90908, 42.41311]]}}, {"type": "Feature", "properties": {"name": "North Colonial Court", "highway": "residential", "length_m": 12.1}, "geometry": {"type": "LineString", "coordinates": [[-82.90998, 42.42347], [-82.91013, 42.42347]]}}, {"type": "Feature", "properties": {"name": "McKinley Avenue", "highway": "residential", "length_m": 1543.9}, "geometry": {"type": "LineString", "coordinates": [[-82.90622, 42.39595], [-82.90774, 42.39827], [-82.90913, 42.40042], [-82.91121, 42.40361], [-82.91152, 42.40406], [-82.91156, 42.40415], [-82.91395, 42.40779], [-82.9142, 42.4082], [-82.91423, 42.40822], [-82.91425, 42.40825], [-82.91429, 42.40826], [-82.91435, 42.40828], [-82.91444, 42.40832], [-82.91452, 42.40835]]}}, {"type": "Feature", "properties": {"name": "Kerby Lane", "highway": "residential", "length_m": 132.0}, "geometry": {"type": "LineString", "coordinates": [[-82.89337, 42.40669], [-82.8926, 42.40773]]}}, {"type": "Feature", "properties": {"name": "Muskoka Road", "highway": "residential", "length_m": 191.3}, "geometry": {"type": "LineString", "coordinates": [[-82.88993, 42.40775], [-82.89197, 42.40858]]}}, {"type": "Feature", "properties": {"name": "Christine Drive", "highway": "residential", "length_m": 136.7}, "geometry": {"type": "LineString", "coordinates": [[-82.89045, 42.40319], [-82.89065, 42.40276], [-82.89089, 42.40226], [-82.891, 42.40203]]}}, {"type": "Feature", "properties": {"name": "Lakeview Avenue", "highway": "residential", "length_m": 107.9}, "geometry": {"type": "LineString", "coordinates": [[-82.89029, 42.40974], [-82.89144, 42.4102]]}}, {"type": "Feature", "properties": {"name": "Lakeview Avenue", "highway": "residential", "length_m": 192.7}, "geometry": {"type": "LineString", "coordinates": [[-82.88817, 42.40874], [-82.88821, 42.40879], [-82.8902, 42.40958]]}}, {"type": "Feature", "properties": {"name": "Dean Lane", "highway": "residential", "length_m": 190.3}, "geometry": {"type": "LineString", "coordinates": [[-82.90449, 42.39796], [-82.90488, 42.39811], [-82.90531, 42.39829], [-82.90534, 42.39831], [-82.90536, 42.39834], [-82.90544, 42.39853], [-82.90546, 42.39856], [-82.90551, 42.39859], [-82.90561, 42.39863], [-82.90589, 42.39874], [-82.90629, 42.39895]]}}, {"type": "Feature", "properties": {"name": "Calvin Avenue", "highway": "residential", "length_m": 10.6}, "geometry": {"type": "LineString", "coordinates": [[-82.91266, 42.41215], [-82.91279, 42.41215]]}}, {"type": "Feature", "properties": {"name": "Maison Road", "highway": "residential", "length_m": 269.5}, "geometry": {"type": "LineString", "coordinates": [[-82.90643, 42.41675], [-82.90692, 42.41685], [-82.90713, 42.4169], [-82.90741, 42.41698], [-82.90774, 42.41709], [-82.9083, 42.41734], [-82.90863, 42.4175], [-82.90883, 42.41762], [-82.90907, 42.41778], [-82.90929, 42.41787]]}}, {"type": "Feature", "properties": {"name": "Colonial Court", "highway": "residential", "length_m": 472.4}, "geometry": {"type": "LineString", "coordinates": [[-82.90991, 42.42263], [-82.9098, 42.42262], [-82.90974, 42.42262], [-82.90959, 42.42261], [-82.90949, 42.42259], [-82.90928, 42.42253], [-82.90897, 42.42241], [-82.90813, 42.42207], [-82.90803, 42.42206], [-82.90798, 42.42208], [-82.90791, 42.42212], [-82.90774, 42.42234], [-82.90767, 42.42246], [-82.90758, 42.42267], [-82.90761, 42.42275], [-82.90771, 42.4228], [-82.90825, 42.42301], [-82.90892, 42.4233], [-82.90933, 42.42343], [-82.9096, 42.42346], [-82.90971, 42.42346], [-82.90985, 42.42346], [-82.90998, 42.42347]]}}, {"type": "Feature", "properties": {"name": "Bournemouth Circle", "highway": "residential", "length_m": 282.2}, "geometry": {"type": "LineString", "coordinates": [[-82.90798, 42.4198], [-82.90795, 42.41985], [-82.90734, 42.42068], [-82.90732, 42.42072], [-82.90733, 42.42075], [-82.90735, 42.4208], [-82.90737, 42.42083], [-82.90742, 42.42086], [-82.90796, 42.42109], [-82.90802, 42.4211], [-82.9081, 42.42109], [-82.90816, 42.42107], [-82.9082, 42.42104], [-82.90854, 42.42061], [-82.90858, 42.42058], [-82.90864, 42.42055], [-82.9087, 42.42054], [-82.90874, 42.42055]]}}, {"type": "Feature", "properties": {"name": "Merriweather Road", "highway": "residential", "length_m": 882.8}, "geometry": {"type": "LineString", "coordinates": [[-82.89415, 42.39879], [-82.89575, 42.39945], [-82.89609, 42.39957], [-82.89672, 42.39976], [-82.89709, 42.39989], [-82.89727, 42.39996], [-82.89862, 42.40051], [-82.90069, 42.40137], [-82.90113, 42.40155], [-82.90357, 42.40255]]}}, {"type": "Feature", "properties": {"name": "Merriweather Road", "highway": "residential", "length_m": 650.5}, "geometry": {"type": "LineString", "coordinates": [[-82.90375, 42.40231], [-82.90687, 42.40359], [-82.90971, 42.40474], [-82.90983, 42.40479], [-82.90996, 42.40483], [-82.91009, 42.40485], [-82.91023, 42.40485], [-82.91034, 42.40484], [-82.91047, 42.40481], [-82.91074, 42.40472]]}}, {"type": "Feature", "properties": {"name": "La Belle Road", "highway": "residential", "length_m": 164.1}, "geometry": {"type": "LineString", "coordinates": [[-82.90874, 42.42055], [-82.90894, 42.42028], [-82.90898, 42.42021], [-82.90906, 42.4201], [-82.90911, 42.42004], [-82.90917, 42.41998], [-82.90923, 42.41993], [-82.9093, 42.41989], [-82.90937, 42.41985], [-82.90945, 42.41981], [-82.90958, 42.41977], [-82.90968, 42.41975], [-82.90986, 42.41973], [-82.90996, 42.41973], [-82.91003, 42.41973], [-82.91018, 42.41974]]}}, {"type": "Feature", "properties": {"name": "Lee Gate Lane", "highway": "residential", "length_m": 235.9}, "geometry": {"type": "LineString", "coordinates": [[-82.89394, 42.39364], [-82.89499, 42.39405], [-82.89601, 42.39447], [-82.89614, 42.39459], [-82.89642, 42.39467]]}}, {"type": "Feature", "properties": {"name": "Vendome Road", "highway": "residential", "length_m": 856.6}, "geometry": {"type": "LineString", "coordinates": [[-82.8913, 42.40417], [-82.89428, 42.40538], [-82.89462, 42.40552], [-82.89484, 42.40561], [-82.89734, 42.40663], [-82.89797, 42.40689], [-82.89811, 42.40694], [-82.89853, 42.40712], [-82.89973, 42.4076], [-82.90041, 42.40788]]}}, {"type": "Feature", "properties": {"name": "Moross Road", "highway": "secondary", "length_m": 508.3}, "geometry": {"type": "LineString", "coordinates": [[-82.8866, 42.40724], [-82.88777, 42.4077], [-82.88839, 42.40795], [-82.88863, 42.40805], [-82.88966, 42.40846], [-82.89071, 42.40888], [-82.89184, 42.40934], [-82.89202, 42.40942]]}}, {"type": "Feature", "properties": {"name": "Lake Shore Road", "highway": "secondary", "length_m": 3270.9}, "geometry": {"type": "LineString", "coordinates": [[-82.88643, 42.40719], [-82.88619, 42.40785], [-82.8858, 42.40897], [-82.88545, 42.41002], [-82.88526, 42.41055], [-82.88519, 42.41077], [-82.88499, 42.41145], [-82.88474, 42.4123], [-82.88452, 42.41307], [-82.88447, 42.41328], [-82.88439, 42.41349], [-82.8842, 42.41394], [-82.88417, 42.41401], [-82.88372, 42.41489], [-82.88338, 42.41557], [-82.88327, 42.41579], [-82.88257, 42.41718], [-82.88239, 42.41755], [-82.88235, 42.41763], [-82.88221, 42.41796], [-82.8821, 42.41827], [-82.88202, 42.41865], [-82.88196, 42.41899], [-82.88188, 42.41943], [-82.88187, 42.41949], [-82.88172, 42.42001], [-82.88169, 42.42011], [-82.88145, 42.4207], [-82.88116, 42.42138], [-82.88091, 42.42197], [-82.88066, 42.42271], [-82.8806, 42.4229], [-82.88053, 42.42316], [-82.88032, 42.42409], [-82.88018, 42.42472], [-82.88006, 42.42519], [-82.87986, 42.42595], [-82.87957, 42.42712], [-82.87935, 42.42806], [-82.87926, 42.42842], [-82.87919, 42.42861], [-82.87915, 42.42871], [-82.87911, 42.42881], [-82.87895, 42.42909], [-82.87873, 42.42939], [-82.87863, 42.42951], [-82.87804, 42.43021], [-82.87759, 42.43074], [-82.87733, 42.43111], [-82.87716, 42.43143], [-82.87706, 42.43166], [-82.87663, 42.43269], [-82.87638, 42.43349], [-82.87618, 42.43449], [-82.87601, 42.43541]]}}, {"type": "Feature", "properties": {"name": "Moross Road", "highway": "secondary", "length_m": 103.5}, "geometry": {"type": "LineString", "coordinates": [[-82.91057, 42.41691], [-82.91041, 42.41685], [-82.91021, 42.41677], [-82.90965, 42.41657], [-82.90942, 42.41654]]}}, {"type": "Feature", "properties": {"name": "Moross Road", "highway": "secondary", "length_m": 47.1}, "geometry": {"type": "LineString", "coordinates": [[-82.90942, 42.41654], [-82.90957, 42.41667], [-82.90979, 42.41676], [-82.90987, 42.4168]]}}, {"type": "Feature", "properties": {"name": "Moross Road", "highway": "secondary", "length_m": 102.8}, "geometry": {"type": "LineString", "coordinates": [[-82.89578, 42.41096], [-82.89585, 42.41099], [-82.89592, 42.41102], [-82.89638, 42.41121], [-82.8966, 42.4113], [-82.89686, 42.41143]]}}, {"type": "Feature", "properties": {"name": "Lake Shore Road", "highway": "secondary", "length_m": 367.2}, "geometry": {"type": "LineString", "coordinates": [[-82.88688, 42.40605], [-82.88693, 42.40585], [-82.88695, 42.40578], [-82.88699, 42.40562], [-82.88703, 42.40544], [-82.88705, 42.4053], [-82.88708, 42.40508], [-82.88718, 42.40469], [-82.88719, 42.40465], [-82.8873, 42.40424], [-82.88741, 42.40373], [-82.88759, 42.40296], [-82.88763, 42.40279]]}}, {"type": "Feature", "properties": {"name": "Moross Road", "highway": "secondary", "length_m": 21.5}, "geometry": {"type": "LineString", "coordinates": [[-82.91054, 42.41708], [-82.91077, 42.41716]]}}, {"type": "Feature", "properties": {"name": "Mack Avenue", "highway": "secondary", "length_m": 1851.4}, "geometry": {"type": "LineString", "coordinates": [[-82.91008, 42.42088], [-82.91006, 42.42102], [-82.91005, 42.42113], [-82.90999, 42.42186], [-82.90991, 42.42263], [-82.90985, 42.42346], [-82.90983, 42.42361], [-82.9098, 42.42392], [-82.90966, 42.42492], [-82.90955, 42.42577], [-82.90954, 42.42591], [-82.90953, 42.42605], [-82.9095, 42.42624], [-82.90943, 42.42682], [-82.90935, 42.42728], [-82.90933, 42.42748], [-82.90931, 42.42758], [-82.90927, 42.42793], [-82.90924, 42.42808], [-82.90921, 42.42828], [-82.9092, 42.42833], [-82.90913, 42.42873], [-82.90896, 42.42978], [-82.90881, 42.43061], [-82.90879, 42.43069], [-82.90877, 42.43081], [-82.90871, 42.43119], [-82.90861, 42.43179], [-82.90854, 42.4322], [-82.90852, 42.43228], [-82.90842, 42.43298], [-82.90838, 42.43321], [-82.90829, 42.43376], [-82.90817, 42.43463], [-82.90814, 42.43485], [-82.9081, 42.43507], [-82.90805, 42.43551], [-82.90801, 42.43585], [-82.90797, 42.43615], [-82.90794, 42.43638], [-82.9079, 42.43669], [-82.9078, 42.43745]]}}, {"type": "Feature", "properties": {"name": "Mack Avenue", "highway": "secondary", "length_m": 206.7}, "geometry": {"type": "LineString", "coordinates": [[-82.91117, 42.41511], [-82.91098, 42.41553], [-82.91083, 42.41589], [-82.91081, 42.41599], [-82.9106, 42.41676], [-82.91059, 42.41681], [-82.91057, 42.41691]]}}, {"type": "Feature", "properties": {"name": "Mack Avenue", "highway": "secondary", "length_m": 2105.6}, "geometry": {"type": "LineString", "coordinates": [[-82.92209, 42.39502], [-82.92194, 42.39507], [-82.92185, 42.39511], [-82.92171, 42.3952], [-82.9216, 42.39531], [-82.92139, 42.39555], [-82.921, 42.3961], [-82.92094, 42.39618], [-82.92024, 42.39716], [-82.92004, 42.39746], [-82.91969, 42.39796], [-82.91964, 42.39803], [-82.91948, 42.39825], [-82.91943, 42.39831], [-82.91906, 42.39885], [-82.91898, 42.39897], [-82.91891, 42.39906], [-82.91886, 42.39914], [-82.91876, 42.3993], [-82.91869, 42.39939], [-82.91865, 42.39948], [-82.91823, 42.40036], [-82.91802, 42.4008], [-82.91766, 42.40155], [-82.91708, 42.40276], [-82.91702, 42.40287], [-82.91663, 42.40362], [-82.9162, 42.40443], [-82.91588, 42.40505], [-82.91554, 42.40577], [-82.91484, 42.40724], [-82.91474, 42.40747], [-82.91435, 42.40828], [-82.91388, 42.40931], [-82.91384, 42.40939], [-82.91379, 42.4095], [-82.91359, 42.40991], [-82.91348, 42.4101], [-82.91335, 42.41042], [-82.9132, 42.41074], [-82.91313, 42.41088], [-82.91311, 42.41093], [-82.91307, 42.41101], [-82.91287, 42.41144], [-82.91284, 42.41152], [-82.91276, 42.41169], [-82.91255, 42.41214], [-82.91254, 42.41215], [-82.91251, 42.41223], [-82.91246, 42.41235], [-82.91243, 42.41243]]}}, {"type": "Feature", "properties": {"name": "Moross Road", "highway": "secondary", "length_m": 21.2}, "geometry": {"type": "LineString", "coordinates": [[-82.9108, 42.41699], [-82.91057, 42.41691]]}}, {"type": "Feature", "properties": {"name": "Kercheval Avenue", "highway": "tertiary", "length_m": 489.8}, "geometry": {"type": "LineString", "coordinates": [[-82.89049, 42.41147], [-82.89008, 42.41203], [-82.88977, 42.41245], [-82.88952, 42.41278], [-82.88907, 42.41339], [-82.88825, 42.41449], [-82.88797, 42.41487], [-82.88763, 42.41533]]}}, {"type": "Feature", "properties": {"name": "Moross Road", "highway": "secondary", "length_m": 354.1}, "geometry": {"type": "LineString", "coordinates": [[-82.89202, 42.40942], [-82.89219, 42.4095], [-82.89224, 42.40952], [-82.89265, 42.40969], [-82.89369, 42.41011], [-82.89441, 42.41041], [-82.8955, 42.41085], [-82.89578, 42.41096]]}}, {"type": "Feature", "properties": {"name": "Chalfonte Avenue", "highway": "tertiary", "length_m": 210.1}, "geometry": {"type": "LineString", "coordinates": [[-82.9122, 42.40329], [-82.912, 42.40343], [-82.9119, 42.40356], [-82.91186, 42.40361], [-82.91152, 42.40406], [-82.91098, 42.40474], [-82.91088, 42.4049]]}}, {"type": "Feature", "properties": {"name": "Fisher Road", "highway": "residential", "length_m": 663.0}, "geometry": {"type": "LineString", "coordinates": [[-82.9087, 42.39792], [-82.90875, 42.398], [-82.91011, 42.40007], [-82.91016, 42.40016], [-82.91026, 42.40032], [-82.9122, 42.40329]]}}, {"type": "Feature", "properties": {"name": "Chalfonte Avenue", "highway": "tertiary", "length_m": 769.4}, "geometry": {"type": "LineString", "coordinates": [[-82.91088, 42.4049], [-82.91083, 42.40497], [-82.91077, 42.40507], [-82.91061, 42.40534], [-82.91034, 42.40591], [-82.91013, 42.40633], [-82.91004, 42.40653], [-82.91, 42.40662], [-82.90993, 42.40677], [-82.90988, 42.40687], [-82.90967, 42.40732], [-82.90962, 42.40744], [-82.90934, 42.40814], [-82.90904, 42.40891], [-82.90903, 42.40893], [-82.90901, 42.409], [-82.90873, 42.40972], [-82.90847, 42.41037], [-82.90846, 42.4104], [-82.90843, 42.4105], [-82.90826, 42.41095], [-82.90807, 42.41149]]}}, {"type": "Feature", "properties": {"name": "Charlevoix Avenue", "highway": "tertiary", "length_m": 937.4}, "geometry": {"type": "LineString", "coordinates": [[-82.90428, 42.4016], [-82.90375, 42.40231], [-82.90357, 42.40255], [-82.90322, 42.40303], [-82.90314, 42.40314], [-82.90294, 42.40346], [-82.90287, 42.40362], [-82.90278, 42.40389], [-82.90262, 42.40452], [-82.90253, 42.40484], [-82.9024, 42.40512], [-82.90228, 42.40534], [-82.90211, 42.40559], [-82.90182, 42.40597], [-82.90106, 42.40699], [-82.90054, 42.4077], [-82.90041, 42.40788], [-82.89999, 42.40844], [-82.89945, 42.40917]]}}, {"type": "Feature", "properties": {"name": "Fisher Road", "highway": "residential", "length_m": 507.0}, "geometry": {"type": "LineString", "coordinates": [[-82.9122, 42.40329], [-82.91223, 42.40338], [-82.91447, 42.40678], [-82.91454, 42.40689], [-82.91466, 42.40707], [-82.91471, 42.40715], [-82.91474, 42.40718], [-82.91479, 42.40722], [-82.91484, 42.40724], [-82.91493, 42.40727], [-82.91502, 42.40729]]}}, {"type": "Feature", "properties": {"name": "Moran Road", "highway": "residential", "length_m": 567.0}, "geometry": {"type": "LineString", "coordinates": [[-82.91088, 42.4049], [-82.912, 42.4066], [-82.91247, 42.40732], [-82.91346, 42.40885], [-82.91375, 42.40927], [-82.91384, 42.40939], [-82.9139, 42.40948]]}}, {"type": "Feature", "properties": {"name": "Moran Road", "highway": "residential", "length_m": 673.8}, "geometry": {"type": "LineString", "coordinates": [[-82.90428, 42.4016], [-82.90444, 42.40166], [-82.90732, 42.40283], [-82.90739, 42.40287], [-82.91012, 42.40396], [-82.91024, 42.40398], [-82.91074, 42.40472], [-82.91078, 42.40475], [-82.91088, 42.4049]]}}, {"type": "Feature", "properties": {"name": "Charlevoix Avenue", "highway": "tertiary", "length_m": 316.7}, "geometry": {"type": "LineString", "coordinates": [[-82.9087, 42.39792], [-82.90774, 42.39827], [-82.90687, 42.3986], [-82.90678, 42.39864], [-82.9067, 42.39867], [-82.9066, 42.39873], [-82.90647, 42.39881], [-82.90637, 42.39887], [-82.90629, 42.39895], [-82.90622, 42.39901], [-82.90616, 42.3991], [-82.90581, 42.39956], [-82.90576, 42.39962]]}}, {"type": "Feature", "properties": {"name": "Moross Road", "highway": "secondary", "length_m": 199.8}, "geometry": {"type": "LineString", "coordinates": [[-82.9068, 42.41549], [-82.90689, 42.41553], [-82.90701, 42.41558], [-82.90793, 42.41595], [-82.90893, 42.41635]]}}, {"type": "Feature", "properties": {"name": "Chalfonte Avenue", "highway": "residential", "length_m": 1167.5}, "geometry": {"type": "LineString", "coordinates": [[-82.9068, 42.41549], [-82.90678, 42.41563], [-82.90676, 42.41573], [-82.90675, 42.41578], [-82.90672, 42.41585], [-82.9066, 42.41622], [-82.90643, 42.41675], [-82.90612, 42.41768], [-82.90573, 42.41889], [-82.9051, 42.42083], [-82.90484, 42.42165], [-82.90459, 42.42238], [-82.9045, 42.42269], [-82.90432, 42.42327], [-82.90425, 42.42345], [-82.90423, 42.42352], [-82.90401, 42.42401], [-82.90392, 42.42421], [-82.90355, 42.42503], [-82.90352, 42.42511], [-82.9034, 42.42539], [-82.90331, 42.42559], [-82.90328, 42.42565]]}}, {"type": "Feature", "properties": {"name": "Lake Shore Road", "highway": "secondary", "length_m": 76.7}, "geometry": {"type": "LineString", "coordinates": [[-82.88638, 42.40791], [-82.88644, 42.40776], [-82.8866, 42.40724]]}}, {"type": "Feature", "properties": {"name": "Lake Shore Road", "highway": "secondary", "length_m": 127.8}, "geometry": {"type": "LineString", "coordinates": [[-82.88598, 42.40902], [-82.88618, 42.40846], [-82.88638, 42.40791]]}}, {"type": "Feature", "properties": {"name": "Lake Shore Road", "highway": "secondary", "length_m": 282.8}, "geometry": {"type": "LineString", "coordinates": [[-82.88517, 42.41149], [-82.88539, 42.41071], [-82.88543, 42.4106], [-82.88561, 42.41006], [-82.88565, 42.40994], [-82.88598, 42.40902]]}}, {"type": "Feature", "properties": {"name": "Cloverly Road", "highway": "residential", "length_m": 684.6}, "geometry": {"type": "LineString", "coordinates": [[-82.89228, 42.40218], [-82.89234, 42.40226], [-82.89335, 42.40268], [-82.89617, 42.40383], [-82.89867, 42.40485], [-82.89876, 42.40489], [-82.89926, 42.40509], [-82.89938, 42.40512], [-82.89953, 42.40513]]}}, {"type": "Feature", "properties": {"name": "McMillan Road", "highway": "residential", "length_m": 947.2}, "geometry": {"type": "LineString", "coordinates": [[-82.91024, 42.40398], [-82.91017, 42.40387], [-82.9085, 42.40127], [-82.90824, 42.40084], [-82.90818, 42.40076], [-82.90789, 42.40033], [-82.90678, 42.39864], [-82.90674, 42.39857], [-82.90651, 42.3982], [-82.90545, 42.39661], [-82.9053, 42.39637], [-82.90526, 42.3963]]}}, {"type": "Feature", "properties": {"name": "Mack Avenue", "highway": "secondary", "length_m": 18.9}, "geometry": {"type": "LineString", "coordinates": [[-82.91057, 42.41691], [-82.91054, 42.41708]]}}, {"type": "Feature", "properties": {"name": "Mack Avenue", "highway": "secondary", "length_m": 44.5}, "geometry": {"type": "LineString", "coordinates": [[-82.91033, 42.41852], [-82.91029, 42.41884], [-82.91028, 42.41892]]}}, {"type": "Feature", "properties": {"name": "Mack Avenue", "highway": "secondary", "length_m": 97.8}, "geometry": {"type": "LineString", "coordinates": [[-82.91045, 42.41764], [-82.91043, 42.4178], [-82.91041, 42.41795], [-82.91035, 42.41837], [-82.91035, 42.41841], [-82.91033, 42.41852]]}}, {"type": "Feature", "properties": {"name": "Lake Shore Road", "highway": "secondary", "length_m": 57.7}, "geometry": {"type": "LineString", "coordinates": [[-82.88655, 42.40668], [-82.88643, 42.40719]]}}, {"type": "Feature", "properties": {"name": "Moross Road", "highway": "secondary", "length_m": 63.2}, "geometry": {"type": "LineString", "coordinates": [[-82.90987, 42.4168], [-82.91002, 42.41686], [-82.91029, 42.41697], [-82.91032, 42.41699], [-82.91038, 42.41701], [-82.91054, 42.41708]]}}, {"type": "Feature", "properties": {"name": "Fisher Road", "highway": "residential", "length_m": 510.8}, "geometry": {"type": "LineString", "coordinates": [[-82.90599, 42.39379], [-82.9061, 42.39394], [-82.90626, 42.39418], [-82.90718, 42.3956], [-82.9079, 42.3967], [-82.9087, 42.39792]]}}, {"type": "Feature", "properties": {"name": "McKinley Avenue", "highway": "residential", "length_m": 224.4}, "geometry": {"type": "LineString", "coordinates": [[-82.90622, 42.39595], [-82.90529, 42.39452], [-82.90504, 42.39413]]}}, {"type": "Feature", "properties": {"name": "Saint Paul School", "highway": "residential", "length_m": 31.4}, "geometry": {"type": "LineString", "coordinates": [[-82.89339, 42.39434], [-82.89322, 42.39459]]}}, {"type": "Feature", "properties": {"name": "Lake Shore Road", "highway": "secondary", "length_m": 550.7}, "geometry": {"type": "LineString", "coordinates": [[-82.88839, 42.39934], [-82.88816, 42.39997], [-82.88814, 42.40004], [-82.88791, 42.40075], [-82.8879, 42.40083], [-82.88778, 42.40127], [-82.8877, 42.40166], [-82.88752, 42.40245], [-82.88745, 42.40275], [-82.88712, 42.4042]]}}, {"type": "Feature", "properties": {"name": "Lake Shore Road", "highway": "secondary", "length_m": 205.6}, "geometry": {"type": "LineString", "coordinates": [[-82.88712, 42.4042], [-82.88702, 42.40466], [-82.88676, 42.40582], [-82.88671, 42.40602]]}}, {"type": "Feature", "properties": {"name": "Mack Avenue", "highway": "secondary", "length_m": 113.3}, "geometry": {"type": "LineString", "coordinates": [[-82.91161, 42.41414], [-82.91158, 42.41422], [-82.91148, 42.41443], [-82.91132, 42.41476], [-82.91119, 42.41505], [-82.91117, 42.41511]]}}, {"type": "Feature", "properties": {"name": "Mack Avenue", "highway": "secondary", "length_m": 110.4}, "geometry": {"type": "LineString", "coordinates": [[-82.91243, 42.41243], [-82.91242, 42.41247], [-82.91238, 42.41256], [-82.91219, 42.41294], [-82.91217, 42.413], [-82.91209, 42.41317], [-82.912, 42.41337]]}}, {"type": "Feature", "properties": {"name": "Gateshead Street", "highway": "residential", "length_m": 24.2}, "geometry": {"type": "LineString", "coordinates": [[-82.91161, 42.41414], [-82.91174, 42.41419], [-82.91187, 42.41424]]}}, {"type": "Feature", "properties": {"name": "Moross Road", "highway": "secondary", "length_m": 14.6}, "geometry": {"type": "LineString", "coordinates": [[-82.88643, 42.40719], [-82.8866, 42.40724]]}}, {"type": "Feature", "properties": {"name": "Mack Avenue", "highway": "secondary", "length_m": 91.2}, "geometry": {"type": "LineString", "coordinates": [[-82.912, 42.41337], [-82.91191, 42.41355], [-82.91185, 42.41367], [-82.91165, 42.41407], [-82.91161, 42.41414]]}}, {"type": "Feature", "properties": {"name": "Moross Road", "highway": "secondary", "length_m": 45.9}, "geometry": {"type": "LineString", "coordinates": [[-82.90893, 42.41635], [-82.90937, 42.41652], [-82.90942, 42.41654]]}}, {"type": "Feature", "properties": {"name": "Kercheval Avenue", "highway": "tertiary", "length_m": 161.3}, "geometry": {"type": "LineString", "coordinates": [[-82.89144, 42.4102], [-82.89049, 42.41147]]}}, {"type": "Feature", "properties": {"name": "Kercheval Avenue", "highway": "tertiary", "length_m": 99.0}, "geometry": {"type": "LineString", "coordinates": [[-82.89202, 42.40942], [-82.89144, 42.4102]]}}, {"type": "Feature", "properties": {"name": "Lake Shore Road", "highway": "secondary", "length_m": 73.9}, "geometry": {"type": "LineString", "coordinates": [[-82.88671, 42.40602], [-82.88655, 42.40668]]}}, {"type": "Feature", "properties": {"name": "Lake Shore Road", "highway": "secondary", "length_m": 87.6}, "geometry": {"type": "LineString", "coordinates": [[-82.8866, 42.40724], [-82.88665, 42.40707], [-82.8867, 42.40681], [-82.88678, 42.40646]]}}, {"type": "Feature", "properties": {"name": "Moross Road", "highway": "secondary", "length_m": 129.2}, "geometry": {"type": "LineString", "coordinates": [[-82.89686, 42.41143], [-82.89698, 42.41148], [-82.89768, 42.41177], [-82.89811, 42.41194], [-82.89823, 42.41199]]}}, {"type": "Feature", "properties": {"name": "Moross Road", "highway": "secondary", "length_m": 806.7}, "geometry": {"type": "LineString", "coordinates": [[-82.89823, 42.41199], [-82.89949, 42.41251], [-82.90003, 42.41273], [-82.90013, 42.41277], [-82.90017, 42.41278], [-82.90051, 42.41293], [-82.90059, 42.41296], [-82.90193, 42.41351], [-82.90215, 42.4136], [-82.90235, 42.41369], [-82.90269, 42.41382], [-82.90276, 42.41385], [-82.90313, 42.414], [-82.90347, 42.41414], [-82.90403, 42.41437], [-82.9044, 42.41452], [-82.90464, 42.41461], [-82.90476, 42.41466], [-82.90484, 42.41469], [-82.90519, 42.41483], [-82.90541, 42.41493], [-82.90555, 42.41498], [-82.90586, 42.41511], [-82.90626, 42.41527], [-82.90639, 42.41532], [-82.90653, 42.41538], [-82.90667, 42.41544], [-82.9068, 42.41549]]}}, {"type": "Feature", "properties": {"name": "Windemere Lane", "highway": "residential", "length_m": 42.2}, "geometry": {"type": "LineString", "coordinates": [[-82.88647, 42.41321], [-82.88651, 42.41323], [-82.88654, 42.41323], [-82.8868, 42.41324], [-82.88698, 42.41322]]}}, {"type": "Feature", "properties": {"name": "Chalfonte Avenue", "highway": "tertiary", "length_m": 457.1}, "geometry": {"type": "LineString", "coordinates": [[-82.90807, 42.41149], [-82.90774, 42.41246], [-82.90771, 42.41255], [-82.9074, 42.41351], [-82.90734, 42.41371], [-82.90709, 42.4145], [-82.90684, 42.41525], [-82.90683, 42.41534], [-82.90682, 42.41539], [-82.9068, 42.41549]]}}, {"type": "Feature", "properties": {"name": "Kercheval Avenue", "highway": "tertiary", "length_m": 84.8}, "geometry": {"type": "LineString", "coordinates": [[-82.9008, 42.39759], [-82.9007, 42.39772], [-82.9003, 42.39825]]}}, {"type": "Feature", "properties": {"name": "Kercheval Avenue", "highway": "tertiary", "length_m": 618.9}, "geometry": {"type": "LineString", "coordinates": [[-82.90599, 42.39379], [-82.90569, 42.3939], [-82.90521, 42.39407], [-82.90504, 42.39413], [-82.90479, 42.39422], [-82.90425, 42.3944], [-82.90418, 42.39442], [-82.90406, 42.39449], [-82.90399, 42.39454], [-82.90393, 42.39459], [-82.90381, 42.39468], [-82.90287, 42.39536], [-82.90206, 42.39595], [-82.90203, 42.39598], [-82.90194, 42.39605], [-82.90182, 42.39622], [-82.90177, 42.39628], [-82.90172, 42.39634], [-82.90168, 42.39639], [-82.90133, 42.39687], [-82.90118, 42.39708], [-82.90087, 42.39748], [-82.9008, 42.39759]]}}, {"type": "Feature", "properties": {"name": "Windemere Place", "highway": "residential", "length_m": 17.6}, "geometry": {"type": "LineString", "coordinates": [[-82.88549, 42.41315], [-82.8856, 42.41301]]}}, {"type": "Feature", "properties": {"name": "Lakeview Avenue", "highway": "residential", "length_m": 354.3}, "geometry": {"type": "LineString", "coordinates": [[-82.89144, 42.4102], [-82.89209, 42.41047], [-82.89521, 42.41174]]}}, {"type": "Feature", "properties": {"name": "McMillan Road", "highway": "residential", "length_m": 33.4}, "geometry": {"type": "LineString", "coordinates": [[-82.90465, 42.39538], [-82.90468, 42.39547], [-82.90481, 42.39566]]}}, {"type": "Feature", "properties": {"name": "Hall Place", "highway": "residential", "length_m": 101.7}, "geometry": {"type": "LineString", "coordinates": [[-82.90132, 42.39531], [-82.90135, 42.39551], [-82.90138, 42.39558], [-82.9014, 42.39563], [-82.90144, 42.39567], [-82.90148, 42.39572], [-82.90153, 42.39576], [-82.90156, 42.39578], [-82.90159, 42.39579], [-82.90164, 42.39582], [-82.90192, 42.39593], [-82.90203, 42.39598]]}}, {"type": "Feature", "properties": {"name": "Forsyth Lane", "highway": "residential", "length_m": 190.2}, "geometry": {"type": "LineString", "coordinates": [[-82.89282, 42.40119], [-82.89079, 42.40038]]}}, {"type": "Feature", "properties": {"name": "", "highway": "residential", "length_m": 55.3}, "geometry": {"type": "LineString", "coordinates": [[-82.90626, 42.42043], [-82.90624, 42.42041], [-82.90624, 42.42038], [-82.90624, 42.42036], [-82.90626, 42.42034], [-82.90628, 42.42032], [-82.90632, 42.42031], [-82.90635, 42.42031], [-82.90638, 42.42031], [-82.90641, 42.42033], [-82.90644, 42.42035], [-82.90645, 42.42037], [-82.90645, 42.4204], [-82.90644, 42.42042], [-82.90641, 42.42045], [-82.90638, 42.42046], [-82.90635, 42.42047], [-82.90631, 42.42046], [-82.90628, 42.42045], [-82.90626, 42.42043]]}}, {"type": "Feature", "properties": {"name": "Charlevoix Avenue", "highway": "tertiary", "length_m": 251.8}, "geometry": {"type": "LineString", "coordinates": [[-82.90576, 42.39962], [-82.90502, 42.4006], [-82.90428, 42.4016]]}}, {"type": "Feature", "properties": {"name": "Kercheval Avenue", "highway": "tertiary", "length_m": 48.4}, "geometry": {"type": "LineString", "coordinates": [[-82.9003, 42.39825], [-82.90008, 42.39855], [-82.90001, 42.39863]]}}, {"type": "Feature", "properties": {"name": "Muir Road", "highway": "residential", "length_m": 477.0}, "geometry": {"type": "LineString", "coordinates": [[-82.89665, 42.39428], [-82.89691, 42.39438], [-82.90162, 42.3963], [-82.90172, 42.39634]]}}, {"type": "Feature", "properties": {"name": "Muir Road", "highway": "residential", "length_m": 24.0}, "geometry": {"type": "LineString", "coordinates": [[-82.90226, 42.39655], [-82.90251, 42.39666]]}}, {"type": "Feature", "properties": {"name": "Muir Road", "highway": "residential", "length_m": 50.0}, "geometry": {"type": "LineString", "coordinates": [[-82.90172, 42.39634], [-82.90185, 42.39639], [-82.90226, 42.39655]]}}, {"type": "Feature", "properties": {"name": "Mack Avenue", "highway": "secondary", "length_m": 63.5}, "geometry": {"type": "LineString", "coordinates": [[-82.91054, 42.41708], [-82.91052, 42.41717], [-82.91051, 42.41723], [-82.9105, 42.41725], [-82.91047, 42.41751], [-82.91045, 42.41764]]}}, {"type": "Feature", "properties": {"name": "", "highway": "residential", "length_m": 103.2}, "geometry": {"type": "LineString", "coordinates": [[-82.90198, 42.40288], [-82.90168, 42.40325], [-82.90144, 42.40358], [-82.90138, 42.4037]]}}, {"type": "Feature", "properties": {"name": "Kercheval Avenue", "highway": "residential", "length_m": 176.2}, "geometry": {"type": "LineString", "coordinates": [[-82.88763, 42.41533], [-82.88704, 42.41609], [-82.88658, 42.41672]]}}, {"type": "Feature", "properties": {"name": "", "highway": "residential", "length_m": 65.8}, "geometry": {"type": "LineString", "coordinates": [[-82.90662, 42.40984], [-82.90674, 42.41], [-82.90724, 42.41018]]}}, {"type": "Feature", "properties": {"name": "", "highway": "residential", "length_m": 46.1}, "geometry": {"type": "LineString", "coordinates": [[-82.90563, 42.42211], [-82.90574, 42.42205], [-82.90576, 42.42203], [-82.90576, 42.422], [-82.90576, 42.42198], [-82.90575, 42.42195], [-82.90573, 42.42193], [-82.9057, 42.4219], [-82.90565, 42.42189], [-82.90559, 42.42189], [-82.90551, 42.42192]]}}, {"type": "Feature", "properties": {"name": "", "highway": "residential", "length_m": 37.7}, "geometry": {"type": "LineString", "coordinates": [[-82.89941, 42.42155], [-82.8994, 42.42162], [-82.89939, 42.42168], [-82.89935, 42.4217], [-82.89928, 42.42169], [-82.89915, 42.4216]]}}, {"type": "Feature", "properties": {"name": "", "highway": "residential", "length_m": 71.6}, "geometry": {"type": "LineString", "coordinates": [[-82.9043, 42.40026], [-82.90422, 42.40016], [-82.90413, 42.40011], [-82.90407, 42.40009], [-82.90397, 42.40009], [-82.90388, 42.40012], [-82.90384, 42.40015], [-82.90381, 42.40022], [-82.90381, 42.40028], [-82.90382, 42.40036]]}}, {"type": "Feature", "properties": {"name": "Newcastle Road", "highway": "residential", "length_m": 1128.8}, "geometry": {"type": "LineString", "coordinates": [[-82.91013, 42.42187], [-82.91027, 42.42187], [-82.91035, 42.42187], [-82.91045, 42.42188], [-82.91086, 42.42192], [-82.91597, 42.42401], [-82.91905, 42.42526], [-82.92221, 42.42656]]}}, {"type": "Feature", "properties": {"name": "Lake Shore Road", "highway": "secondary", "length_m": 46.8}, "geometry": {"type": "LineString", "coordinates": [[-82.88678, 42.40646], [-82.88679, 42.40641], [-82.8868, 42.40636], [-82.88683, 42.40623], [-82.88685, 42.40614], [-82.88687, 42.40608], [-82.88688, 42.40605]]}}, {"type": "Feature", "properties": {"name": "Canyon Street", "highway": "residential", "length_m": 841.6}, "geometry": {"type": "LineString", "coordinates": [[-82.9139, 42.40948], [-82.91394, 42.40955], [-82.91402, 42.40967], [-82.91407, 42.40975], [-82.91417, 42.40989], [-82.91429, 42.41006], [-82.91435, 42.41016], [-82.91444, 42.41028], [-82.91457, 42.41048], [-82.91524, 42.41144], [-82.9155, 42.41181], [-82.91561, 42.412], [-82.91564, 42.41204], [-82.91641, 42.41316], [-82.9174, 42.41459], [-82.91769, 42.41501], [-82.9183, 42.41591], [-82.91852, 42.41623]]}}, {"type": "Feature", "properties": {"name": "Mack Avenue", "highway": "secondary", "length_m": 219.4}, "geometry": {"type": "LineString", "coordinates": [[-82.91028, 42.41892], [-82.91028, 42.41894], [-82.91025, 42.41921], [-82.91018, 42.41974], [-82.91011, 42.42051], [-82.91009, 42.42077], [-82.91008, 42.42088]]}}]}