{"type": "FeatureCollection", "features": [{"type": "Feature", "properties": {"building": "house", "source": "way"}, "geometry": {"type": "Point", "coordinates": [-82.89362091169245, 42.39135541381527]}}, {"type": "Feature", "properties": {"building": "yes", "source": "way"}, "geometry": {"type": "Point", "coordinates": [-82.8975032501037, 42.3864014946339]}}, {"type": "Feature", "properties": {"building": "yes", "source": "way"}, "geometry": {"type": "Point", "coordinates": [-82.89914286997292, 42.386830332718645]}}, {"type": "Feature", "properties": {"building": "yes", "source": "way"}, "geometry": {"type": "Point", "coordinates": [-82.89825305976878, 42.385775655318895]}}, {"type": "Feature", "properties": {"building": "yes", "source": "way"}, "geometry": {"type": "Point", "coordinates": [-82.89841346099116, 42.38613567028597]}}, {"type": "Feature", "properties": {"building": "school", "source": "way"}, "geometry": {"type": "Point", "coordinates": [-82.90259724158912, 42.39086637776711]}}, {"type": "Feature", "properties": {"building": "school", "source": "way"}, "geometry": {"type": "Point", "coordinates": [-82.90227948404255, 42.39142827431016]}}, {"type": "Feature", "properties": {"building": "school", "source": "way"}, "geometry": {"type": "Point", "coordinates": [-82.90156335961362, 42.3907964618952]}}, {"type": "Feature", "properties": {"building": "yes", "source": "way"}, "geometry": {"type": "Point", "coordinates": [-82.90199208253091, 42.39074342423019]}}, {"type": "Feature", "properties": {"building": "yes", "source": "way"}, "geometry": {"type": "Point", "coordinates": [-82.90191332725261, 42.391986537807156]}}, {"type": "Feature", "properties": {"building": "detached", "source": "way"}, "geometry": {"type": "Point", "coordinates": [-82.8948805211476, 42.39179871759072]}}, {"type": "Feature", "properties": {"building": "detached", "source": "way"}, "geometry": {"type": "Point", "coordinates": [-82.89421581977312, 42.391596016872576]}}, {"type": "Feature", "properties": {"building": "detached", "source": "way"}, "geometry": {"type": "Point", "coordinates": [-82.89445474868275, 42.39128007126714]}}, {"type": "Feature", "properties": {"building": "detached", "source": "way"}, "geometry": {"type": "Point", "coordinates": [-82.89398487455, 42.39094772286805]}}, {"type": "Feature", "properties": {"building": "detached", "source": "way"}, "geometry": {"type": "Point", "coordinates": [-82.89689403655707, 42.387705171419725]}}, {"type": "Feature", "properties": {"building": "detached", "source": "way"}, "geometry": {"type": "Point", "coordinates": [-82.89597224548211, 42.38840481676148]}}, {"type": "Feature", "properties": {"building": "detached", "source": "way"}, "geometry": {"type": "Point", "coordinates": [-82.89530357010767, 42.38861698791997]}}, {"type": "Feature", "properties": {"building": "yes", "source": "way"}, "geometry": {"type": "Point", "coordinates": [-82.89657566247237, 42.38802009257234]}}, {"type": "Feature", "properties": {"building": "detached", "source": "way"}, "geometry": {"type": "Point", "coordinates": [-82.8949024361015, 42.388810715143094]}}, {"type": "Feature", "properties": {"building": "detached", "source": "way"}, "geometry": {"type": "Point", "coordinates": [-82.89459198927798, 42.38904164564336]}}, {"type": "Feature", "properties": {"building": "detached", "source": "way"}, "geometry": {"type": "Point", "coordinates": [-82.89339045738097, 42.39162459333134]}}, {"type": "Feature", "properties": {"building": "roof", "source": "way"}, "geometry": {"type": "Point", "coordinates": [-82.88562002109977, 42.40233965682257]}}, {"type": "Feature", "properties": {"building": "yes", "source": "way"}, "geometry": {"type": "Point", "coordinates": [-82.88496115774862, 42.402101488850946]}}, {"type": "Feature", "properties": {"building": "yes", "source": "way"}, "geometry": {"type": "Point", "coordinates": [-82.88625285000002, 42.40213105000001]}}, {"type": "Feature", "properties": {"building": "yes", "source": "way"}, "geometry": {"type": "Point", "coordinates": [-82.89564435607919, 42.41594838302511]}}, {"type": "Feature", "properties": {"building": "school", "source": "way"}, "geometry": {"type": "Point", "coordinates": [-82.89234276186592, 42.39547825125442]}}, {"type": "Feature", "properties": {"building": "retail", "source": "way"}, "geometry": {"type": "Point", "coordinates": [-82.90995517835796, 42.41728814164067]}}, {"type": "Feature", "properties": {"building": "retail", "source": "way"}, "geometry": {"type": "Point", "coordinates": [-82.91020536804162, 42.417323562666276]}}, {"type": "Feature", "properties": {"building": "retail", "source": "way"}, "geometry": {"type": "Point", "coordinates": [-82.91005741823581, 42.41707738440878]}}, {"type": "Feature", "properties": {"building": "retail", "source": "way"}, "geometry": {"type": "Point", "coordinates": [-82.91185031897004, 42.41297926666667]}}, {"type": "Feature", "properties": {"building": "yes", "source": "way"}, "geometry": {"type": "Point", "coordinates": [-82.90911808903171, 42.404286825652406]}}, {"type": "Feature", "properties": {"building": "yes", "source": "way"}, "geometry": {"type": "Point", "coordinates": [-82.9086395367283, 42.4040528395548]}}, {"type": "Feature", "properties": {"building": "yes", "source": "way"}, "geometry": {"type": "Point", "coordinates": [-82.90848943427818, 42.404023210192186]}}, {"type": "Feature", "properties": {"building": "commercial", "source": "way"}, "geometry": {"type": "Point", "coordinates": [-82.90102026551823, 42.41747893459771]}}, {"type": "Feature", "properties": {"building": "retail", "source": "way"}, "geometry": {"type": "Point", "coordinates": [-82.91390160000002, 42.408453300000005]}}, {"type": "Feature", "properties": {"building": "yes", "source": "way"}, "geometry": {"type": "Point", "coordinates": [-82.9053315, 42.3937329]}}, {"type": "Feature", "properties": {"building": "yes", "source": "way"}, "geometry": {"type": "Point", "coordinates": [-82.90795054155693, 42.4106238977013]}}, {"type": "Feature", "properties": {"building": "yes", "source": "way"}, "geometry": {"type": "Point", "coordinates": [-82.90956960145606, 42.40626210245691]}}, {"type": "Feature", "properties": {"building": "yes", "source": "way"}, "geometry": {"type": "Point", "coordinates": [-82.90913415423577, 42.40609193324112]}}, {"type": "Feature", "properties": {"building": "yes", "source": "way"}, "geometry": {"type": "Point", "coordinates": [-82.90897052514633, 42.406771643228616]}}, {"type": "Feature", "properties": {"building": "yes", "source": "way"}, "geometry": {"type": "Point", "coordinates": [-82.8919543312142, 42.394520914220266]}}, {"type": "Feature", "properties": {"building": "yes", "source": "way"}, "geometry": {"type": "Point", "coordinates": [-82.89226577689462, 42.39438972783239]}}, {"type": "Feature", "properties": {"building": "school", "source": "way"}, "geometry": {"type": "Point", "coordinates": [-82.89499825474316, 42.39524387351203]}}, {"type": "Feature", "properties": {"building": "school", "source": "way"}, "geometry": {"type": "Point", "coordinates": [-82.89431086341547, 42.395283427419635]}}, {"type": "Feature", "properties": {"building": "school", "source": "way"}, "geometry": {"type": "Point", "coordinates": [-82.90521594941737, 42.3952367994427]}}, {"type": "Feature", "properties": {"building": "yes", "source": "way"}, "geometry": {"type": "Point", "coordinates": [-82.90425310195226, 42.395482149674805]}}, {"type": "Feature", "properties": {"building": "yes", "source": "way"}, "geometry": {"type": "Point", "coordinates": [-82.89513586883677, 42.41015120826343]}}, {"type": "Feature", "properties": {"building": "yes", "source": "way"}, "geometry": {"type": "Point", "coordinates": [-82.90307165192809, 42.396544424157476]}}, {"type": "Feature", "properties": {"building": "hospital", "source": "way"}, "geometry": {"type": "Point", "coordinates": [-82.90226910128739, 42.39616288909239]}}, {"type": "Feature", "properties": {"building": "service", "source": "way"}, "geometry": {"type": "Point", "coordinates": [-82.90292282739168, 42.39734623959439]}}, {"type": "Feature", "properties": {"building": "retail", "source": "way"}, "geometry": {"type": "Point", "coordinates": [-82.91088192590314, 42.414850282112646]}}, {"type": "Feature", "properties": {"building": "school", "source": "way"}, "geometry": {"type": "Point", "coordinates": [-82.90164454926985, 42.40938871826345]}}, {"type": "Feature", "properties": {"building": "yes", "source": "way"}, "geometry": {"type": "Point", "coordinates": [-82.90042, 42.417231949999994]}}, {"type": "Feature", "properties": {"building": "yes", "source": "way"}, "geometry": {"type": "Point", "coordinates": [-82.89997402299804, 42.417000211545684]}}, {"type": "Feature", "properties": {"building": "yes", "source": "way"}, "geometry": {"type": "Point", "coordinates": [-82.89583938259547, 42.416177843959375]}}, {"type": "Feature", "properties": {"building": "yes", "source": "way"}, "geometry": {"type": "Point", "coordinates": [-82.89522975230476, 42.41599924677365]}}, {"type": "Feature", "properties": {"building": "yes", "source": "way"}, "geometry": {"type": "Point", "coordinates": [-82.8954119197664, 42.415732001694124]}}, {"type": "Feature", "properties": {"building": "yes", "source": "way"}, "geometry": {"type": "Point", "coordinates": [-82.89557198319693, 42.41533844238784]}}, {"type": "Feature", "properties": {"building": "yes", "source": "way"}, "geometry": {"type": "Point", "coordinates": [-82.89399325669497, 42.41459843259623]}}, {"type": "Feature", "properties": {"building": "house", "source": "way"}, "geometry": {"type": "Point", "coordinates": [-82.90170705159916, 42.42263073651875]}}, {"type": "Feature", "properties": {"building": "garage", "source": "way"}, "geometry": {"type": "Point", "coordinates": [-82.90192770363234, 42.42276958149216]}}, {"type": "Feature", "properties": {"building": "house", "source": "way"}, "geometry": {"type": "Point", "coordinates": [-82.890046777474, 42.417232705737895]}}, {"type": "Feature", "properties": {"building": "garage", "source": "way"}, "geometry": {"type": "Point", "coordinates": [-82.8895419990365, 42.41792617749784]}}, {"type": "Feature", "properties": {"building": "house", "source": "way"}, "geometry": {"type": "Point", "coordinates": [-82.8946258556319, 42.41909266076431]}}, {"type": "Feature", "properties": {"building": "house", "source": "way"}, "geometry": {"type": "Point", "coordinates": [-82.89173390203182, 42.41773911791231]}}, {"type": "Feature", "properties": {"building": "retail", "source": "way"}, "geometry": {"type": "Point", "coordinates": [-82.9110504546001, 42.41452499570173]}}, {"type": "Feature", "properties": {"building": "retail", "source": "way"}, "geometry": {"type": "Point", "coordinates": [-82.91102963287284, 42.41431798626637]}}, {"type": "Feature", "properties": {"building": "retail", "source": "way"}, "geometry": {"type": "Point", "coordinates": [-82.9114644320912, 42.41378868787416]}}, {"type": "Feature", "properties": {"building": "retail", "source": "way"}, "geometry": {"type": "Point", "coordinates": [-82.91190601835045, 42.412605908858815]}}, {"type": "Feature", "properties": {"building": "retail", "source": "way"}, "geometry": {"type": "Point", "coordinates": [-82.91067238248264, 42.41519369446048]}}, {"type": "Feature", "properties": {"building": "house", "source": "way"}, "geometry": {"type": "Point", "coordinates": [-82.9022623434351, 42.42278335457974]}}, {"type": "Feature", "properties": {"building": "yes", "source": "way"}, "geometry": {"type": "Point", "coordinates": [-82.90809684999998, 42.42547679999999]}}, {"type": "Feature", "properties": {"building": "yes", "source": "way"}, "geometry": {"type": "Point", "coordinates": [-82.90835215243003, 42.42559254984259]}}, {"type": "Feature", "properties": {"building": "yes", "source": "way"}, "geometry": {"type": "Point", "coordinates": [-82.9086627951068, 42.425733725135586]}}, {"type": "Feature", "properties": {"building": "yes", "source": "way"}, "geometry": {"type": "Point", "coordinates": [-82.90894114691122, 42.425820656296025]}}, {"type": "Feature", "properties": {"building": "yes", "source": "way"}, "geometry": {"type": "Point", "coordinates": [-82.90779083497625, 42.4253575006391]}}, {"type": "Feature", "properties": {"building": "yes", "source": "way"}, "geometry": {"type": "Point", "coordinates": [-82.9081876961836, 42.42504053738397]}}, {"type": "Feature", "properties": {"building": "yes", "source": "way"}, "geometry": {"type": "Point", "coordinates": [-82.90848452725852, 42.42514478196814]}}, {"type": "Feature", "properties": {"building": "yes", "source": "way"}, "geometry": {"type": "Point", "coordinates": [-82.90875873597263, 42.42528213344199]}}, {"type": "Feature", "properties": {"building": "yes", "source": "way"}, "geometry": {"type": "Point", "coordinates": [-82.90906400778269, 42.42538880129982]}}, {"type": "Feature", "properties": {"building": "yes", "source": "way"}, "geometry": {"type": "Point", "coordinates": [-82.90931476748993, 42.425497741450755]}}, {"type": "Feature", "properties": {"building": "yes", "source": "way"}, "geometry": {"type": "Point", "coordinates": [-82.90920845, 42.42592145]}}, {"type": "Feature", "properties": {"building": "yes", "source": "way"}, "geometry": {"type": "Point", "coordinates": [-82.90924914686468, 42.426077117604805]}}, {"type": "Feature", "properties": {"building": "yes", "source": "way"}, "geometry": {"type": "Point", "coordinates": [-82.90702761314743, 42.424230928451706]}}, {"type": "Feature", "properties": {"building": "yes", "source": "way"}, "geometry": {"type": "Point", "coordinates": [-82.90712866309235, 42.424434489429906]}}, {"type": "Feature", "properties": {"building": "yes", "source": "way"}, "geometry": {"type": "Point", "coordinates": [-82.9068923210944, 42.42452182968624]}}, {"type": "Feature", "properties": {"building": "yes", "source": "way"}, "geometry": {"type": "Point", "coordinates": [-82.9065924122511, 42.424620445182256]}}, {"type": "Feature", "properties": {"building": "yes", "source": "way"}, "geometry": {"type": "Point", "coordinates": [-82.90653860000002, 42.424844349999994]}}, {"type": "Feature", "properties": {"building": "yes", "source": "way"}, "geometry": {"type": "Point", "coordinates": [-82.90679757750266, 42.42502691095954]}}, {"type": "Feature", "properties": {"building": "yes", "source": "way"}, "geometry": {"type": "Point", "coordinates": [-82.90709472968389, 42.42499227890731]}}, {"type": "Feature", "properties": {"building": "yes", "source": "way"}, "geometry": {"type": "Point", "coordinates": [-82.9073838355773, 42.42489936519493]}}, {"type": "Feature", "properties": {"building": "yes", "source": "way"}, "geometry": {"type": "Point", "coordinates": [-82.90752669604005, 42.42514164127116]}}, {"type": "Feature", "properties": {"building": "yes", "source": "way"}, "geometry": {"type": "Point", "coordinates": [-82.90698054476717, 42.42397458653291]}}, {"type": "Feature", "properties": {"building": "yes", "source": "way"}, "geometry": {"type": "Point", "coordinates": [-82.90704771187045, 42.423672680120525]}}, {"type": "Feature", "properties": {"building": "yes", "source": "way"}, "geometry": {"type": "Point", "coordinates": [-82.90759349276426, 42.4239268445875]}}, {"type": "Feature", "properties": {"building": "yes", "source": "way"}, "geometry": {"type": "Point", "coordinates": [-82.90764668344627, 42.42423284874275]}}, {"type": "Feature", "properties": {"building": "yes", "source": "way"}, "geometry": {"type": "Point", "coordinates": [-82.90772025000001, 42.4244369]}}, {"type": "Feature", "properties": {"building": "yes", "source": "way"}, "geometry": {"type": "Point", "coordinates": [-82.90783225587654, 42.424635714990856]}}, {"type": "Feature", "properties": {"building": "yes", "source": "way"}, "geometry": {"type": "Point", "coordinates": [-82.90797780000001, 42.42485135]}}, {"type": "Feature", "properties": {"building": "yes", "source": "way"}, "geometry": {"type": "Point", "coordinates": [-82.90677233172094, 42.423547356910134]}}, {"type": "Feature", "properties": {"building": "yes", "source": "way"}, "geometry": {"type": "Point", "coordinates": [-82.90661765, 42.42369715]}}, {"type": "Feature", "properties": {"building": "yes", "source": "way"}, "geometry": {"type": "Point", "coordinates": [-82.90656685114277, 42.423911808815774]}}, {"type": "Feature", "properties": {"building": "yes", "source": "way"}, "geometry": {"type": "Point", "coordinates": [-82.90649423805131, 42.42414082874067]}}, {"type": "Feature", "properties": {"building": "yes", "source": "way"}, "geometry": {"type": "Point", "coordinates": [-82.9063588135587, 42.424362952865124]}}, {"type": "Feature", "properties": {"building": "yes", "source": "way"}, "geometry": {"type": "Point", "coordinates": [-82.906151252354, 42.424659395645996]}}, {"type": "Feature", "properties": {"building": "yes", "source": "way"}, "geometry": {"type": "Point", "coordinates": [-82.90581205, 42.4245472]}}, {"type": "Feature", "properties": {"building": "yes", "source": "way"}, "geometry": {"type": "Point", "coordinates": [-82.90556577000677, 42.42442173279037]}}, {"type": "Feature", "properties": {"building": "yes", "source": "way"}, "geometry": {"type": "Point", "coordinates": [-82.90530310000001, 42.424322000000004]}}, {"type": "Feature", "properties": {"building": "yes", "source": "way"}, "geometry": {"type": "Point", "coordinates": [-82.9049931, 42.4241668]}}, {"type": "Feature", "properties": {"building": "yes", "source": "way"}, "geometry": {"type": "Point", "coordinates": [-82.90786530853163, 42.424005632736]}}, {"type": "Feature", "properties": {"building": "yes", "source": "way"}, "geometry": {"type": "Point", "coordinates": [-82.9081199, 42.424136250000004]}}, {"type": "Feature", "properties": {"building": "yes", "source": "way"}, "geometry": {"type": "Point", "coordinates": [-82.90819023155142, 42.42430610195493]}}, {"type": "Feature", "properties": {"building": "yes", "source": "way"}, "geometry": {"type": "Point", "coordinates": [-82.90828641794097, 42.424432683858136]}}, {"type": "Feature", "properties": {"building": "yes", "source": "way"}, "geometry": {"type": "Point", "coordinates": [-82.90836178400482, 42.42457265708567]}}, {"type": "Feature", "properties": {"building": "yes", "source": "way"}, "geometry": {"type": "Point", "coordinates": [-82.90848459847844, 42.424711140998575]}}, {"type": "Feature", "properties": {"building": "yes", "source": "way"}, "geometry": {"type": "Point", "coordinates": [-82.90827840448637, 42.42477726766287]}}, {"type": "Feature", "properties": {"building": "yes", "source": "way"}, "geometry": {"type": "Point", "coordinates": [-82.9087246336017, 42.42483965434759]}}, {"type": "Feature", "properties": {"building": "yes", "source": "way"}, "geometry": {"type": "Point", "coordinates": [-82.90899526208351, 42.424944734365]}}, {"type": "Feature", "properties": {"building": "yes", "source": "way"}, "geometry": {"type": "Point", "coordinates": [-82.90884023188401, 42.425033196712725]}}, {"type": "Feature", "properties": {"building": "yes", "source": "way"}, "geometry": {"type": "Point", "coordinates": [-82.90917850641866, 42.42502233082138]}}, {"type": "Feature", "properties": {"building": "yes", "source": "way"}, "geometry": {"type": "Point", "coordinates": [-82.9093225716142, 42.42511960879396]}}, {"type": "Feature", "properties": {"building": "yes", "source": "way"}, "geometry": {"type": "Point", "coordinates": [-82.909088411175, 42.424500531805535]}}, {"type": "Feature", "properties": {"building": "yes", "source": "way"}, "geometry": {"type": "Point", "coordinates": [-82.90936321100789, 42.424629167232766]}}, {"type": "Feature", "properties": {"building": "yes", "source": "way"}, "geometry": {"type": "Point", "coordinates": [-82.909186450486, 42.424212202741806]}}, {"type": "Feature", "properties": {"building": "yes", "source": "way"}, "geometry": {"type": "Point", "coordinates": [-82.90885085689716, 42.42431407651353]}}, {"type": "Feature", "properties": {"building": "yes", "source": "way"}, "geometry": {"type": "Point", "coordinates": [-82.90877650784387, 42.42412792066543]}}, {"type": "Feature", "properties": {"building": "yes", "source": "way"}, "geometry": {"type": "Point", "coordinates": [-82.90867538009064, 42.424000012371245]}}, {"type": "Feature", "properties": {"building": "yes", "source": "way"}, "geometry": {"type": "Point", "coordinates": [-82.90860939007334, 42.423858452150284]}}, {"type": "Feature", "properties": {"building": "yes", "source": "way"}, "geometry": {"type": "Point", "coordinates": [-82.90883283090392, 42.42378549533126]}}, {"type": "Feature", "properties": {"building": "yes", "source": "way"}, "geometry": {"type": "Point", "coordinates": [-82.90839150449303, 42.42375036193341]}}, {"type": "Feature", "properties": {"building": "yes", "source": "way"}, "geometry": {"type": "Point", "coordinates": [-82.90823132315255, 42.42365715303218]}}, {"type": "Feature", "properties": {"building": "yes", "source": "way"}, "geometry": {"type": "Point", "coordinates": [-82.90803211099184, 42.42361393244413]}}, {"type": "Feature", "properties": {"building": "yes", "source": "way"}, "geometry": {"type": "Point", "coordinates": [-82.90783066443502, 42.42351700630651]}}, {"type": "Feature", "properties": {"building": "yes", "source": "way"}, "geometry": {"type": "Point", "coordinates": [-82.90759328109243, 42.42341962497697]}}, {"type": "Feature", "properties": {"building": "yes", "source": "way"}, "geometry": {"type": "Point", "coordinates": [-82.90732085176629, 42.423304200607895]}}, {"type": "Feature", "properties": {"building": "yes", "source": "way"}, "geometry": {"type": "Point", "coordinates": [-82.90707300760086, 42.42318064857528]}}, {"type": "Feature", "properties": {"building": "yes", "source": "way"}, "geometry": {"type": "Point", "coordinates": [-82.90680692893196, 42.423029204502704]}}, {"type": "Feature", "properties": {"building": "yes", "source": "way"}, "geometry": {"type": "Point", "coordinates": [-82.9079801675742, 42.42330210825219]}}, {"type": "Feature", "properties": {"building": "yes", "source": "way"}, "geometry": {"type": "Point", "coordinates": [-82.90814568178499, 42.423374395538865]}}, {"type": "Feature", "properties": {"building": "yes", "source": "way"}, "geometry": {"type": "Point", "coordinates": [-82.90820063044315, 42.423502545349336]}}, {"type": "Feature", "properties": {"building": "yes", "source": "way"}, "geometry": {"type": "Point", "coordinates": [-82.90834724109826, 42.423451918133054]}}, {"type": "Feature", "properties": {"building": "yes", "source": "way"}, "geometry": {"type": "Point", "coordinates": [-82.90860475, 42.42366785]}}, {"type": "Feature", "properties": {"building": "yes", "source": "way"}, "geometry": {"type": "Point", "coordinates": [-82.90868275, 42.423594099999995]}}, {"type": "Feature", "properties": {"building": "yes", "source": "way"}, "geometry": {"type": "Point", "coordinates": [-82.9088453764906, 42.42366443544077]}}, {"type": "Feature", "properties": {"building": "yes", "source": "way"}, "geometry": {"type": "Point", "coordinates": [-82.90927016462891, 42.42395350734885]}}, {"type": "Feature", "properties": {"building": "yes", "source": "way"}, "geometry": {"type": "Point", "coordinates": [-82.90926333840552, 42.423626558132085]}}, {"type": "Feature", "properties": {"building": "yes", "source": "way"}, "geometry": {"type": "Point", "coordinates": [-82.907777760037, 42.423069581248946]}}, {"type": "Feature", "properties": {"building": "yes", "source": "way"}, "geometry": {"type": "Point", "coordinates": [-82.90812228629588, 42.423238890857405]}}, {"type": "Feature", "properties": {"building": "yes", "source": "way"}, "geometry": {"type": "Point", "coordinates": [-82.90795154271233, 42.423137202246465]}}, {"type": "Feature", "properties": {"building": "yes", "source": "way"}, "geometry": {"type": "Point", "coordinates": [-82.90831017518106, 42.42326421974143]}}, {"type": "Feature", "properties": {"building": "yes", "source": "way"}, "geometry": {"type": "Point", "coordinates": [-82.90848134675693, 42.42334928562038]}}, {"type": "Feature", "properties": {"building": "yes", "source": "way"}, "geometry": {"type": "Point", "coordinates": [-82.90865589142605, 42.423415509698025]}}, {"type": "Feature", "properties": {"building": "yes", "source": "way"}, "geometry": {"type": "Point", "coordinates": [-82.9088185774723, 42.42351030331968]}}, {"type": "Feature", "properties": {"building": "yes", "source": "way"}, "geometry": {"type": "Point", "coordinates": [-82.90901005273514, 42.42356013745153]}}, {"type": "Feature", "properties": {"building": "yes", "source": "way"}, "geometry": {"type": "Point", "coordinates": [-82.90953604500113, 42.42368641806562]}}, {"type": "Feature", "properties": {"building": "yes", "source": "way"}, "geometry": {"type": "Point", "coordinates": [-82.90747529999999, 42.4230916]}}, {"type": "Feature", "properties": {"building": "yes", "source": "way"}, "geometry": {"type": "Point", "coordinates": [-82.90762275, 42.423159049999995]}}, {"type": "Feature", "properties": {"building": "yes", "source": "way"}, "geometry": {"type": "Point", "coordinates": [-82.90616134756219, 42.42315988479608]}}, {"type": "Feature", "properties": {"building": "yes", "source": "way"}, "geometry": {"type": "Point", "coordinates": [-82.90608928437746, 42.42340299238176]}}, {"type": "Feature", "properties": {"building": "yes", "source": "way"}, "geometry": {"type": "Point", "coordinates": [-82.90603393165355, 42.42363851395538]}}, {"type": "Feature", "properties": {"building": "yes", "source": "way"}, "geometry": {"type": "Point", "coordinates": [-82.90595614606637, 42.42381648896222]}}, {"type": "Feature", "properties": {"building": "yes", "source": "way"}, "geometry": {"type": "Point", "coordinates": [-82.90583666504507, 42.42410279874079]}}, {"type": "Feature", "properties": {"building": "yes", "source": "way"}, "geometry": {"type": "Point", "coordinates": [-82.90548979820389, 42.42392575174238]}}, {"type": "Feature", "properties": {"building": "yes", "source": "way"}, "geometry": {"type": "Point", "coordinates": [-82.90555461837168, 42.42363683775798]}}, {"type": "Feature", "properties": {"building": "yes", "source": "way"}, "geometry": {"type": "Point", "coordinates": [-82.90563866212634, 42.42337785098192]}}, {"type": "Feature", "properties": {"building": "yes", "source": "way"}, "geometry": {"type": "Point", "coordinates": [-82.90572395086656, 42.4231464390099]}}, {"type": "Feature", "properties": {"building": "yes", "source": "way"}, "geometry": {"type": "Point", "coordinates": [-82.90584086913285, 42.42293725324935]}}, {"type": "Feature", "properties": {"building": "yes", "source": "way"}, "geometry": {"type": "Point", "coordinates": [-82.90594030447265, 42.42247593983985]}}, {"type": "Feature", "properties": {"building": "yes", "source": "way"}, "geometry": {"type": "Point", "coordinates": [-82.90627051676911, 42.42261285837741]}}, {"type": "Feature", "properties": {"building": "yes", "source": "way"}, "geometry": {"type": "Point", "coordinates": [-82.90625413460806, 42.42283774967517]}}, {"type": "Feature", "properties": {"building": "yes", "source": "way"}, "geometry": {"type": "Point", "coordinates": [-82.90587485392534, 42.42270117786585]}}, {"type": "Feature", "properties": {"building": "yes", "source": "way"}, "geometry": {"type": "Point", "coordinates": [-82.90596721376615, 42.42220384184056]}}, {"type": "Feature", "properties": {"building": "yes", "source": "way"}, "geometry": {"type": "Point", "coordinates": [-82.90635852663048, 42.42231348219642]}}, {"type": "Feature", "properties": {"building": "yes", "source": "way"}, "geometry": {"type": "Point", "coordinates": [-82.90647646228146, 42.422006365873656]}}, {"type": "Feature", "properties": {"building": "yes", "source": "way"}, "geometry": {"type": "Point", "coordinates": [-82.90662996416765, 42.42176426510732]}}, {"type": "Feature", "properties": {"building": "yes", "source": "way"}, "geometry": {"type": "Point", "coordinates": [-82.90713033037997, 42.42199111943704]}}, {"type": "Feature", "properties": {"building": "yes", "source": "way"}, "geometry": {"type": "Point", "coordinates": [-82.90703124188418, 42.42215037317637]}}, {"type": "Feature", "properties": {"building": "yes", "source": "way"}, "geometry": {"type": "Point", "coordinates": [-82.90694207509402, 42.42232349022443]}}, {"type": "Feature", "properties": {"building": "yes", "source": "way"}, "geometry": {"type": "Point", "coordinates": [-82.90687433131613, 42.422551367319784]}}, {"type": "Feature", "properties": {"building": "yes", "source": "way"}, "geometry": {"type": "Point", "coordinates": [-82.90682228662747, 42.42279920263539]}}, {"type": "Feature", "properties": {"building": "yes", "source": "way"}, "geometry": {"type": "Point", "coordinates": [-82.90506285838573, 42.42323869319305]}}, {"type": "Feature", "properties": {"building": "yes", "source": "way"}, "geometry": {"type": "Point", "coordinates": [-82.90500139100978, 42.42346907392356]}}, {"type": "Feature", "properties": {"building": "yes", "source": "way"}, "geometry": {"type": "Point", "coordinates": [-82.90497035, 42.4236627]}}, {"type": "Feature", "properties": {"building": "yes", "source": "way"}, "geometry": {"type": "Point", "coordinates": [-82.90489526990727, 42.42375430328604]}}, {"type": "Feature", "properties": {"building": "yes", "source": "way"}, "geometry": {"type": "Point", "coordinates": [-82.90786274583492, 42.422557441536085]}}, {"type": "Feature", "properties": {"building": "yes", "source": "way"}, "geometry": {"type": "Point", "coordinates": [-82.9080081822023, 42.422682867163424]}}, {"type": "Feature", "properties": {"building": "yes", "source": "way"}, "geometry": {"type": "Point", "coordinates": [-82.908190501778, 42.422747245134]}}, {"type": "Feature", "properties": {"building": "yes", "source": "way"}, "geometry": {"type": "Point", "coordinates": [-82.90838176581278, 42.42283094570026]}}, {"type": "Feature", "properties": {"building": "yes", "source": "way"}, "geometry": {"type": "Point", "coordinates": [-82.9085666467541, 42.4229040184554]}}, {"type": "Feature", "properties": {"building": "yes", "source": "way"}, "geometry": {"type": "Point", "coordinates": [-82.9087216050097, 42.422978186978646]}}, {"type": "Feature", "properties": {"building": "yes", "source": "way"}, "geometry": {"type": "Point", "coordinates": [-82.90890304002842, 42.42305251886202]}}, {"type": "Feature", "properties": {"building": "yes", "source": "way"}, "geometry": {"type": "Point", "coordinates": [-82.90907821411831, 42.42312137053707]}}, {"type": "Feature", "properties": {"building": "yes", "source": "way"}, "geometry": {"type": "Point", "coordinates": [-82.90926884416311, 42.423190580237446]}}, {"type": "Feature", "properties": {"building": "yes", "source": "way"}, "geometry": {"type": "Point", "coordinates": [-82.9095383251062, 42.423226008286505]}}, {"type": "Feature", "properties": {"building": "yes", "source": "way"}, "geometry": {"type": "Point", "coordinates": [-82.90928494033335, 42.423042371749894]}}, {"type": "Feature", "properties": {"building": "yes", "source": "way"}, "geometry": {"type": "Point", "coordinates": [-82.90920275276628, 42.42300243227974]}}, {"type": "Feature", "properties": {"building": "yes", "source": "way"}, "geometry": {"type": "Point", "coordinates": [-82.90804444941055, 42.42231189874859]}}, {"type": "Feature", "properties": {"building": "yes", "source": "way"}, "geometry": {"type": "Point", "coordinates": [-82.90826713208729, 42.42233244791526]}}, {"type": "Feature", "properties": {"building": "yes", "source": "way"}, "geometry": {"type": "Point", "coordinates": [-82.9082455313862, 42.422472893868274]}}, {"type": "Feature", "properties": {"building": "yes", "source": "way"}, "geometry": {"type": "Point", "coordinates": [-82.90816151813931, 42.42257130349382]}}, {"type": "Feature", "properties": {"building": "yes", "source": "way"}, "geometry": {"type": "Point", "coordinates": [-82.90834293026461, 42.422653345459764]}}, {"type": "Feature", "properties": {"building": "yes", "source": "way"}, "geometry": {"type": "Point", "coordinates": [-82.90839299800369, 42.42256066754992]}}, {"type": "Feature", "properties": {"building": "yes", "source": "way"}, "geometry": {"type": "Point", "coordinates": [-82.90841602502198, 42.422426118583736]}}, {"type": "Feature", "properties": {"building": "yes", "source": "way"}, "geometry": {"type": "Point", "coordinates": [-82.90860376496418, 42.422491390171984]}}, {"type": "Feature", "properties": {"building": "yes", "source": "way"}, "geometry": {"type": "Point", "coordinates": [-82.90880427017052, 42.422555063105236]}}, {"type": "Feature", "properties": {"building": "yes", "source": "way"}, "geometry": {"type": "Point", "coordinates": [-82.90896199063857, 42.42264120960637]}}, {"type": "Feature", "properties": {"building": "yes", "source": "way"}, "geometry": {"type": "Point", "coordinates": [-82.90912138755522, 42.42269716888968]}}, {"type": "Feature", "properties": {"building": "yes", "source": "way"}, "geometry": {"type": "Point", "coordinates": [-82.90929750109134, 42.422764915438165]}}, {"type": "Feature", "properties": {"building": "yes", "source": "way"}, "geometry": {"type": "Point", "coordinates": [-82.90906165, 42.42296505]}}, {"type": "Feature", "properties": {"building": "yes", "source": "way"}, "geometry": {"type": "Point", "coordinates": [-82.90928938052885, 42.422935295595465]}}, {"type": "Feature", "properties": {"building": "yes", "source": "way"}, "geometry": {"type": "Point", "coordinates": [-82.90960877951002, 42.42286243549895]}}, {"type": "Feature", "properties": {"building": "yes", "source": "way"}, "geometry": {"type": "Point", "coordinates": [-82.90760219742769, 42.42298451765977]}}, {"type": "Feature", "properties": {"building": "yes", "source": "way"}, "geometry": {"type": "Point", "coordinates": [-82.9074222653118, 42.42290803483608]}}, {"type": "Feature", "properties": {"building": "yes", "source": "way"}, "geometry": {"type": "Point", "coordinates": [-82.90729478455346, 42.422619918933876]}}, {"type": "Feature", "properties": {"building": "yes", "source": "way"}, "geometry": {"type": "Point", "coordinates": [-82.9071628, 42.42253095]}}, {"type": "Feature", "properties": {"building": "yes", "source": "way"}, "geometry": {"type": "Point", "coordinates": [-82.90733014999998, 42.4227726]}}, {"type": "Feature", "properties": {"building": "yes", "source": "way"}, "geometry": {"type": "Point", "coordinates": [-82.9071309, 42.42274165]}}, {"type": "Feature", "properties": {"building": "yes", "source": "way"}, "geometry": {"type": "Point", "coordinates": [-82.90736392901078, 42.42246314394107]}}, {"type": "Feature", "properties": {"building": "yes", "source": "way"}, "geometry": {"type": "Point", "coordinates": [-82.90722315000002, 42.42234805]}}, {"type": "Feature", "properties": {"building": "yes", "source": "way"}, "geometry": {"type": "Point", "coordinates": [-82.9073219, 42.42223075]}}, {"type": "Feature", "properties": {"building": "yes", "source": "way"}, "geometry": {"type": "Point", "coordinates": [-82.90738585, 42.422143950000006]}}, {"type": "Feature", "properties": {"building": "yes", "source": "way"}, "geometry": {"type": "Point", "coordinates": [-82.90746475, 42.42201105]}}, {"type": "Feature", "properties": {"building": "yes", "source": "way"}, "geometry": {"type": "Point", "coordinates": [-82.9075762, 42.422177149999996]}}, {"type": "Feature", "properties": {"building": "yes", "source": "way"}, "geometry": {"type": "Point", "coordinates": [-82.9074567479852, 42.42231509420169]}}, {"type": "Feature", "properties": {"building": "yes", "source": "way"}, "geometry": {"type": "Point", "coordinates": [-82.9078062972376, 42.42191451565889]}}, {"type": "Feature", "properties": {"building": "yes", "source": "way"}, "geometry": {"type": "Point", "coordinates": [-82.90766748497389, 42.42203044971121]}}, {"type": "Feature", "properties": {"building": "yes", "source": "way"}, "geometry": {"type": "Point", "coordinates": [-82.9076317, 42.421863099999996]}}, {"type": "Feature", "properties": {"building": "yes", "source": "way"}, "geometry": {"type": "Point", "coordinates": [-82.90785880000001, 42.42174295]}}, {"type": "Feature", "properties": {"building": "yes", "source": "way"}, "geometry": {"type": "Point", "coordinates": [-82.90725368185991, 42.421843391569595]}}, {"type": "Feature", "properties": {"building": "yes", "source": "way"}, "geometry": {"type": "Point", "coordinates": [-82.90800348674192, 42.42185320755886]}}, {"type": "Feature", "properties": {"building": "yes", "source": "way"}, "geometry": {"type": "Point", "coordinates": [-82.90819679015772, 42.42188017109866]}}, {"type": "Feature", "properties": {"building": "yes", "source": "way"}, "geometry": {"type": "Point", "coordinates": [-82.90840296714319, 42.42192525702628]}}, {"type": "Feature", "properties": {"building": "yes", "source": "way"}, "geometry": {"type": "Point", "coordinates": [-82.90856368069333, 42.42198261099835]}}, {"type": "Feature", "properties": {"building": "yes", "source": "way"}, "geometry": {"type": "Point", "coordinates": [-82.90873841977282, 42.422054228500926]}}, {"type": "Feature", "properties": {"building": "yes", "source": "way"}, "geometry": {"type": "Point", "coordinates": [-82.90890694352362, 42.4221216940208]}}, {"type": "Feature", "properties": {"building": "yes", "source": "way"}, "geometry": {"type": "Point", "coordinates": [-82.90908246532214, 42.42218222375933]}}, {"type": "Feature", "properties": {"building": "yes", "source": "way"}, "geometry": {"type": "Point", "coordinates": [-82.90909185000001, 42.4220511]}}, {"type": "Feature", "properties": {"building": "yes", "source": "way"}, "geometry": {"type": "Point", "coordinates": [-82.9092805, 42.422121]}}, {"type": "Feature", "properties": {"building": "yes", "source": "way"}, "geometry": {"type": "Point", "coordinates": [-82.90923824566048, 42.422273601322466]}}, {"type": "Feature", "properties": {"building": "yes", "source": "way"}, "geometry": {"type": "Point", "coordinates": [-82.90940822893721, 42.422330244399184]}}, {"type": "Feature", "properties": {"building": "yes", "source": "way"}, "geometry": {"type": "Point", "coordinates": [-82.90945265861087, 42.42219517072894]}}, {"type": "Feature", "properties": {"building": "yes", "source": "way"}, "geometry": {"type": "Point", "coordinates": [-82.90961959619462, 42.42238781937789]}}, {"type": "Feature", "properties": {"building": "yes", "source": "way"}, "geometry": {"type": "Point", "coordinates": [-82.90970422049078, 42.4220652989617]}}, {"type": "Feature", "properties": {"building": "yes", "source": "way"}, "geometry": {"type": "Point", "coordinates": [-82.9094852587759, 42.42210373083373]}}, {"type": "Feature", "properties": {"building": "yes", "source": "way"}, "geometry": {"type": "Point", "coordinates": [-82.90952823587318, 42.42195553837887]}}, {"type": "Feature", "properties": {"building": "yes", "source": "way"}, "geometry": {"type": "Point", "coordinates": [-82.90932380730007, 42.421876963712265]}}, {"type": "Feature", "properties": {"building": "yes", "source": "way"}, "geometry": {"type": "Point", "coordinates": [-82.90383905512955, 42.42275828069351]}}, {"type": "Feature", "properties": {"building": "yes", "source": "way"}, "geometry": {"type": "Point", "coordinates": [-82.90320525161127, 42.423415121579815]}}, {"type": "Feature", "properties": {"building": "yes", "source": "way"}, "geometry": {"type": "Point", "coordinates": [-82.90253970337118, 42.42301003429787]}}, {"type": "Feature", "properties": {"building": "yes", "source": "way"}, "geometry": {"type": "Point", "coordinates": [-82.90431496909136, 42.421741201230226]}}, {"type": "Feature", "properties": {"building": "yes", "source": "way"}, "geometry": {"type": "Point", "coordinates": [-82.90446799658058, 42.42114136940045]}}, {"type": "Feature", "properties": {"building": "yes", "source": "way"}, "geometry": {"type": "Point", "coordinates": [-82.90435585505709, 42.421425149316505]}}, {"type": "Feature", "properties": {"building": "yes", "source": "way"}, "geometry": {"type": "Point", "coordinates": [-82.90518100925381, 42.421450694087]}}, {"type": "Feature", "properties": {"building": "yes", "source": "way"}, "geometry": {"type": "Point", "coordinates": [-82.90544665781144, 42.4215893474937]}}, {"type": "Feature", "properties": {"building": "yes", "source": "way"}, "geometry": {"type": "Point", "coordinates": [-82.90508150306266, 42.42197552999758]}}, {"type": "Feature", "properties": {"building": "yes", "source": "way"}, "geometry": {"type": "Point", "coordinates": [-82.90496927947565, 42.422176885445126]}}, {"type": "Feature", "properties": {"building": "yes", "source": "way"}, "geometry": {"type": "Point", "coordinates": [-82.9049033, 42.4223277]}}, {"type": "Feature", "properties": {"building": "yes", "source": "way"}, "geometry": {"type": "Point", "coordinates": [-82.90484840167665, 42.42251351042047]}}, {"type": "Feature", "properties": {"building": "yes", "source": "way"}, "geometry": {"type": "Point", "coordinates": [-82.90478077957886, 42.42268867441368]}}, {"type": "Feature", "properties": {"building": "yes", "source": "way"}, "geometry": {"type": "Point", "coordinates": [-82.9046833869632, 42.42311644106935]}}, {"type": "Feature", "properties": {"building": "yes", "source": "way"}, "geometry": {"type": "Point", "coordinates": [-82.90462872725656, 42.42325584636247]}}, {"type": "Feature", "properties": {"building": "yes", "source": "way"}, "geometry": {"type": "Point", "coordinates": [-82.90455849801192, 42.423463692340015]}}, {"type": "Feature", "properties": {"building": "yes", "source": "way"}, "geometry": {"type": "Point", "coordinates": [-82.90446988154474, 42.42368804898085]}}, {"type": "Feature", "properties": {"building": "yes", "source": "way"}, "geometry": {"type": "Point", "coordinates": [-82.90484208524838, 42.42393675711647]}}, {"type": "Feature", "properties": {"building": "yes", "source": "way"}, "geometry": {"type": "Point", "coordinates": [-82.90432678770607, 42.42404177627285]}}, {"type": "Feature", "properties": {"building": "yes", "source": "way"}, "geometry": {"type": "Point", "coordinates": [-82.9043691431803, 42.42389282076659]}}, {"type": "Feature", "properties": {"building": "yes", "source": "way"}, "geometry": {"type": "Point", "coordinates": [-82.90479909999999, 42.4232114]}}, {"type": "Feature", "properties": {"building": "yes", "source": "way"}, "geometry": {"type": "Point", "coordinates": [-82.90472653252661, 42.422920498359645]}}, {"type": "Feature", "properties": {"building": "yes", "source": "way"}, "geometry": {"type": "Point", "coordinates": [-82.90491229999999, 42.422838199999994]}}, {"type": "Feature", "properties": {"building": "yes", "source": "way"}, "geometry": {"type": "Point", "coordinates": [-82.9049836, 42.42262915]}}, {"type": "Feature", "properties": {"building": "yes", "source": "way"}, "geometry": {"type": "Point", "coordinates": [-82.90503335, 42.42244385]}}, {"type": "Feature", "properties": {"building": "yes", "source": "way"}, "geometry": {"type": "Point", "coordinates": [-82.90509545, 42.4222806]}}, {"type": "Feature", "properties": {"building": "yes", "source": "way"}, "geometry": {"type": "Point", "coordinates": [-82.90536652542438, 42.42230791367881]}}, {"type": "Feature", "properties": {"building": "yes", "source": "way"}, "geometry": {"type": "Point", "coordinates": [-82.90534629050141, 42.42249450706658]}}, {"type": "Feature", "properties": {"building": "yes", "source": "way"}, "geometry": {"type": "Point", "coordinates": [-82.9052386381953, 42.42270419837936]}}, {"type": "Feature", "properties": {"building": "yes", "source": "way"}, "geometry": {"type": "Point", "coordinates": [-82.90513449042601, 42.42299022980022]}}, {"type": "Feature", "properties": {"building": "yes", "source": "way"}, "geometry": {"type": "Point", "coordinates": [-82.90532825, 42.42212059999999]}}, {"type": "Feature", "properties": {"building": "yes", "source": "way"}, "geometry": {"type": "Point", "coordinates": [-82.90581995060768, 42.421712762420746]}}, {"type": "Feature", "properties": {"building": "yes", "source": "way"}, "geometry": {"type": "Point", "coordinates": [-82.90603045, 42.4219035]}}, {"type": "Feature", "properties": {"building": "yes", "source": "way"}, "geometry": {"type": "Point", "coordinates": [-82.9060272, 42.4220035]}}, {"type": "Feature", "properties": {"building": "yes", "source": "way"}, "geometry": {"type": "Point", "coordinates": [-82.90555381197399, 42.42123991635979]}}, {"type": "Feature", "properties": {"building": "yes", "source": "way"}, "geometry": {"type": "Point", "coordinates": [-82.90581937559179, 42.421365854908366]}}, {"type": "Feature", "properties": {"building": "yes", "source": "way"}, "geometry": {"type": "Point", "coordinates": [-82.90614381682398, 42.42147755297684]}}, {"type": "Feature", "properties": {"building": "yes", "source": "way"}, "geometry": {"type": "Point", "coordinates": [-82.90646011593226, 42.42159734936366]}}, {"type": "Feature", "properties": {"building": "yes", "source": "way"}, "geometry": {"type": "Point", "coordinates": [-82.90731224999999, 42.421606149999995]}}, {"type": "Feature", "properties": {"building": "yes", "source": "way"}, "geometry": {"type": "Point", "coordinates": [-82.90708855, 42.4213932]}}, {"type": "Feature", "properties": {"building": "yes", "source": "way"}, "geometry": {"type": "Point", "coordinates": [-82.90681195666502, 42.4212698618961]}}, {"type": "Feature", "properties": {"building": "yes", "source": "way"}, "geometry": {"type": "Point", "coordinates": [-82.90654716615438, 42.421162649637274]}}, {"type": "Feature", "properties": {"building": "yes", "source": "way"}, "geometry": {"type": "Point", "coordinates": [-82.90568851049132, 42.42081553351142]}}, {"type": "Feature", "properties": {"building": "yes", "source": "way"}, "geometry": {"type": "Point", "coordinates": [-82.90539431244045, 42.420665768022516]}}, {"type": "Feature", "properties": {"building": "yes", "source": "way"}, "geometry": {"type": "Point", "coordinates": [-82.90468197761189, 42.42060374327138]}}, {"type": "Feature", "properties": {"building": "yes", "source": "way"}, "geometry": {"type": "Point", "coordinates": [-82.90483903009645, 42.42028355535035]}}, {"type": "Feature", "properties": {"building": "yes", "source": "way"}, "geometry": {"type": "Point", "coordinates": [-82.90495749593954, 42.41968563895407]}}, {"type": "Feature", "properties": {"building": "yes", "source": "way"}, "geometry": {"type": "Point", "coordinates": [-82.90552812567383, 42.420391440621145]}}, {"type": "Feature", "properties": {"building": "yes", "source": "way"}, "geometry": {"type": "Point", "coordinates": [-82.90609112689394, 42.416046824466704]}}, {"type": "Feature", "properties": {"building": "yes", "source": "way"}, "geometry": {"type": "Point", "coordinates": [-82.90601696992874, 42.416356586598134]}}, {"type": "Feature", "properties": {"building": "yes", "source": "way"}, "geometry": {"type": "Point", "coordinates": [-82.90595654706374, 42.41663242056032]}}, {"type": "Feature", "properties": {"building": "yes", "source": "way"}, "geometry": {"type": "Point", "coordinates": [-82.90588147371639, 42.416945958265785]}}, {"type": "Feature", "properties": {"building": "yes", "source": "way"}, "geometry": {"type": "Point", "coordinates": [-82.90572780749072, 42.41731229059179]}}, {"type": "Feature", "properties": {"building": "yes", "source": "way"}, "geometry": {"type": "Point", "coordinates": [-82.90564631901238, 42.41757249866213]}}, {"type": "Feature", "properties": {"building": "yes", "source": "way"}, "geometry": {"type": "Point", "coordinates": [-82.90556423172791, 42.417847654301916]}}, {"type": "Feature", "properties": {"building": "yes", "source": "way"}, "geometry": {"type": "Point", "coordinates": [-82.90547348574412, 42.41809590562721]}}, {"type": "Feature", "properties": {"building": "yes", "source": "way"}, "geometry": {"type": "Point", "coordinates": [-82.90541801648494, 42.41830973553153]}}, {"type": "Feature", "properties": {"building": "yes", "source": "way"}, "geometry": {"type": "Point", "coordinates": [-82.90531491832355, 42.41854529999134]}}, {"type": "Feature", "properties": {"building": "yes", "source": "way"}, "geometry": {"type": "Point", "coordinates": [-82.9052162155963, 42.41886117170107]}}, {"type": "Feature", "properties": {"building": "yes", "source": "way"}, "geometry": {"type": "Point", "coordinates": [-82.90515217922304, 42.419104389104575]}}, {"type": "Feature", "properties": {"building": "yes", "source": "way"}, "geometry": {"type": "Point", "coordinates": [-82.90509089999999, 42.419402899999994]}}, {"type": "Feature", "properties": {"building": "yes", "source": "way"}, "geometry": {"type": "Point", "coordinates": [-82.90596823956379, 42.419200170318874]}}, {"type": "Feature", "properties": {"building": "yes", "source": "way"}, "geometry": {"type": "Point", "coordinates": [-82.90590257150906, 42.4193232560395]}}, {"type": "Feature", "properties": {"building": "yes", "source": "way"}, "geometry": {"type": "Point", "coordinates": [-82.90583826750685, 42.419463504644746]}}, {"type": "Feature", "properties": {"building": "yes", "source": "way"}, "geometry": {"type": "Point", "coordinates": [-82.90579244999999, 42.419589599999995]}}, {"type": "Feature", "properties": {"building": "yes", "source": "way"}, "geometry": {"type": "Point", "coordinates": [-82.90572722924824, 42.41971704587251]}}, {"type": "Feature", "properties": {"building": "yes", "source": "way"}, "geometry": {"type": "Point", "coordinates": [-82.90566777927438, 42.41985254249588]}}, {"type": "Feature", "properties": {"building": "yes", "source": "way"}, "geometry": {"type": "Point", "coordinates": [-82.90566258949946, 42.4200315556835]}}, {"type": "Feature", "properties": {"building": "yes", "source": "way"}, "geometry": {"type": "Point", "coordinates": [-82.90557278006096, 42.42022121414207]}}, {"type": "Feature", "properties": {"building": "yes", "source": "way"}, "geometry": {"type": "Point", "coordinates": [-82.90633152982122, 42.417896786772765]}}, {"type": "Feature", "properties": {"building": "yes", "source": "way"}, "geometry": {"type": "Point", "coordinates": [-82.90627627012333, 42.41804525040997]}}, {"type": "Feature", "properties": {"building": "yes", "source": "way"}, "geometry": {"type": "Point", "coordinates": [-82.90623096801494, 42.418201949839975]}}, {"type": "Feature", "properties": {"building": "yes", "source": "way"}, "geometry": {"type": "Point", "coordinates": [-82.90620281944733, 42.41849870144091]}}, {"type": "Feature", "properties": {"building": "yes", "source": "way"}, "geometry": {"type": "Point", "coordinates": [-82.90607343935058, 42.41865907300481]}}, {"type": "Feature", "properties": {"building": "yes", "source": "way"}, "geometry": {"type": "Point", "coordinates": [-82.90610290178928, 42.41882297495497]}}, {"type": "Feature", "properties": {"building": "yes", "source": "way"}, "geometry": {"type": "Point", "coordinates": [-82.90625842381446, 42.41835536557498]}}, {"type": "Feature", "properties": {"building": "yes", "source": "way"}, "geometry": {"type": "Point", "coordinates": [-82.90708510391464, 42.415898683605256]}}, {"type": "Feature", "properties": {"building": "yes", "source": "way"}, "geometry": {"type": "Point", "coordinates": [-82.9069427516442, 42.41603433314503]}}, {"type": "Feature", "properties": {"building": "yes", "source": "way"}, "geometry": {"type": "Point", "coordinates": [-82.90692255610212, 42.41619163499685]}}, {"type": "Feature", "properties": {"building": "yes", "source": "way"}, "geometry": {"type": "Point", "coordinates": [-82.9068536120824, 42.41633457976018]}}, {"type": "Feature", "properties": {"building": "yes", "source": "way"}, "geometry": {"type": "Point", "coordinates": [-82.90681708962357, 42.416487018018415]}}, {"type": "Feature", "properties": {"building": "yes", "source": "way"}, "geometry": {"type": "Point", "coordinates": [-82.90678795989498, 42.41664457972616]}}, {"type": "Feature", "properties": {"building": "yes", "source": "way"}, "geometry": {"type": "Point", "coordinates": [-82.90664230375202, 42.41695903427513]}}, {"type": "Feature", "properties": {"building": "yes", "source": "way"}, "geometry": {"type": "Point", "coordinates": [-82.90659935925585, 42.41710406202018]}}, {"type": "Feature", "properties": {"building": "yes", "source": "way"}, "geometry": {"type": "Point", "coordinates": [-82.90655101045633, 42.41727329839278]}}, {"type": "Feature", "properties": {"building": "yes", "source": "way"}, "geometry": {"type": "Point", "coordinates": [-82.90647505000001, 42.417435999999995]}}, {"type": "Feature", "properties": {"building": "yes", "source": "way"}, "geometry": {"type": "Point", "coordinates": [-82.90648025684015, 42.41760700552082]}}, {"type": "Feature", "properties": {"building": "yes", "source": "way"}, "geometry": {"type": "Point", "coordinates": [-82.90682372881228, 42.41738064505429]}}, {"type": "Feature", "properties": {"building": "yes", "source": "way"}, "geometry": {"type": "Point", "coordinates": [-82.90687748914549, 42.417220171342144]}}, {"type": "Feature", "properties": {"building": "yes", "source": "way"}, "geometry": {"type": "Point", "coordinates": [-82.90683792159885, 42.41697440573136]}}, {"type": "Feature", "properties": {"building": "yes", "source": "way"}, "geometry": {"type": "Point", "coordinates": [-82.9066035210789, 42.41798386402717]}}, {"type": "Feature", "properties": {"building": "yes", "source": "way"}, "geometry": {"type": "Point", "coordinates": [-82.90682739999997, 42.41809639999999]}}, {"type": "Feature", "properties": {"building": "yes", "source": "way"}, "geometry": {"type": "Point", "coordinates": [-82.9069598748286, 42.41817289994295]}}, {"type": "Feature", "properties": {"building": "yes", "source": "way"}, "geometry": {"type": "Point", "coordinates": [-82.90709260000001, 42.41823775]}}, {"type": "Feature", "properties": {"building": "yes", "source": "way"}, "geometry": {"type": "Point", "coordinates": [-82.90741074462478, 42.41839251151187]}}, {"type": "Feature", "properties": {"building": "yes", "source": "way"}, "geometry": {"type": "Point", "coordinates": [-82.90730696906155, 42.41851923314101]}}, {"type": "Feature", "properties": {"building": "yes", "source": "way"}, "geometry": {"type": "Point", "coordinates": [-82.90717739934647, 42.41861569492744]}}, {"type": "Feature", "properties": {"building": "yes", "source": "way"}, "geometry": {"type": "Point", "coordinates": [-82.90703842947222, 42.41873125271062]}}, {"type": "Feature", "properties": {"building": "yes", "source": "way"}, "geometry": {"type": "Point", "coordinates": [-82.90821163183149, 42.41758739331257]}}, {"type": "Feature", "properties": {"building": "yes", "source": "way"}, "geometry": {"type": "Point", "coordinates": [-82.90807924999999, 42.4175191]}}, {"type": "Feature", "properties": {"building": "yes", "source": "way"}, "geometry": {"type": "Point", "coordinates": [-82.90794904774819, 42.41744611755851]}}, {"type": "Feature", "properties": {"building": "yes", "source": "way"}, "geometry": {"type": "Point", "coordinates": [-82.9078128, 42.417379849999996]}}, {"type": "Feature", "properties": {"building": "yes", "source": "way"}, "geometry": {"type": "Point", "coordinates": [-82.90766345, 42.41733165]}}, {"type": "Feature", "properties": {"building": "yes", "source": "way"}, "geometry": {"type": "Point", "coordinates": [-82.90752957210546, 42.417270809418035]}}, {"type": "Feature", "properties": {"building": "yes", "source": "way"}, "geometry": {"type": "Point", "coordinates": [-82.90723364999998, 42.4171712]}}, {"type": "Feature", "properties": {"building": "yes", "source": "way"}, "geometry": {"type": "Point", "coordinates": [-82.90707957962783, 42.41715549186261]}}, {"type": "Feature", "properties": {"building": "yes", "source": "way"}, "geometry": {"type": "Point", "coordinates": [-82.90712565, 42.41731300000001]}}, {"type": "Feature", "properties": {"building": "yes", "source": "way"}, "geometry": {"type": "Point", "coordinates": [-82.90693841865915, 42.417486955655924]}}, {"type": "Feature", "properties": {"building": "yes", "source": "way"}, "geometry": {"type": "Point", "coordinates": [-82.90691665, 42.417664550000005]}}, {"type": "Feature", "properties": {"building": "yes", "source": "way"}, "geometry": {"type": "Point", "coordinates": [-82.90706924999999, 42.41771095]}}, {"type": "Feature", "properties": {"building": "yes", "source": "way"}, "geometry": {"type": "Point", "coordinates": [-82.9072064, 42.41779895000001]}}, {"type": "Feature", "properties": {"building": "yes", "source": "way"}, "geometry": {"type": "Point", "coordinates": [-82.90735868356657, 42.41786794176839]}}, {"type": "Feature", "properties": {"building": "yes", "source": "way"}, "geometry": {"type": "Point", "coordinates": [-82.907515223985, 42.41793320463391]}}, {"type": "Feature", "properties": {"building": "yes", "source": "way"}, "geometry": {"type": "Point", "coordinates": [-82.90757365000002, 42.417792500000004]}}, {"type": "Feature", "properties": {"building": "yes", "source": "way"}, "geometry": {"type": "Point", "coordinates": [-82.90741680000001, 42.417722899999994]}}, {"type": "Feature", "properties": {"building": "yes", "source": "way"}, "geometry": {"type": "Point", "coordinates": [-82.90754435, 42.4174522]}}, {"type": "Feature", "properties": {"building": "yes", "source": "way"}, "geometry": {"type": "Point", "coordinates": [-82.90769165, 42.4175015]}}, {"type": "Feature", "properties": {"building": "yes", "source": "way"}, "geometry": {"type": "Point", "coordinates": [-82.90738814999999, 42.41722230000001]}}, {"type": "Feature", "properties": {"building": "yes", "source": "way"}, "geometry": {"type": "Point", "coordinates": [-82.90869079425407, 42.41782078110853]}}, {"type": "Feature", "properties": {"building": "yes", "source": "way"}, "geometry": {"type": "Point", "coordinates": [-82.908495613255, 42.417886022927775]}}, {"type": "Feature", "properties": {"building": "yes", "source": "way"}, "geometry": {"type": "Point", "coordinates": [-82.90832557397647, 42.41792850498248]}}, {"type": "Feature", "properties": {"building": "yes", "source": "way"}, "geometry": {"type": "Point", "coordinates": [-82.90813055000001, 42.4180153]}}, {"type": "Feature", "properties": {"building": "yes", "source": "way"}, "geometry": {"type": "Point", "coordinates": [-82.90800125, 42.41810974999999]}}, {"type": "Feature", "properties": {"building": "yes", "source": "way"}, "geometry": {"type": "Point", "coordinates": [-82.90781690000001, 42.41819400000001]}}, {"type": "Feature", "properties": {"building": "yes", "source": "way"}, "geometry": {"type": "Point", "coordinates": [-82.90774895, 42.41805995]}}, {"type": "Feature", "properties": {"building": "yes", "source": "way"}, "geometry": {"type": "Point", "coordinates": [-82.90835505000003, 42.4177698]}}, {"type": "Feature", "properties": {"building": "yes", "source": "way"}, "geometry": {"type": "Point", "coordinates": [-82.90799594617918, 42.417916032462614]}}, {"type": "Feature", "properties": {"building": "yes", "source": "way"}, "geometry": {"type": "Point", "coordinates": [-82.90784158251206, 42.418013552858554]}}, {"type": "Feature", "properties": {"building": "yes", "source": "way"}, "geometry": {"type": "Point", "coordinates": [-82.90677645872681, 42.41863243162017]}}, {"type": "Feature", "properties": {"building": "yes", "source": "way"}, "geometry": {"type": "Point", "coordinates": [-82.90682875044152, 42.41881284764154]}}, {"type": "Feature", "properties": {"building": "yes", "source": "way"}, "geometry": {"type": "Point", "coordinates": [-82.90683946013783, 42.41896683725899]}}, {"type": "Feature", "properties": {"building": "yes", "source": "way"}, "geometry": {"type": "Point", "coordinates": [-82.90670427815704, 42.41909353523437]}}, {"type": "Feature", "properties": {"building": "yes", "source": "way"}, "geometry": {"type": "Point", "coordinates": [-82.9066083, 42.4189383]}}, {"type": "Feature", "properties": {"building": "yes", "source": "way"}, "geometry": {"type": "Point", "coordinates": [-82.906813, 42.41829985]}}, {"type": "Feature", "properties": {"building": "yes", "source": "way"}, "geometry": {"type": "Point", "coordinates": [-82.9069418486442, 42.41834896727612]}}, {"type": "Feature", "properties": {"building": "yes", "source": "way"}, "geometry": {"type": "Point", "coordinates": [-82.90708313333462, 42.41843970002896]}}, {"type": "Feature", "properties": {"building": "yes", "source": "way"}, "geometry": {"type": "Point", "coordinates": [-82.90643191021135, 42.418299177966844]}}, {"type": "Feature", "properties": {"building": "yes", "source": "way"}, "geometry": {"type": "Point", "coordinates": [-82.90638385, 42.418751449999995]}}, {"type": "Feature", "properties": {"building": "yes", "source": "way"}, "geometry": {"type": "Point", "coordinates": [-82.90634608108186, 42.419352044735625]}}, {"type": "Feature", "properties": {"building": "yes", "source": "way"}, "geometry": {"type": "Point", "coordinates": [-82.90661023390876, 42.41943880055911]}}, {"type": "Feature", "properties": {"building": "yes", "source": "way"}, "geometry": {"type": "Point", "coordinates": [-82.90655511422071, 42.419558946858594]}}, {"type": "Feature", "properties": {"building": "yes", "source": "way"}, "geometry": {"type": "Point", "coordinates": [-82.90648736878106, 42.41968200427652]}}, {"type": "Feature", "properties": {"building": "yes", "source": "way"}, "geometry": {"type": "Point", "coordinates": [-82.90637529093173, 42.41981743820804]}}, {"type": "Feature", "properties": {"building": "yes", "source": "way"}, "geometry": {"type": "Point", "coordinates": [-82.90625875618534, 42.42004780755278]}}, {"type": "Feature", "properties": {"building": "yes", "source": "way"}, "geometry": {"type": "Point", "coordinates": [-82.90610712642503, 42.42017339628686]}}, {"type": "Feature", "properties": {"building": "yes", "source": "way"}, "geometry": {"type": "Point", "coordinates": [-82.90601220025266, 42.420320579028576]}}, {"type": "Feature", "properties": {"building": "yes", "source": "way"}, "geometry": {"type": "Point", "coordinates": [-82.9060094, 42.42048989999999]}}, {"type": "Feature", "properties": {"building": "yes", "source": "way"}, "geometry": {"type": "Point", "coordinates": [-82.90713509973445, 42.41964549204395]}}, {"type": "Feature", "properties": {"building": "yes", "source": "way"}, "geometry": {"type": "Point", "coordinates": [-82.90703434793647, 42.41977735516711]}}, {"type": "Feature", "properties": {"building": "yes", "source": "way"}, "geometry": {"type": "Point", "coordinates": [-82.90694598856876, 42.41995613775778]}}, {"type": "Feature", "properties": {"building": "yes", "source": "way"}, "geometry": {"type": "Point", "coordinates": [-82.90678754430034, 42.420131469334315]}}, {"type": "Feature", "properties": {"building": "yes", "source": "way"}, "geometry": {"type": "Point", "coordinates": [-82.90674783713922, 42.420248820982785]}}, {"type": "Feature", "properties": {"building": "yes", "source": "way"}, "geometry": {"type": "Point", "coordinates": [-82.90672126129583, 42.42039855390125]}}, {"type": "Feature", "properties": {"building": "yes", "source": "way"}, "geometry": {"type": "Point", "coordinates": [-82.90663978709897, 42.42056765393336]}}, {"type": "Feature", "properties": {"building": "yes", "source": "way"}, "geometry": {"type": "Point", "coordinates": [-82.90666834999999, 42.42070364999999]}}, {"type": "Feature", "properties": {"building": "yes", "source": "way"}, "geometry": {"type": "Point", "coordinates": [-82.90639884999999, 42.420624849999996]}}, {"type": "Feature", "properties": {"building": "yes", "source": "way"}, "geometry": {"type": "Point", "coordinates": [-82.90617640103487, 42.420622993524056]}}, {"type": "Feature", "properties": {"building": "yes", "source": "way"}, "geometry": {"type": "Point", "coordinates": [-82.90621535, 42.42074854999999]}}, {"type": "Feature", "properties": {"building": "yes", "source": "way"}, "geometry": {"type": "Point", "coordinates": [-82.90595334763037, 42.420165289164096]}}, {"type": "Feature", "properties": {"building": "yes", "source": "way"}, "geometry": {"type": "Point", "coordinates": [-82.9061001118396, 42.41990012855929]}}, {"type": "Feature", "properties": {"building": "yes", "source": "way"}, "geometry": {"type": "Point", "coordinates": [-82.90623573232226, 42.419642798104256]}}, {"type": "Feature", "properties": {"building": "yes", "source": "way"}, "geometry": {"type": "Point", "coordinates": [-82.90592673915015, 42.41980047129084]}}, {"type": "Feature", "properties": {"building": "yes", "source": "way"}, "geometry": {"type": "Point", "coordinates": [-82.9058967636758, 42.41993547925049]}}, {"type": "Feature", "properties": {"building": "yes", "source": "way"}, "geometry": {"type": "Point", "coordinates": [-82.9057188, 42.42031325]}}, {"type": "Feature", "properties": {"building": "yes", "source": "way"}, "geometry": {"type": "Point", "coordinates": [-82.90597254999999, 42.41966865]}}, {"type": "Feature", "properties": {"building": "yes", "source": "way"}, "geometry": {"type": "Point", "coordinates": [-82.90343967030049, 42.41999325510403]}}, {"type": "Feature", "properties": {"building": "yes", "source": "way"}, "geometry": {"type": "Point", "coordinates": [-82.90697725, 42.420224299999994]}}, {"type": "Feature", "properties": {"building": "yes", "source": "way"}, "geometry": {"type": "Point", "coordinates": [-82.9068924, 42.42034925]}}, {"type": "Feature", "properties": {"building": "yes", "source": "way"}, "geometry": {"type": "Point", "coordinates": [-82.90682525, 42.420494500000004]}}, {"type": "Feature", "properties": {"building": "yes", "source": "way"}, "geometry": {"type": "Point", "coordinates": [-82.9070492, 42.420393499999996]}}, {"type": "Feature", "properties": {"building": "yes", "source": "way"}, "geometry": {"type": "Point", "coordinates": [-82.9071544, 42.42024725]}}, {"type": "Feature", "properties": {"building": "yes", "source": "way"}, "geometry": {"type": "Point", "coordinates": [-82.90726785709619, 42.4201057318471]}}, {"type": "Feature", "properties": {"building": "yes", "source": "way"}, "geometry": {"type": "Point", "coordinates": [-82.90724890000001, 42.4199343]}}, {"type": "Feature", "properties": {"building": "yes", "source": "way"}, "geometry": {"type": "Point", "coordinates": [-82.90761146271466, 42.419886938617296]}}, {"type": "Feature", "properties": {"building": "yes", "source": "way"}, "geometry": {"type": "Point", "coordinates": [-82.90748250041658, 42.420103116470706]}}, {"type": "Feature", "properties": {"building": "yes", "source": "way"}, "geometry": {"type": "Point", "coordinates": [-82.90735194999999, 42.42026385]}}, {"type": "Feature", "properties": {"building": "yes", "source": "way"}, "geometry": {"type": "Point", "coordinates": [-82.90724557813209, 42.420400956280496]}}, {"type": "Feature", "properties": {"building": "yes", "source": "way"}, "geometry": {"type": "Point", "coordinates": [-82.9071141818672, 42.420593791726475]}}, {"type": "Feature", "properties": {"building": "yes", "source": "way"}, "geometry": {"type": "Point", "coordinates": [-82.90673608197751, 42.421083497434246]}}, {"type": "Feature", "properties": {"building": "yes", "source": "way"}, "geometry": {"type": "Point", "coordinates": [-82.90625097243108, 42.42103114961416]}}, {"type": "Feature", "properties": {"building": "yes", "source": "way"}, "geometry": {"type": "Point", "coordinates": [-82.9059656821711, 42.42093049733339]}}, {"type": "Feature", "properties": {"building": "yes", "source": "way"}, "geometry": {"type": "Point", "coordinates": [-82.90724883194231, 42.42102678335119]}}, {"type": "Feature", "properties": {"building": "yes", "source": "way"}, "geometry": {"type": "Point", "coordinates": [-82.90748674728157, 42.42112831513268]}}, {"type": "Feature", "properties": {"building": "yes", "source": "way"}, "geometry": {"type": "Point", "coordinates": [-82.90747779151694, 42.42126706980237]}}, {"type": "Feature", "properties": {"building": "yes", "source": "way"}, "geometry": {"type": "Point", "coordinates": [-82.907723297344, 42.42124469290008]}}, {"type": "Feature", "properties": {"building": "yes", "source": "way"}, "geometry": {"type": "Point", "coordinates": [-82.90801824294368, 42.421330602664355]}}, {"type": "Feature", "properties": {"building": "yes", "source": "way"}, "geometry": {"type": "Point", "coordinates": [-82.90833384650804, 42.42128984595284]}}, {"type": "Feature", "properties": {"building": "yes", "source": "way"}, "geometry": {"type": "Point", "coordinates": [-82.9084641061014, 42.4210894371156]}}, {"type": "Feature", "properties": {"building": "yes", "source": "way"}, "geometry": {"type": "Point", "coordinates": [-82.90859262878429, 42.42092947111131]}}, {"type": "Feature", "properties": {"building": "yes", "source": "way"}, "geometry": {"type": "Point", "coordinates": [-82.90876107110056, 42.420769697937935]}}, {"type": "Feature", "properties": {"building": "yes", "source": "way"}, "geometry": {"type": "Point", "coordinates": [-82.90878684186029, 42.42092526863724]}}, {"type": "Feature", "properties": {"building": "yes", "source": "way"}, "geometry": {"type": "Point", "coordinates": [-82.90802135000001, 42.42087624999999]}}, {"type": "Feature", "properties": {"building": "yes", "source": "way"}, "geometry": {"type": "Point", "coordinates": [-82.90781819999998, 42.42082349999999]}}, {"type": "Feature", "properties": {"building": "yes", "source": "way"}, "geometry": {"type": "Point", "coordinates": [-82.90760986898972, 42.42071883385607]}}, {"type": "Feature", "properties": {"building": "yes", "source": "way"}, "geometry": {"type": "Point", "coordinates": [-82.90784523064316, 42.42039201199844]}}, {"type": "Feature", "properties": {"building": "yes", "source": "way"}, "geometry": {"type": "Point", "coordinates": [-82.90796195, 42.42022565]}}, {"type": "Feature", "properties": {"building": "yes", "source": "way"}, "geometry": {"type": "Point", "coordinates": [-82.90818165, 42.42024589999999]}}, {"type": "Feature", "properties": {"building": "yes", "source": "way"}, "geometry": {"type": "Point", "coordinates": [-82.9085921658146, 42.42024804913218]}}, {"type": "Feature", "properties": {"building": "yes", "source": "way"}, "geometry": {"type": "Point", "coordinates": [-82.90848539578744, 42.420358657994825]}}, {"type": "Feature", "properties": {"building": "yes", "source": "way"}, "geometry": {"type": "Point", "coordinates": [-82.90834535779857, 42.42047219606054]}}, {"type": "Feature", "properties": {"building": "yes", "source": "way"}, "geometry": {"type": "Point", "coordinates": [-82.90825503749309, 42.42059433356131]}}, {"type": "Feature", "properties": {"building": "yes", "source": "way"}, "geometry": {"type": "Point", "coordinates": [-82.908136413513, 42.42069748150483]}}, {"type": "Feature", "properties": {"building": "yes", "source": "way"}, "geometry": {"type": "Point", "coordinates": [-82.90811645, 42.42050844999999]}}, {"type": "Feature", "properties": {"building": "yes", "source": "way"}, "geometry": {"type": "Point", "coordinates": [-82.90822945000001, 42.420351350000004]}}, {"type": "Feature", "properties": {"building": "yes", "source": "way"}, "geometry": {"type": "Point", "coordinates": [-82.90826138122038, 42.4200947454862]}}, {"type": "Feature", "properties": {"building": "yes", "source": "way"}, "geometry": {"type": "Point", "coordinates": [-82.90808312620135, 42.42007658030413]}}, {"type": "Feature", "properties": {"building": "yes", "source": "way"}, "geometry": {"type": "Point", "coordinates": [-82.90867325494935, 42.42165186053176]}}, {"type": "Feature", "properties": {"building": "yes", "source": "way"}, "geometry": {"type": "Point", "coordinates": [-82.9089524, 42.42175685]}}, {"type": "Feature", "properties": {"building": "yes", "source": "way"}, "geometry": {"type": "Point", "coordinates": [-82.90914422927366, 42.421797733927335]}}, {"type": "Feature", "properties": {"building": "yes", "source": "way"}, "geometry": {"type": "Point", "coordinates": [-82.9093251850778, 42.42200421367456]}}, {"type": "Feature", "properties": {"building": "yes", "source": "way"}, "geometry": {"type": "Point", "coordinates": [-82.90871439211762, 42.42141749987004]}}, {"type": "Feature", "properties": {"building": "yes", "source": "way"}, "geometry": {"type": "Point", "coordinates": [-82.90894929594539, 42.42127070487556]}}, {"type": "Feature", "properties": {"building": "yes", "source": "way"}, "geometry": {"type": "Point", "coordinates": [-82.90972345014752, 42.421613650456]}}, {"type": "Feature", "properties": {"building": "yes", "source": "way"}, "geometry": {"type": "Point", "coordinates": [-82.90969589536653, 42.421438617496484]}}, {"type": "Feature", "properties": {"building": "yes", "source": "way"}, "geometry": {"type": "Point", "coordinates": [-82.90954909999999, 42.42153545]}}, {"type": "Feature", "properties": {"building": "yes", "source": "way"}, "geometry": {"type": "Point", "coordinates": [-82.90951555000001, 42.42136140000001]}}, {"type": "Feature", "properties": {"building": "yes", "source": "way"}, "geometry": {"type": "Point", "coordinates": [-82.9093715829231, 42.42145954428663]}}, {"type": "Feature", "properties": {"building": "yes", "source": "way"}, "geometry": {"type": "Point", "coordinates": [-82.90934563242989, 42.42129059379747]}}, {"type": "Feature", "properties": {"building": "yes", "source": "way"}, "geometry": {"type": "Point", "coordinates": [-82.90918589433434, 42.42133770972447]}}, {"type": "Feature", "properties": {"building": "yes", "source": "way"}, "geometry": {"type": "Point", "coordinates": [-82.90873890894977, 42.42173321847598]}}, {"type": "Feature", "properties": {"building": "yes", "source": "way"}, "geometry": {"type": "Point", "coordinates": [-82.90905417166003, 42.421180555725414]}}, {"type": "Feature", "properties": {"building": "yes", "source": "way"}, "geometry": {"type": "Point", "coordinates": [-82.90904198107393, 42.42105704594943]}}, {"type": "Feature", "properties": {"building": "yes", "source": "way"}, "geometry": {"type": "Point", "coordinates": [-82.90902310927358, 42.420898359119256]}}, {"type": "Feature", "properties": {"building": "yes", "source": "way"}, "geometry": {"type": "Point", "coordinates": [-82.90919256640838, 42.42096693758246]}}, {"type": "Feature", "properties": {"building": "yes", "source": "way"}, "geometry": {"type": "Point", "coordinates": [-82.9093878424875, 42.42104354761674]}}, {"type": "Feature", "properties": {"building": "yes", "source": "way"}, "geometry": {"type": "Point", "coordinates": [-82.90921830397832, 42.42113043144027]}}, {"type": "Feature", "properties": {"building": "yes", "source": "way"}, "geometry": {"type": "Point", "coordinates": [-82.9094242, 42.4212162]}}, {"type": "Feature", "properties": {"building": "yes", "source": "way"}, "geometry": {"type": "Point", "coordinates": [-82.9095838400962, 42.42112208646361]}}, {"type": "Feature", "properties": {"building": "yes", "source": "way"}, "geometry": {"type": "Point", "coordinates": [-82.90976933981808, 42.42123368633165]}}, {"type": "Feature", "properties": {"building": "yes", "source": "way"}, "geometry": {"type": "Point", "coordinates": [-82.90946400424856, 42.420042264963236]}}, {"type": "Feature", "properties": {"building": "yes", "source": "way"}, "geometry": {"type": "Point", "coordinates": [-82.90933296204622, 42.42014664834068]}}, {"type": "Feature", "properties": {"building": "yes", "source": "way"}, "geometry": {"type": "Point", "coordinates": [-82.90925159530755, 42.42027254731883]}}, {"type": "Feature", "properties": {"building": "yes", "source": "way"}, "geometry": {"type": "Point", "coordinates": [-82.90916585, 42.42037450000001]}}, {"type": "Feature", "properties": {"building": "yes", "source": "way"}, "geometry": {"type": "Point", "coordinates": [-82.90911656751608, 42.42051786320058]}}, {"type": "Feature", "properties": {"building": "yes", "source": "way"}, "geometry": {"type": "Point", "coordinates": [-82.90935865, 42.4206063]}}, {"type": "Feature", "properties": {"building": "yes", "source": "way"}, "geometry": {"type": "Point", "coordinates": [-82.90956045000001, 42.42051575]}}, {"type": "Feature", "properties": {"building": "yes", "source": "way"}, "geometry": {"type": "Point", "coordinates": [-82.90954037875736, 42.42064726685844]}}, {"type": "Feature", "properties": {"building": "yes", "source": "way"}, "geometry": {"type": "Point", "coordinates": [-82.90966695, 42.420736149999996]}}, {"type": "Feature", "properties": {"building": "yes", "source": "way"}, "geometry": {"type": "Point", "coordinates": [-82.9099748339997, 42.41907791728009]}}, {"type": "Feature", "properties": {"building": "yes", "source": "way"}, "geometry": {"type": "Point", "coordinates": [-82.909814274645, 42.41903261073006]}}, {"type": "Feature", "properties": {"building": "yes", "source": "way"}, "geometry": {"type": "Point", "coordinates": [-82.9096262913883, 42.419028725544806]}}, {"type": "Feature", "properties": {"building": "yes", "source": "way"}, "geometry": {"type": "Point", "coordinates": [-82.90947104500822, 42.41904792937415]}}, {"type": "Feature", "properties": {"building": "yes", "source": "way"}, "geometry": {"type": "Point", "coordinates": [-82.90929238090268, 42.41908955515408]}}, {"type": "Feature", "properties": {"building": "yes", "source": "way"}, "geometry": {"type": "Point", "coordinates": [-82.90913898115046, 42.419138022035305]}}, {"type": "Feature", "properties": {"building": "yes", "source": "way"}, "geometry": {"type": "Point", "coordinates": [-82.90899810802286, 42.419206832773874]}}, {"type": "Feature", "properties": {"building": "yes", "source": "way"}, "geometry": {"type": "Point", "coordinates": [-82.90884945010636, 42.4192687959351]}}, {"type": "Feature", "properties": {"building": "yes", "source": "way"}, "geometry": {"type": "Point", "coordinates": [-82.90872250000001, 42.41935605]}}, {"type": "Feature", "properties": {"building": "yes", "source": "way"}, "geometry": {"type": "Point", "coordinates": [-82.90857980000001, 42.41942815]}}, {"type": "Feature", "properties": {"building": "yes", "source": "way"}, "geometry": {"type": "Point", "coordinates": [-82.90846245, 42.4195301]}}, {"type": "Feature", "properties": {"building": "yes", "source": "way"}, "geometry": {"type": "Point", "coordinates": [-82.9083823, 42.41964299999999]}}, {"type": "Feature", "properties": {"building": "yes", "source": "way"}, "geometry": {"type": "Point", "coordinates": [-82.90829575872397, 42.41975557632256]}}, {"type": "Feature", "properties": {"building": "yes", "source": "way"}, "geometry": {"type": "Point", "coordinates": [-82.90896294999999, 42.41943924999999]}}, {"type": "Feature", "properties": {"building": "yes", "source": "way"}, "geometry": {"type": "Point", "coordinates": [-82.90898561689787, 42.41956684835645]}}, {"type": "Feature", "properties": {"building": "yes", "source": "way"}, "geometry": {"type": "Point", "coordinates": [-82.90918238293837, 42.419698056184764]}}, {"type": "Feature", "properties": {"building": "yes", "source": "way"}, "geometry": {"type": "Point", "coordinates": [-82.90904801967717, 42.419773269748745]}}, {"type": "Feature", "properties": {"building": "yes", "source": "way"}, "geometry": {"type": "Point", "coordinates": [-82.90893588456125, 42.419874114808565]}}, {"type": "Feature", "properties": {"building": "yes", "source": "way"}, "geometry": {"type": "Point", "coordinates": [-82.90881450000002, 42.419972449999996]}}, {"type": "Feature", "properties": {"building": "yes", "source": "way"}, "geometry": {"type": "Point", "coordinates": [-82.9090701026637, 42.41934981731551]}}, {"type": "Feature", "properties": {"building": "yes", "source": "way"}, "geometry": {"type": "Point", "coordinates": [-82.90921455, 42.41930549999999]}}, {"type": "Feature", "properties": {"building": "yes", "source": "way"}, "geometry": {"type": "Point", "coordinates": [-82.90933027093095, 42.41963116106608]}}, {"type": "Feature", "properties": {"building": "yes", "source": "way"}, "geometry": {"type": "Point", "coordinates": [-82.90950463014133, 42.41960590351119]}}, {"type": "Feature", "properties": {"building": "yes", "source": "way"}, "geometry": {"type": "Point", "coordinates": [-82.9097467114296, 42.419560571554584]}}, {"type": "Feature", "properties": {"building": "yes", "source": "way"}, "geometry": {"type": "Point", "coordinates": [-82.90970365581578, 42.41936037615044]}}, {"type": "Feature", "properties": {"building": "yes", "source": "way"}, "geometry": {"type": "Point", "coordinates": [-82.90973795000001, 42.41916650000001]}}, {"type": "Feature", "properties": {"building": "yes", "source": "way"}, "geometry": {"type": "Point", "coordinates": [-82.90997162280499, 42.41933625483384]}}, {"type": "Feature", "properties": {"building": "yes", "source": "way"}, "geometry": {"type": "Point", "coordinates": [-82.9099342812308, 42.41950694271418]}}, {"type": "Feature", "properties": {"building": "yes", "source": "way"}, "geometry": {"type": "Point", "coordinates": [-82.9097176, 42.4199693]}}, {"type": "Feature", "properties": {"building": "yes", "source": "way"}, "geometry": {"type": "Point", "coordinates": [-82.90980934188727, 42.420327566105584]}}, {"type": "Feature", "properties": {"building": "yes", "source": "way"}, "geometry": {"type": "Point", "coordinates": [-82.90991067879247, 42.42002058301012]}}, {"type": "Feature", "properties": {"building": "yes", "source": "way"}, "geometry": {"type": "Point", "coordinates": [-82.90779355, 42.41903435]}}, {"type": "Feature", "properties": {"building": "yes", "source": "way"}, "geometry": {"type": "Point", "coordinates": [-82.90727509996553, 42.41933669781828]}}, {"type": "Feature", "properties": {"building": "yes", "source": "way"}, "geometry": {"type": "Point", "coordinates": [-82.90730400000002, 42.419201550000004]}}, {"type": "Feature", "properties": {"building": "yes", "source": "way"}, "geometry": {"type": "Point", "coordinates": [-82.907416, 42.41909989999999]}}, {"type": "Feature", "properties": {"building": "yes", "source": "way"}, "geometry": {"type": "Point", "coordinates": [-82.90753433395889, 42.41899995130621]}}, {"type": "Feature", "properties": {"building": "yes", "source": "way"}, "geometry": {"type": "Point", "coordinates": [-82.90770124999999, 42.41913615]}}, {"type": "Feature", "properties": {"building": "yes", "source": "way"}, "geometry": {"type": "Point", "coordinates": [-82.90764625, 42.419394249999996]}}, {"type": "Feature", "properties": {"building": "yes", "source": "way"}, "geometry": {"type": "Point", "coordinates": [-82.90782350000002, 42.41956835]}}, {"type": "Feature", "properties": {"building": "yes", "source": "way"}, "geometry": {"type": "Point", "coordinates": [-82.90788051670131, 42.41944935009252]}}, {"type": "Feature", "properties": {"building": "yes", "source": "way"}, "geometry": {"type": "Point", "coordinates": [-82.90800139088684, 42.41935155058953]}}, {"type": "Feature", "properties": {"building": "yes", "source": "way"}, "geometry": {"type": "Point", "coordinates": [-82.90809231668123, 42.419246490683435]}}, {"type": "Feature", "properties": {"building": "yes", "source": "way"}, "geometry": {"type": "Point", "coordinates": [-82.90817434532428, 42.41913656607007]}}, {"type": "Feature", "properties": {"building": "yes", "source": "way"}, "geometry": {"type": "Point", "coordinates": [-82.9075975, 42.4192351]}}, {"type": "Feature", "properties": {"building": "yes", "source": "way"}, "geometry": {"type": "Point", "coordinates": [-82.90794905, 42.418933949999996]}}, {"type": "Feature", "properties": {"building": "yes", "source": "way"}, "geometry": {"type": "Point", "coordinates": [-82.90810775000001, 42.418959550000004]}}, {"type": "Feature", "properties": {"building": "yes", "source": "way"}, "geometry": {"type": "Point", "coordinates": [-82.90832233337807, 42.4190643003837]}}, {"type": "Feature", "properties": {"building": "yes", "source": "way"}, "geometry": {"type": "Point", "coordinates": [-82.9084446732514, 42.41897111935152]}}, {"type": "Feature", "properties": {"building": "yes", "source": "way"}, "geometry": {"type": "Point", "coordinates": [-82.90855870903577, 42.41889674095449]}}, {"type": "Feature", "properties": {"building": "yes", "source": "way"}, "geometry": {"type": "Point", "coordinates": [-82.90765845975677, 42.41890613464816]}}, {"type": "Feature", "properties": {"building": "yes", "source": "way"}, "geometry": {"type": "Point", "coordinates": [-82.91006830823851, 42.41816619247116]}}, {"type": "Feature", "properties": {"building": "yes", "source": "way"}, "geometry": {"type": "Point", "coordinates": [-82.91004475991217, 42.41858559388618]}}, {"type": "Feature", "properties": {"building": "yes", "source": "way"}, "geometry": {"type": "Point", "coordinates": [-82.90987030402273, 42.41857972528619]}}, {"type": "Feature", "properties": {"building": "yes", "source": "way"}, "geometry": {"type": "Point", "coordinates": [-82.90964763900145, 42.41861247534808]}}, {"type": "Feature", "properties": {"building": "yes", "source": "way"}, "geometry": {"type": "Point", "coordinates": [-82.90947566529906, 42.41859854566164]}}, {"type": "Feature", "properties": {"building": "yes", "source": "way"}, "geometry": {"type": "Point", "coordinates": [-82.90933839184379, 42.418616558567756]}}, {"type": "Feature", "properties": {"building": "yes", "source": "way"}, "geometry": {"type": "Point", "coordinates": [-82.90913648136372, 42.418684599557466]}}, {"type": "Feature", "properties": {"building": "yes", "source": "way"}, "geometry": {"type": "Point", "coordinates": [-82.90894433242791, 42.418753052681446]}}, {"type": "Feature", "properties": {"building": "yes", "source": "way"}, "geometry": {"type": "Point", "coordinates": [-82.9089643, 42.41842205]}}, {"type": "Feature", "properties": {"building": "yes", "source": "way"}, "geometry": {"type": "Point", "coordinates": [-82.90909805776477, 42.418363669454024]}}, {"type": "Feature", "properties": {"building": "yes", "source": "way"}, "geometry": {"type": "Point", "coordinates": [-82.90922420000001, 42.41846725]}}, {"type": "Feature", "properties": {"building": "yes", "source": "way"}, "geometry": {"type": "Point", "coordinates": [-82.90923906082742, 42.418335521876614]}}, {"type": "Feature", "properties": {"building": "yes", "source": "way"}, "geometry": {"type": "Point", "coordinates": [-82.90938112160947, 42.41830454344111]}}, {"type": "Feature", "properties": {"building": "yes", "source": "way"}, "geometry": {"type": "Point", "coordinates": [-82.9095169, 42.41830219999999]}}, {"type": "Feature", "properties": {"building": "yes", "source": "way"}, "geometry": {"type": "Point", "coordinates": [-82.90967029999999, 42.418302299999986]}}, {"type": "Feature", "properties": {"building": "yes", "source": "way"}, "geometry": {"type": "Point", "coordinates": [-82.90971625, 42.418424599999994]}}, {"type": "Feature", "properties": {"building": "yes", "source": "way"}, "geometry": {"type": "Point", "coordinates": [-82.9097098013886, 42.41811161100107]}}, {"type": "Feature", "properties": {"building": "yes", "source": "way"}, "geometry": {"type": "Point", "coordinates": [-82.90954285, 42.418130399999995]}}, {"type": "Feature", "properties": {"building": "yes", "source": "way"}, "geometry": {"type": "Point", "coordinates": [-82.909381, 42.41813355]}}, {"type": "Feature", "properties": {"building": "yes", "source": "way"}, "geometry": {"type": "Point", "coordinates": [-82.909220430718, 42.41814861497847]}}, {"type": "Feature", "properties": {"building": "yes", "source": "way"}, "geometry": {"type": "Point", "coordinates": [-82.90905317966146, 42.41818096246906]}}, {"type": "Feature", "properties": {"building": "yes", "source": "way"}, "geometry": {"type": "Point", "coordinates": [-82.90890447055367, 42.41823938201692]}}, {"type": "Feature", "properties": {"building": "yes", "source": "way"}, "geometry": {"type": "Point", "coordinates": [-82.90875172552012, 42.418281096235006]}}, {"type": "Feature", "properties": {"building": "yes", "source": "way"}, "geometry": {"type": "Point", "coordinates": [-82.90860475000001, 42.4183489]}}, {"type": "Feature", "properties": {"building": "yes", "source": "way"}, "geometry": {"type": "Point", "coordinates": [-82.90845076770654, 42.41840060913466]}}, {"type": "Feature", "properties": {"building": "yes", "source": "way"}, "geometry": {"type": "Point", "coordinates": [-82.9082911, 42.41846199999999]}}, {"type": "Feature", "properties": {"building": "yes", "source": "way"}, "geometry": {"type": "Point", "coordinates": [-82.90814631859608, 42.4185370960663]}}, {"type": "Feature", "properties": {"building": "yes", "source": "way"}, "geometry": {"type": "Point", "coordinates": [-82.90801830044194, 42.41863065319601]}}, {"type": "Feature", "properties": {"building": "yes", "source": "way"}, "geometry": {"type": "Point", "coordinates": [-82.90786575, 42.41870495]}}, {"type": "Feature", "properties": {"building": "yes", "source": "way"}, "geometry": {"type": "Point", "coordinates": [-82.90775799409599, 42.418799415924]}}, {"type": "Feature", "properties": {"building": "yes", "source": "way"}, "geometry": {"type": "Point", "coordinates": [-82.90697090000002, 42.418853049999996]}}, {"type": "Feature", "properties": {"building": "yes", "source": "way"}, "geometry": {"type": "Point", "coordinates": [-82.90706846358634, 42.416585467417526]}}, {"type": "Feature", "properties": {"building": "yes", "source": "way"}, "geometry": {"type": "Point", "coordinates": [-82.90709095908933, 42.41667077846494]}}, {"type": "Feature", "properties": {"building": "yes", "source": "way"}, "geometry": {"type": "Point", "coordinates": [-82.90727953992871, 42.41655127557932]}}, {"type": "Feature", "properties": {"building": "yes", "source": "way"}, "geometry": {"type": "Point", "coordinates": [-82.90727403778214, 42.41671060976725]}}, {"type": "Feature", "properties": {"building": "yes", "source": "way"}, "geometry": {"type": "Point", "coordinates": [-82.9074352879767, 42.41662302413027]}}, {"type": "Feature", "properties": {"building": "yes", "source": "way"}, "geometry": {"type": "Point", "coordinates": [-82.9074360813181, 42.4167474439238]}}, {"type": "Feature", "properties": {"building": "yes", "source": "way"}, "geometry": {"type": "Point", "coordinates": [-82.90757316864782, 42.416804504214014]}}, {"type": "Feature", "properties": {"building": "yes", "source": "way"}, "geometry": {"type": "Point", "coordinates": [-82.90774229419317, 42.41686346714996]}}, {"type": "Feature", "properties": {"building": "yes", "source": "way"}, "geometry": {"type": "Point", "coordinates": [-82.90950932381725, 42.41703316200025]}}, {"type": "Feature", "properties": {"building": "yes", "source": "way"}, "geometry": {"type": "Point", "coordinates": [-82.90788710457936, 42.41692313286542]}}, {"type": "Feature", "properties": {"building": "yes", "source": "way"}, "geometry": {"type": "Point", "coordinates": [-82.90804575840657, 42.41697553799103]}}, {"type": "Feature", "properties": {"building": "yes", "source": "way"}, "geometry": {"type": "Point", "coordinates": [-82.90820264999999, 42.41702695]}}, {"type": "Feature", "properties": {"building": "yes", "source": "way"}, "geometry": {"type": "Point", "coordinates": [-82.9083505303522, 42.41710574222986]}}, {"type": "Feature", "properties": {"building": "yes", "source": "way"}, "geometry": {"type": "Point", "coordinates": [-82.90847396396671, 42.41717842035983]}}, {"type": "Feature", "properties": {"building": "yes", "source": "way"}, "geometry": {"type": "Point", "coordinates": [-82.90866470398204, 42.417247459096494]}}, {"type": "Feature", "properties": {"building": "yes", "source": "way"}, "geometry": {"type": "Point", "coordinates": [-82.90882273033034, 42.41734766115502]}}, {"type": "Feature", "properties": {"building": "yes", "source": "way"}, "geometry": {"type": "Point", "coordinates": [-82.90897693129058, 42.41745139679364]}}, {"type": "Feature", "properties": {"building": "yes", "source": "way"}, "geometry": {"type": "Point", "coordinates": [-82.90912061273805, 42.41753374602043]}}, {"type": "Feature", "properties": {"building": "yes", "source": "way"}, "geometry": {"type": "Point", "coordinates": [-82.90931792273065, 42.41764108055396]}}, {"type": "Feature", "properties": {"building": "yes", "source": "way"}, "geometry": {"type": "Point", "coordinates": [-82.90927048156324, 42.41745469481858]}}, {"type": "Feature", "properties": {"building": "yes", "source": "way"}, "geometry": {"type": "Point", "coordinates": [-82.90935312516847, 42.41749383631366]}}, {"type": "Feature", "properties": {"building": "yes", "source": "way"}, "geometry": {"type": "Point", "coordinates": [-82.90951535782192, 42.41751677911413]}}, {"type": "Feature", "properties": {"building": "yes", "source": "way"}, "geometry": {"type": "Point", "coordinates": [-82.90950761222089, 42.41767587912491]}}, {"type": "Feature", "properties": {"building": "yes", "source": "way"}, "geometry": {"type": "Point", "coordinates": [-82.9097255641864, 42.41770454476447]}}, {"type": "Feature", "properties": {"building": "yes", "source": "way"}, "geometry": {"type": "Point", "coordinates": [-82.90829255, 42.41681975]}}, {"type": "Feature", "properties": {"building": "yes", "source": "way"}, "geometry": {"type": "Point", "coordinates": [-82.90840496666036, 42.41695595242368]}}, {"type": "Feature", "properties": {"building": "yes", "source": "way"}, "geometry": {"type": "Point", "coordinates": [-82.9074306, 42.41607885]}}, {"type": "Feature", "properties": {"building": "yes", "source": "way"}, "geometry": {"type": "Point", "coordinates": [-82.90756298827273, 42.41614054337229]}}, {"type": "Feature", "properties": {"building": "yes", "source": "way"}, "geometry": {"type": "Point", "coordinates": [-82.90771504977931, 42.41626915706121]}}, {"type": "Feature", "properties": {"building": "yes", "source": "way"}, "geometry": {"type": "Point", "coordinates": [-82.907959441456, 42.416316421912676]}}, {"type": "Feature", "properties": {"building": "yes", "source": "way"}, "geometry": {"type": "Point", "coordinates": [-82.90797659388832, 42.41654306849328]}}, {"type": "Feature", "properties": {"building": "yes", "source": "way"}, "geometry": {"type": "Point", "coordinates": [-82.90815119999999, 42.41638165000001]}}, {"type": "Feature", "properties": {"building": "yes", "source": "way"}, "geometry": {"type": "Point", "coordinates": [-82.90828686721714, 42.41645472497221]}}, {"type": "Feature", "properties": {"building": "yes", "source": "way"}, "geometry": {"type": "Point", "coordinates": [-82.90843300340832, 42.416509931633186]}}, {"type": "Feature", "properties": {"building": "yes", "source": "way"}, "geometry": {"type": "Point", "coordinates": [-82.90857605143937, 42.41657442114286]}}, {"type": "Feature", "properties": {"building": "yes", "source": "way"}, "geometry": {"type": "Point", "coordinates": [-82.90841371922582, 42.41672090442827]}}, {"type": "Feature", "properties": {"building": "yes", "source": "way"}, "geometry": {"type": "Point", "coordinates": [-82.90825641413394, 42.41665237668655]}}, {"type": "Feature", "properties": {"building": "yes", "source": "way"}, "geometry": {"type": "Point", "coordinates": [-82.90873749342956, 42.416627030045824]}}, {"type": "Feature", "properties": {"building": "yes", "source": "way"}, "geometry": {"type": "Point", "coordinates": [-82.90889758326774, 42.416672708859586]}}, {"type": "Feature", "properties": {"building": "yes", "source": "way"}, "geometry": {"type": "Point", "coordinates": [-82.90708242407982, 42.41642620643442]}}, {"type": "Feature", "properties": {"building": "yes", "source": "way"}, "geometry": {"type": "Point", "coordinates": [-82.9039113533849, 42.41502380017922]}}, {"type": "Feature", "properties": {"building": "yes", "source": "way"}, "geometry": {"type": "Point", "coordinates": [-82.90428561333319, 42.41506985121762]}}, {"type": "Feature", "properties": {"building": "yes", "source": "way"}, "geometry": {"type": "Point", "coordinates": [-82.9029319319017, 42.41458604583211]}}, {"type": "Feature", "properties": {"building": "yes", "source": "way"}, "geometry": {"type": "Point", "coordinates": [-82.90321414917463, 42.41473797514559]}}, {"type": "Feature", "properties": {"building": "yes", "source": "way"}, "geometry": {"type": "Point", "coordinates": [-82.90355997049018, 42.41486641289206]}}, {"type": "Feature", "properties": {"building": "yes", "source": "way"}, "geometry": {"type": "Point", "coordinates": [-82.9046577012718, 42.415186441220584]}}, {"type": "Feature", "properties": {"building": "yes", "source": "way"}, "geometry": {"type": "Point", "coordinates": [-82.90497121601072, 42.4153261651162]}}, {"type": "Feature", "properties": {"building": "yes", "source": "way"}, "geometry": {"type": "Point", "coordinates": [-82.90527723825319, 42.41542207063981]}}, {"type": "Feature", "properties": {"building": "yes", "source": "way"}, "geometry": {"type": "Point", "coordinates": [-82.90559558640028, 42.41556019721033]}}, {"type": "Feature", "properties": {"building": "yes", "source": "way"}, "geometry": {"type": "Point", "coordinates": [-82.9065003586587, 42.41500970193727]}}, {"type": "Feature", "properties": {"building": "yes", "source": "way"}, "geometry": {"type": "Point", "coordinates": [-82.90620378215277, 42.41492739857328]}}, {"type": "Feature", "properties": {"building": "yes", "source": "way"}, "geometry": {"type": "Point", "coordinates": [-82.90605856861613, 42.414827428669696]}}, {"type": "Feature", "properties": {"building": "yes", "source": "way"}, "geometry": {"type": "Point", "coordinates": [-82.90563694138642, 42.414681586085756]}}, {"type": "Feature", "properties": {"building": "yes", "source": "way"}, "geometry": {"type": "Point", "coordinates": [-82.90512872700353, 42.414470693092746]}}, {"type": "Feature", "properties": {"building": "yes", "source": "way"}, "geometry": {"type": "Point", "coordinates": [-82.90526099649463, 42.41455184468228]}}, {"type": "Feature", "properties": {"building": "yes", "source": "way"}, "geometry": {"type": "Point", "coordinates": [-82.90530344999999, 42.41443300000001]}}, {"type": "Feature", "properties": {"building": "yes", "source": "way"}, "geometry": {"type": "Point", "coordinates": [-82.9052085807004, 42.41434119722628]}}, {"type": "Feature", "properties": {"building": "yes", "source": "way"}, "geometry": {"type": "Point", "coordinates": [-82.90545997212317, 42.414596677299144]}}, {"type": "Feature", "properties": {"building": "yes", "source": "way"}, "geometry": {"type": "Point", "coordinates": [-82.90609448192997, 42.41465469703772]}}, {"type": "Feature", "properties": {"building": "yes", "source": "way"}, "geometry": {"type": "Point", "coordinates": [-82.905869971592, 42.414714900263796]}}, {"type": "Feature", "properties": {"building": "yes", "source": "way"}, "geometry": {"type": "Point", "coordinates": [-82.90032489431272, 42.41346637366264]}}, {"type": "Feature", "properties": {"building": "yes", "source": "way"}, "geometry": {"type": "Point", "coordinates": [-82.90071002779608, 42.41356503658351]}}, {"type": "Feature", "properties": {"building": "yes", "source": "way"}, "geometry": {"type": "Point", "coordinates": [-82.90109353385884, 42.413706635245795]}}, {"type": "Feature", "properties": {"building": "yes", "source": "way"}, "geometry": {"type": "Point", "coordinates": [-82.90137252127366, 42.413824218142224]}}, {"type": "Feature", "properties": {"building": "yes", "source": "way"}, "geometry": {"type": "Point", "coordinates": [-82.90176628714372, 42.414016914972684]}}, {"type": "Feature", "properties": {"building": "yes", "source": "way"}, "geometry": {"type": "Point", "coordinates": [-82.90210417820559, 42.41422896534794]}}, {"type": "Feature", "properties": {"building": "yes", "source": "way"}, "geometry": {"type": "Point", "coordinates": [-82.90246483520129, 42.41439070980877]}}, {"type": "Feature", "properties": {"building": "yes", "source": "way"}, "geometry": {"type": "Point", "coordinates": [-82.8994695386581, 42.413245104113315]}}, {"type": "Feature", "properties": {"building": "yes", "source": "way"}, "geometry": {"type": "Point", "coordinates": [-82.89989780670697, 42.41338174241876]}}, {"type": "Feature", "properties": {"building": "yes", "source": "way"}, "geometry": {"type": "Point", "coordinates": [-82.8965204, 42.41202895000001]}}, {"type": "Feature", "properties": {"building": "yes", "source": "way"}, "geometry": {"type": "Point", "coordinates": [-82.8970389558729, 42.41224700068623]}}, {"type": "Feature", "properties": {"building": "yes", "source": "way"}, "geometry": {"type": "Point", "coordinates": [-82.89764978631287, 42.41248986207401]}}, {"type": "Feature", "properties": {"building": "yes", "source": "way"}, "geometry": {"type": "Point", "coordinates": [-82.89801800619007, 42.41260858840083]}}, {"type": "Feature", "properties": {"building": "yes", "source": "way"}, "geometry": {"type": "Point", "coordinates": [-82.89855032095555, 42.41281771415016]}}, {"type": "Feature", "properties": {"building": "yes", "source": "way"}, "geometry": {"type": "Point", "coordinates": [-82.89909135462733, 42.413068029383034]}}, {"type": "Feature", "properties": {"building": "yes", "source": "way"}, "geometry": {"type": "Point", "coordinates": [-82.897979783138, 42.40995981356867]}}, {"type": "Feature", "properties": {"building": "yes", "source": "way"}, "geometry": {"type": "Point", "coordinates": [-82.8981647, 42.41000869999999]}}, {"type": "Feature", "properties": {"building": "yes", "source": "way"}, "geometry": {"type": "Point", "coordinates": [-82.89834315364774, 42.41007128084956]}}, {"type": "Feature", "properties": {"building": "yes", "source": "way"}, "geometry": {"type": "Point", "coordinates": [-82.89850698150347, 42.410119345797966]}}, {"type": "Feature", "properties": {"building": "yes", "source": "way"}, "geometry": {"type": "Point", "coordinates": [-82.8986481, 42.41020459999999]}}, {"type": "Feature", "properties": {"building": "yes", "source": "way"}, "geometry": {"type": "Point", "coordinates": [-82.89879560000001, 42.41026605000001]}}, {"type": "Feature", "properties": {"building": "yes", "source": "way"}, "geometry": {"type": "Point", "coordinates": [-82.89891523123153, 42.41029399303376]}}, {"type": "Feature", "properties": {"building": "yes", "source": "way"}, "geometry": {"type": "Point", "coordinates": [-82.89904706756191, 42.41035250634542]}}, {"type": "Feature", "properties": {"building": "yes", "source": "way"}, "geometry": {"type": "Point", "coordinates": [-82.89918015, 42.4103963]}}, {"type": "Feature", "properties": {"building": "yes", "source": "way"}, "geometry": {"type": "Point", "coordinates": [-82.8990181, 42.41055325000001]}}, {"type": "Feature", "properties": {"building": "yes", "source": "way"}, "geometry": {"type": "Point", "coordinates": [-82.89892571513269, 42.41066459861416]}}, {"type": "Feature", "properties": {"building": "yes", "source": "way"}, "geometry": {"type": "Point", "coordinates": [-82.89933703067746, 42.41046979490678]}}, {"type": "Feature", "properties": {"building": "yes", "source": "way"}, "geometry": {"type": "Point", "coordinates": [-82.89948183591568, 42.41056482848939]}}, {"type": "Feature", "properties": {"building": "yes", "source": "way"}, "geometry": {"type": "Point", "coordinates": [-82.89965404091745, 42.410650971883335]}}, {"type": "Feature", "properties": {"building": "yes", "source": "way"}, "geometry": {"type": "Point", "coordinates": [-82.89981424999999, 42.410703350000006]}}, {"type": "Feature", "properties": {"building": "yes", "source": "way"}, "geometry": {"type": "Point", "coordinates": [-82.89998385000001, 42.4107551]}}, {"type": "Feature", "properties": {"building": "yes", "source": "way"}, "geometry": {"type": "Point", "coordinates": [-82.9001601590583, 42.41080034346003]}}, {"type": "Feature", "properties": {"building": "yes", "source": "way"}, "geometry": {"type": "Point", "coordinates": [-82.900313, 42.410862249999994]}}, {"type": "Feature", "properties": {"building": "yes", "source": "way"}, "geometry": {"type": "Point", "coordinates": [-82.9001885186915, 42.410967954118014]}}, {"type": "Feature", "properties": {"building": "yes", "source": "way"}, "geometry": {"type": "Point", "coordinates": [-82.9000087, 42.41090425]}}, {"type": "Feature", "properties": {"building": "yes", "source": "way"}, "geometry": {"type": "Point", "coordinates": [-82.89982155000003, 42.410893800000004]}}, {"type": "Feature", "properties": {"building": "yes", "source": "way"}, "geometry": {"type": "Point", "coordinates": [-82.90022065000001, 42.4111775]}}, {"type": "Feature", "properties": {"building": "yes", "source": "way"}, "geometry": {"type": "Point", "coordinates": [-82.89963665, 42.41086035]}}, {"type": "Feature", "properties": {"building": "yes", "source": "way"}, "geometry": {"type": "Point", "coordinates": [-82.90044065012016, 42.410930216617096]}}, {"type": "Feature", "properties": {"building": "yes", "source": "way"}, "geometry": {"type": "Point", "coordinates": [-82.90081489799813, 42.41107506757136]}}, {"type": "Feature", "properties": {"building": "yes", "source": "way"}, "geometry": {"type": "Point", "coordinates": [-82.90100627503543, 42.41115487305833]}}, {"type": "Feature", "properties": {"building": "yes", "source": "way"}, "geometry": {"type": "Point", "coordinates": [-82.90087767746266, 42.41131310823697]}}, {"type": "Feature", "properties": {"building": "yes", "source": "way"}, "geometry": {"type": "Point", "coordinates": [-82.90072587797486, 42.41164739603414]}}, {"type": "Feature", "properties": {"building": "yes", "source": "way"}, "geometry": {"type": "Point", "coordinates": [-82.90049919470076, 42.411534504790865]}}, {"type": "Feature", "properties": {"building": "yes", "source": "way"}, "geometry": {"type": "Point", "coordinates": [-82.90026246576518, 42.41145220879347]}}, {"type": "Feature", "properties": {"building": "yes", "source": "way"}, "geometry": {"type": "Point", "coordinates": [-82.90000483527109, 42.41136259061839]}}, {"type": "Feature", "properties": {"building": "yes", "source": "way"}, "geometry": {"type": "Point", "coordinates": [-82.8997558574146, 42.41126474812086]}}, {"type": "Feature", "properties": {"building": "yes", "source": "way"}, "geometry": {"type": "Point", "coordinates": [-82.89951592153153, 42.41116391844882]}}, {"type": "Feature", "properties": {"building": "yes", "source": "way"}, "geometry": {"type": "Point", "coordinates": [-82.8992903, 42.4110363]}}, {"type": "Feature", "properties": {"building": "yes", "source": "way"}, "geometry": {"type": "Point", "coordinates": [-82.89902425693764, 42.410960934585965]}}, {"type": "Feature", "properties": {"building": "yes", "source": "way"}, "geometry": {"type": "Point", "coordinates": [-82.8985464838472, 42.410759686444244]}}, {"type": "Feature", "properties": {"building": "yes", "source": "way"}, "geometry": {"type": "Point", "coordinates": [-82.89835329999998, 42.41066059999999]}}, {"type": "Feature", "properties": {"building": "yes", "source": "way"}, "geometry": {"type": "Point", "coordinates": [-82.89878803023788, 42.41085522479107]}}, {"type": "Feature", "properties": {"building": "yes", "source": "way"}, "geometry": {"type": "Point", "coordinates": [-82.89733296286553, 42.41026707750935]}}, {"type": "Feature", "properties": {"building": "yes", "source": "way"}, "geometry": {"type": "Point", "coordinates": [-82.89756771575966, 42.41037088650166]}}, {"type": "Feature", "properties": {"building": "yes", "source": "way"}, "geometry": {"type": "Point", "coordinates": [-82.89782766488436, 42.41044951981907]}}, {"type": "Feature", "properties": {"building": "yes", "source": "way"}, "geometry": {"type": "Point", "coordinates": [-82.8980315, 42.41056965]}}, {"type": "Feature", "properties": {"building": "yes", "source": "way"}, "geometry": {"type": "Point", "coordinates": [-82.89763255000001, 42.4098209]}}, {"type": "Feature", "properties": {"building": "yes", "source": "way"}, "geometry": {"type": "Point", "coordinates": [-82.90063432382111, 42.41121496012737]}}, {"type": "Feature", "properties": {"building": "yes", "source": "way"}, "geometry": {"type": "Point", "coordinates": [-82.89795907262712, 42.409393799901835]}}, {"type": "Feature", "properties": {"building": "yes", "source": "way"}, "geometry": {"type": "Point", "coordinates": [-82.89811535000001, 42.40949164999999]}}, {"type": "Feature", "properties": {"building": "yes", "source": "way"}, "geometry": {"type": "Point", "coordinates": [-82.89825493747112, 42.40953562378042]}}, {"type": "Feature", "properties": {"building": "yes", "source": "way"}, "geometry": {"type": "Point", "coordinates": [-82.89839475000001, 42.4096283]}}, {"type": "Feature", "properties": {"building": "yes", "source": "way"}, "geometry": {"type": "Point", "coordinates": [-82.89858396010561, 42.40947098128904]}}, {"type": "Feature", "properties": {"building": "yes", "source": "way"}, "geometry": {"type": "Point", "coordinates": [-82.89857665835179, 42.40966234836072]}}, {"type": "Feature", "properties": {"building": "yes", "source": "way"}, "geometry": {"type": "Point", "coordinates": [-82.89875251459137, 42.40953824296023]}}, {"type": "Feature", "properties": {"building": "yes", "source": "way"}, "geometry": {"type": "Point", "coordinates": [-82.89876426661537, 42.40975370754814]}}, {"type": "Feature", "properties": {"building": "yes", "source": "way"}, "geometry": {"type": "Point", "coordinates": [-82.89904690617234, 42.4096933565701]}}, {"type": "Feature", "properties": {"building": "yes", "source": "way"}, "geometry": {"type": "Point", "coordinates": [-82.89893173857288, 42.40956471921466]}}, {"type": "Feature", "properties": {"building": "yes", "source": "way"}, "geometry": {"type": "Point", "coordinates": [-82.89917234999999, 42.409749399999995]}}, {"type": "Feature", "properties": {"building": "yes", "source": "way"}, "geometry": {"type": "Point", "coordinates": [-82.89904164760543, 42.40985806825034]}}, {"type": "Feature", "properties": {"building": "yes", "source": "way"}, "geometry": {"type": "Point", "coordinates": [-82.89889889267609, 42.40979439118841]}}, {"type": "Feature", "properties": {"building": "yes", "source": "way"}, "geometry": {"type": "Point", "coordinates": [-82.89921410495042, 42.40994868205316]}}, {"type": "Feature", "properties": {"building": "yes", "source": "way"}, "geometry": {"type": "Point", "coordinates": [-82.89940790468314, 42.41000859960813]}}, {"type": "Feature", "properties": {"building": "yes", "source": "way"}, "geometry": {"type": "Point", "coordinates": [-82.89963341509278, 42.410101275497965]}}, {"type": "Feature", "properties": {"building": "yes", "source": "way"}, "geometry": {"type": "Point", "coordinates": [-82.89977546801595, 42.40995345291585]}}, {"type": "Feature", "properties": {"building": "yes", "source": "way"}, "geometry": {"type": "Point", "coordinates": [-82.89982898155962, 42.41004279637961]}}, {"type": "Feature", "properties": {"building": "yes", "source": "way"}, "geometry": {"type": "Point", "coordinates": [-82.8997792400543, 42.41017095617316]}}, {"type": "Feature", "properties": {"building": "yes", "source": "way"}, "geometry": {"type": "Point", "coordinates": [-82.89991338331544, 42.410208058874524]}}, {"type": "Feature", "properties": {"building": "yes", "source": "way"}, "geometry": {"type": "Point", "coordinates": [-82.89994905, 42.41009115]}}, {"type": "Feature", "properties": {"building": "yes", "source": "way"}, "geometry": {"type": "Point", "coordinates": [-82.90014636800059, 42.41007640408692]}}, {"type": "Feature", "properties": {"building": "yes", "source": "way"}, "geometry": {"type": "Point", "coordinates": [-82.90003476801758, 42.41026730714529]}}, {"type": "Feature", "properties": {"building": "yes", "source": "way"}, "geometry": {"type": "Point", "coordinates": [-82.9001646, 42.4103199]}}, {"type": "Feature", "properties": {"building": "yes", "source": "way"}, "geometry": {"type": "Point", "coordinates": [-82.90028470712126, 42.41012733136054]}}, {"type": "Feature", "properties": {"building": "yes", "source": "way"}, "geometry": {"type": "Point", "coordinates": [-82.90029288382968, 42.410367625647105]}}, {"type": "Feature", "properties": {"building": "yes", "source": "way"}, "geometry": {"type": "Point", "coordinates": [-82.9004465839066, 42.410431703855465]}}, {"type": "Feature", "properties": {"building": "yes", "source": "way"}, "geometry": {"type": "Point", "coordinates": [-82.90059855221774, 42.410514582455114]}}, {"type": "Feature", "properties": {"building": "yes", "source": "way"}, "geometry": {"type": "Point", "coordinates": [-82.900759, 42.41057885]}}, {"type": "Feature", "properties": {"building": "yes", "source": "way"}, "geometry": {"type": "Point", "coordinates": [-82.90096805, 42.4104784]}}, {"type": "Feature", "properties": {"building": "yes", "source": "way"}, "geometry": {"type": "Point", "coordinates": [-82.90093178434353, 42.41062397464135]}}, {"type": "Feature", "properties": {"building": "yes", "source": "way"}, "geometry": {"type": "Point", "coordinates": [-82.90113194999999, 42.410538450000004]}}, {"type": "Feature", "properties": {"building": "yes", "source": "way"}, "geometry": {"type": "Point", "coordinates": [-82.90107966673739, 42.41069855977621]}}, {"type": "Feature", "properties": {"building": "yes", "source": "way"}, "geometry": {"type": "Point", "coordinates": [-82.90141632698761, 42.410693847059036]}}, {"type": "Feature", "properties": {"building": "yes", "source": "way"}, "geometry": {"type": "Point", "coordinates": [-82.89829552988638, 42.40896610218528]}}, {"type": "Feature", "properties": {"building": "yes", "source": "way"}, "geometry": {"type": "Point", "coordinates": [-82.89809609999999, 42.40914119999999]}}, {"type": "Feature", "properties": {"building": "yes", "source": "way"}, "geometry": {"type": "Point", "coordinates": [-82.89846406564611, 42.40903496700397]}}, {"type": "Feature", "properties": {"building": "yes", "source": "way"}, "geometry": {"type": "Point", "coordinates": [-82.89860580126806, 42.40910197107274]}}, {"type": "Feature", "properties": {"building": "yes", "source": "way"}, "geometry": {"type": "Point", "coordinates": [-82.89878418089339, 42.409160343815735]}}, {"type": "Feature", "properties": {"building": "yes", "source": "way"}, "geometry": {"type": "Point", "coordinates": [-82.8987964558248, 42.40935473200804]}}, {"type": "Feature", "properties": {"building": "yes", "source": "way"}, "geometry": {"type": "Point", "coordinates": [-82.89895860458508, 42.40922025755539]}}, {"type": "Feature", "properties": {"building": "yes", "source": "way"}, "geometry": {"type": "Point", "coordinates": [-82.89912013928286, 42.40930830526795]}}, {"type": "Feature", "properties": {"building": "yes", "source": "way"}, "geometry": {"type": "Point", "coordinates": [-82.8989673820836, 42.40941734720966]}}, {"type": "Feature", "properties": {"building": "yes", "source": "way"}, "geometry": {"type": "Point", "coordinates": [-82.89925070000001, 42.40937255000001]}}, {"type": "Feature", "properties": {"building": "yes", "source": "way"}, "geometry": {"type": "Point", "coordinates": [-82.89940624105306, 42.4094195770867]}}, {"type": "Feature", "properties": {"building": "yes", "source": "way"}, "geometry": {"type": "Point", "coordinates": [-82.89957105138978, 42.40949363273781]}}, {"type": "Feature", "properties": {"building": "yes", "source": "way"}, "geometry": {"type": "Point", "coordinates": [-82.89976047171541, 42.40961265470721]}}, {"type": "Feature", "properties": {"building": "yes", "source": "way"}, "geometry": {"type": "Point", "coordinates": [-82.90000633612642, 42.409667117020554]}}, {"type": "Feature", "properties": {"building": "yes", "source": "way"}, "geometry": {"type": "Point", "coordinates": [-82.89955069999999, 42.4099454]}}, {"type": "Feature", "properties": {"building": "yes", "source": "way"}, "geometry": {"type": "Point", "coordinates": [-82.90018520528807, 42.409980831492646]}}, {"type": "Feature", "properties": {"building": "yes", "source": "way"}, "geometry": {"type": "Point", "coordinates": [-82.8948393082009, 42.40867950583568]}}, {"type": "Feature", "properties": {"building": "yes", "source": "way"}, "geometry": {"type": "Point", "coordinates": [-82.89506358868022, 42.408765358725525]}}, {"type": "Feature", "properties": {"building": "yes", "source": "way"}, "geometry": {"type": "Point", "coordinates": [-82.89523786812661, 42.408830704162874]}}, {"type": "Feature", "properties": {"building": "yes", "source": "way"}, "geometry": {"type": "Point", "coordinates": [-82.89539142175049, 42.40891583682951]}}, {"type": "Feature", "properties": {"building": "yes", "source": "way"}, "geometry": {"type": "Point", "coordinates": [-82.8955516, 42.408981700000005]}}, {"type": "Feature", "properties": {"building": "yes", "source": "way"}, "geometry": {"type": "Point", "coordinates": [-82.89571650707035, 42.409036357654614]}}, {"type": "Feature", "properties": {"building": "yes", "source": "way"}, "geometry": {"type": "Point", "coordinates": [-82.8958675697311, 42.40912379356929]}}, {"type": "Feature", "properties": {"building": "yes", "source": "way"}, "geometry": {"type": "Point", "coordinates": [-82.89603982046457, 42.409161988328705]}}, {"type": "Feature", "properties": {"building": "yes", "source": "way"}, "geometry": {"type": "Point", "coordinates": [-82.89622653528785, 42.40924717818426]}}, {"type": "Feature", "properties": {"building": "yes", "source": "way"}, "geometry": {"type": "Point", "coordinates": [-82.89639399800807, 42.40932587371671]}}, {"type": "Feature", "properties": {"building": "yes", "source": "way"}, "geometry": {"type": "Point", "coordinates": [-82.89656756514535, 42.409380301262246]}}, {"type": "Feature", "properties": {"building": "yes", "source": "way"}, "geometry": {"type": "Point", "coordinates": [-82.89677055707162, 42.409443430862474]}}, {"type": "Feature", "properties": {"building": "yes", "source": "way"}, "geometry": {"type": "Point", "coordinates": [-82.89693579373865, 42.4095163732445]}}, {"type": "Feature", "properties": {"building": "yes", "source": "way"}, "geometry": {"type": "Point", "coordinates": [-82.89710076786046, 42.40958375176382]}}, {"type": "Feature", "properties": {"building": "yes", "source": "way"}, "geometry": {"type": "Point", "coordinates": [-82.8972638170523, 42.40955215633766]}}, {"type": "Feature", "properties": {"building": "yes", "source": "way"}, "geometry": {"type": "Point", "coordinates": [-82.89721831728218, 42.409670632744756]}}, {"type": "Feature", "properties": {"building": "yes", "source": "way"}, "geometry": {"type": "Point", "coordinates": [-82.89713034999998, 42.4097938]}}, {"type": "Feature", "properties": {"building": "yes", "source": "way"}, "geometry": {"type": "Point", "coordinates": [-82.89705694604271, 42.40990979434509]}}, {"type": "Feature", "properties": {"building": "yes", "source": "way"}, "geometry": {"type": "Point", "coordinates": [-82.89660455614948, 42.40957973182801]}}, {"type": "Feature", "properties": {"building": "yes", "source": "way"}, "geometry": {"type": "Point", "coordinates": [-82.89488254999999, 42.408903599999995]}}, {"type": "Feature", "properties": {"building": "yes", "source": "way"}, "geometry": {"type": "Point", "coordinates": [-82.8950784, 42.408955649999996]}}, {"type": "Feature", "properties": {"building": "yes", "source": "way"}, "geometry": {"type": "Point", "coordinates": [-82.89523086849582, 42.40903710461075]}}, {"type": "Feature", "properties": {"building": "yes", "source": "way"}, "geometry": {"type": "Point", "coordinates": [-82.89555659448526, 42.40917196853142]}}, {"type": "Feature", "properties": {"building": "yes", "source": "way"}, "geometry": {"type": "Point", "coordinates": [-82.8957238, 42.409242000000006]}}, {"type": "Feature", "properties": {"building": "yes", "source": "way"}, "geometry": {"type": "Point", "coordinates": [-82.89588207733726, 42.40930293565475]}}, {"type": "Feature", "properties": {"building": "yes", "source": "way"}, "geometry": {"type": "Point", "coordinates": [-82.8960366439933, 42.409372268175325]}}, {"type": "Feature", "properties": {"building": "yes", "source": "way"}, "geometry": {"type": "Point", "coordinates": [-82.8937273205909, 42.40823314001287]}}, {"type": "Feature", "properties": {"building": "yes", "source": "way"}, "geometry": {"type": "Point", "coordinates": [-82.89391459999999, 42.40832195]}}, {"type": "Feature", "properties": {"building": "yes", "source": "way"}, "geometry": {"type": "Point", "coordinates": [-82.8940799058018, 42.40837248091807]}}, {"type": "Feature", "properties": {"building": "yes", "source": "way"}, "geometry": {"type": "Point", "coordinates": [-82.89425580787194, 42.40842313269313]}}, {"type": "Feature", "properties": {"building": "yes", "source": "way"}, "geometry": {"type": "Point", "coordinates": [-82.89442595718904, 42.40850380847327]}}, {"type": "Feature", "properties": {"building": "yes", "source": "way"}, "geometry": {"type": "Point", "coordinates": [-82.89447305, 42.4089792]}}, {"type": "Feature", "properties": {"building": "yes", "source": "way"}, "geometry": {"type": "Point", "coordinates": [-82.89465213331914, 42.40907206206552]}}, {"type": "Feature", "properties": {"building": "yes", "source": "way"}, "geometry": {"type": "Point", "coordinates": [-82.89427648111175, 42.408934775991916]}}, {"type": "Feature", "properties": {"building": "yes", "source": "way"}, "geometry": {"type": "Point", "coordinates": [-82.89409639999998, 42.40884145]}}, {"type": "Feature", "properties": {"building": "yes", "source": "way"}, "geometry": {"type": "Point", "coordinates": [-82.89367255470421, 42.40869094985125]}}, {"type": "Feature", "properties": {"building": "yes", "source": "way"}, "geometry": {"type": "Point", "coordinates": [-82.89314069505554, 42.408560382324076]}}, {"type": "Feature", "properties": {"building": "yes", "source": "way"}, "geometry": {"type": "Point", "coordinates": [-82.89318761692336, 42.40836130812718]}}, {"type": "Feature", "properties": {"building": "yes", "source": "way"}, "geometry": {"type": "Point", "coordinates": [-82.89328010769361, 42.40810015168762]}}, {"type": "Feature", "properties": {"building": "yes", "source": "way"}, "geometry": {"type": "Point", "coordinates": [-82.89350845000001, 42.4080773]}}, {"type": "Feature", "properties": {"building": "yes", "source": "way"}, "geometry": {"type": "Point", "coordinates": [-82.89285057167676, 42.408894435659455]}}, {"type": "Feature", "properties": {"building": "yes", "source": "way"}, "geometry": {"type": "Point", "coordinates": [-82.89313490093726, 42.40906645186215]}}, {"type": "Feature", "properties": {"building": "yes", "source": "way"}, "geometry": {"type": "Point", "coordinates": [-82.89341694665934, 42.409164488822604]}}, {"type": "Feature", "properties": {"building": "yes", "source": "way"}, "geometry": {"type": "Point", "coordinates": [-82.8937096068064, 42.40923324055999]}}, {"type": "Feature", "properties": {"building": "yes", "source": "way"}, "geometry": {"type": "Point", "coordinates": [-82.8938969123826, 42.409277546524]}}, {"type": "Feature", "properties": {"building": "yes", "source": "way"}, "geometry": {"type": "Point", "coordinates": [-82.89414925723014, 42.40932432538921]}}, {"type": "Feature", "properties": {"building": "yes", "source": "way"}, "geometry": {"type": "Point", "coordinates": [-82.89432019544434, 42.409409621190804]}}, {"type": "Feature", "properties": {"building": "yes", "source": "way"}, "geometry": {"type": "Point", "coordinates": [-82.89449245, 42.409471599999996]}}, {"type": "Feature", "properties": {"building": "yes", "source": "way"}, "geometry": {"type": "Point", "coordinates": [-82.89365572803845, 42.40949517613923]}}, {"type": "Feature", "properties": {"building": "yes", "source": "way"}, "geometry": {"type": "Point", "coordinates": [-82.89397452229596, 42.409696812934484]}}, {"type": "Feature", "properties": {"building": "yes", "source": "way"}, "geometry": {"type": "Point", "coordinates": [-82.90152964336617, 42.40687068018919]}}, {"type": "Feature", "properties": {"building": "yes", "source": "way"}, "geometry": {"type": "Point", "coordinates": [-82.90200343199659, 42.40696309746347]}}, {"type": "Feature", "properties": {"building": "yes", "source": "way"}, "geometry": {"type": "Point", "coordinates": [-82.90181276316862, 42.40698153514843]}}, {"type": "Feature", "properties": {"building": "yes", "source": "way"}, "geometry": {"type": "Point", "coordinates": [-82.90219832750087, 42.40710517186459]}}, {"type": "Feature", "properties": {"building": "yes", "source": "way"}, "geometry": {"type": "Point", "coordinates": [-82.9025144, 42.407218549999996]}}, {"type": "Feature", "properties": {"building": "yes", "source": "way"}, "geometry": {"type": "Point", "coordinates": [-82.90279003185056, 42.4073344586054]}}, {"type": "Feature", "properties": {"building": "yes", "source": "way"}, "geometry": {"type": "Point", "coordinates": [-82.90302613953443, 42.40742815981751]}}, {"type": "Feature", "properties": {"building": "yes", "source": "way"}, "geometry": {"type": "Point", "coordinates": [-82.9033011816842, 42.40759004952867]}}, {"type": "Feature", "properties": {"building": "yes", "source": "way"}, "geometry": {"type": "Point", "coordinates": [-82.90359683280327, 42.40771738255652]}}, {"type": "Feature", "properties": {"building": "yes", "source": "way"}, "geometry": {"type": "Point", "coordinates": [-82.90385075539022, 42.407408383269384]}}, {"type": "Feature", "properties": {"building": "yes", "source": "way"}, "geometry": {"type": "Point", "coordinates": [-82.903476207723, 42.40709574182154]}}, {"type": "Feature", "properties": {"building": "yes", "source": "way"}, "geometry": {"type": "Point", "coordinates": [-82.90325113664125, 42.40697541345158]}}, {"type": "Feature", "properties": {"building": "yes", "source": "way"}, "geometry": {"type": "Point", "coordinates": [-82.90301481074248, 42.40687353005243]}}, {"type": "Feature", "properties": {"building": "yes", "source": "way"}, "geometry": {"type": "Point", "coordinates": [-82.90277809041258, 42.406755324592396]}}, {"type": "Feature", "properties": {"building": "yes", "source": "way"}, "geometry": {"type": "Point", "coordinates": [-82.90248701542353, 42.406631490283104]}}, {"type": "Feature", "properties": {"building": "yes", "source": "way"}, "geometry": {"type": "Point", "coordinates": [-82.90227170810965, 42.406527415507156]}}, {"type": "Feature", "properties": {"building": "yes", "source": "way"}, "geometry": {"type": "Point", "coordinates": [-82.90185664429333, 42.40634530774544]}}, {"type": "Feature", "properties": {"building": "yes", "source": "way"}, "geometry": {"type": "Point", "coordinates": [-82.90245976865855, 42.40685380326874]}}, {"type": "Feature", "properties": {"building": "yes", "source": "way"}, "geometry": {"type": "Point", "coordinates": [-82.90209223289712, 42.40640123348943]}}, {"type": "Feature", "properties": {"building": "yes", "source": "way"}, "geometry": {"type": "Point", "coordinates": [-82.90118790765105, 42.40732944265142]}}, {"type": "Feature", "properties": {"building": "yes", "source": "way"}, "geometry": {"type": "Point", "coordinates": [-82.90096021574138, 42.40757738324957]}}, {"type": "Feature", "properties": {"building": "yes", "source": "way"}, "geometry": {"type": "Point", "coordinates": [-82.90125313534844, 42.40772540677507]}}, {"type": "Feature", "properties": {"building": "yes", "source": "way"}, "geometry": {"type": "Point", "coordinates": [-82.90149731085039, 42.4078055689319]}}, {"type": "Feature", "properties": {"building": "yes", "source": "way"}, "geometry": {"type": "Point", "coordinates": [-82.90167843785473, 42.407911416952636]}}, {"type": "Feature", "properties": {"building": "yes", "source": "way"}, "geometry": {"type": "Point", "coordinates": [-82.90199921306429, 42.40798670034935]}}, {"type": "Feature", "properties": {"building": "yes", "source": "way"}, "geometry": {"type": "Point", "coordinates": [-82.9022027246243, 42.408350642874225]}}, {"type": "Feature", "properties": {"building": "yes", "source": "way"}, "geometry": {"type": "Point", "coordinates": [-82.90250366702995, 42.408429845614634]}}, {"type": "Feature", "properties": {"building": "yes", "source": "way"}, "geometry": {"type": "Point", "coordinates": [-82.90302711268313, 42.40853703395115]}}, {"type": "Feature", "properties": {"building": "yes", "source": "way"}, "geometry": {"type": "Point", "coordinates": [-82.9031846674775, 42.408109901364554]}}, {"type": "Feature", "properties": {"building": "yes", "source": "way"}, "geometry": {"type": "Point", "coordinates": [-82.90247674760698, 42.40778551250854]}}, {"type": "Feature", "properties": {"building": "yes", "source": "way"}, "geometry": {"type": "Point", "coordinates": [-82.9021788887805, 42.40763840380704]}}, {"type": "Feature", "properties": {"building": "yes", "source": "way"}, "geometry": {"type": "Point", "coordinates": [-82.90185074130213, 42.4075348197438]}}, {"type": "Feature", "properties": {"building": "yes", "source": "way"}, "geometry": {"type": "Point", "coordinates": [-82.90036219528812, 42.40756133754665]}}, {"type": "Feature", "properties": {"building": "yes", "source": "way"}, "geometry": {"type": "Point", "coordinates": [-82.90059928515687, 42.40710733711991]}}, {"type": "Feature", "properties": {"building": "yes", "source": "way"}, "geometry": {"type": "Point", "coordinates": [-82.90007221806263, 42.40692174066227]}}, {"type": "Feature", "properties": {"building": "yes", "source": "way"}, "geometry": {"type": "Point", "coordinates": [-82.89958745192327, 42.40675434711028]}}, {"type": "Feature", "properties": {"building": "yes", "source": "way"}, "geometry": {"type": "Point", "coordinates": [-82.89923357166903, 42.406616856993374]}}, {"type": "Feature", "properties": {"building": "yes", "source": "way"}, "geometry": {"type": "Point", "coordinates": [-82.89848312373628, 42.406710332183636]}}, {"type": "Feature", "properties": {"building": "yes", "source": "way"}, "geometry": {"type": "Point", "coordinates": [-82.89929921256007, 42.40715718728932]}}, {"type": "Feature", "properties": {"building": "yes", "source": "way"}, "geometry": {"type": "Point", "coordinates": [-82.89967715222387, 42.40728312092693]}}, {"type": "Feature", "properties": {"building": "yes", "source": "way"}, "geometry": {"type": "Point", "coordinates": [-82.89994651483126, 42.40740689395596]}}, {"type": "Feature", "properties": {"building": "yes", "source": "way"}, "geometry": {"type": "Point", "coordinates": [-82.90878816312842, 42.41036976633439]}}, {"type": "Feature", "properties": {"building": "yes", "source": "way"}, "geometry": {"type": "Point", "coordinates": [-82.90893736159313, 42.41049582509079]}}, {"type": "Feature", "properties": {"building": "yes", "source": "way"}, "geometry": {"type": "Point", "coordinates": [-82.90906096938808, 42.41054275695791]}}, {"type": "Feature", "properties": {"building": "yes", "source": "way"}, "geometry": {"type": "Point", "coordinates": [-82.90920765, 42.41058660000001]}}, {"type": "Feature", "properties": {"building": "yes", "source": "way"}, "geometry": {"type": "Point", "coordinates": [-82.90933277961535, 42.41064790636669]}}, {"type": "Feature", "properties": {"building": "yes", "source": "way"}, "geometry": {"type": "Point", "coordinates": [-82.90945833228763, 42.41069219266915]}}, {"type": "Feature", "properties": {"building": "yes", "source": "way"}, "geometry": {"type": "Point", "coordinates": [-82.90960449999999, 42.410732499999995]}}, {"type": "Feature", "properties": {"building": "yes", "source": "way"}, "geometry": {"type": "Point", "coordinates": [-82.90973640000001, 42.41078249999999]}}, {"type": "Feature", "properties": {"building": "yes", "source": "way"}, "geometry": {"type": "Point", "coordinates": [-82.90983075, 42.41086785]}}, {"type": "Feature", "properties": {"building": "yes", "source": "way"}, "geometry": {"type": "Point", "coordinates": [-82.91011479742768, 42.41093797135877]}}, {"type": "Feature", "properties": {"building": "yes", "source": "way"}, "geometry": {"type": "Point", "coordinates": [-82.90997883604548, 42.41090360305626]}}, {"type": "Feature", "properties": {"building": "yes", "source": "way"}, "geometry": {"type": "Point", "coordinates": [-82.91025246956322, 42.411011854228015]}}, {"type": "Feature", "properties": {"building": "yes", "source": "way"}, "geometry": {"type": "Point", "coordinates": [-82.9106166496389, 42.411108566924796]}}, {"type": "Feature", "properties": {"building": "yes", "source": "way"}, "geometry": {"type": "Point", "coordinates": [-82.91035560872909, 42.410856231845415]}}, {"type": "Feature", "properties": {"building": "yes", "source": "way"}, "geometry": {"type": "Point", "coordinates": [-82.91038805, 42.41077545]}}, {"type": "Feature", "properties": {"building": "yes", "source": "way"}, "geometry": {"type": "Point", "coordinates": [-82.91017411837278, 42.4107864065239]}}, {"type": "Feature", "properties": {"building": "yes", "source": "way"}, "geometry": {"type": "Point", "coordinates": [-82.91038695, 42.41064205]}}, {"type": "Feature", "properties": {"building": "yes", "source": "way"}, "geometry": {"type": "Point", "coordinates": [-82.91022946786163, 42.41056110606366]}}, {"type": "Feature", "properties": {"building": "yes", "source": "way"}, "geometry": {"type": "Point", "coordinates": [-82.91006415, 42.410726149999995]}}, {"type": "Feature", "properties": {"building": "yes", "source": "way"}, "geometry": {"type": "Point", "coordinates": [-82.91006465194108, 42.41049728257091]}}, {"type": "Feature", "properties": {"building": "yes", "source": "way"}, "geometry": {"type": "Point", "coordinates": [-82.90993685000001, 42.4104073]}}, {"type": "Feature", "properties": {"building": "yes", "source": "way"}, "geometry": {"type": "Point", "coordinates": [-82.90988239999999, 42.410561099999995]}}, {"type": "Feature", "properties": {"building": "yes", "source": "way"}, "geometry": {"type": "Point", "coordinates": [-82.90980435955319, 42.41062248037104]}}, {"type": "Feature", "properties": {"building": "yes", "source": "way"}, "geometry": {"type": "Point", "coordinates": [-82.90971335402858, 42.41034633189671]}}, {"type": "Feature", "properties": {"building": "yes", "source": "way"}, "geometry": {"type": "Point", "coordinates": [-82.90953989375306, 42.410518618054205]}}, {"type": "Feature", "properties": {"building": "yes", "source": "way"}, "geometry": {"type": "Point", "coordinates": [-82.90952541131108, 42.410257880481545]}}, {"type": "Feature", "properties": {"building": "yes", "source": "way"}, "geometry": {"type": "Point", "coordinates": [-82.90942295654753, 42.41046658159575]}}, {"type": "Feature", "properties": {"building": "yes", "source": "way"}, "geometry": {"type": "Point", "coordinates": [-82.90938495, 42.41019145]}}, {"type": "Feature", "properties": {"building": "yes", "source": "way"}, "geometry": {"type": "Point", "coordinates": [-82.9092647, 42.4102962]}}, {"type": "Feature", "properties": {"building": "yes", "source": "way"}, "geometry": {"type": "Point", "coordinates": [-82.90923906067866, 42.41016715179244]}}, {"type": "Feature", "properties": {"building": "yes", "source": "way"}, "geometry": {"type": "Point", "coordinates": [-82.90913385000002, 42.410081600000005]}}, {"type": "Feature", "properties": {"building": "yes", "source": "way"}, "geometry": {"type": "Point", "coordinates": [-82.90899705, 42.41009045]}}, {"type": "Feature", "properties": {"building": "yes", "source": "way"}, "geometry": {"type": "Point", "coordinates": [-82.90890025628872, 42.41003806978872]}}, {"type": "Feature", "properties": {"building": "yes", "source": "way"}, "geometry": {"type": "Point", "coordinates": [-82.90859980328308, 42.41087801471634]}}, {"type": "Feature", "properties": {"building": "yes", "source": "way"}, "geometry": {"type": "Point", "coordinates": [-82.90877528155174, 42.41091194034709]}}, {"type": "Feature", "properties": {"building": "yes", "source": "way"}, "geometry": {"type": "Point", "coordinates": [-82.90891010201972, 42.41096008230251]}}, {"type": "Feature", "properties": {"building": "yes", "source": "way"}, "geometry": {"type": "Point", "coordinates": [-82.90903551574277, 42.41102191070222]}}, {"type": "Feature", "properties": {"building": "yes", "source": "way"}, "geometry": {"type": "Point", "coordinates": [-82.90917544999999, 42.41106365]}}, {"type": "Feature", "properties": {"building": "yes", "source": "way"}, "geometry": {"type": "Point", "coordinates": [-82.90931095, 42.41110415000001]}}, {"type": "Feature", "properties": {"building": "yes", "source": "way"}, "geometry": {"type": "Point", "coordinates": [-82.90944786241486, 42.41114687181899]}}, {"type": "Feature", "properties": {"building": "yes", "source": "way"}, "geometry": {"type": "Point", "coordinates": [-82.90955980000001, 42.41121875]}}, {"type": "Feature", "properties": {"building": "yes", "source": "way"}, "geometry": {"type": "Point", "coordinates": [-82.9096992, 42.4112573]}}, {"type": "Feature", "properties": {"building": "yes", "source": "way"}, "geometry": {"type": "Point", "coordinates": [-82.90983436636479, 42.41131443701774]}}, {"type": "Feature", "properties": {"building": "yes", "source": "way"}, "geometry": {"type": "Point", "coordinates": [-82.9099501257047, 42.411381142992134]}}, {"type": "Feature", "properties": {"building": "yes", "source": "way"}, "geometry": {"type": "Point", "coordinates": [-82.91005005781, 42.41145631822565]}}, {"type": "Feature", "properties": {"building": "yes", "source": "way"}, "geometry": {"type": "Point", "coordinates": [-82.90964813105701, 42.41149229538962]}}, {"type": "Feature", "properties": {"building": "yes", "source": "way"}, "geometry": {"type": "Point", "coordinates": [-82.90969515000002, 42.4116165]}}, {"type": "Feature", "properties": {"building": "yes", "source": "way"}, "geometry": {"type": "Point", "coordinates": [-82.90952684999999, 42.4114328]}}, {"type": "Feature", "properties": {"building": "yes", "source": "way"}, "geometry": {"type": "Point", "coordinates": [-82.9094000106635, 42.411543027155034]}}, {"type": "Feature", "properties": {"building": "yes", "source": "way"}, "geometry": {"type": "Point", "coordinates": [-82.90939080000001, 42.4113864]}}, {"type": "Feature", "properties": {"building": "yes", "source": "way"}, "geometry": {"type": "Point", "coordinates": [-82.91073749261882, 42.41076666869586]}}, {"type": "Feature", "properties": {"building": "yes", "source": "way"}, "geometry": {"type": "Point", "coordinates": [-82.9106740679438, 42.410892153744165]}}, {"type": "Feature", "properties": {"building": "yes", "source": "way"}, "geometry": {"type": "Point", "coordinates": [-82.91076091928393, 42.41092865447843]}}, {"type": "Feature", "properties": {"building": "yes", "source": "way"}, "geometry": {"type": "Point", "coordinates": [-82.91087734999999, 42.4108402]}}, {"type": "Feature", "properties": {"building": "yes", "source": "way"}, "geometry": {"type": "Point", "coordinates": [-82.91112545, 42.4109431]}}, {"type": "Feature", "properties": {"building": "yes", "source": "way"}, "geometry": {"type": "Point", "coordinates": [-82.91126675, 42.410996250000004]}}, {"type": "Feature", "properties": {"building": "yes", "source": "way"}, "geometry": {"type": "Point", "coordinates": [-82.91138014999999, 42.411052299999994]}}, {"type": "Feature", "properties": {"building": "yes", "source": "way"}, "geometry": {"type": "Point", "coordinates": [-82.91152319781543, 42.41110251781845]}}, {"type": "Feature", "properties": {"building": "yes", "source": "way"}, "geometry": {"type": "Point", "coordinates": [-82.911651, 42.41115940000001]}}, {"type": "Feature", "properties": {"building": "yes", "source": "way"}, "geometry": {"type": "Point", "coordinates": [-82.91072678203554, 42.411200508937206]}}, {"type": "Feature", "properties": {"building": "yes", "source": "way"}, "geometry": {"type": "Point", "coordinates": [-82.91085205, 42.41125565]}}, {"type": "Feature", "properties": {"building": "yes", "source": "way"}, "geometry": {"type": "Point", "coordinates": [-82.91097564999998, 42.41131165]}}, {"type": "Feature", "properties": {"building": "yes", "source": "way"}, "geometry": {"type": "Point", "coordinates": [-82.91112811719344, 42.41135055878143]}}, {"type": "Feature", "properties": {"building": "yes", "source": "way"}, "geometry": {"type": "Point", "coordinates": [-82.9112442009966, 42.411403732892595]}}, {"type": "Feature", "properties": {"building": "yes", "source": "way"}, "geometry": {"type": "Point", "coordinates": [-82.91137097226013, 42.41146630401618]}}, {"type": "Feature", "properties": {"building": "yes", "source": "way"}, "geometry": {"type": "Point", "coordinates": [-82.91175701512266, 42.41162872532872]}}, {"type": "Feature", "properties": {"building": "yes", "source": "way"}, "geometry": {"type": "Point", "coordinates": [-82.91161608097953, 42.4115859451986]}}, {"type": "Feature", "properties": {"building": "yes", "source": "way"}, "geometry": {"type": "Point", "coordinates": [-82.91187611813241, 42.41168050602441]}}, {"type": "Feature", "properties": {"building": "yes", "source": "way"}, "geometry": {"type": "Point", "coordinates": [-82.91150884999999, 42.411515849999994]}}, {"type": "Feature", "properties": {"building": "yes", "source": "way"}, "geometry": {"type": "Point", "coordinates": [-82.91156698925964, 42.41136467680695]}}, {"type": "Feature", "properties": {"building": "yes", "source": "way"}, "geometry": {"type": "Point", "coordinates": [-82.91182705512405, 42.41146838185655]}}, {"type": "Feature", "properties": {"building": "yes", "source": "way"}, "geometry": {"type": "Point", "coordinates": [-82.9119568982038, 42.41153456759617]}}, {"type": "Feature", "properties": {"building": "yes", "source": "way"}, "geometry": {"type": "Point", "coordinates": [-82.9121424980645, 42.41136323435284]}}, {"type": "Feature", "properties": {"building": "yes", "source": "way"}, "geometry": {"type": "Point", "coordinates": [-82.91212406169778, 42.41149373175367]}}, {"type": "Feature", "properties": {"building": "yes", "source": "way"}, "geometry": {"type": "Point", "coordinates": [-82.91140575, 42.41119870000001]}}, {"type": "Feature", "properties": {"building": "yes", "source": "way"}, "geometry": {"type": "Point", "coordinates": [-82.91102224986871, 42.410881683400284]}}, {"type": "Feature", "properties": {"building": "yes", "source": "way"}, "geometry": {"type": "Point", "coordinates": [-82.91089499828426, 42.41097199063173]}}, {"type": "Feature", "properties": {"building": "yes", "source": "way"}, "geometry": {"type": "Point", "coordinates": [-82.91179172286157, 42.41119668590065]}}, {"type": "Feature", "properties": {"building": "yes", "source": "way"}, "geometry": {"type": "Point", "coordinates": [-82.9119055030983, 42.411267781927016]}}, {"type": "Feature", "properties": {"building": "yes", "source": "way"}, "geometry": {"type": "Point", "coordinates": [-82.91203820000001, 42.41132215000001]}}, {"type": "Feature", "properties": {"building": "yes", "source": "way"}, "geometry": {"type": "Point", "coordinates": [-82.9090135, 42.411230249999996]}}, {"type": "Feature", "properties": {"building": "yes", "source": "way"}, "geometry": {"type": "Point", "coordinates": [-82.90887294999999, 42.41118495]}}, {"type": "Feature", "properties": {"building": "yes", "source": "way"}, "geometry": {"type": "Point", "coordinates": [-82.9091367, 42.4112823]}}, {"type": "Feature", "properties": {"building": "yes", "source": "way"}, "geometry": {"type": "Point", "coordinates": [-82.90926295, 42.4113361]}}, {"type": "Feature", "properties": {"building": "yes", "source": "way"}, "geometry": {"type": "Point", "coordinates": [-82.90844495, 42.41111754999999]}}, {"type": "Feature", "properties": {"building": "yes", "source": "way"}, "geometry": {"type": "Point", "coordinates": [-82.90874575, 42.41129145000001]}}, {"type": "Feature", "properties": {"building": "yes", "source": "way"}, "geometry": {"type": "Point", "coordinates": [-82.9083873, 42.41137775]}}, {"type": "Feature", "properties": {"building": "yes", "source": "way"}, "geometry": {"type": "Point", "coordinates": [-82.9085219322557, 42.41142816203249]}}, {"type": "Feature", "properties": {"building": "yes", "source": "way"}, "geometry": {"type": "Point", "coordinates": [-82.90867046872766, 42.41145310917849]}}, {"type": "Feature", "properties": {"building": "yes", "source": "way"}, "geometry": {"type": "Point", "coordinates": [-82.90879169685095, 42.41151156498534]}}, {"type": "Feature", "properties": {"building": "yes", "source": "way"}, "geometry": {"type": "Point", "coordinates": [-82.9089226781664, 42.41156380492636]}}, {"type": "Feature", "properties": {"building": "yes", "source": "way"}, "geometry": {"type": "Point", "coordinates": [-82.90905799379638, 42.41160870861089]}}, {"type": "Feature", "properties": {"building": "yes", "source": "way"}, "geometry": {"type": "Point", "coordinates": [-82.90918485445016, 42.41167790464588]}}, {"type": "Feature", "properties": {"building": "yes", "source": "way"}, "geometry": {"type": "Point", "coordinates": [-82.90931098782795, 42.41173497072603]}}, {"type": "Feature", "properties": {"building": "yes", "source": "way"}, "geometry": {"type": "Point", "coordinates": [-82.90943605000001, 42.411780300000004]}}, {"type": "Feature", "properties": {"building": "yes", "source": "way"}, "geometry": {"type": "Point", "coordinates": [-82.9095637, 42.41184005]}}, {"type": "Feature", "properties": {"building": "yes", "source": "way"}, "geometry": {"type": "Point", "coordinates": [-82.90972486578707, 42.41188912433434]}}, {"type": "Feature", "properties": {"building": "yes", "source": "way"}, "geometry": {"type": "Point", "coordinates": [-82.91040171454105, 42.411565843527114]}}, {"type": "Feature", "properties": {"building": "yes", "source": "way"}, "geometry": {"type": "Point", "coordinates": [-82.91029325000001, 42.41173655000001]}}, {"type": "Feature", "properties": {"building": "yes", "source": "way"}, "geometry": {"type": "Point", "coordinates": [-82.91022470539554, 42.411836781827084]}}, {"type": "Feature", "properties": {"building": "yes", "source": "way"}, "geometry": {"type": "Point", "coordinates": [-82.91015365940692, 42.412039633192755]}}, {"type": "Feature", "properties": {"building": "yes", "source": "way"}, "geometry": {"type": "Point", "coordinates": [-82.91027055, 42.412130950000005]}}, {"type": "Feature", "properties": {"building": "yes", "source": "way"}, "geometry": {"type": "Point", "coordinates": [-82.91040563207825, 42.412179093047264]}}, {"type": "Feature", "properties": {"building": "yes", "source": "way"}, "geometry": {"type": "Point", "coordinates": [-82.91053104134834, 42.41223980525922]}}, {"type": "Feature", "properties": {"building": "yes", "source": "way"}, "geometry": {"type": "Point", "coordinates": [-82.91067323359694, 42.412283239219185]}}, {"type": "Feature", "properties": {"building": "yes", "source": "way"}, "geometry": {"type": "Point", "coordinates": [-82.9108015180454, 42.412330609365746]}}, {"type": "Feature", "properties": {"building": "yes", "source": "way"}, "geometry": {"type": "Point", "coordinates": [-82.91092415919404, 42.41237289175161]}}, {"type": "Feature", "properties": {"building": "yes", "source": "way"}, "geometry": {"type": "Point", "coordinates": [-82.91106139762994, 42.41244151784616]}}, {"type": "Feature", "properties": {"building": "yes", "source": "way"}, "geometry": {"type": "Point", "coordinates": [-82.91131128134349, 42.412549091621074]}}, {"type": "Feature", "properties": {"building": "yes", "source": "way"}, "geometry": {"type": "Point", "coordinates": [-82.9111835776114, 42.41250400658298]}}, {"type": "Feature", "properties": {"building": "yes", "source": "way"}, "geometry": {"type": "Point", "coordinates": [-82.91170040000002, 42.41205505]}}, {"type": "Feature", "properties": {"building": "yes", "source": "way"}, "geometry": {"type": "Point", "coordinates": [-82.91157375111547, 42.41202903286011]}}, {"type": "Feature", "properties": {"building": "yes", "source": "way"}, "geometry": {"type": "Point", "coordinates": [-82.91145809999999, 42.412160099999994]}}, {"type": "Feature", "properties": {"building": "yes", "source": "way"}, "geometry": {"type": "Point", "coordinates": [-82.91153489999999, 42.41224855]}}, {"type": "Feature", "properties": {"building": "yes", "source": "way"}, "geometry": {"type": "Point", "coordinates": [-82.9112934, 42.4121512]}}, {"type": "Feature", "properties": {"building": "yes", "source": "way"}, "geometry": {"type": "Point", "coordinates": [-82.91146472729794, 42.41197396337922]}}, {"type": "Feature", "properties": {"building": "yes", "source": "way"}, "geometry": {"type": "Point", "coordinates": [-82.9113252, 42.41193075]}}, {"type": "Feature", "properties": {"building": "yes", "source": "way"}, "geometry": {"type": "Point", "coordinates": [-82.91120105, 42.41187274999999]}}, {"type": "Feature", "properties": {"building": "yes", "source": "way"}, "geometry": {"type": "Point", "coordinates": [-82.91114909999999, 42.4121062]}}, {"type": "Feature", "properties": {"building": "yes", "source": "way"}, "geometry": {"type": "Point", "coordinates": [-82.91118499115882, 42.41221476863137]}}, {"type": "Feature", "properties": {"building": "yes", "source": "way"}, "geometry": {"type": "Point", "coordinates": [-82.91131215782359, 42.41227313172147]}}, {"type": "Feature", "properties": {"building": "yes", "source": "way"}, "geometry": {"type": "Point", "coordinates": [-82.91038774999998, 42.41178459999999]}}, {"type": "Feature", "properties": {"building": "yes", "source": "way"}, "geometry": {"type": "Point", "coordinates": [-82.91040225, 42.41190005]}}, {"type": "Feature", "properties": {"building": "yes", "source": "way"}, "geometry": {"type": "Point", "coordinates": [-82.91053595583155, 42.411953232501055]}}, {"type": "Feature", "properties": {"building": "yes", "source": "way"}, "geometry": {"type": "Point", "coordinates": [-82.91063222125497, 42.41189206488489]}}, {"type": "Feature", "properties": {"building": "yes", "source": "way"}, "geometry": {"type": "Point", "coordinates": [-82.91066416765128, 42.41201565391726]}}, {"type": "Feature", "properties": {"building": "yes", "source": "way"}, "geometry": {"type": "Point", "coordinates": [-82.91075930000001, 42.41194495000001]}}, {"type": "Feature", "properties": {"building": "yes", "source": "way"}, "geometry": {"type": "Point", "coordinates": [-82.91087184338204, 42.41216906329957]}}, {"type": "Feature", "properties": {"building": "yes", "source": "way"}, "geometry": {"type": "Point", "coordinates": [-82.9109, 42.411998600000004]}}, {"type": "Feature", "properties": {"building": "yes", "source": "way"}, "geometry": {"type": "Point", "coordinates": [-82.91102625, 42.4120468]}}, {"type": "Feature", "properties": {"building": "yes", "source": "way"}, "geometry": {"type": "Point", "coordinates": [-82.91054923256789, 42.411607743266735]}}, {"type": "Feature", "properties": {"building": "yes", "source": "way"}, "geometry": {"type": "Point", "coordinates": [-82.91067633861104, 42.411665561232326]}}, {"type": "Feature", "properties": {"building": "yes", "source": "way"}, "geometry": {"type": "Point", "coordinates": [-82.91080839732702, 42.41171456770231]}}, {"type": "Feature", "properties": {"building": "yes", "source": "way"}, "geometry": {"type": "Point", "coordinates": [-82.9109367218833, 42.41177113808674]}}, {"type": "Feature", "properties": {"building": "yes", "source": "way"}, "geometry": {"type": "Point", "coordinates": [-82.91106214009534, 42.41182285592212]}}, {"type": "Feature", "properties": {"building": "yes", "source": "way"}, "geometry": {"type": "Point", "coordinates": [-82.90975291860435, 42.41252330342399]}}, {"type": "Feature", "properties": {"building": "yes", "source": "way"}, "geometry": {"type": "Point", "coordinates": [-82.90997413082619, 42.412533248059376]}}, {"type": "Feature", "properties": {"building": "yes", "source": "way"}, "geometry": {"type": "Point", "coordinates": [-82.91011847979587, 42.41256759432639]}}, {"type": "Feature", "properties": {"building": "yes", "source": "way"}, "geometry": {"type": "Point", "coordinates": [-82.91023760037929, 42.41264086647679]}}, {"type": "Feature", "properties": {"building": "yes", "source": "way"}, "geometry": {"type": "Point", "coordinates": [-82.91037772491924, 42.41267791258477]}}, {"type": "Feature", "properties": {"building": "yes", "source": "way"}, "geometry": {"type": "Point", "coordinates": [-82.91048220805813, 42.41275756323835]}}, {"type": "Feature", "properties": {"building": "yes", "source": "way"}, "geometry": {"type": "Point", "coordinates": [-82.91061937809336, 42.4128021246472]}}, {"type": "Feature", "properties": {"building": "yes", "source": "way"}, "geometry": {"type": "Point", "coordinates": [-82.91076035000002, 42.4128533]}}, {"type": "Feature", "properties": {"building": "yes", "source": "way"}, "geometry": {"type": "Point", "coordinates": [-82.91089268087545, 42.412897594994135]}}, {"type": "Feature", "properties": {"building": "yes", "source": "way"}, "geometry": {"type": "Point", "coordinates": [-82.91101699870512, 42.412953717377135]}}, {"type": "Feature", "properties": {"building": "yes", "source": "way"}, "geometry": {"type": "Point", "coordinates": [-82.91113219108742, 42.41301968509275]}}, {"type": "Feature", "properties": {"building": "yes", "source": "way"}, "geometry": {"type": "Point", "coordinates": [-82.91165640072585, 42.413362387221675]}}, {"type": "Feature", "properties": {"building": "yes", "source": "way"}, "geometry": {"type": "Point", "coordinates": [-82.91162652787938, 42.41313290079103]}}, {"type": "Feature", "properties": {"building": "yes", "source": "way"}, "geometry": {"type": "Point", "coordinates": [-82.91085694999998, 42.4131104]}}, {"type": "Feature", "properties": {"building": "yes", "source": "way"}, "geometry": {"type": "Point", "coordinates": [-82.91088885, 42.41357465]}}, {"type": "Feature", "properties": {"building": "yes", "source": "way"}, "geometry": {"type": "Point", "coordinates": [-82.91075335, 42.41352995]}}, {"type": "Feature", "properties": {"building": "yes", "source": "way"}, "geometry": {"type": "Point", "coordinates": [-82.91062538468297, 42.41347662680097]}}, {"type": "Feature", "properties": {"building": "yes", "source": "way"}, "geometry": {"type": "Point", "coordinates": [-82.91050390000001, 42.4134207]}}, {"type": "Feature", "properties": {"building": "yes", "source": "way"}, "geometry": {"type": "Point", "coordinates": [-82.91037430732456, 42.41336038848513]}}, {"type": "Feature", "properties": {"building": "yes", "source": "way"}, "geometry": {"type": "Point", "coordinates": [-82.91023736895683, 42.41331445680716]}}, {"type": "Feature", "properties": {"building": "yes", "source": "way"}, "geometry": {"type": "Point", "coordinates": [-82.91011536409438, 42.41325522805672]}}, {"type": "Feature", "properties": {"building": "yes", "source": "way"}, "geometry": {"type": "Point", "coordinates": [-82.90998214050344, 42.41320320121763]}}, {"type": "Feature", "properties": {"building": "yes", "source": "way"}, "geometry": {"type": "Point", "coordinates": [-82.90985223103112, 42.413152493008866]}}, {"type": "Feature", "properties": {"building": "yes", "source": "way"}, "geometry": {"type": "Point", "coordinates": [-82.90972285270838, 42.41308789970843]}}, {"type": "Feature", "properties": {"building": "yes", "source": "way"}, "geometry": {"type": "Point", "coordinates": [-82.90958822935099, 42.413051961906945]}}, {"type": "Feature", "properties": {"building": "yes", "source": "way"}, "geometry": {"type": "Point", "coordinates": [-82.90942343213611, 42.4129789425967]}}, {"type": "Feature", "properties": {"building": "yes", "source": "way"}, "geometry": {"type": "Point", "coordinates": [-82.90958057311144, 42.4127613649529]}}, {"type": "Feature", "properties": {"building": "yes", "source": "way"}, "geometry": {"type": "Point", "coordinates": [-82.90984855, 42.412870700000006]}}, {"type": "Feature", "properties": {"building": "yes", "source": "way"}, "geometry": {"type": "Point", "coordinates": [-82.90992560000001, 42.412991500000004]}}, {"type": "Feature", "properties": {"building": "yes", "source": "way"}, "geometry": {"type": "Point", "coordinates": [-82.91005931129709, 42.4130469722381]}}, {"type": "Feature", "properties": {"building": "yes", "source": "way"}, "geometry": {"type": "Point", "coordinates": [-82.91021015000001, 42.41283885]}}, {"type": "Feature", "properties": {"building": "yes", "source": "way"}, "geometry": {"type": "Point", "coordinates": [-82.91059138019483, 42.41326609537612]}}, {"type": "Feature", "properties": {"building": "yes", "source": "way"}, "geometry": {"type": "Point", "coordinates": [-82.91071263205963, 42.4133127948537]}}, {"type": "Feature", "properties": {"building": "yes", "source": "way"}, "geometry": {"type": "Point", "coordinates": [-82.91109845, 42.4132047]}}, {"type": "Feature", "properties": {"building": "yes", "source": "way"}, "geometry": {"type": "Point", "coordinates": [-82.90820299999999, 42.411849999999994]}}, {"type": "Feature", "properties": {"building": "yes", "source": "way"}, "geometry": {"type": "Point", "coordinates": [-82.90834615, 42.411884050000005]}}, {"type": "Feature", "properties": {"building": "yes", "source": "way"}, "geometry": {"type": "Point", "coordinates": [-82.90847222539102, 42.41194637868778]}}, {"type": "Feature", "properties": {"building": "yes", "source": "way"}, "geometry": {"type": "Point", "coordinates": [-82.90861731872519, 42.41198111166621]}}, {"type": "Feature", "properties": {"building": "yes", "source": "way"}, "geometry": {"type": "Point", "coordinates": [-82.90873633228121, 42.41203984208605]}}, {"type": "Feature", "properties": {"building": "yes", "source": "way"}, "geometry": {"type": "Point", "coordinates": [-82.90887383150287, 42.4120842448942]}}, {"type": "Feature", "properties": {"building": "yes", "source": "way"}, "geometry": {"type": "Point", "coordinates": [-82.90900420004854, 42.412141541523845]}}, {"type": "Feature", "properties": {"building": "yes", "source": "way"}, "geometry": {"type": "Point", "coordinates": [-82.90910905, 42.4122261]}}, {"type": "Feature", "properties": {"building": "yes", "source": "way"}, "geometry": {"type": "Point", "coordinates": [-82.909266, 42.41224384999999]}}, {"type": "Feature", "properties": {"building": "yes", "source": "way"}, "geometry": {"type": "Point", "coordinates": [-82.90939603257752, 42.41233337417594]}}, {"type": "Feature", "properties": {"building": "yes", "source": "way"}, "geometry": {"type": "Point", "coordinates": [-82.90919068829155, 42.41260496806678]}}, {"type": "Feature", "properties": {"building": "yes", "source": "way"}, "geometry": {"type": "Point", "coordinates": [-82.90917541224427, 42.41268647179796]}}, {"type": "Feature", "properties": {"building": "yes", "source": "way"}, "geometry": {"type": "Point", "coordinates": [-82.90899157007573, 42.41278916354402]}}, {"type": "Feature", "properties": {"building": "yes", "source": "way"}, "geometry": {"type": "Point", "coordinates": [-82.90927098206281, 42.41253099754821]}}, {"type": "Feature", "properties": {"building": "yes", "source": "way"}, "geometry": {"type": "Point", "coordinates": [-82.90883764191564, 42.41253576867445]}}, {"type": "Feature", "properties": {"building": "yes", "source": "way"}, "geometry": {"type": "Point", "coordinates": [-82.9087861, 42.41267604999999]}}, {"type": "Feature", "properties": {"building": "yes", "source": "way"}, "geometry": {"type": "Point", "coordinates": [-82.9086461978682, 42.41262266594545]}}, {"type": "Feature", "properties": {"building": "yes", "source": "way"}, "geometry": {"type": "Point", "coordinates": [-82.90852004999999, 42.412564849999995]}}, {"type": "Feature", "properties": {"building": "yes", "source": "way"}, "geometry": {"type": "Point", "coordinates": [-82.90837848379853, 42.412528175063876]}}, {"type": "Feature", "properties": {"building": "yes", "source": "way"}, "geometry": {"type": "Point", "coordinates": [-82.9082499538302, 42.41247848116603]}}, {"type": "Feature", "properties": {"building": "yes", "source": "way"}, "geometry": {"type": "Point", "coordinates": [-82.90811080000002, 42.4124358]}}, {"type": "Feature", "properties": {"building": "yes", "source": "way"}, "geometry": {"type": "Point", "coordinates": [-82.90805915253164, 42.4122675747409]}}, {"type": "Feature", "properties": {"building": "yes", "source": "way"}, "geometry": {"type": "Point", "coordinates": [-82.90819942417946, 42.41226023608733]}}, {"type": "Feature", "properties": {"building": "yes", "source": "way"}, "geometry": {"type": "Point", "coordinates": [-82.90833185, 42.4123156]}}, {"type": "Feature", "properties": {"building": "yes", "source": "way"}, "geometry": {"type": "Point", "coordinates": [-82.90845045, 42.41236055000001]}}, {"type": "Feature", "properties": {"building": "yes", "source": "way"}, "geometry": {"type": "Point", "coordinates": [-82.90858294999998, 42.41241585]}}, {"type": "Feature", "properties": {"building": "yes", "source": "way"}, "geometry": {"type": "Point", "coordinates": [-82.90869761905698, 42.412268454910965]}}, {"type": "Feature", "properties": {"building": "yes", "source": "way"}, "geometry": {"type": "Point", "coordinates": [-82.90886284999999, 42.412276549999994]}}, {"type": "Feature", "properties": {"building": "yes", "source": "way"}, "geometry": {"type": "Point", "coordinates": [-82.90821180000002, 42.412014150000005]}}, {"type": "Feature", "properties": {"building": "yes", "source": "way"}, "geometry": {"type": "Point", "coordinates": [-82.90833173044456, 42.412077995038274]}}, {"type": "Feature", "properties": {"building": "yes", "source": "way"}, "geometry": {"type": "Point", "coordinates": [-82.90847575000001, 42.412125]}}, {"type": "Feature", "properties": {"building": "yes", "source": "way"}, "geometry": {"type": "Point", "coordinates": [-82.90856930000001, 42.41222875]}}, {"type": "Feature", "properties": {"building": "yes", "source": "way"}, "geometry": {"type": "Point", "coordinates": [-82.90766843102952, 42.41183569505523]}}, {"type": "Feature", "properties": {"building": "yes", "source": "way"}, "geometry": {"type": "Point", "coordinates": [-82.90754461070941, 42.41193963145098]}}, {"type": "Feature", "properties": {"building": "yes", "source": "way"}, "geometry": {"type": "Point", "coordinates": [-82.90767625000001, 42.411975]}}, {"type": "Feature", "properties": {"building": "yes", "source": "way"}, "geometry": {"type": "Point", "coordinates": [-82.90760288038295, 42.41218074510261]}}, {"type": "Feature", "properties": {"building": "yes", "source": "way"}, "geometry": {"type": "Point", "coordinates": [-82.90741584392418, 42.412154489435565]}}, {"type": "Feature", "properties": {"building": "yes", "source": "way"}, "geometry": {"type": "Point", "coordinates": [-82.90729035000001, 42.41210035]}}, {"type": "Feature", "properties": {"building": "yes", "source": "way"}, "geometry": {"type": "Point", "coordinates": [-82.90714297889039, 42.41204369171083]}}, {"type": "Feature", "properties": {"building": "yes", "source": "way"}, "geometry": {"type": "Point", "coordinates": [-82.90702590000001, 42.41199855]}}, {"type": "Feature", "properties": {"building": "yes", "source": "way"}, "geometry": {"type": "Point", "coordinates": [-82.90691637893042, 42.41194114573197]}}, {"type": "Feature", "properties": {"building": "yes", "source": "way"}, "geometry": {"type": "Point", "coordinates": [-82.90692061884702, 42.411814603923375]}}, {"type": "Feature", "properties": {"building": "yes", "source": "way"}, "geometry": {"type": "Point", "coordinates": [-82.90707400359176, 42.41186578213023]}}, {"type": "Feature", "properties": {"building": "yes", "source": "way"}, "geometry": {"type": "Point", "coordinates": [-82.90721385, 42.411902250000004]}}, {"type": "Feature", "properties": {"building": "yes", "source": "way"}, "geometry": {"type": "Point", "coordinates": [-82.90474834999999, 42.41109265]}}, {"type": "Feature", "properties": {"building": "yes", "source": "way"}, "geometry": {"type": "Point", "coordinates": [-82.9049122, 42.411153150000004]}}, {"type": "Feature", "properties": {"building": "yes", "source": "way"}, "geometry": {"type": "Point", "coordinates": [-82.90505938211005, 42.4111883445876]}}, {"type": "Feature", "properties": {"building": "yes", "source": "way"}, "geometry": {"type": "Point", "coordinates": [-82.90525469999999, 42.41126205]}}, {"type": "Feature", "properties": {"building": "yes", "source": "way"}, "geometry": {"type": "Point", "coordinates": [-82.90539199579148, 42.41135007335655]}}, {"type": "Feature", "properties": {"building": "yes", "source": "way"}, "geometry": {"type": "Point", "coordinates": [-82.90555123192388, 42.4114035435113]}}, {"type": "Feature", "properties": {"building": "yes", "source": "way"}, "geometry": {"type": "Point", "coordinates": [-82.90570664879847, 42.41145648223753]}}, {"type": "Feature", "properties": {"building": "yes", "source": "way"}, "geometry": {"type": "Point", "coordinates": [-82.90584705, 42.41153035]}}, {"type": "Feature", "properties": {"building": "yes", "source": "way"}, "geometry": {"type": "Point", "coordinates": [-82.90610028170356, 42.411643491522945]}}, {"type": "Feature", "properties": {"building": "yes", "source": "way"}, "geometry": {"type": "Point", "coordinates": [-82.90623584750813, 42.411694617895286]}}, {"type": "Feature", "properties": {"building": "yes", "source": "way"}, "geometry": {"type": "Point", "coordinates": [-82.90637405, 42.4117442]}}, {"type": "Feature", "properties": {"building": "yes", "source": "way"}, "geometry": {"type": "Point", "coordinates": [-82.90663076268646, 42.41184237347792]}}, {"type": "Feature", "properties": {"building": "yes", "source": "way"}, "geometry": {"type": "Point", "coordinates": [-82.9064973021892, 42.41178858217008]}}, {"type": "Feature", "properties": {"building": "yes", "source": "way"}, "geometry": {"type": "Point", "coordinates": [-82.90598180000003, 42.411591800000004]}}, {"type": "Feature", "properties": {"building": "yes", "source": "way"}, "geometry": {"type": "Point", "coordinates": [-82.90583796800242, 42.41134290388259]}}, {"type": "Feature", "properties": {"building": "yes", "source": "way"}, "geometry": {"type": "Point", "coordinates": [-82.90592881637818, 42.411348158448085]}}, {"type": "Feature", "properties": {"building": "yes", "source": "way"}, "geometry": {"type": "Point", "coordinates": [-82.90612943220724, 42.41136419827847]}}, {"type": "Feature", "properties": {"building": "yes", "source": "way"}, "geometry": {"type": "Point", "coordinates": [-82.90631975, 42.41152689999999]}}, {"type": "Feature", "properties": {"building": "yes", "source": "way"}, "geometry": {"type": "Point", "coordinates": [-82.9064773, 42.411584700000006]}}, {"type": "Feature", "properties": {"building": "yes", "source": "way"}, "geometry": {"type": "Point", "coordinates": [-82.90524079428019, 42.41101051858491]}}, {"type": "Feature", "properties": {"building": "yes", "source": "way"}, "geometry": {"type": "Point", "coordinates": [-82.90496483900908, 42.41098621983429]}}, {"type": "Feature", "properties": {"building": "yes", "source": "way"}, "geometry": {"type": "Point", "coordinates": [-82.90479029249296, 42.41093261786883]}}, {"type": "Feature", "properties": {"building": "yes", "source": "way"}, "geometry": {"type": "Point", "coordinates": [-82.90521458832964, 42.41063022515291]}}, {"type": "Feature", "properties": {"building": "yes", "source": "way"}, "geometry": {"type": "Point", "coordinates": [-82.90504992207434, 42.41053533929428]}}, {"type": "Feature", "properties": {"building": "yes", "source": "way"}, "geometry": {"type": "Point", "coordinates": [-82.90541918150628, 42.410671047100216]}}, {"type": "Feature", "properties": {"building": "yes", "source": "way"}, "geometry": {"type": "Point", "coordinates": [-82.90556740116487, 42.410764360209924]}}, {"type": "Feature", "properties": {"building": "yes", "source": "way"}, "geometry": {"type": "Point", "coordinates": [-82.90577025432513, 42.410829079848156]}}, {"type": "Feature", "properties": {"building": "yes", "source": "way"}, "geometry": {"type": "Point", "coordinates": [-82.9059383467813, 42.4109092996554]}}, {"type": "Feature", "properties": {"building": "yes", "source": "way"}, "geometry": {"type": "Point", "coordinates": [-82.90609898449321, 42.41096352453434]}}, {"type": "Feature", "properties": {"building": "yes", "source": "way"}, "geometry": {"type": "Point", "coordinates": [-82.90622290789871, 42.411023087465544]}}, {"type": "Feature", "properties": {"building": "yes", "source": "way"}, "geometry": {"type": "Point", "coordinates": [-82.90636301783962, 42.411064153360456]}}, {"type": "Feature", "properties": {"building": "yes", "source": "way"}, "geometry": {"type": "Point", "coordinates": [-82.9064834, 42.41113045]}}, {"type": "Feature", "properties": {"building": "yes", "source": "way"}, "geometry": {"type": "Point", "coordinates": [-82.9066311, 42.411153750000004]}}, {"type": "Feature", "properties": {"building": "yes", "source": "way"}, "geometry": {"type": "Point", "coordinates": [-82.9067503955147, 42.411223068490415]}}, {"type": "Feature", "properties": {"building": "yes", "source": "way"}, "geometry": {"type": "Point", "coordinates": [-82.90772724999998, 42.41162939999999]}}, {"type": "Feature", "properties": {"building": "yes", "source": "way"}, "geometry": {"type": "Point", "coordinates": [-82.90754271833778, 42.41152875398084]}}, {"type": "Feature", "properties": {"building": "yes", "source": "way"}, "geometry": {"type": "Point", "coordinates": [-82.90740475926852, 42.411482954374456]}}, {"type": "Feature", "properties": {"building": "yes", "source": "way"}, "geometry": {"type": "Point", "coordinates": [-82.90722029174862, 42.411432368654324]}}, {"type": "Feature", "properties": {"building": "yes", "source": "way"}, "geometry": {"type": "Point", "coordinates": [-82.90688040000002, 42.41127525]}}, {"type": "Feature", "properties": {"building": "yes", "source": "way"}, "geometry": {"type": "Point", "coordinates": [-82.90687385, 42.411465150000005]}}, {"type": "Feature", "properties": {"building": "yes", "source": "way"}, "geometry": {"type": "Point", "coordinates": [-82.90676745821827, 42.41179078161322]}}, {"type": "Feature", "properties": {"building": "yes", "source": "way"}, "geometry": {"type": "Point", "coordinates": [-82.90659431841516, 42.411376753952105]}}, {"type": "Feature", "properties": {"building": "yes", "source": "way"}, "geometry": {"type": "Point", "coordinates": [-82.90704515305924, 42.41135084264533]}}, {"type": "Feature", "properties": {"building": "yes", "source": "way"}, "geometry": {"type": "Point", "coordinates": [-82.90634234999999, 42.411268449999994]}}, {"type": "Feature", "properties": {"building": "yes", "source": "way"}, "geometry": {"type": "Point", "coordinates": [-82.9061613, 42.41126705]}}, {"type": "Feature", "properties": {"building": "yes", "source": "way"}, "geometry": {"type": "Point", "coordinates": [-82.90607125, 42.41117535000001]}}, {"type": "Feature", "properties": {"building": "yes", "source": "way"}, "geometry": {"type": "Point", "coordinates": [-82.90594323170424, 42.41111694496102]}}, {"type": "Feature", "properties": {"building": "yes", "source": "way"}, "geometry": {"type": "Point", "coordinates": [-82.90559334999999, 42.411143700000004]}}, {"type": "Feature", "properties": {"building": "yes", "source": "way"}, "geometry": {"type": "Point", "coordinates": [-82.90570725, 42.41130355]}}, {"type": "Feature", "properties": {"building": "yes", "source": "way"}, "geometry": {"type": "Point", "coordinates": [-82.90538321260429, 42.410100803035064]}}, {"type": "Feature", "properties": {"building": "yes", "source": "way"}, "geometry": {"type": "Point", "coordinates": [-82.90557375, 42.410050299999995]}}, {"type": "Feature", "properties": {"building": "yes", "source": "way"}, "geometry": {"type": "Point", "coordinates": [-82.90552967660211, 42.410210288669]}}, {"type": "Feature", "properties": {"building": "yes", "source": "way"}, "geometry": {"type": "Point", "coordinates": [-82.90571828115776, 42.41027774723306]}}, {"type": "Feature", "properties": {"building": "yes", "source": "way"}, "geometry": {"type": "Point", "coordinates": [-82.90576358206351, 42.41010664637638]}}, {"type": "Feature", "properties": {"building": "yes", "source": "way"}, "geometry": {"type": "Point", "coordinates": [-82.9059520803998, 42.41018144548973]}}, {"type": "Feature", "properties": {"building": "yes", "source": "way"}, "geometry": {"type": "Point", "coordinates": [-82.90672078192523, 42.41018244519697]}}, {"type": "Feature", "properties": {"building": "yes", "source": "way"}, "geometry": {"type": "Point", "coordinates": [-82.90691289518004, 42.41025302639696]}}, {"type": "Feature", "properties": {"building": "yes", "source": "way"}, "geometry": {"type": "Point", "coordinates": [-82.9068745313836, 42.40991004299004]}}, {"type": "Feature", "properties": {"building": "yes", "source": "way"}, "geometry": {"type": "Point", "coordinates": [-82.90707598730211, 42.40999219592234]}}, {"type": "Feature", "properties": {"building": "yes", "source": "way"}, "geometry": {"type": "Point", "coordinates": [-82.90567195, 42.4097304]}}, {"type": "Feature", "properties": {"building": "yes", "source": "way"}, "geometry": {"type": "Point", "coordinates": [-82.90586400902345, 42.4098018233204]}}, {"type": "Feature", "properties": {"building": "yes", "source": "way"}, "geometry": {"type": "Point", "coordinates": [-82.90602513855058, 42.409887540173735]}}, {"type": "Feature", "properties": {"building": "yes", "source": "way"}, "geometry": {"type": "Point", "coordinates": [-82.90620140669995, 42.4099416316041]}}, {"type": "Feature", "properties": {"building": "yes", "source": "way"}, "geometry": {"type": "Point", "coordinates": [-82.90640555941796, 42.41002644558684]}}, {"type": "Feature", "properties": {"building": "yes", "source": "way"}, "geometry": {"type": "Point", "coordinates": [-82.90612704158751, 42.41024946901044]}}, {"type": "Feature", "properties": {"building": "yes", "source": "way"}, "geometry": {"type": "Point", "coordinates": [-82.90625949182537, 42.41048597772019]}}, {"type": "Feature", "properties": {"building": "yes", "source": "way"}, "geometry": {"type": "Point", "coordinates": [-82.90606460837316, 42.41042259413381]}}, {"type": "Feature", "properties": {"building": "yes", "source": "way"}, "geometry": {"type": "Point", "coordinates": [-82.90589339684216, 42.4103437030658]}}, {"type": "Feature", "properties": {"building": "yes", "source": "way"}, "geometry": {"type": "Point", "coordinates": [-82.9064185, 42.4105368]}}, {"type": "Feature", "properties": {"building": "yes", "source": "way"}, "geometry": {"type": "Point", "coordinates": [-82.9065194, 42.41062530000001]}}, {"type": "Feature", "properties": {"building": "yes", "source": "way"}, "geometry": {"type": "Point", "coordinates": [-82.90676050638712, 42.41068569941541]}}, {"type": "Feature", "properties": {"building": "yes", "source": "way"}, "geometry": {"type": "Point", "coordinates": [-82.90692551471524, 42.41076007712686]}}, {"type": "Feature", "properties": {"building": "yes", "source": "way"}, "geometry": {"type": "Point", "coordinates": [-82.9070453, 42.4108245]}}, {"type": "Feature", "properties": {"building": "yes", "source": "way"}, "geometry": {"type": "Point", "coordinates": [-82.90702973181192, 42.41056339673145]}}, {"type": "Feature", "properties": {"building": "yes", "source": "way"}, "geometry": {"type": "Point", "coordinates": [-82.90714645000001, 42.4106429]}}, {"type": "Feature", "properties": {"building": "yes", "source": "way"}, "geometry": {"type": "Point", "coordinates": [-82.90718467793434, 42.4108648881064]}}, {"type": "Feature", "properties": {"building": "yes", "source": "way"}, "geometry": {"type": "Point", "coordinates": [-82.90729712696641, 42.41093311324764]}}, {"type": "Feature", "properties": {"building": "yes", "source": "way"}, "geometry": {"type": "Point", "coordinates": [-82.90742896884869, 42.41098635528645]}}, {"type": "Feature", "properties": {"building": "yes", "source": "way"}, "geometry": {"type": "Point", "coordinates": [-82.90755255, 42.411041149999996]}}, {"type": "Feature", "properties": {"building": "yes", "source": "way"}, "geometry": {"type": "Point", "coordinates": [-82.90768815, 42.4110947]}}, {"type": "Feature", "properties": {"building": "yes", "source": "way"}, "geometry": {"type": "Point", "coordinates": [-82.90789710218668, 42.41111786542453]}}, {"type": "Feature", "properties": {"building": "yes", "source": "way"}, "geometry": {"type": "Point", "coordinates": [-82.90907314999998, 42.409418]}}, {"type": "Feature", "properties": {"building": "yes", "source": "way"}, "geometry": {"type": "Point", "coordinates": [-82.90908611361883, 42.40965666135468]}}, {"type": "Feature", "properties": {"building": "yes", "source": "way"}, "geometry": {"type": "Point", "coordinates": [-82.9092365315425, 42.409478546939575]}}, {"type": "Feature", "properties": {"building": "yes", "source": "way"}, "geometry": {"type": "Point", "coordinates": [-82.90939364355158, 42.40977851652591]}}, {"type": "Feature", "properties": {"building": "yes", "source": "way"}, "geometry": {"type": "Point", "coordinates": [-82.90950939999998, 42.40984400000001]}}, {"type": "Feature", "properties": {"building": "yes", "source": "way"}, "geometry": {"type": "Point", "coordinates": [-82.9096415178973, 42.409890957125086]}}, {"type": "Feature", "properties": {"building": "yes", "source": "way"}, "geometry": {"type": "Point", "coordinates": [-82.90986951605231, 42.409970965241584]}}, {"type": "Feature", "properties": {"building": "yes", "source": "way"}, "geometry": {"type": "Point", "coordinates": [-82.91008356210058, 42.410057921240536]}}, {"type": "Feature", "properties": {"building": "yes", "source": "way"}, "geometry": {"type": "Point", "coordinates": [-82.91025513086905, 42.4101554839363]}}, {"type": "Feature", "properties": {"building": "yes", "source": "way"}, "geometry": {"type": "Point", "coordinates": [-82.9104143987517, 42.41021828412275]}}, {"type": "Feature", "properties": {"building": "yes", "source": "way"}, "geometry": {"type": "Point", "coordinates": [-82.91052629999999, 42.41027554999999]}}, {"type": "Feature", "properties": {"building": "yes", "source": "way"}, "geometry": {"type": "Point", "coordinates": [-82.91063355, 42.410164200000004]}}, {"type": "Feature", "properties": {"building": "yes", "source": "way"}, "geometry": {"type": "Point", "coordinates": [-82.91068645, 42.41008745]}}, {"type": "Feature", "properties": {"building": "yes", "source": "way"}, "geometry": {"type": "Point", "coordinates": [-82.91074096138915, 42.40998291795507]}}, {"type": "Feature", "properties": {"building": "yes", "source": "way"}, "geometry": {"type": "Point", "coordinates": [-82.91062995561005, 42.40993390470043]}}, {"type": "Feature", "properties": {"building": "yes", "source": "way"}, "geometry": {"type": "Point", "coordinates": [-82.91049929898885, 42.409883571603245]}}, {"type": "Feature", "properties": {"building": "yes", "source": "way"}, "geometry": {"type": "Point", "coordinates": [-82.91045185, 42.410094199999996]}}, {"type": "Feature", "properties": {"building": "yes", "source": "way"}, "geometry": {"type": "Point", "coordinates": [-82.91027593181428, 42.410021144565356]}}, {"type": "Feature", "properties": {"building": "yes", "source": "way"}, "geometry": {"type": "Point", "coordinates": [-82.91026290000002, 42.40991655000001]}}, {"type": "Feature", "properties": {"building": "yes", "source": "way"}, "geometry": {"type": "Point", "coordinates": [-82.9103980426856, 42.40980006900163]}}, {"type": "Feature", "properties": {"building": "yes", "source": "way"}, "geometry": {"type": "Point", "coordinates": [-82.91024785109377, 42.40977033275206]}}, {"type": "Feature", "properties": {"building": "yes", "source": "way"}, "geometry": {"type": "Point", "coordinates": [-82.91012302681918, 42.40971049423933]}}, {"type": "Feature", "properties": {"building": "yes", "source": "way"}, "geometry": {"type": "Point", "coordinates": [-82.91000299999999, 42.40980969999999]}}, {"type": "Feature", "properties": {"building": "yes", "source": "way"}, "geometry": {"type": "Point", "coordinates": [-82.90999435, 42.4096419]}}, {"type": "Feature", "properties": {"building": "yes", "source": "way"}, "geometry": {"type": "Point", "coordinates": [-82.90986670000001, 42.409587]}}, {"type": "Feature", "properties": {"building": "yes", "source": "way"}, "geometry": {"type": "Point", "coordinates": [-82.90974016725998, 42.40954470744342]}}, {"type": "Feature", "properties": {"building": "yes", "source": "way"}, "geometry": {"type": "Point", "coordinates": [-82.90960975, 42.409471399999994]}}, {"type": "Feature", "properties": {"building": "yes", "source": "way"}, "geometry": {"type": "Point", "coordinates": [-82.90947258186395, 42.40943626063218]}}, {"type": "Feature", "properties": {"building": "yes", "source": "way"}, "geometry": {"type": "Point", "coordinates": [-82.90934960000001, 42.40937695]}}, {"type": "Feature", "properties": {"building": "yes", "source": "way"}, "geometry": {"type": "Point", "coordinates": [-82.90919883348381, 42.409329922007885]}}, {"type": "Feature", "properties": {"building": "yes", "source": "way"}, "geometry": {"type": "Point", "coordinates": [-82.90955943142939, 42.40972979609332]}}, {"type": "Feature", "properties": {"building": "yes", "source": "way"}, "geometry": {"type": "Point", "coordinates": [-82.9093292075329, 42.40886612859697]}}, {"type": "Feature", "properties": {"building": "yes", "source": "way"}, "geometry": {"type": "Point", "coordinates": [-82.90949025, 42.408956550000006]}}, {"type": "Feature", "properties": {"building": "yes", "source": "way"}, "geometry": {"type": "Point", "coordinates": [-82.90962490547159, 42.40900909971822]}}, {"type": "Feature", "properties": {"building": "yes", "source": "way"}, "geometry": {"type": "Point", "coordinates": [-82.90974618094653, 42.40907684478065]}}, {"type": "Feature", "properties": {"building": "yes", "source": "way"}, "geometry": {"type": "Point", "coordinates": [-82.91002064944597, 42.40916888355863]}}, {"type": "Feature", "properties": {"building": "yes", "source": "way"}, "geometry": {"type": "Point", "coordinates": [-82.91012236171036, 42.40924988061641]}}, {"type": "Feature", "properties": {"building": "yes", "source": "way"}, "geometry": {"type": "Point", "coordinates": [-82.9102585251379, 42.409292264027435]}}, {"type": "Feature", "properties": {"building": "yes", "source": "way"}, "geometry": {"type": "Point", "coordinates": [-82.9103929815719, 42.409345543552]}}, {"type": "Feature", "properties": {"building": "yes", "source": "way"}, "geometry": {"type": "Point", "coordinates": [-82.90988750770849, 42.40911804872595]}}, {"type": "Feature", "properties": {"building": "yes", "source": "way"}, "geometry": {"type": "Point", "coordinates": [-82.91052835, 42.40939305]}}, {"type": "Feature", "properties": {"building": "yes", "source": "way"}, "geometry": {"type": "Point", "coordinates": [-82.9106698, 42.40942809999999]}}, {"type": "Feature", "properties": {"building": "yes", "source": "way"}, "geometry": {"type": "Point", "coordinates": [-82.91078685, 42.40949535]}}, {"type": "Feature", "properties": {"building": "yes", "source": "way"}, "geometry": {"type": "Point", "coordinates": [-82.91091254999999, 42.40955545]}}, {"type": "Feature", "properties": {"building": "yes", "source": "way"}, "geometry": {"type": "Point", "coordinates": [-82.91101814627196, 42.409607717839094]}}, {"type": "Feature", "properties": {"building": "yes", "source": "way"}, "geometry": {"type": "Point", "coordinates": [-82.90958112466738, 42.40878621427783]}}, {"type": "Feature", "properties": {"building": "yes", "source": "way"}, "geometry": {"type": "Point", "coordinates": [-82.90971414318766, 42.40883941877705]}}, {"type": "Feature", "properties": {"building": "yes", "source": "way"}, "geometry": {"type": "Point", "coordinates": [-82.909848, 42.408889800000004]}}, {"type": "Feature", "properties": {"building": "yes", "source": "way"}, "geometry": {"type": "Point", "coordinates": [-82.90996175000001, 42.408966199999995]}}, {"type": "Feature", "properties": {"building": "yes", "source": "way"}, "geometry": {"type": "Point", "coordinates": [-82.91010528144427, 42.40899864573062]}}, {"type": "Feature", "properties": {"building": "yes", "source": "way"}, "geometry": {"type": "Point", "coordinates": [-82.90940550000002, 42.40859755]}}, {"type": "Feature", "properties": {"building": "yes", "source": "way"}, "geometry": {"type": "Point", "coordinates": [-82.90990431873927, 42.40881710354919]}}, {"type": "Feature", "properties": {"building": "yes", "source": "way"}, "geometry": {"type": "Point", "coordinates": [-82.91002470532624, 42.408866031147355]}}, {"type": "Feature", "properties": {"building": "yes", "source": "way"}, "geometry": {"type": "Point", "coordinates": [-82.91024680000001, 42.40906305]}}, {"type": "Feature", "properties": {"building": "yes", "source": "way"}, "geometry": {"type": "Point", "coordinates": [-82.91035358125463, 42.40910471207774]}}, {"type": "Feature", "properties": {"building": "yes", "source": "way"}, "geometry": {"type": "Point", "coordinates": [-82.9104939, 42.4091554]}}, {"type": "Feature", "properties": {"building": "yes", "source": "way"}, "geometry": {"type": "Point", "coordinates": [-82.91061922521644, 42.409215084997754]}}, {"type": "Feature", "properties": {"building": "yes", "source": "way"}, "geometry": {"type": "Point", "coordinates": [-82.9107478, 42.409267050000004]}}, {"type": "Feature", "properties": {"building": "yes", "source": "way"}, "geometry": {"type": "Point", "coordinates": [-82.9108179, 42.40919085]}}, {"type": "Feature", "properties": {"building": "yes", "source": "way"}, "geometry": {"type": "Point", "coordinates": [-82.91094020418787, 42.40924018237115]}}, {"type": "Feature", "properties": {"building": "yes", "source": "way"}, "geometry": {"type": "Point", "coordinates": [-82.91106855000001, 42.40929820000001]}}, {"type": "Feature", "properties": {"building": "yes", "source": "way"}, "geometry": {"type": "Point", "coordinates": [-82.9112275, 42.409365300000005]}}, {"type": "Feature", "properties": {"building": "yes", "source": "way"}, "geometry": {"type": "Point", "coordinates": [-82.9114985, 42.409478750000005]}}, {"type": "Feature", "properties": {"building": "yes", "source": "way"}, "geometry": {"type": "Point", "coordinates": [-82.91161815000001, 42.409527250000004]}}, {"type": "Feature", "properties": {"building": "yes", "source": "way"}, "geometry": {"type": "Point", "coordinates": [-82.91144776218509, 42.4095567221294]}}, {"type": "Feature", "properties": {"building": "yes", "source": "way"}, "geometry": {"type": "Point", "coordinates": [-82.91133251258286, 42.409183410156714]}}, {"type": "Feature", "properties": {"building": "yes", "source": "way"}, "geometry": {"type": "Point", "coordinates": [-82.91123279397172, 42.409134318100044]}}, {"type": "Feature", "properties": {"building": "yes", "source": "way"}, "geometry": {"type": "Point", "coordinates": [-82.91108545275333, 42.40911145329857]}}, {"type": "Feature", "properties": {"building": "yes", "source": "way"}, "geometry": {"type": "Point", "coordinates": [-82.91096699670305, 42.4090411680939]}}, {"type": "Feature", "properties": {"building": "yes", "source": "way"}, "geometry": {"type": "Point", "coordinates": [-82.91084825, 42.40898225000001]}}, {"type": "Feature", "properties": {"building": "yes", "source": "way"}, "geometry": {"type": "Point", "coordinates": [-82.91070737622415, 42.40893586849557]}}, {"type": "Feature", "properties": {"building": "yes", "source": "way"}, "geometry": {"type": "Point", "coordinates": [-82.9105769, 42.408883]}}, {"type": "Feature", "properties": {"building": "yes", "source": "way"}, "geometry": {"type": "Point", "coordinates": [-82.91044454999998, 42.408825549999996]}}, {"type": "Feature", "properties": {"building": "yes", "source": "way"}, "geometry": {"type": "Point", "coordinates": [-82.9103262528552, 42.4087675097522]}}, {"type": "Feature", "properties": {"building": "yes", "source": "way"}, "geometry": {"type": "Point", "coordinates": [-82.91018081257798, 42.40873831830027]}}, {"type": "Feature", "properties": {"building": "yes", "source": "way"}, "geometry": {"type": "Point", "coordinates": [-82.91006625, 42.40865495]}}, {"type": "Feature", "properties": {"building": "yes", "source": "way"}, "geometry": {"type": "Point", "coordinates": [-82.90993246513305, 42.40861372509168]}}, {"type": "Feature", "properties": {"building": "yes", "source": "way"}, "geometry": {"type": "Point", "coordinates": [-82.90980499976557, 42.40856244601846]}}, {"type": "Feature", "properties": {"building": "yes", "source": "way"}, "geometry": {"type": "Point", "coordinates": [-82.90967589999998, 42.40850385]}}, {"type": "Feature", "properties": {"building": "yes", "source": "way"}, "geometry": {"type": "Point", "coordinates": [-82.90955065, 42.40844]}}, {"type": "Feature", "properties": {"building": "yes", "source": "way"}, "geometry": {"type": "Point", "coordinates": [-82.90965456385588, 42.408052259553365]}}, {"type": "Feature", "properties": {"building": "yes", "source": "way"}, "geometry": {"type": "Point", "coordinates": [-82.90980139999999, 42.408107699999995]}}, {"type": "Feature", "properties": {"building": "yes", "source": "way"}, "geometry": {"type": "Point", "coordinates": [-82.90993080012697, 42.408165833269415]}}, {"type": "Feature", "properties": {"building": "yes", "source": "way"}, "geometry": {"type": "Point", "coordinates": [-82.91005145000001, 42.408240250000006]}}, {"type": "Feature", "properties": {"building": "yes", "source": "way"}, "geometry": {"type": "Point", "coordinates": [-82.91031628320847, 42.40833289220375]}}, {"type": "Feature", "properties": {"building": "yes", "source": "way"}, "geometry": {"type": "Point", "coordinates": [-82.90970535838315, 42.40787708135954]}}, {"type": "Feature", "properties": {"building": "yes", "source": "way"}, "geometry": {"type": "Point", "coordinates": [-82.91019218333707, 42.40827357266305]}}, {"type": "Feature", "properties": {"building": "yes", "source": "way"}, "geometry": {"type": "Point", "coordinates": [-82.9104356, 42.40838565000001]}}, {"type": "Feature", "properties": {"building": "yes", "source": "way"}, "geometry": {"type": "Point", "coordinates": [-82.91057801833392, 42.40843075816315]}}, {"type": "Feature", "properties": {"building": "yes", "source": "way"}, "geometry": {"type": "Point", "coordinates": [-82.91070560742072, 42.408491704697944]}}, {"type": "Feature", "properties": {"building": "yes", "source": "way"}, "geometry": {"type": "Point", "coordinates": [-82.9108422, 42.40853475]}}, {"type": "Feature", "properties": {"building": "yes", "source": "way"}, "geometry": {"type": "Point", "coordinates": [-82.91096390000001, 42.4085915]}}, {"type": "Feature", "properties": {"building": "yes", "source": "way"}, "geometry": {"type": "Point", "coordinates": [-82.91109019890993, 42.40866031718276]}}, {"type": "Feature", "properties": {"building": "yes", "source": "way"}, "geometry": {"type": "Point", "coordinates": [-82.91121305, 42.40871785]}}, {"type": "Feature", "properties": {"building": "yes", "source": "way"}, "geometry": {"type": "Point", "coordinates": [-82.91133810000001, 42.4087629]}}, {"type": "Feature", "properties": {"building": "yes", "source": "way"}, "geometry": {"type": "Point", "coordinates": [-82.91148944776053, 42.40880613463174]}}, {"type": "Feature", "properties": {"building": "yes", "source": "way"}, "geometry": {"type": "Point", "coordinates": [-82.91160279637107, 42.40885806890834]}}, {"type": "Feature", "properties": {"building": "yes", "source": "way"}, "geometry": {"type": "Point", "coordinates": [-82.91027099957924, 42.40811506677276]}}, {"type": "Feature", "properties": {"building": "yes", "source": "way"}, "geometry": {"type": "Point", "coordinates": [-82.91040286790141, 42.40815875286443]}}, {"type": "Feature", "properties": {"building": "yes", "source": "way"}, "geometry": {"type": "Point", "coordinates": [-82.91052089539782, 42.40820971856452]}}, {"type": "Feature", "properties": {"building": "yes", "source": "way"}, "geometry": {"type": "Point", "coordinates": [-82.91046435388515, 42.408076282040525]}}, {"type": "Feature", "properties": {"building": "yes", "source": "way"}, "geometry": {"type": "Point", "coordinates": [-82.9105873, 42.40813425000001]}}, {"type": "Feature", "properties": {"building": "yes", "source": "way"}, "geometry": {"type": "Point", "coordinates": [-82.91071535540536, 42.40819193217312]}}, {"type": "Feature", "properties": {"building": "yes", "source": "way"}, "geometry": {"type": "Point", "coordinates": [-82.91066005582213, 42.40826943184772]}}, {"type": "Feature", "properties": {"building": "yes", "source": "way"}, "geometry": {"type": "Point", "coordinates": [-82.91078599999999, 42.408326800000005]}}, {"type": "Feature", "properties": {"building": "yes", "source": "way"}, "geometry": {"type": "Point", "coordinates": [-82.91084420595452, 42.40824378173772]}}, {"type": "Feature", "properties": {"building": "yes", "source": "way"}, "geometry": {"type": "Point", "coordinates": [-82.91099392063208, 42.408296415606976]}}, {"type": "Feature", "properties": {"building": "yes", "source": "way"}, "geometry": {"type": "Point", "coordinates": [-82.91091424999999, 42.4083733]}}, {"type": "Feature", "properties": {"building": "yes", "source": "way"}, "geometry": {"type": "Point", "coordinates": [-82.91104525, 42.40842685000001]}}, {"type": "Feature", "properties": {"building": "yes", "source": "way"}, "geometry": {"type": "Point", "coordinates": [-82.91117140667308, 42.40848258144832]}}, {"type": "Feature", "properties": {"building": "yes", "source": "way"}, "geometry": {"type": "Point", "coordinates": [-82.91123598944445, 42.40841162931595]}}, {"type": "Feature", "properties": {"building": "yes", "source": "way"}, "geometry": {"type": "Point", "coordinates": [-82.91130265618123, 42.40853263215346]}}, {"type": "Feature", "properties": {"building": "yes", "source": "way"}, "geometry": {"type": "Point", "coordinates": [-82.9114254059247, 42.40859323201235]}}, {"type": "Feature", "properties": {"building": "yes", "source": "way"}, "geometry": {"type": "Point", "coordinates": [-82.91148208122483, 42.408516644896984]}}, {"type": "Feature", "properties": {"building": "yes", "source": "way"}, "geometry": {"type": "Point", "coordinates": [-82.91156793137259, 42.408640296570944]}}, {"type": "Feature", "properties": {"building": "yes", "source": "way"}, "geometry": {"type": "Point", "coordinates": [-82.91164226334492, 42.408562823031694]}}, {"type": "Feature", "properties": {"building": "yes", "source": "way"}, "geometry": {"type": "Point", "coordinates": [-82.91170701332017, 42.408687933243534]}}, {"type": "Feature", "properties": {"building": "yes", "source": "way"}, "geometry": {"type": "Point", "coordinates": [-82.91175475, 42.40862225]}}, {"type": "Feature", "properties": {"building": "yes", "source": "way"}, "geometry": {"type": "Point", "coordinates": [-82.91189814999998, 42.408451549999995]}}, {"type": "Feature", "properties": {"building": "yes", "source": "way"}, "geometry": {"type": "Point", "coordinates": [-82.91178405, 42.408407849999996]}}, {"type": "Feature", "properties": {"building": "yes", "source": "way"}, "geometry": {"type": "Point", "coordinates": [-82.91165013236443, 42.4083665924103]}}, {"type": "Feature", "properties": {"building": "yes", "source": "way"}, "geometry": {"type": "Point", "coordinates": [-82.91152804999999, 42.4082898]}}, {"type": "Feature", "properties": {"building": "yes", "source": "way"}, "geometry": {"type": "Point", "coordinates": [-82.91137675863874, 42.4082718038087]}}, {"type": "Feature", "properties": {"building": "yes", "source": "way"}, "geometry": {"type": "Point", "coordinates": [-82.91126352267432, 42.408204725138226]}}, {"type": "Feature", "properties": {"building": "yes", "source": "way"}, "geometry": {"type": "Point", "coordinates": [-82.91113774540771, 42.40814684595202]}}, {"type": "Feature", "properties": {"building": "yes", "source": "way"}, "geometry": {"type": "Point", "coordinates": [-82.9109975981283, 42.40810530197633]}}, {"type": "Feature", "properties": {"building": "yes", "source": "way"}, "geometry": {"type": "Point", "coordinates": [-82.91087442545742, 42.408045643886105]}}, {"type": "Feature", "properties": {"building": "yes", "source": "way"}, "geometry": {"type": "Point", "coordinates": [-82.91060521722063, 42.407934007632335]}}, {"type": "Feature", "properties": {"building": "yes", "source": "way"}, "geometry": {"type": "Point", "coordinates": [-82.91048274835886, 42.40787626726021]}}, {"type": "Feature", "properties": {"building": "yes", "source": "way"}, "geometry": {"type": "Point", "coordinates": [-82.91074315, 42.40799104999999]}}, {"type": "Feature", "properties": {"building": "yes", "source": "way"}, "geometry": {"type": "Point", "coordinates": [-82.91036660772211, 42.40780453089931]}}, {"type": "Feature", "properties": {"building": "yes", "source": "way"}, "geometry": {"type": "Point", "coordinates": [-82.91021594079712, 42.40777682506823]}}, {"type": "Feature", "properties": {"building": "yes", "source": "way"}, "geometry": {"type": "Point", "coordinates": [-82.91009705, 42.40772065000001]}}, {"type": "Feature", "properties": {"building": "yes", "source": "way"}, "geometry": {"type": "Point", "coordinates": [-82.90996802933053, 42.40766816154211]}}, {"type": "Feature", "properties": {"building": "yes", "source": "way"}, "geometry": {"type": "Point", "coordinates": [-82.90981957322545, 42.40764211211166]}}, {"type": "Feature", "properties": {"building": "yes", "source": "way"}, "geometry": {"type": "Point", "coordinates": [-82.90995575413224, 42.40723163188268]}}, {"type": "Feature", "properties": {"building": "yes", "source": "way"}, "geometry": {"type": "Point", "coordinates": [-82.9100389, 42.407117]}}, {"type": "Feature", "properties": {"building": "yes", "source": "way"}, "geometry": {"type": "Point", "coordinates": [-82.9101497684339, 42.40716570343726]}}, {"type": "Feature", "properties": {"building": "yes", "source": "way"}, "geometry": {"type": "Point", "coordinates": [-82.90873099999999, 42.406879499999995]}}, {"type": "Feature", "properties": {"building": "yes", "source": "way"}, "geometry": {"type": "Point", "coordinates": [-82.91013051870095, 42.406905654221774]}}, {"type": "Feature", "properties": {"building": "yes", "source": "way"}, "geometry": {"type": "Point", "coordinates": [-82.910067, 42.40703275]}}, {"type": "Feature", "properties": {"building": "yes", "source": "way"}, "geometry": {"type": "Point", "coordinates": [-82.91029261783147, 42.406972651966136]}}, {"type": "Feature", "properties": {"building": "yes", "source": "way"}, "geometry": {"type": "Point", "coordinates": [-82.91045017949824, 42.40704908777625]}}, {"type": "Feature", "properties": {"building": "yes", "source": "way"}, "geometry": {"type": "Point", "coordinates": [-82.91010035, 42.4072923]}}, {"type": "Feature", "properties": {"building": "yes", "source": "way"}, "geometry": {"type": "Point", "coordinates": [-82.91024464853234, 42.407340517456944]}}, {"type": "Feature", "properties": {"building": "yes", "source": "way"}, "geometry": {"type": "Point", "coordinates": [-82.91037120988486, 42.407406295551176]}}, {"type": "Feature", "properties": {"building": "yes", "source": "way"}, "geometry": {"type": "Point", "coordinates": [-82.9105018, 42.40745005]}}, {"type": "Feature", "properties": {"building": "yes", "source": "way"}, "geometry": {"type": "Point", "coordinates": [-82.9106214180447, 42.40752075449215]}}, {"type": "Feature", "properties": {"building": "yes", "source": "way"}, "geometry": {"type": "Point", "coordinates": [-82.91076133397843, 42.40755587414771]}}, {"type": "Feature", "properties": {"building": "yes", "source": "way"}, "geometry": {"type": "Point", "coordinates": [-82.9108999, 42.4076453]}}, {"type": "Feature", "properties": {"building": "yes", "source": "way"}, "geometry": {"type": "Point", "coordinates": [-82.91060040000002, 42.4070972]}}, {"type": "Feature", "properties": {"building": "yes", "source": "way"}, "geometry": {"type": "Point", "coordinates": [-82.91071895, 42.40716225]}}, {"type": "Feature", "properties": {"building": "yes", "source": "way"}, "geometry": {"type": "Point", "coordinates": [-82.91073021791605, 42.40730320598434]}}, {"type": "Feature", "properties": {"building": "yes", "source": "way"}, "geometry": {"type": "Point", "coordinates": [-82.91027335000001, 42.40722405]}}, {"type": "Feature", "properties": {"building": "yes", "source": "way"}, "geometry": {"type": "Point", "coordinates": [-82.91087139124564, 42.40736391899365]}}, {"type": "Feature", "properties": {"building": "yes", "source": "way"}, "geometry": {"type": "Point", "coordinates": [-82.91098895, 42.4074129]}}, {"type": "Feature", "properties": {"building": "yes", "source": "way"}, "geometry": {"type": "Point", "coordinates": [-82.91085337378723, 42.407213287111134]}}, {"type": "Feature", "properties": {"building": "yes", "source": "way"}, "geometry": {"type": "Point", "coordinates": [-82.9109809471635, 42.407261318032546]}}, {"type": "Feature", "properties": {"building": "yes", "source": "way"}, "geometry": {"type": "Point", "coordinates": [-82.91111363157923, 42.40732278939488]}}, {"type": "Feature", "properties": {"building": "yes", "source": "way"}, "geometry": {"type": "Point", "coordinates": [-82.91124232121514, 42.40737607491988]}}, {"type": "Feature", "properties": {"building": "yes", "source": "way"}, "geometry": {"type": "Point", "coordinates": [-82.91137046333269, 42.40743590837986]}}, {"type": "Feature", "properties": {"building": "yes", "source": "way"}, "geometry": {"type": "Point", "coordinates": [-82.91151316270236, 42.40746566385061]}}, {"type": "Feature", "properties": {"building": "yes", "source": "way"}, "geometry": {"type": "Point", "coordinates": [-82.91163321890923, 42.40752505575224]}}, {"type": "Feature", "properties": {"building": "yes", "source": "way"}, "geometry": {"type": "Point", "coordinates": [-82.911773, 42.40757085]}}, {"type": "Feature", "properties": {"building": "yes", "source": "way"}, "geometry": {"type": "Point", "coordinates": [-82.91193229454016, 42.407654897721564]}}, {"type": "Feature", "properties": {"building": "yes", "source": "way"}, "geometry": {"type": "Point", "coordinates": [-82.91145560000001, 42.4077095]}}, {"type": "Feature", "properties": {"building": "yes", "source": "way"}, "geometry": {"type": "Point", "coordinates": [-82.91127195000001, 42.407773600000006]}}, {"type": "Feature", "properties": {"building": "yes", "source": "way"}, "geometry": {"type": "Point", "coordinates": [-82.91110659300861, 42.40771549561184]}}, {"type": "Feature", "properties": {"building": "yes", "source": "way"}, "geometry": {"type": "Point", "coordinates": [-82.91137435, 42.407674400000005]}}, {"type": "Feature", "properties": {"building": "yes", "source": "way"}, "geometry": {"type": "Point", "coordinates": [-82.91139873145129, 42.40783604497101]}}, {"type": "Feature", "properties": {"building": "yes", "source": "way"}, "geometry": {"type": "Point", "coordinates": [-82.91153320261218, 42.4078851320357]}}, {"type": "Feature", "properties": {"building": "yes", "source": "way"}, "geometry": {"type": "Point", "coordinates": [-82.91165653574636, 42.40794391236278]}}, {"type": "Feature", "properties": {"building": "yes", "source": "way"}, "geometry": {"type": "Point", "coordinates": [-82.91179551774479, 42.40799678460445]}}, {"type": "Feature", "properties": {"building": "yes", "source": "way"}, "geometry": {"type": "Point", "coordinates": [-82.91183480000001, 42.407862099999996]}}, {"type": "Feature", "properties": {"building": "yes", "source": "way"}, "geometry": {"type": "Point", "coordinates": [-82.91192349670972, 42.40804391806941]}}, {"type": "Feature", "properties": {"building": "yes", "source": "way"}, "geometry": {"type": "Point", "coordinates": [-82.91205269999999, 42.408103]}}, {"type": "Feature", "properties": {"building": "yes", "source": "way"}, "geometry": {"type": "Point", "coordinates": [-82.9120997, 42.40797725]}}, {"type": "Feature", "properties": {"building": "yes", "source": "way"}, "geometry": {"type": "Point", "coordinates": [-82.91222691195766, 42.4080241711775]}}, {"type": "Feature", "properties": {"building": "yes", "source": "way"}, "geometry": {"type": "Point", "coordinates": [-82.91217956430683, 42.408159146622694]}}, {"type": "Feature", "properties": {"building": "yes", "source": "way"}, "geometry": {"type": "Point", "coordinates": [-82.91234016625586, 42.40822635952798]}}, {"type": "Feature", "properties": {"building": "yes", "source": "way"}, "geometry": {"type": "Point", "coordinates": [-82.91243951840222, 42.40830295540029]}}, {"type": "Feature", "properties": {"building": "yes", "source": "way"}, "geometry": {"type": "Point", "coordinates": [-82.91257758927173, 42.408276421981796]}}, {"type": "Feature", "properties": {"building": "yes", "source": "way"}, "geometry": {"type": "Point", "coordinates": [-82.9122433, 42.407785049999994]}}, {"type": "Feature", "properties": {"building": "yes", "source": "way"}, "geometry": {"type": "Point", "coordinates": [-82.9123079, 42.40787185]}}, {"type": "Feature", "properties": {"building": "yes", "source": "way"}, "geometry": {"type": "Point", "coordinates": [-82.91231916266221, 42.40754116805931]}}, {"type": "Feature", "properties": {"building": "yes", "source": "way"}, "geometry": {"type": "Point", "coordinates": [-82.91237950000001, 42.407645]}}, {"type": "Feature", "properties": {"building": "yes", "source": "way"}, "geometry": {"type": "Point", "coordinates": [-82.91246522018335, 42.40773339468725]}}, {"type": "Feature", "properties": {"building": "yes", "source": "way"}, "geometry": {"type": "Point", "coordinates": [-82.91253740806177, 42.40783400904929]}}, {"type": "Feature", "properties": {"building": "yes", "source": "way"}, "geometry": {"type": "Point", "coordinates": [-82.91257909617997, 42.40794006914239]}}, {"type": "Feature", "properties": {"building": "yes", "source": "way"}, "geometry": {"type": "Point", "coordinates": [-82.91264872957774, 42.40803873186963]}}, {"type": "Feature", "properties": {"building": "yes", "source": "way"}, "geometry": {"type": "Point", "coordinates": [-82.91271071296295, 42.4081360184859]}}, {"type": "Feature", "properties": {"building": "yes", "source": "way"}, "geometry": {"type": "Point", "coordinates": [-82.9127645123078, 42.40824080785442]}}, {"type": "Feature", "properties": {"building": "yes", "source": "way"}, "geometry": {"type": "Point", "coordinates": [-82.91283848790735, 42.40833403113467]}}, {"type": "Feature", "properties": {"building": "yes", "source": "way"}, "geometry": {"type": "Point", "coordinates": [-82.9128801192774, 42.40844028583051]}}, {"type": "Feature", "properties": {"building": "yes", "source": "way"}, "geometry": {"type": "Point", "coordinates": [-82.91046341829426, 42.406579927591245]}}, {"type": "Feature", "properties": {"building": "yes", "source": "way"}, "geometry": {"type": "Point", "coordinates": [-82.91058548144258, 42.40665519518792]}}, {"type": "Feature", "properties": {"building": "yes", "source": "way"}, "geometry": {"type": "Point", "coordinates": [-82.91071914589003, 42.40671611790392]}}, {"type": "Feature", "properties": {"building": "yes", "source": "way"}, "geometry": {"type": "Point", "coordinates": [-82.9103087, 42.40650674999999]}}, {"type": "Feature", "properties": {"building": "yes", "source": "way"}, "geometry": {"type": "Point", "coordinates": [-82.91036369999999, 42.4064026]}}, {"type": "Feature", "properties": {"building": "yes", "source": "way"}, "geometry": {"type": "Point", "coordinates": [-82.91058269999999, 42.406399799999996]}}, {"type": "Feature", "properties": {"building": "yes", "source": "way"}, "geometry": {"type": "Point", "coordinates": [-82.9104599289877, 42.40624402225172]}}, {"type": "Feature", "properties": {"building": "yes", "source": "way"}, "geometry": {"type": "Point", "coordinates": [-82.9106293377205, 42.406249210154606]}}, {"type": "Feature", "properties": {"building": "yes", "source": "way"}, "geometry": {"type": "Point", "coordinates": [-82.91079490802558, 42.40632133078378]}}, {"type": "Feature", "properties": {"building": "yes", "source": "way"}, "geometry": {"type": "Point", "coordinates": [-82.9109391795382, 42.40638932164536]}}, {"type": "Feature", "properties": {"building": "yes", "source": "way"}, "geometry": {"type": "Point", "coordinates": [-82.91109319136312, 42.40644664662025]}}, {"type": "Feature", "properties": {"building": "yes", "source": "way"}, "geometry": {"type": "Point", "coordinates": [-82.91126178469, 42.40651160405218]}}, {"type": "Feature", "properties": {"building": "yes", "source": "way"}, "geometry": {"type": "Point", "coordinates": [-82.91142008554233, 42.406586202360515]}}, {"type": "Feature", "properties": {"building": "yes", "source": "way"}, "geometry": {"type": "Point", "coordinates": [-82.91158781528763, 42.40667702234448]}}, {"type": "Feature", "properties": {"building": "yes", "source": "way"}, "geometry": {"type": "Point", "coordinates": [-82.91174275000002, 42.40670400000001]}}, {"type": "Feature", "properties": {"building": "yes", "source": "way"}, "geometry": {"type": "Point", "coordinates": [-82.9118480373331, 42.406796882377776]}}, {"type": "Feature", "properties": {"building": "yes", "source": "way"}, "geometry": {"type": "Point", "coordinates": [-82.91188743132696, 42.40690065252661]}}, {"type": "Feature", "properties": {"building": "yes", "source": "way"}, "geometry": {"type": "Point", "coordinates": [-82.91197488955318, 42.40699723159627]}}, {"type": "Feature", "properties": {"building": "yes", "source": "way"}, "geometry": {"type": "Point", "coordinates": [-82.91203744999999, 42.40709785]}}, {"type": "Feature", "properties": {"building": "yes", "source": "way"}, "geometry": {"type": "Point", "coordinates": [-82.9121087168208, 42.40722846815651]}}, {"type": "Feature", "properties": {"building": "yes", "source": "way"}, "geometry": {"type": "Point", "coordinates": [-82.91189696499526, 42.407252169364774]}}, {"type": "Feature", "properties": {"building": "yes", "source": "way"}, "geometry": {"type": "Point", "coordinates": [-82.9116176, 42.40707875]}}, {"type": "Feature", "properties": {"building": "yes", "source": "way"}, "geometry": {"type": "Point", "coordinates": [-82.91148476799391, 42.407043053480564]}}, {"type": "Feature", "properties": {"building": "yes", "source": "way"}, "geometry": {"type": "Point", "coordinates": [-82.91135365000001, 42.4069875]}}, {"type": "Feature", "properties": {"building": "yes", "source": "way"}, "geometry": {"type": "Point", "coordinates": [-82.9110974, 42.4068863]}}, {"type": "Feature", "properties": {"building": "yes", "source": "way"}, "geometry": {"type": "Point", "coordinates": [-82.9109836933303, 42.40682533565925]}}, {"type": "Feature", "properties": {"building": "yes", "source": "way"}, "geometry": {"type": "Point", "coordinates": [-82.91063864999998, 42.406526549999995]}}, {"type": "Feature", "properties": {"building": "yes", "source": "way"}, "geometry": {"type": "Point", "coordinates": [-82.91078206342213, 42.406580172600336]}}, {"type": "Feature", "properties": {"building": "yes", "source": "way"}, "geometry": {"type": "Point", "coordinates": [-82.91104845, 42.4065887]}}, {"type": "Feature", "properties": {"building": "yes", "source": "way"}, "geometry": {"type": "Point", "coordinates": [-82.91116939999999, 42.40674125]}}, {"type": "Feature", "properties": {"building": "yes", "source": "way"}, "geometry": {"type": "Point", "coordinates": [-82.91085611553554, 42.40676138397694]}}, {"type": "Feature", "properties": {"building": "yes", "source": "way"}, "geometry": {"type": "Point", "coordinates": [-82.91124619866864, 42.40692131721184]}}, {"type": "Feature", "properties": {"building": "yes", "source": "way"}, "geometry": {"type": "Point", "coordinates": [-82.9114250683345, 42.406852804870965]}}, {"type": "Feature", "properties": {"building": "yes", "source": "way"}, "geometry": {"type": "Point", "coordinates": [-82.91134315, 42.406715899999995]}}, {"type": "Feature", "properties": {"building": "yes", "source": "way"}, "geometry": {"type": "Point", "coordinates": [-82.91121175000002, 42.40665695]}}, {"type": "Feature", "properties": {"building": "yes", "source": "way"}, "geometry": {"type": "Point", "coordinates": [-82.91088774343869, 42.40540888005385]}}, {"type": "Feature", "properties": {"building": "yes", "source": "way"}, "geometry": {"type": "Point", "coordinates": [-82.9110086244409, 42.40552639376351]}}, {"type": "Feature", "properties": {"building": "yes", "source": "way"}, "geometry": {"type": "Point", "coordinates": [-82.91106919999999, 42.405624749999994]}}, {"type": "Feature", "properties": {"building": "yes", "source": "way"}, "geometry": {"type": "Point", "coordinates": [-82.91115208887048, 42.40573832464954]}}, {"type": "Feature", "properties": {"building": "yes", "source": "way"}, "geometry": {"type": "Point", "coordinates": [-82.91113835, 42.40584705]}}, {"type": "Feature", "properties": {"building": "yes", "source": "way"}, "geometry": {"type": "Point", "coordinates": [-82.91124923664661, 42.40589075853996]}}, {"type": "Feature", "properties": {"building": "yes", "source": "way"}, "geometry": {"type": "Point", "coordinates": [-82.91137052119805, 42.40609624789678]}}, {"type": "Feature", "properties": {"building": "yes", "source": "way"}, "geometry": {"type": "Point", "coordinates": [-82.91107235, 42.4059947]}}, {"type": "Feature", "properties": {"building": "yes", "source": "way"}, "geometry": {"type": "Point", "coordinates": [-82.91088473816848, 42.40592103800307]}}, {"type": "Feature", "properties": {"building": "yes", "source": "way"}, "geometry": {"type": "Point", "coordinates": [-82.91090235, 42.4058095]}}, {"type": "Feature", "properties": {"building": "yes", "source": "way"}, "geometry": {"type": "Point", "coordinates": [-82.91069874859491, 42.40581356509977]}}, {"type": "Feature", "properties": {"building": "yes", "source": "way"}, "geometry": {"type": "Point", "coordinates": [-82.91031509999999, 42.4053593]}}, {"type": "Feature", "properties": {"building": "yes", "source": "way"}, "geometry": {"type": "Point", "coordinates": [-82.90949820000002, 42.405351200000005]}}, {"type": "Feature", "properties": {"building": "yes", "source": "way"}, "geometry": {"type": "Point", "coordinates": [-82.90965359212936, 42.4053977944933]}}, {"type": "Feature", "properties": {"building": "yes", "source": "way"}, "geometry": {"type": "Point", "coordinates": [-82.90978741916226, 42.40545224040061]}}, {"type": "Feature", "properties": {"building": "yes", "source": "way"}, "geometry": {"type": "Point", "coordinates": [-82.90991536869858, 42.40550590620812]}}, {"type": "Feature", "properties": {"building": "yes", "source": "way"}, "geometry": {"type": "Point", "coordinates": [-82.9100425658171, 42.40555907404874]}}, {"type": "Feature", "properties": {"building": "yes", "source": "way"}, "geometry": {"type": "Point", "coordinates": [-82.91018793745909, 42.405641617270234]}}, {"type": "Feature", "properties": {"building": "yes", "source": "way"}, "geometry": {"type": "Point", "coordinates": [-82.90997409088365, 42.405370719418926]}}, {"type": "Feature", "properties": {"building": "yes", "source": "way"}, "geometry": {"type": "Point", "coordinates": [-82.91006127228876, 42.40528190486655]}}, {"type": "Feature", "properties": {"building": "yes", "source": "way"}, "geometry": {"type": "Point", "coordinates": [-82.90980230776006, 42.405195429485495]}}, {"type": "Feature", "properties": {"building": "yes", "source": "way"}, "geometry": {"type": "Point", "coordinates": [-82.90975515, 42.40499259999999]}}, {"type": "Feature", "properties": {"building": "yes", "source": "way"}, "geometry": {"type": "Point", "coordinates": [-82.90962116810877, 42.405131753558784]}}, {"type": "Feature", "properties": {"building": "yes", "source": "way"}, "geometry": {"type": "Point", "coordinates": [-82.90992185, 42.40504585]}}, {"type": "Feature", "properties": {"building": "yes", "source": "way"}, "geometry": {"type": "Point", "coordinates": [-82.91010935993573, 42.40508433581303]}}, {"type": "Feature", "properties": {"building": "yes", "source": "way"}, "geometry": {"type": "Point", "coordinates": [-82.91042470602656, 42.40503709231183]}}, {"type": "Feature", "properties": {"building": "yes", "source": "way"}, "geometry": {"type": "Point", "coordinates": [-82.9112277520847, 42.404786233016914]}}, {"type": "Feature", "properties": {"building": "yes", "source": "way"}, "geometry": {"type": "Point", "coordinates": [-82.91115609412317, 42.40490482753221]}}, {"type": "Feature", "properties": {"building": "yes", "source": "way"}, "geometry": {"type": "Point", "coordinates": [-82.9112275278093, 42.40500242440283]}}, {"type": "Feature", "properties": {"building": "yes", "source": "way"}, "geometry": {"type": "Point", "coordinates": [-82.91129211318977, 42.405097768477326]}}, {"type": "Feature", "properties": {"building": "yes", "source": "way"}, "geometry": {"type": "Point", "coordinates": [-82.91135839104734, 42.40519873388795]}}, {"type": "Feature", "properties": {"building": "yes", "source": "way"}, "geometry": {"type": "Point", "coordinates": [-82.91143709322245, 42.4052891668893]}}, {"type": "Feature", "properties": {"building": "yes", "source": "way"}, "geometry": {"type": "Point", "coordinates": [-82.91148965, 42.405390600000004]}}, {"type": "Feature", "properties": {"building": "yes", "source": "way"}, "geometry": {"type": "Point", "coordinates": [-82.91152846877567, 42.405499494210616]}}, {"type": "Feature", "properties": {"building": "yes", "source": "way"}, "geometry": {"type": "Point", "coordinates": [-82.91159474999999, 42.405599050000006]}}, {"type": "Feature", "properties": {"building": "yes", "source": "way"}, "geometry": {"type": "Point", "coordinates": [-82.91166273150354, 42.40569330283371]}}, {"type": "Feature", "properties": {"building": "yes", "source": "way"}, "geometry": {"type": "Point", "coordinates": [-82.91173895, 42.405788550000004]}}, {"type": "Feature", "properties": {"building": "yes", "source": "way"}, "geometry": {"type": "Point", "coordinates": [-82.91180724245879, 42.405889831197285]}}, {"type": "Feature", "properties": {"building": "yes", "source": "way"}, "geometry": {"type": "Point", "coordinates": [-82.91187175, 42.40598670000001]}}, {"type": "Feature", "properties": {"building": "yes", "source": "way"}, "geometry": {"type": "Point", "coordinates": [-82.91194266014486, 42.406082519839785]}}, {"type": "Feature", "properties": {"building": "yes", "source": "way"}, "geometry": {"type": "Point", "coordinates": [-82.91200051938452, 42.406182145209605]}}, {"type": "Feature", "properties": {"building": "yes", "source": "way"}, "geometry": {"type": "Point", "coordinates": [-82.91207886829152, 42.406275197457475]}}, {"type": "Feature", "properties": {"building": "yes", "source": "way"}, "geometry": {"type": "Point", "coordinates": [-82.91214385, 42.4063785]}}, {"type": "Feature", "properties": {"building": "yes", "source": "way"}, "geometry": {"type": "Point", "coordinates": [-82.91221924800907, 42.406472994686844]}}, {"type": "Feature", "properties": {"building": "yes", "source": "way"}, "geometry": {"type": "Point", "coordinates": [-82.91227272872881, 42.40657709321164]}}, {"type": "Feature", "properties": {"building": "yes", "source": "way"}, "geometry": {"type": "Point", "coordinates": [-82.91233003036983, 42.40666960408179]}}, {"type": "Feature", "properties": {"building": "yes", "source": "way"}, "geometry": {"type": "Point", "coordinates": [-82.91237894999999, 42.40678005000001]}}, {"type": "Feature", "properties": {"building": "yes", "source": "way"}, "geometry": {"type": "Point", "coordinates": [-82.91246508209929, 42.40687204326249]}}, {"type": "Feature", "properties": {"building": "yes", "source": "way"}, "geometry": {"type": "Point", "coordinates": [-82.91250964999999, 42.406974250000005]}}, {"type": "Feature", "properties": {"building": "yes", "source": "way"}, "geometry": {"type": "Point", "coordinates": [-82.912589, 42.40706935]}}, {"type": "Feature", "properties": {"building": "yes", "source": "way"}, "geometry": {"type": "Point", "coordinates": [-82.9127306182099, 42.40726409815722]}}, {"type": "Feature", "properties": {"building": "yes", "source": "way"}, "geometry": {"type": "Point", "coordinates": [-82.91276381864641, 42.4073709464211]}}, {"type": "Feature", "properties": {"building": "yes", "source": "way"}, "geometry": {"type": "Point", "coordinates": [-82.91284091490199, 42.40747011987169]}}, {"type": "Feature", "properties": {"building": "yes", "source": "way"}, "geometry": {"type": "Point", "coordinates": [-82.91291456693482, 42.40756890882461]}}, {"type": "Feature", "properties": {"building": "yes", "source": "way"}, "geometry": {"type": "Point", "coordinates": [-82.91266161585617, 42.40716998371294]}}, {"type": "Feature", "properties": {"building": "yes", "source": "way"}, "geometry": {"type": "Point", "coordinates": [-82.91297409814315, 42.407667972190126]}}, {"type": "Feature", "properties": {"building": "yes", "source": "way"}, "geometry": {"type": "Point", "coordinates": [-82.91306029999998, 42.40775394999999]}}, {"type": "Feature", "properties": {"building": "yes", "source": "way"}, "geometry": {"type": "Point", "coordinates": [-82.91311671939062, 42.40785453362598]}}, {"type": "Feature", "properties": {"building": "yes", "source": "way"}, "geometry": {"type": "Point", "coordinates": [-82.91331555, 42.408149699999996]}}, {"type": "Feature", "properties": {"building": "yes", "source": "way"}, "geometry": {"type": "Point", "coordinates": [-82.91346833089436, 42.40840405437969]}}, {"type": "Feature", "properties": {"building": "yes", "source": "way"}, "geometry": {"type": "Point", "coordinates": [-82.91322329999998, 42.40805939999999]}}, {"type": "Feature", "properties": {"building": "yes", "source": "way"}, "geometry": {"type": "Point", "coordinates": [-82.91315705, 42.407959749999996]}}, {"type": "Feature", "properties": {"building": "yes", "source": "way"}, "geometry": {"type": "Point", "coordinates": [-82.913337, 42.40785985]}}, {"type": "Feature", "properties": {"building": "yes", "source": "way"}, "geometry": {"type": "Point", "coordinates": [-82.91340768855466, 42.407967123125076]}}, {"type": "Feature", "properties": {"building": "yes", "source": "way"}, "geometry": {"type": "Point", "coordinates": [-82.91352889999999, 42.4081657]}}, {"type": "Feature", "properties": {"building": "yes", "source": "way"}, "geometry": {"type": "Point", "coordinates": [-82.91346536843416, 42.40806739757298]}}, {"type": "Feature", "properties": {"building": "yes", "source": "way"}, "geometry": {"type": "Point", "coordinates": [-82.91321035, 42.4076698]}}, {"type": "Feature", "properties": {"building": "yes", "source": "way"}, "geometry": {"type": "Point", "coordinates": [-82.91345079999998, 42.40782520000001]}}, {"type": "Feature", "properties": {"building": "yes", "source": "way"}, "geometry": {"type": "Point", "coordinates": [-82.91301933072363, 42.407373353266856]}}, {"type": "Feature", "properties": {"building": "yes", "source": "way"}, "geometry": {"type": "Point", "coordinates": [-82.91307221853452, 42.4074761467184]}}, {"type": "Feature", "properties": {"building": "yes", "source": "way"}, "geometry": {"type": "Point", "coordinates": [-82.91313997925165, 42.40757635476092]}}, {"type": "Feature", "properties": {"building": "yes", "source": "way"}, "geometry": {"type": "Point", "coordinates": [-82.91250620000001, 42.4065852]}}, {"type": "Feature", "properties": {"building": "yes", "source": "way"}, "geometry": {"type": "Point", "coordinates": [-82.91260086972099, 42.40655054585183]}}, {"type": "Feature", "properties": {"building": "yes", "source": "way"}, "geometry": {"type": "Point", "coordinates": [-82.91266717407191, 42.406643536963315]}}, {"type": "Feature", "properties": {"building": "yes", "source": "way"}, "geometry": {"type": "Point", "coordinates": [-82.91274191910156, 42.40674124651549]}}, {"type": "Feature", "properties": {"building": "yes", "source": "way"}, "geometry": {"type": "Point", "coordinates": [-82.91280108102522, 42.406843953429096]}}, {"type": "Feature", "properties": {"building": "yes", "source": "way"}, "geometry": {"type": "Point", "coordinates": [-82.91293154999998, 42.407038400000005]}}, {"type": "Feature", "properties": {"building": "yes", "source": "way"}, "geometry": {"type": "Point", "coordinates": [-82.91299935821512, 42.40713851901716]}}, {"type": "Feature", "properties": {"building": "yes", "source": "way"}, "geometry": {"type": "Point", "coordinates": [-82.9130595113519, 42.40724421976493]}}, {"type": "Feature", "properties": {"building": "yes", "source": "way"}, "geometry": {"type": "Point", "coordinates": [-82.91295137132643, 42.40728078477761]}}, {"type": "Feature", "properties": {"building": "yes", "source": "way"}, "geometry": {"type": "Point", "coordinates": [-82.91247854999999, 42.40634599999999]}}, {"type": "Feature", "properties": {"building": "yes", "source": "way"}, "geometry": {"type": "Point", "coordinates": [-82.91222444151971, 42.405951281215266]}}, {"type": "Feature", "properties": {"building": "yes", "source": "way"}, "geometry": {"type": "Point", "coordinates": [-82.91134099223152, 42.40459023090296]}}, {"type": "Feature", "properties": {"building": "yes", "source": "way"}, "geometry": {"type": "Point", "coordinates": [-82.91149571846707, 42.40450454769644]}}, {"type": "Feature", "properties": {"building": "yes", "source": "way"}, "geometry": {"type": "Point", "coordinates": [-82.91156686911175, 42.404635933503414]}}, {"type": "Feature", "properties": {"building": "yes", "source": "way"}, "geometry": {"type": "Point", "coordinates": [-82.91163865, 42.40473205000001]}}, {"type": "Feature", "properties": {"building": "yes", "source": "way"}, "geometry": {"type": "Point", "coordinates": [-82.91172015746093, 42.4048203685888]}}, {"type": "Feature", "properties": {"building": "yes", "source": "way"}, "geometry": {"type": "Point", "coordinates": [-82.911513, 42.40486525]}}, {"type": "Feature", "properties": {"building": "yes", "source": "way"}, "geometry": {"type": "Point", "coordinates": [-82.9114010304178, 42.40490725397947]}}, {"type": "Feature", "properties": {"building": "yes", "source": "way"}, "geometry": {"type": "Point", "coordinates": [-82.91138734246412, 42.40467198097965]}}, {"type": "Feature", "properties": {"building": "yes", "source": "way"}, "geometry": {"type": "Point", "coordinates": [-82.91164295, 42.40506615]}}, {"type": "Feature", "properties": {"building": "yes", "source": "way"}, "geometry": {"type": "Point", "coordinates": [-82.91178434086572, 42.40492956715811]}}, {"type": "Feature", "properties": {"building": "yes", "source": "way"}, "geometry": {"type": "Point", "coordinates": [-82.91183635, 42.405028099999996]}}, {"type": "Feature", "properties": {"building": "yes", "source": "way"}, "geometry": {"type": "Point", "coordinates": [-82.91190326861485, 42.405119946312674]}}, {"type": "Feature", "properties": {"building": "yes", "source": "way"}, "geometry": {"type": "Point", "coordinates": [-82.91196330000001, 42.40521985]}}, {"type": "Feature", "properties": {"building": "yes", "source": "way"}, "geometry": {"type": "Point", "coordinates": [-82.91202341888985, 42.40532709792327]}}, {"type": "Feature", "properties": {"building": "yes", "source": "way"}, "geometry": {"type": "Point", "coordinates": [-82.91210264039398, 42.40541758163956]}}, {"type": "Feature", "properties": {"building": "yes", "source": "way"}, "geometry": {"type": "Point", "coordinates": [-82.91214698269363, 42.405529000650176]}}, {"type": "Feature", "properties": {"building": "yes", "source": "way"}, "geometry": {"type": "Point", "coordinates": [-82.9119014107543, 42.40545812850797]}}, {"type": "Feature", "properties": {"building": "yes", "source": "way"}, "geometry": {"type": "Point", "coordinates": [-82.91196489999999, 42.405559649999994]}}, {"type": "Feature", "properties": {"building": "yes", "source": "way"}, "geometry": {"type": "Point", "coordinates": [-82.91223218049934, 42.405616201006026]}}, {"type": "Feature", "properties": {"building": "yes", "source": "way"}, "geometry": {"type": "Point", "coordinates": [-82.91228205, 42.40571745]}}, {"type": "Feature", "properties": {"building": "yes", "source": "way"}, "geometry": {"type": "Point", "coordinates": [-82.9123454164719, 42.40581218502717]}}, {"type": "Feature", "properties": {"building": "yes", "source": "way"}, "geometry": {"type": "Point", "coordinates": [-82.91211702121811, 42.40598984555775]}}, {"type": "Feature", "properties": {"building": "yes", "source": "way"}, "geometry": {"type": "Point", "coordinates": [-82.91241459252004, 42.40592002169907]}}, {"type": "Feature", "properties": {"building": "yes", "source": "way"}, "geometry": {"type": "Point", "coordinates": [-82.91248829032033, 42.406007922798516]}}, {"type": "Feature", "properties": {"building": "yes", "source": "way"}, "geometry": {"type": "Point", "coordinates": [-82.91255504053275, 42.40610847982364]}}, {"type": "Feature", "properties": {"building": "yes", "source": "way"}, "geometry": {"type": "Point", "coordinates": [-82.91260198410787, 42.40621753100932]}}, {"type": "Feature", "properties": {"building": "yes", "source": "way"}, "geometry": {"type": "Point", "coordinates": [-82.9126822065513, 42.40630830926243]}}, {"type": "Feature", "properties": {"building": "yes", "source": "way"}, "geometry": {"type": "Point", "coordinates": [-82.91273974358225, 42.40640557034034]}}, {"type": "Feature", "properties": {"building": "yes", "source": "way"}, "geometry": {"type": "Point", "coordinates": [-82.91281689102551, 42.40649903142017]}}, {"type": "Feature", "properties": {"building": "yes", "source": "way"}, "geometry": {"type": "Point", "coordinates": [-82.9129368879059, 42.406703980481474]}}, {"type": "Feature", "properties": {"building": "yes", "source": "way"}, "geometry": {"type": "Point", "coordinates": [-82.91300841843373, 42.40679524724255]}}, {"type": "Feature", "properties": {"building": "yes", "source": "way"}, "geometry": {"type": "Point", "coordinates": [-82.91286612307229, 42.40660897286935]}}, {"type": "Feature", "properties": {"building": "yes", "source": "way"}, "geometry": {"type": "Point", "coordinates": [-82.91307832059864, 42.406898621101746]}}, {"type": "Feature", "properties": {"building": "yes", "source": "way"}, "geometry": {"type": "Point", "coordinates": [-82.91312539262822, 42.40700241816819]}}, {"type": "Feature", "properties": {"building": "yes", "source": "way"}, "geometry": {"type": "Point", "coordinates": [-82.91321415787976, 42.40709086916124]}}, {"type": "Feature", "properties": {"building": "yes", "source": "way"}, "geometry": {"type": "Point", "coordinates": [-82.91326103579868, 42.4071954806731]}}, {"type": "Feature", "properties": {"building": "yes", "source": "way"}, "geometry": {"type": "Point", "coordinates": [-82.91333010909358, 42.40729192909756]}}, {"type": "Feature", "properties": {"building": "yes", "source": "way"}, "geometry": {"type": "Point", "coordinates": [-82.9133950702896, 42.40738699483154]}}, {"type": "Feature", "properties": {"building": "yes", "source": "way"}, "geometry": {"type": "Point", "coordinates": [-82.91345924999999, 42.40748835]}}, {"type": "Feature", "properties": {"building": "yes", "source": "way"}, "geometry": {"type": "Point", "coordinates": [-82.91431937530257, 42.40759154567867]}}, {"type": "Feature", "properties": {"building": "yes", "source": "way"}, "geometry": {"type": "Point", "coordinates": [-82.91368029733762, 42.407885507173994]}}, {"type": "Feature", "properties": {"building": "yes", "source": "way"}, "geometry": {"type": "Point", "coordinates": [-82.91366281896013, 42.40778099566454]}}, {"type": "Feature", "properties": {"building": "yes", "source": "way"}, "geometry": {"type": "Point", "coordinates": [-82.91357327333971, 42.40769791408398]}}, {"type": "Feature", "properties": {"building": "yes", "source": "way"}, "geometry": {"type": "Point", "coordinates": [-82.91351979299867, 42.4075874724328]}}, {"type": "Feature", "properties": {"building": "yes", "source": "way"}, "geometry": {"type": "Point", "coordinates": [-82.91433270235477, 42.40718503144853]}}, {"type": "Feature", "properties": {"building": "yes", "source": "way"}, "geometry": {"type": "Point", "coordinates": [-82.91390291580018, 42.407269642123154]}}, {"type": "Feature", "properties": {"building": "yes", "source": "way"}, "geometry": {"type": "Point", "coordinates": [-82.91399840633372, 42.40743191844547]}}, {"type": "Feature", "properties": {"building": "yes", "source": "way"}, "geometry": {"type": "Point", "coordinates": [-82.91395485000001, 42.4073639]}}, {"type": "Feature", "properties": {"building": "yes", "source": "way"}, "geometry": {"type": "Point", "coordinates": [-82.913831, 42.40717075]}}, {"type": "Feature", "properties": {"building": "yes", "source": "way"}, "geometry": {"type": "Point", "coordinates": [-82.91376590000002, 42.407075049999996]}}, {"type": "Feature", "properties": {"building": "yes", "source": "way"}, "geometry": {"type": "Point", "coordinates": [-82.91370938802605, 42.40697678040857]}}, {"type": "Feature", "properties": {"building": "yes", "source": "way"}, "geometry": {"type": "Point", "coordinates": [-82.91365098607847, 42.40687667800935]}}, {"type": "Feature", "properties": {"building": "yes", "source": "way"}, "geometry": {"type": "Point", "coordinates": [-82.9135844618167, 42.40677196836553]}}, {"type": "Feature", "properties": {"building": "yes", "source": "way"}, "geometry": {"type": "Point", "coordinates": [-82.91274953150803, 42.40549005253692]}}, {"type": "Feature", "properties": {"building": "yes", "source": "way"}, "geometry": {"type": "Point", "coordinates": [-82.91280599470805, 42.40559562008166]}}, {"type": "Feature", "properties": {"building": "yes", "source": "way"}, "geometry": {"type": "Point", "coordinates": [-82.91294983167066, 42.4057822016095]}}, {"type": "Feature", "properties": {"building": "yes", "source": "way"}, "geometry": {"type": "Point", "coordinates": [-82.91301841804797, 42.40588371597636]}}, {"type": "Feature", "properties": {"building": "yes", "source": "way"}, "geometry": {"type": "Point", "coordinates": [-82.91306748130042, 42.40598505355158]}}, {"type": "Feature", "properties": {"building": "yes", "source": "way"}, "geometry": {"type": "Point", "coordinates": [-82.91312925000001, 42.406078300000004]}}, {"type": "Feature", "properties": {"building": "yes", "source": "way"}, "geometry": {"type": "Point", "coordinates": [-82.91319035000002, 42.406181800000006]}}, {"type": "Feature", "properties": {"building": "yes", "source": "way"}, "geometry": {"type": "Point", "coordinates": [-82.91328762286668, 42.40627387455753]}}, {"type": "Feature", "properties": {"building": "yes", "source": "way"}, "geometry": {"type": "Point", "coordinates": [-82.91332159999999, 42.40638145]}}, {"type": "Feature", "properties": {"building": "yes", "source": "way"}, "geometry": {"type": "Point", "coordinates": [-82.91339711919508, 42.40647784175434]}}, {"type": "Feature", "properties": {"building": "yes", "source": "way"}, "geometry": {"type": "Point", "coordinates": [-82.91347855580337, 42.40656931569673]}}, {"type": "Feature", "properties": {"building": "yes", "source": "way"}, "geometry": {"type": "Point", "coordinates": [-82.91352035, 42.40667309999999]}}, {"type": "Feature", "properties": {"building": "yes", "source": "way"}, "geometry": {"type": "Point", "coordinates": [-82.91394915000001, 42.40697825]}}, {"type": "Feature", "properties": {"building": "yes", "source": "way"}, "geometry": {"type": "Point", "coordinates": [-82.91388047170209, 42.40688168515249]}}, {"type": "Feature", "properties": {"building": "yes", "source": "way"}, "geometry": {"type": "Point", "coordinates": [-82.91381575, 42.406780350000005]}}, {"type": "Feature", "properties": {"building": "yes", "source": "way"}, "geometry": {"type": "Point", "coordinates": [-82.91379479999999, 42.40654865000001]}}, {"type": "Feature", "properties": {"building": "yes", "source": "way"}, "geometry": {"type": "Point", "coordinates": [-82.91372595000001, 42.40644855]}}, {"type": "Feature", "properties": {"building": "yes", "source": "way"}, "geometry": {"type": "Point", "coordinates": [-82.91366573137277, 42.4063491533232]}}, {"type": "Feature", "properties": {"building": "yes", "source": "way"}, "geometry": {"type": "Point", "coordinates": [-82.91349092089631, 42.4062899447734]}}, {"type": "Feature", "properties": {"building": "yes", "source": "way"}, "geometry": {"type": "Point", "coordinates": [-82.91342644999999, 42.406190949999996]}}, {"type": "Feature", "properties": {"building": "yes", "source": "way"}, "geometry": {"type": "Point", "coordinates": [-82.91399515741865, 42.40684496865095]}}, {"type": "Feature", "properties": {"building": "yes", "source": "way"}, "geometry": {"type": "Point", "coordinates": [-82.91329285000002, 42.40599275]}}, {"type": "Feature", "properties": {"building": "yes", "source": "way"}, "geometry": {"type": "Point", "coordinates": [-82.91317434999999, 42.40580159999999]}}, {"type": "Feature", "properties": {"building": "yes", "source": "way"}, "geometry": {"type": "Point", "coordinates": [-82.9129710436475, 42.40550408139214]}}, {"type": "Feature", "properties": {"building": "yes", "source": "way"}, "geometry": {"type": "Point", "coordinates": [-82.91288369999998, 42.405686700000004]}}, {"type": "Feature", "properties": {"building": "yes", "source": "way"}, "geometry": {"type": "Point", "coordinates": [-82.91268836260227, 42.40538731953378]}}, {"type": "Feature", "properties": {"building": "yes", "source": "way"}, "geometry": {"type": "Point", "coordinates": [-82.9126247533766, 42.405289990777604]}}, {"type": "Feature", "properties": {"building": "yes", "source": "way"}, "geometry": {"type": "Point", "coordinates": [-82.9125496968396, 42.405193419456914]}}, {"type": "Feature", "properties": {"building": "yes", "source": "way"}, "geometry": {"type": "Point", "coordinates": [-82.91249976483832, 42.405088869321666]}}, {"type": "Feature", "properties": {"building": "yes", "source": "way"}, "geometry": {"type": "Point", "coordinates": [-82.91242761951558, 42.40499274703578]}}, {"type": "Feature", "properties": {"building": "yes", "source": "way"}, "geometry": {"type": "Point", "coordinates": [-82.91236858818712, 42.40489400438612]}}, {"type": "Feature", "properties": {"building": "yes", "source": "way"}, "geometry": {"type": "Point", "coordinates": [-82.91187695091996, 42.40401787831761]}}, {"type": "Feature", "properties": {"building": "yes", "source": "way"}, "geometry": {"type": "Point", "coordinates": [-82.91192186909403, 42.40420444926366]}}, {"type": "Feature", "properties": {"building": "yes", "source": "way"}, "geometry": {"type": "Point", "coordinates": [-82.91198134999999, 42.40429795]}}, {"type": "Feature", "properties": {"building": "yes", "source": "way"}, "geometry": {"type": "Point", "coordinates": [-82.91204526141489, 42.404394868830494]}}, {"type": "Feature", "properties": {"building": "yes", "source": "way"}, "geometry": {"type": "Point", "coordinates": [-82.91213020000001, 42.4044936]}}, {"type": "Feature", "properties": {"building": "yes", "source": "way"}, "geometry": {"type": "Point", "coordinates": [-82.91258405, 42.40491555]}}, {"type": "Feature", "properties": {"building": "yes", "source": "way"}, "geometry": {"type": "Point", "coordinates": [-82.91264926885493, 42.40500014564076]}}, {"type": "Feature", "properties": {"building": "yes", "source": "way"}, "geometry": {"type": "Point", "coordinates": [-82.91275908072983, 42.40495580263334]}}, {"type": "Feature", "properties": {"building": "yes", "source": "way"}, "geometry": {"type": "Point", "coordinates": [-82.91270727733558, 42.40486991483256]}}, {"type": "Feature", "properties": {"building": "yes", "source": "way"}, "geometry": {"type": "Point", "coordinates": [-82.9122911, 42.40479675]}}, {"type": "Feature", "properties": {"building": "yes", "source": "way"}, "geometry": {"type": "Point", "coordinates": [-82.91222388659116, 42.40470048215122]}}, {"type": "Feature", "properties": {"building": "yes", "source": "way"}, "geometry": {"type": "Point", "coordinates": [-82.912169, 42.40460099999999]}}, {"type": "Feature", "properties": {"building": "yes", "source": "way"}, "geometry": {"type": "Point", "coordinates": [-82.9121242, 42.40364125]}}, {"type": "Feature", "properties": {"building": "yes", "source": "way"}, "geometry": {"type": "Point", "coordinates": [-82.9121803, 42.40374]}}, {"type": "Feature", "properties": {"building": "yes", "source": "way"}, "geometry": {"type": "Point", "coordinates": [-82.91228554082707, 42.40382398024771]}}, {"type": "Feature", "properties": {"building": "yes", "source": "way"}, "geometry": {"type": "Point", "coordinates": [-82.91235625000002, 42.403920400000004]}}, {"type": "Feature", "properties": {"building": "yes", "source": "way"}, "geometry": {"type": "Point", "coordinates": [-82.9121852422354, 42.40407688034441]}}, {"type": "Feature", "properties": {"building": "yes", "source": "way"}, "geometry": {"type": "Point", "coordinates": [-82.91207971284287, 42.40411246941106]}}, {"type": "Feature", "properties": {"building": "yes", "source": "way"}, "geometry": {"type": "Point", "coordinates": [-82.91227200891119, 42.40441016988289]}}, {"type": "Feature", "properties": {"building": "yes", "source": "way"}, "geometry": {"type": "Point", "coordinates": [-82.91237699210521, 42.4043744305826]}}, {"type": "Feature", "properties": {"building": "yes", "source": "way"}, "geometry": {"type": "Point", "coordinates": [-82.91250410755671, 42.40457291866206]}}, {"type": "Feature", "properties": {"building": "yes", "source": "way"}, "geometry": {"type": "Point", "coordinates": [-82.91239695, 42.40461035]}}, {"type": "Feature", "properties": {"building": "yes", "source": "way"}, "geometry": {"type": "Point", "coordinates": [-82.91241035, 42.40402435]}}, {"type": "Feature", "properties": {"building": "yes", "source": "way"}, "geometry": {"type": "Point", "coordinates": [-82.91247135, 42.40412380000001]}}, {"type": "Feature", "properties": {"building": "yes", "source": "way"}, "geometry": {"type": "Point", "coordinates": [-82.91254265, 42.40421980000001]}}, {"type": "Feature", "properties": {"building": "yes", "source": "way"}, "geometry": {"type": "Point", "coordinates": [-82.91258934999999, 42.40433380000001]}}, {"type": "Feature", "properties": {"building": "yes", "source": "way"}, "geometry": {"type": "Point", "coordinates": [-82.91267004999999, 42.40442335]}}, {"type": "Feature", "properties": {"building": "yes", "source": "way"}, "geometry": {"type": "Point", "coordinates": [-82.91270691127954, 42.404531088518034]}}, {"type": "Feature", "properties": {"building": "yes", "source": "way"}, "geometry": {"type": "Point", "coordinates": [-82.91285719554165, 42.40471749924085]}}, {"type": "Feature", "properties": {"building": "yes", "source": "way"}, "geometry": {"type": "Point", "coordinates": [-82.91290443880162, 42.40482898160622]}}, {"type": "Feature", "properties": {"building": "yes", "source": "way"}, "geometry": {"type": "Point", "coordinates": [-82.91296993189322, 42.40491771642502]}}, {"type": "Feature", "properties": {"building": "yes", "source": "way"}, "geometry": {"type": "Point", "coordinates": [-82.91305395916164, 42.405010668777585]}}, {"type": "Feature", "properties": {"building": "yes", "source": "way"}, "geometry": {"type": "Point", "coordinates": [-82.9131109, 42.4051174]}}, {"type": "Feature", "properties": {"building": "yes", "source": "way"}, "geometry": {"type": "Point", "coordinates": [-82.91318659999999, 42.40520814999999]}}, {"type": "Feature", "properties": {"building": "yes", "source": "way"}, "geometry": {"type": "Point", "coordinates": [-82.91288587842466, 42.40515670451995]}}, {"type": "Feature", "properties": {"building": "yes", "source": "way"}, "geometry": {"type": "Point", "coordinates": [-82.91308344153677, 42.40545948051227]}}, {"type": "Feature", "properties": {"building": "yes", "source": "way"}, "geometry": {"type": "Point", "coordinates": [-82.91321520917465, 42.40531706867325]}}, {"type": "Feature", "properties": {"building": "yes", "source": "way"}, "geometry": {"type": "Point", "coordinates": [-82.9132988800165, 42.40541718380543]}}, {"type": "Feature", "properties": {"building": "yes", "source": "way"}, "geometry": {"type": "Point", "coordinates": [-82.91336549085189, 42.405516701138694]}}, {"type": "Feature", "properties": {"building": "yes", "source": "way"}, "geometry": {"type": "Point", "coordinates": [-82.91342555897035, 42.405612526658544]}}, {"type": "Feature", "properties": {"building": "yes", "source": "way"}, "geometry": {"type": "Point", "coordinates": [-82.913476, 42.40572120000001]}}, {"type": "Feature", "properties": {"building": "yes", "source": "way"}, "geometry": {"type": "Point", "coordinates": [-82.91359568959037, 42.4059054742552]}}, {"type": "Feature", "properties": {"building": "yes", "source": "way"}, "geometry": {"type": "Point", "coordinates": [-82.91381873585196, 42.4062166804604]}}, {"type": "Feature", "properties": {"building": "yes", "source": "way"}, "geometry": {"type": "Point", "coordinates": [-82.91388568128853, 42.40629761610756]}}, {"type": "Feature", "properties": {"building": "yes", "source": "way"}, "geometry": {"type": "Point", "coordinates": [-82.91394929126486, 42.40640232085221]}}, {"type": "Feature", "properties": {"building": "yes", "source": "way"}, "geometry": {"type": "Point", "coordinates": [-82.91401473646745, 42.40650025189453]}}, {"type": "Feature", "properties": {"building": "yes", "source": "way"}, "geometry": {"type": "Point", "coordinates": [-82.91408702193877, 42.40659517998794]}}, {"type": "Feature", "properties": {"building": "yes", "source": "way"}, "geometry": {"type": "Point", "coordinates": [-82.91415600842917, 42.40668912020638]}}, {"type": "Feature", "properties": {"building": "yes", "source": "way"}, "geometry": {"type": "Point", "coordinates": [-82.91420203644172, 42.40680590986059]}}, {"type": "Feature", "properties": {"building": "yes", "source": "way"}, "geometry": {"type": "Point", "coordinates": [-82.91353082718078, 42.406139316381484]}}, {"type": "Feature", "properties": {"building": "yes", "source": "way"}, "geometry": {"type": "Point", "coordinates": [-82.91369144999999, 42.40600135]}}, {"type": "Feature", "properties": {"building": "yes", "source": "way"}, "geometry": {"type": "Point", "coordinates": [-82.91371784999998, 42.4061197]}}, {"type": "Feature", "properties": {"building": "yes", "source": "way"}, "geometry": {"type": "Point", "coordinates": [-82.91155044757471, 42.40363713316259]}}, {"type": "Feature", "properties": {"building": "yes", "source": "way"}, "geometry": {"type": "Point", "coordinates": [-82.9110540416567, 42.40382238101126]}}, {"type": "Feature", "properties": {"building": "yes", "source": "way"}, "geometry": {"type": "Point", "coordinates": [-82.91113398902397, 42.403924573046105]}}, {"type": "Feature", "properties": {"building": "yes", "source": "way"}, "geometry": {"type": "Point", "coordinates": [-82.90913753917127, 42.4017740309681]}}, {"type": "Feature", "properties": {"building": "yes", "source": "way"}, "geometry": {"type": "Point", "coordinates": [-82.90919179210601, 42.40188008104714]}}, {"type": "Feature", "properties": {"building": "yes", "source": "way"}, "geometry": {"type": "Point", "coordinates": [-82.90934117829165, 42.40206865180169]}}, {"type": "Feature", "properties": {"building": "yes", "source": "way"}, "geometry": {"type": "Point", "coordinates": [-82.90945694999999, 42.40227125]}}, {"type": "Feature", "properties": {"building": "yes", "source": "way"}, "geometry": {"type": "Point", "coordinates": [-82.90951594565948, 42.402371167487644]}}, {"type": "Feature", "properties": {"building": "yes", "source": "way"}, "geometry": {"type": "Point", "coordinates": [-82.9096427, 42.402566500000006]}}, {"type": "Feature", "properties": {"building": "yes", "source": "way"}, "geometry": {"type": "Point", "coordinates": [-82.90968731898273, 42.40267414587135]}}, {"type": "Feature", "properties": {"building": "yes", "source": "way"}, "geometry": {"type": "Point", "coordinates": [-82.9097625, 42.40277075]}}, {"type": "Feature", "properties": {"building": "yes", "source": "way"}, "geometry": {"type": "Point", "coordinates": [-82.90981484143042, 42.40286993094049]}}, {"type": "Feature", "properties": {"building": "yes", "source": "way"}, "geometry": {"type": "Point", "coordinates": [-82.90995269999999, 42.403068]}}, {"type": "Feature", "properties": {"building": "yes", "source": "way"}, "geometry": {"type": "Point", "coordinates": [-82.91001059999998, 42.403167149999994]}}, {"type": "Feature", "properties": {"building": "yes", "source": "way"}, "geometry": {"type": "Point", "coordinates": [-82.91016057488197, 42.403361987838224]}}, {"type": "Feature", "properties": {"building": "yes", "source": "way"}, "geometry": {"type": "Point", "coordinates": [-82.91030156634963, 42.40355401161786]}}, {"type": "Feature", "properties": {"building": "yes", "source": "way"}, "geometry": {"type": "Point", "coordinates": [-82.91035629999999, 42.4036528]}}, {"type": "Feature", "properties": {"building": "yes", "source": "way"}, "geometry": {"type": "Point", "coordinates": [-82.91041928464222, 42.4037523654697]}}, {"type": "Feature", "properties": {"building": "yes", "source": "way"}, "geometry": {"type": "Point", "coordinates": [-82.91008796051976, 42.40326101832328]}}, {"type": "Feature", "properties": {"building": "yes", "source": "way"}, "geometry": {"type": "Point", "coordinates": [-82.91021734071947, 42.40346188142175]}}, {"type": "Feature", "properties": {"building": "yes", "source": "way"}, "geometry": {"type": "Point", "coordinates": [-82.90990839999999, 42.402964399999995]}}, {"type": "Feature", "properties": {"building": "yes", "source": "way"}, "geometry": {"type": "Point", "coordinates": [-82.90957846308936, 42.40247328752691]}}, {"type": "Feature", "properties": {"building": "yes", "source": "way"}, "geometry": {"type": "Point", "coordinates": [-82.90939833280194, 42.402171066624824]}}, {"type": "Feature", "properties": {"building": "yes", "source": "way"}, "geometry": {"type": "Point", "coordinates": [-82.90924923174099, 42.401975901809955]}}, {"type": "Feature", "properties": {"building": "yes", "source": "way"}, "geometry": {"type": "Point", "coordinates": [-82.90905939454171, 42.40168565545822]}}, {"type": "Feature", "properties": {"building": "yes", "source": "way"}, "geometry": {"type": "Point", "coordinates": [-82.90900601868381, 42.40157819735635]}}, {"type": "Feature", "properties": {"building": "yes", "source": "way"}, "geometry": {"type": "Point", "coordinates": [-82.90893589999999, 42.401479349999995]}}, {"type": "Feature", "properties": {"building": "yes", "source": "way"}, "geometry": {"type": "Point", "coordinates": [-82.9088716193543, 42.40138141933169]}}, {"type": "Feature", "properties": {"building": "yes", "source": "way"}, "geometry": {"type": "Point", "coordinates": [-82.90872500294667, 42.401189915685656]}}, {"type": "Feature", "properties": {"building": "yes", "source": "way"}, "geometry": {"type": "Point", "coordinates": [-82.9086802062953, 42.40108527938835]}}, {"type": "Feature", "properties": {"building": "yes", "source": "way"}, "geometry": {"type": "Point", "coordinates": [-82.90878245, 42.4012896]}}, {"type": "Feature", "properties": {"building": "yes", "source": "way"}, "geometry": {"type": "Point", "coordinates": [-82.90859665, 42.4009883]}}, {"type": "Feature", "properties": {"building": "yes", "source": "way"}, "geometry": {"type": "Point", "coordinates": [-82.90863223544893, 42.40083426231974]}}, {"type": "Feature", "properties": {"building": "yes", "source": "way"}, "geometry": {"type": "Point", "coordinates": [-82.9089667, 42.400679200000006]}}, {"type": "Feature", "properties": {"building": "yes", "source": "way"}, "geometry": {"type": "Point", "coordinates": [-82.90907513867492, 42.4007821738021]}}, {"type": "Feature", "properties": {"building": "yes", "source": "way"}, "geometry": {"type": "Point", "coordinates": [-82.90914445656944, 42.4009063782701]}}, {"type": "Feature", "properties": {"building": "yes", "source": "way"}, "geometry": {"type": "Point", "coordinates": [-82.90919728097435, 42.40102445436934]}}, {"type": "Feature", "properties": {"building": "yes", "source": "way"}, "geometry": {"type": "Point", "coordinates": [-82.90925345606743, 42.40112607446825]}}, {"type": "Feature", "properties": {"building": "yes", "source": "way"}, "geometry": {"type": "Point", "coordinates": [-82.9093400684379, 42.401212947423076]}}, {"type": "Feature", "properties": {"building": "yes", "source": "way"}, "geometry": {"type": "Point", "coordinates": [-82.90938316558336, 42.40131848324018]}}, {"type": "Feature", "properties": {"building": "yes", "source": "way"}, "geometry": {"type": "Point", "coordinates": [-82.90948179999998, 42.40140855]}}, {"type": "Feature", "properties": {"building": "yes", "source": "way"}, "geometry": {"type": "Point", "coordinates": [-82.90950667884644, 42.401538539450776]}}, {"type": "Feature", "properties": {"building": "yes", "source": "way"}, "geometry": {"type": "Point", "coordinates": [-82.90960852026207, 42.40161969576272]}}, {"type": "Feature", "properties": {"building": "yes", "source": "way"}, "geometry": {"type": "Point", "coordinates": [-82.90969878091734, 42.401737353788675]}}, {"type": "Feature", "properties": {"building": "yes", "source": "way"}, "geometry": {"type": "Point", "coordinates": [-82.90976315747504, 42.40187055915342]}}, {"type": "Feature", "properties": {"building": "yes", "source": "way"}, "geometry": {"type": "Point", "coordinates": [-82.90986445579958, 42.40198421848822]}}, {"type": "Feature", "properties": {"building": "yes", "source": "way"}, "geometry": {"type": "Point", "coordinates": [-82.9099261848988, 42.40212382474897]}}, {"type": "Feature", "properties": {"building": "yes", "source": "way"}, "geometry": {"type": "Point", "coordinates": [-82.90998391709323, 42.40226697121648]}}, {"type": "Feature", "properties": {"building": "yes", "source": "way"}, "geometry": {"type": "Point", "coordinates": [-82.91006318313735, 42.40237258880196]}}, {"type": "Feature", "properties": {"building": "yes", "source": "way"}, "geometry": {"type": "Point", "coordinates": [-82.9100386, 42.40222765]}}, {"type": "Feature", "properties": {"building": "yes", "source": "way"}, "geometry": {"type": "Point", "coordinates": [-82.91019928031855, 42.402480605855935]}}, {"type": "Feature", "properties": {"building": "yes", "source": "way"}, "geometry": {"type": "Point", "coordinates": [-82.91026466971346, 42.40259028676255]}}, {"type": "Feature", "properties": {"building": "yes", "source": "way"}, "geometry": {"type": "Point", "coordinates": [-82.91032705000002, 42.40268615]}}, {"type": "Feature", "properties": {"building": "yes", "source": "way"}, "geometry": {"type": "Point", "coordinates": [-82.90991911509353, 42.40212666639807]}}, {"type": "Feature", "properties": {"building": "yes", "source": "way"}, "geometry": {"type": "Point", "coordinates": [-82.90973324143303, 42.4021386810168]}}, {"type": "Feature", "properties": {"building": "yes", "source": "way"}, "geometry": {"type": "Point", "coordinates": [-82.90962356004688, 42.40217572681796]}}, {"type": "Feature", "properties": {"building": "yes", "source": "way"}, "geometry": {"type": "Point", "coordinates": [-82.90969095, 42.40227595]}}, {"type": "Feature", "properties": {"building": "yes", "source": "way"}, "geometry": {"type": "Point", "coordinates": [-82.90957015, 42.40189184999999]}}, {"type": "Feature", "properties": {"building": "yes", "source": "way"}, "geometry": {"type": "Point", "coordinates": [-82.909654, 42.402014300000005]}}, {"type": "Feature", "properties": {"building": "yes", "source": "way"}, "geometry": {"type": "Point", "coordinates": [-82.90988458927607, 42.402573079297056]}}, {"type": "Feature", "properties": {"building": "yes", "source": "way"}, "geometry": {"type": "Point", "coordinates": [-82.90998653177107, 42.40250700340932]}}, {"type": "Feature", "properties": {"building": "yes", "source": "way"}, "geometry": {"type": "Point", "coordinates": [-82.90996155, 42.40266799999999]}}, {"type": "Feature", "properties": {"building": "yes", "source": "way"}, "geometry": {"type": "Point", "coordinates": [-82.91007975, 42.40287610000001]}}, {"type": "Feature", "properties": {"building": "yes", "source": "way"}, "geometry": {"type": "Point", "coordinates": [-82.91024838957533, 42.40292968009925]}}, {"type": "Feature", "properties": {"building": "yes", "source": "way"}, "geometry": {"type": "Point", "coordinates": [-82.91031260000001, 42.40302629999999]}}, {"type": "Feature", "properties": {"building": "yes", "source": "way"}, "geometry": {"type": "Point", "coordinates": [-82.91044542027024, 42.402898246544055]}}, {"type": "Feature", "properties": {"building": "yes", "source": "way"}, "geometry": {"type": "Point", "coordinates": [-82.91050505, 42.40299185000001]}}, {"type": "Feature", "properties": {"building": "yes", "source": "way"}, "geometry": {"type": "Point", "coordinates": [-82.9103952, 42.40278545]}}, {"type": "Feature", "properties": {"building": "yes", "source": "way"}, "geometry": {"type": "Point", "coordinates": [-82.90949535, 42.40197965]}}, {"type": "Feature", "properties": {"building": "yes", "source": "way"}, "geometry": {"type": "Point", "coordinates": [-82.9095600081456, 42.40149916903608]}}, {"type": "Feature", "properties": {"building": "yes", "source": "way"}, "geometry": {"type": "Point", "coordinates": [-82.90923760000001, 42.401590750000004]}}, {"type": "Feature", "properties": {"building": "yes", "source": "way"}, "geometry": {"type": "Point", "coordinates": [-82.90921643148975, 42.40134765345924]}}, {"type": "Feature", "properties": {"building": "yes", "source": "way"}, "geometry": {"type": "Point", "coordinates": [-82.90902213619604, 42.4010451293718]}}, {"type": "Feature", "properties": {"building": "yes", "source": "way"}, "geometry": {"type": "Point", "coordinates": [-82.90878660591598, 42.40069061861462]}}, {"type": "Feature", "properties": {"building": "yes", "source": "way"}, "geometry": {"type": "Point", "coordinates": [-82.90768595, 42.40277875]}}, {"type": "Feature", "properties": {"building": "yes", "source": "way"}, "geometry": {"type": "Point", "coordinates": [-82.90787305000002, 42.402833300000005]}}, {"type": "Feature", "properties": {"building": "yes", "source": "way"}, "geometry": {"type": "Point", "coordinates": [-82.90801925000002, 42.402902700000006]}}, {"type": "Feature", "properties": {"building": "yes", "source": "way"}, "geometry": {"type": "Point", "coordinates": [-82.90818558128636, 42.402949792094525]}}, {"type": "Feature", "properties": {"building": "yes", "source": "way"}, "geometry": {"type": "Point", "coordinates": [-82.90830678664003, 42.403016027259845]}}, {"type": "Feature", "properties": {"building": "yes", "source": "way"}, "geometry": {"type": "Point", "coordinates": [-82.9084464, 42.40306285]}}, {"type": "Feature", "properties": {"building": "yes", "source": "way"}, "geometry": {"type": "Point", "coordinates": [-82.90881792276146, 42.403222188801294]}}, {"type": "Feature", "properties": {"building": "yes", "source": "way"}, "geometry": {"type": "Point", "coordinates": [-82.90895551893877, 42.403274406623034]}}, {"type": "Feature", "properties": {"building": "yes", "source": "way"}, "geometry": {"type": "Point", "coordinates": [-82.90910022578149, 42.403345886220094]}}, {"type": "Feature", "properties": {"building": "yes", "source": "way"}, "geometry": {"type": "Point", "coordinates": [-82.90930336570193, 42.403415209012394]}}, {"type": "Feature", "properties": {"building": "yes", "source": "way"}, "geometry": {"type": "Point", "coordinates": [-82.90855215, 42.40313465]}}, {"type": "Feature", "properties": {"building": "yes", "source": "way"}, "geometry": {"type": "Point", "coordinates": [-82.90869819064717, 42.40315514526624]}}, {"type": "Feature", "properties": {"building": "yes", "source": "way"}, "geometry": {"type": "Point", "coordinates": [-82.9093275, 42.40301495]}}, {"type": "Feature", "properties": {"building": "yes", "source": "way"}, "geometry": {"type": "Point", "coordinates": [-82.90940149955472, 42.40311138863992]}}, {"type": "Feature", "properties": {"building": "yes", "source": "way"}, "geometry": {"type": "Point", "coordinates": [-82.90951357099252, 42.40327155874186]}}, {"type": "Feature", "properties": {"building": "yes", "source": "way"}, "geometry": {"type": "Point", "coordinates": [-82.90968122833547, 42.40350661542095]}}, {"type": "Feature", "properties": {"building": "yes", "source": "way"}, "geometry": {"type": "Point", "coordinates": [-82.90936549999999, 42.403248049999995]}}, {"type": "Feature", "properties": {"building": "yes", "source": "way"}, "geometry": {"type": "Point", "coordinates": [-82.90926540000001, 42.40332055]}}, {"type": "Feature", "properties": {"building": "yes", "source": "way"}, "geometry": {"type": "Point", "coordinates": [-82.90926241176604, 42.40290786717129]}}, {"type": "Feature", "properties": {"building": "yes", "source": "way"}, "geometry": {"type": "Point", "coordinates": [-82.90918272812975, 42.40282145476604]}}, {"type": "Feature", "properties": {"building": "yes", "source": "way"}, "geometry": {"type": "Point", "coordinates": [-82.90911291927368, 42.40272526720613]}}, {"type": "Feature", "properties": {"building": "yes", "source": "way"}, "geometry": {"type": "Point", "coordinates": [-82.90900974305285, 42.40263626159829]}}, {"type": "Feature", "properties": {"building": "yes", "source": "way"}, "geometry": {"type": "Point", "coordinates": [-82.90898285000002, 42.40253085]}}, {"type": "Feature", "properties": {"building": "yes", "source": "way"}, "geometry": {"type": "Point", "coordinates": [-82.90879527104515, 42.40223074480771]}}, {"type": "Feature", "properties": {"building": "yes", "source": "way"}, "geometry": {"type": "Point", "coordinates": [-82.90874675, 42.40212245]}}, {"type": "Feature", "properties": {"building": "yes", "source": "way"}, "geometry": {"type": "Point", "coordinates": [-82.90893888703337, 42.40241878220215]}}, {"type": "Feature", "properties": {"building": "yes", "source": "way"}, "geometry": {"type": "Point", "coordinates": [-82.9086113, 42.402507099999994]}}, {"type": "Feature", "properties": {"building": "yes", "source": "way"}, "geometry": {"type": "Point", "coordinates": [-82.90854365, 42.4024126]}}, {"type": "Feature", "properties": {"building": "yes", "source": "way"}, "geometry": {"type": "Point", "coordinates": [-82.9085039912212, 42.40230353005712]}}, {"type": "Feature", "properties": {"building": "yes", "source": "way"}, "geometry": {"type": "Point", "coordinates": [-82.90822893538974, 42.40132267351648]}}, {"type": "Feature", "properties": {"building": "yes", "source": "way"}, "geometry": {"type": "Point", "coordinates": [-82.90800235144232, 42.40158048256564]}}, {"type": "Feature", "properties": {"building": "yes", "source": "way"}, "geometry": {"type": "Point", "coordinates": [-82.90796415649068, 42.4017608649095]}}, {"type": "Feature", "properties": {"building": "yes", "source": "way"}, "geometry": {"type": "Point", "coordinates": [-82.9080151233875, 42.40189854331913]}}, {"type": "Feature", "properties": {"building": "yes", "source": "way"}, "geometry": {"type": "Point", "coordinates": [-82.90808117740563, 42.40203424653923]}}, {"type": "Feature", "properties": {"building": "yes", "source": "way"}, "geometry": {"type": "Point", "coordinates": [-82.90806323176872, 42.40219643787014]}}, {"type": "Feature", "properties": {"building": "yes", "source": "way"}, "geometry": {"type": "Point", "coordinates": [-82.90802833327817, 42.402363900279056]}}, {"type": "Feature", "properties": {"building": "yes", "source": "way"}, "geometry": {"type": "Point", "coordinates": [-82.90800921745101, 42.40250631301171]}}, {"type": "Feature", "properties": {"building": "yes", "source": "way"}, "geometry": {"type": "Point", "coordinates": [-82.90820499999998, 42.40264139999999]}}, {"type": "Feature", "properties": {"building": "yes", "source": "way"}, "geometry": {"type": "Point", "coordinates": [-82.90825932729683, 42.40232569734062]}}, {"type": "Feature", "properties": {"building": "yes", "source": "way"}, "geometry": {"type": "Point", "coordinates": [-82.90827185, 42.40198015]}}, {"type": "Feature", "properties": {"building": "yes", "source": "way"}, "geometry": {"type": "Point", "coordinates": [-82.90824515000001, 42.4018114]}}, {"type": "Feature", "properties": {"building": "yes", "source": "way"}, "geometry": {"type": "Point", "coordinates": [-82.9082666, 42.40145880000001]}}, {"type": "Feature", "properties": {"building": "yes", "source": "way"}, "geometry": {"type": "Point", "coordinates": [-82.9084901, 42.401701100000004]}}, {"type": "Feature", "properties": {"building": "yes", "source": "way"}, "geometry": {"type": "Point", "coordinates": [-82.90854839999999, 42.4018123]}}, {"type": "Feature", "properties": {"building": "yes", "source": "way"}, "geometry": {"type": "Point", "coordinates": [-82.90840580000001, 42.4018937]}}, {"type": "Feature", "properties": {"building": "yes", "source": "way"}, "geometry": {"type": "Point", "coordinates": [-82.90842988082032, 42.401959804128154]}}, {"type": "Feature", "properties": {"building": "yes", "source": "way"}, "geometry": {"type": "Point", "coordinates": [-82.90845685, 42.402075450000005]}}, {"type": "Feature", "properties": {"building": "yes", "source": "way"}, "geometry": {"type": "Point", "coordinates": [-82.9085249, 42.402173149999996]}}, {"type": "Feature", "properties": {"building": "yes", "source": "way"}, "geometry": {"type": "Point", "coordinates": [-82.90886383450378, 42.40232680214436]}}, {"type": "Feature", "properties": {"building": "yes", "source": "way"}, "geometry": {"type": "Point", "coordinates": [-82.90866390000001, 42.402610849999995]}}, {"type": "Feature", "properties": {"building": "yes", "source": "way"}, "geometry": {"type": "Point", "coordinates": [-82.9086166588129, 42.40238636912227]}}, {"type": "Feature", "properties": {"building": "yes", "source": "way"}, "geometry": {"type": "Point", "coordinates": [-82.90861129046976, 42.40192932396611]}}, {"type": "Feature", "properties": {"building": "yes", "source": "way"}, "geometry": {"type": "Point", "coordinates": [-82.90881499999999, 42.402964649999994]}}, {"type": "Feature", "properties": {"building": "yes", "source": "way"}, "geometry": {"type": "Point", "coordinates": [-82.9089436553804, 42.4028721785486]}}, {"type": "Feature", "properties": {"building": "yes", "source": "way"}, "geometry": {"type": "Point", "coordinates": [-82.90913477245267, 42.403053084146364]}}, {"type": "Feature", "properties": {"building": "yes", "source": "way"}, "geometry": {"type": "Point", "coordinates": [-82.90949798447822, 42.40047460683596]}}, {"type": "Feature", "properties": {"building": "yes", "source": "way"}, "geometry": {"type": "Point", "coordinates": [-82.90954260515136, 42.40060816839684]}}, {"type": "Feature", "properties": {"building": "yes", "source": "way"}, "geometry": {"type": "Point", "coordinates": [-82.90963554103888, 42.40073372994119]}}, {"type": "Feature", "properties": {"building": "yes", "source": "way"}, "geometry": {"type": "Point", "coordinates": [-82.90972228214648, 42.400831651188916]}}, {"type": "Feature", "properties": {"building": "yes", "source": "way"}, "geometry": {"type": "Point", "coordinates": [-82.90977124310575, 42.400936081442076]}}, {"type": "Feature", "properties": {"building": "yes", "source": "way"}, "geometry": {"type": "Point", "coordinates": [-82.90992289999998, 42.40113025]}}, {"type": "Feature", "properties": {"building": "yes", "source": "way"}, "geometry": {"type": "Point", "coordinates": [-82.9100589718239, 42.401317540586284]}}, {"type": "Feature", "properties": {"building": "yes", "source": "way"}, "geometry": {"type": "Point", "coordinates": [-82.91016879070807, 42.40152332504439]}}, {"type": "Feature", "properties": {"building": "yes", "source": "way"}, "geometry": {"type": "Point", "coordinates": [-82.91022185000003, 42.401625550000006]}}, {"type": "Feature", "properties": {"building": "yes", "source": "way"}, "geometry": {"type": "Point", "coordinates": [-82.91037115170727, 42.40181923681105]}}, {"type": "Feature", "properties": {"building": "yes", "source": "way"}, "geometry": {"type": "Point", "coordinates": [-82.90983920000001, 42.40103145]}}, {"type": "Feature", "properties": {"building": "yes", "source": "way"}, "geometry": {"type": "Point", "coordinates": [-82.91009250905567, 42.401429218257526]}}, {"type": "Feature", "properties": {"building": "yes", "source": "way"}, "geometry": {"type": "Point", "coordinates": [-82.91060254105952, 42.40218061762136]}}, {"type": "Feature", "properties": {"building": "yes", "source": "way"}, "geometry": {"type": "Point", "coordinates": [-82.91067484999999, 42.40231884999999]}}, {"type": "Feature", "properties": {"building": "yes", "source": "way"}, "geometry": {"type": "Point", "coordinates": [-82.91073914058256, 42.40242013067174]}}, {"type": "Feature", "properties": {"building": "yes", "source": "way"}, "geometry": {"type": "Point", "coordinates": [-82.9108840737288, 42.402614394990884]}}, {"type": "Feature", "properties": {"building": "yes", "source": "way"}, "geometry": {"type": "Point", "coordinates": [-82.91089965, 42.402744899999995]}}, {"type": "Feature", "properties": {"building": "yes", "source": "way"}, "geometry": {"type": "Point", "coordinates": [-82.91101049999999, 42.4028592]}}, {"type": "Feature", "properties": {"building": "yes", "source": "way"}, "geometry": {"type": "Point", "coordinates": [-82.91079485, 42.40251795000001]}}, {"type": "Feature", "properties": {"building": "yes", "source": "way"}, "geometry": {"type": "Point", "coordinates": [-82.91110843824072, 42.402976806285814]}}, {"type": "Feature", "properties": {"building": "yes", "source": "way"}, "geometry": {"type": "Point", "coordinates": [-82.9111745433812, 42.403107802319454]}}, {"type": "Feature", "properties": {"building": "yes", "source": "way"}, "geometry": {"type": "Point", "coordinates": [-82.91126515, 42.4032063]}}, {"type": "Feature", "properties": {"building": "yes", "source": "way"}, "geometry": {"type": "Point", "coordinates": [-82.91132591397353, 42.40330686802046]}}, {"type": "Feature", "properties": {"building": "yes", "source": "way"}, "geometry": {"type": "Point", "coordinates": [-82.91043520667337, 42.40191887772567]}}, {"type": "Feature", "properties": {"building": "yes", "source": "way"}, "geometry": {"type": "Point", "coordinates": [-82.91029595, 42.401725000000006]}}, {"type": "Feature", "properties": {"building": "yes", "source": "way"}, "geometry": {"type": "Point", "coordinates": [-82.9105844814287, 42.40183476606605]}}, {"type": "Feature", "properties": {"building": "yes", "source": "way"}, "geometry": {"type": "Point", "coordinates": [-82.91075615, 42.40189339999999]}}, {"type": "Feature", "properties": {"building": "yes", "source": "way"}, "geometry": {"type": "Point", "coordinates": [-82.9110441, 42.40252665]}}, {"type": "Feature", "properties": {"building": "yes", "source": "way"}, "geometry": {"type": "Point", "coordinates": [-82.91127162936237, 42.40268525542953]}}, {"type": "Feature", "properties": {"building": "yes", "source": "way"}, "geometry": {"type": "Point", "coordinates": [-82.91133769999999, 42.40300585000001]}}, {"type": "Feature", "properties": {"building": "yes", "source": "way"}, "geometry": {"type": "Point", "coordinates": [-82.91142775731774, 42.403120118992796]}}, {"type": "Feature", "properties": {"building": "yes", "source": "way"}, "geometry": {"type": "Point", "coordinates": [-82.91148665, 42.40322145]}}, {"type": "Feature", "properties": {"building": "yes", "source": "way"}, "geometry": {"type": "Point", "coordinates": [-82.91157138163591, 42.403345255570265]}}, {"type": "Feature", "properties": {"building": "yes", "source": "way"}, "geometry": {"type": "Point", "coordinates": [-82.91040148112901, 42.4033646548711]}}, {"type": "Feature", "properties": {"building": "yes", "source": "way"}, "geometry": {"type": "Point", "coordinates": [-82.91053749046266, 42.40335483087729]}}, {"type": "Feature", "properties": {"building": "yes", "source": "way"}, "geometry": {"type": "Point", "coordinates": [-82.91072559635634, 42.40333680678776]}}, {"type": "Feature", "properties": {"building": "yes", "source": "way"}, "geometry": {"type": "Point", "coordinates": [-82.91082664370478, 42.40347049352642]}}, {"type": "Feature", "properties": {"building": "yes", "source": "way"}, "geometry": {"type": "Point", "coordinates": [-82.91089180652462, 42.40358334839836]}}, {"type": "Feature", "properties": {"building": "yes", "source": "way"}, "geometry": {"type": "Point", "coordinates": [-82.9107152, 42.403650850000005]}}, {"type": "Feature", "properties": {"building": "yes", "source": "way"}, "geometry": {"type": "Point", "coordinates": [-82.91053066915256, 42.40356579648801]}}, {"type": "Feature", "properties": {"building": "yes", "source": "way"}, "geometry": {"type": "Point", "coordinates": [-82.9106604, 42.40320285]}}, {"type": "Feature", "properties": {"building": "yes", "source": "way"}, "geometry": {"type": "Point", "coordinates": [-82.91056968909713, 42.40308827991269]}}, {"type": "Feature", "properties": {"building": "yes", "source": "way"}, "geometry": {"type": "Point", "coordinates": [-82.91044194999999, 42.4032289]}}, {"type": "Feature", "properties": {"building": "yes", "source": "way"}, "geometry": {"type": "Point", "coordinates": [-82.90966343127484, 42.4004237050844]}}, {"type": "Feature", "properties": {"building": "yes", "source": "way"}, "geometry": {"type": "Point", "coordinates": [-82.90990705498014, 42.40032497398427]}}, {"type": "Feature", "properties": {"building": "yes", "source": "way"}, "geometry": {"type": "Point", "coordinates": [-82.91003030000002, 42.400426800000005]}}, {"type": "Feature", "properties": {"building": "yes", "source": "way"}, "geometry": {"type": "Point", "coordinates": [-82.91010544999999, 42.40055595]}}, {"type": "Feature", "properties": {"building": "yes", "source": "way"}, "geometry": {"type": "Point", "coordinates": [-82.9101802, 42.40066225]}}, {"type": "Feature", "properties": {"building": "yes", "source": "way"}, "geometry": {"type": "Point", "coordinates": [-82.91023906582997, 42.40076503463589]}}, {"type": "Feature", "properties": {"building": "yes", "source": "way"}, "geometry": {"type": "Point", "coordinates": [-82.91030100730417, 42.40086928145478]}}, {"type": "Feature", "properties": {"building": "yes", "source": "way"}, "geometry": {"type": "Point", "coordinates": [-82.91037670000001, 42.40096425000001]}}, {"type": "Feature", "properties": {"building": "yes", "source": "way"}, "geometry": {"type": "Point", "coordinates": [-82.91044593951683, 42.40105938033104]}}, {"type": "Feature", "properties": {"building": "yes", "source": "way"}, "geometry": {"type": "Point", "coordinates": [-82.91017358160322, 42.40100385336778]}}, {"type": "Feature", "properties": {"building": "yes", "source": "way"}, "geometry": {"type": "Point", "coordinates": [-82.91010924999999, 42.40090739999999]}}, {"type": "Feature", "properties": {"building": "yes", "source": "way"}, "geometry": {"type": "Point", "coordinates": [-82.91004699999999, 42.400804349999994]}}, {"type": "Feature", "properties": {"building": "yes", "source": "way"}, "geometry": {"type": "Point", "coordinates": [-82.90989999225926, 42.400583680809824]}}, {"type": "Feature", "properties": {"building": "yes", "source": "way"}, "geometry": {"type": "Point", "coordinates": [-82.90987185, 42.400744700000004]}}, {"type": "Feature", "properties": {"building": "yes", "source": "way"}, "geometry": {"type": "Point", "coordinates": [-82.91006886233154, 42.401049726326924]}}, {"type": "Feature", "properties": {"building": "yes", "source": "way"}, "geometry": {"type": "Point", "coordinates": [-82.91016929274302, 42.40119433138633]}}, {"type": "Feature", "properties": {"building": "yes", "source": "way"}, "geometry": {"type": "Point", "coordinates": [-82.91026504252414, 42.40133848099379]}}, {"type": "Feature", "properties": {"building": "yes", "source": "way"}, "geometry": {"type": "Point", "coordinates": [-82.91036795, 42.401302400000006]}}, {"type": "Feature", "properties": {"building": "yes", "source": "way"}, "geometry": {"type": "Point", "coordinates": [-82.9105062692312, 42.40116538583641]}}, {"type": "Feature", "properties": {"building": "yes", "source": "way"}, "geometry": {"type": "Point", "coordinates": [-82.91059163000209, 42.401253054899726]}}, {"type": "Feature", "properties": {"building": "yes", "source": "way"}, "geometry": {"type": "Point", "coordinates": [-82.91063213028802, 42.40136120255531]}}, {"type": "Feature", "properties": {"building": "yes", "source": "way"}, "geometry": {"type": "Point", "coordinates": [-82.91043345, 42.4013936]}}, {"type": "Feature", "properties": {"building": "yes", "source": "way"}, "geometry": {"type": "Point", "coordinates": [-82.91050184999999, 42.40149554999999]}}, {"type": "Feature", "properties": {"building": "yes", "source": "way"}, "geometry": {"type": "Point", "coordinates": [-82.91069710000001, 42.40145275]}}, {"type": "Feature", "properties": {"building": "yes", "source": "way"}, "geometry": {"type": "Point", "coordinates": [-82.91081467899323, 42.401660747488165]}}, {"type": "Feature", "properties": {"building": "yes", "source": "way"}, "geometry": {"type": "Point", "coordinates": [-82.91090305666378, 42.40175064521054]}}, {"type": "Feature", "properties": {"building": "yes", "source": "way"}, "geometry": {"type": "Point", "coordinates": [-82.9109645697298, 42.40185299351647]}}, {"type": "Feature", "properties": {"building": "yes", "source": "way"}, "geometry": {"type": "Point", "coordinates": [-82.91111517016013, 42.402037844834624]}}, {"type": "Feature", "properties": {"building": "yes", "source": "way"}, "geometry": {"type": "Point", "coordinates": [-82.91117739999999, 42.402138750000006]}}, {"type": "Feature", "properties": {"building": "yes", "source": "way"}, "geometry": {"type": "Point", "coordinates": [-82.91119535, 42.40225015]}}, {"type": "Feature", "properties": {"building": "yes", "source": "way"}, "geometry": {"type": "Point", "coordinates": [-82.9110176, 42.40195054999999]}}, {"type": "Feature", "properties": {"building": "yes", "source": "way"}, "geometry": {"type": "Point", "coordinates": [-82.91130414999999, 42.4023386]}}, {"type": "Feature", "properties": {"building": "yes", "source": "way"}, "geometry": {"type": "Point", "coordinates": [-82.91135733776478, 42.40244138845241]}}, {"type": "Feature", "properties": {"building": "yes", "source": "way"}, "geometry": {"type": "Point", "coordinates": [-82.91141570455338, 42.40254263806318]}}, {"type": "Feature", "properties": {"building": "yes", "source": "way"}, "geometry": {"type": "Point", "coordinates": [-82.91149154999998, 42.4026366]}}, {"type": "Feature", "properties": {"building": "yes", "source": "way"}, "geometry": {"type": "Point", "coordinates": [-82.9115620925939, 42.40273338144998]}}, {"type": "Feature", "properties": {"building": "yes", "source": "way"}, "geometry": {"type": "Point", "coordinates": [-82.91161517213366, 42.40285906539229]}}, {"type": "Feature", "properties": {"building": "yes", "source": "way"}, "geometry": {"type": "Point", "coordinates": [-82.91169390604715, 42.40298327935336]}}, {"type": "Feature", "properties": {"building": "yes", "source": "way"}, "geometry": {"type": "Point", "coordinates": [-82.9118393, 42.40322185]}}, {"type": "Feature", "properties": {"building": "yes", "source": "way"}, "geometry": {"type": "Point", "coordinates": [-82.9116821308494, 42.40331170420527]}}, {"type": "Feature", "properties": {"building": "yes", "source": "way"}, "geometry": {"type": "Point", "coordinates": [-82.9113888, 42.403399699999994]}}, {"type": "Feature", "properties": {"building": "yes", "source": "way"}, "geometry": {"type": "Point", "coordinates": [-82.91114835779379, 42.40249186896957]}}, {"type": "Feature", "properties": {"building": "yes", "source": "way"}, "geometry": {"type": "Point", "coordinates": [-82.90971990000001, 42.40049925]}}, {"type": "Feature", "properties": {"building": "yes", "source": "way"}, "geometry": {"type": "Point", "coordinates": [-82.9100206, 42.4046393]}}, {"type": "Feature", "properties": {"building": "yes", "source": "way"}, "geometry": {"type": "Point", "coordinates": [-82.91022796049812, 42.404644272374114]}}, {"type": "Feature", "properties": {"building": "yes", "source": "way"}, "geometry": {"type": "Point", "coordinates": [-82.91041777039297, 42.40461658471551]}}, {"type": "Feature", "properties": {"building": "yes", "source": "way"}, "geometry": {"type": "Point", "coordinates": [-82.91026423970803, 42.40438692068401]}}, {"type": "Feature", "properties": {"building": "yes", "source": "way"}, "geometry": {"type": "Point", "coordinates": [-82.91061877157105, 42.404000476753055]}}, {"type": "Feature", "properties": {"building": "yes", "source": "way"}, "geometry": {"type": "Point", "coordinates": [-82.911172811383, 42.40404107730653]}}, {"type": "Feature", "properties": {"building": "yes", "source": "way"}, "geometry": {"type": "Point", "coordinates": [-82.91062531871025, 42.40411419616144]}}, {"type": "Feature", "properties": {"building": "yes", "source": "way"}, "geometry": {"type": "Point", "coordinates": [-82.91072841873141, 42.40420534819605]}}, {"type": "Feature", "properties": {"building": "yes", "source": "way"}, "geometry": {"type": "Point", "coordinates": [-82.91077150000001, 42.404307599999996]}}, {"type": "Feature", "properties": {"building": "yes", "source": "way"}, "geometry": {"type": "Point", "coordinates": [-82.9108354, 42.40440755]}}, {"type": "Feature", "properties": {"building": "yes", "source": "way"}, "geometry": {"type": "Point", "coordinates": [-82.91280604498219, 42.404613481183965]}}, {"type": "Feature", "properties": {"building": "yes", "source": "way"}, "geometry": {"type": "Point", "coordinates": [-82.91259374999998, 42.4046581]}}, {"type": "Feature", "properties": {"building": "yes", "source": "way"}, "geometry": {"type": "Point", "coordinates": [-82.90655940690426, 42.40512760773137]}}, {"type": "Feature", "properties": {"building": "yes", "source": "way"}, "geometry": {"type": "Point", "coordinates": [-82.90675595, 42.40523]}}, {"type": "Feature", "properties": {"building": "yes", "source": "way"}, "geometry": {"type": "Point", "coordinates": [-82.90703040000001, 42.4053471]}}, {"type": "Feature", "properties": {"building": "yes", "source": "way"}, "geometry": {"type": "Point", "coordinates": [-82.90724671836774, 42.405397404583745]}}, {"type": "Feature", "properties": {"building": "yes", "source": "way"}, "geometry": {"type": "Point", "coordinates": [-82.9075038730228, 42.4055227867857]}}, {"type": "Feature", "properties": {"building": "yes", "source": "way"}, "geometry": {"type": "Point", "coordinates": [-82.90770696686288, 42.40560148070216]}}, {"type": "Feature", "properties": {"building": "yes", "source": "way"}, "geometry": {"type": "Point", "coordinates": [-82.90789072988565, 42.40568608742957]}}, {"type": "Feature", "properties": {"building": "yes", "source": "way"}, "geometry": {"type": "Point", "coordinates": [-82.90787916962375, 42.40547295564948]}}, {"type": "Feature", "properties": {"building": "yes", "source": "way"}, "geometry": {"type": "Point", "coordinates": [-82.90810735, 42.40549789999999]}}, {"type": "Feature", "properties": {"building": "yes", "source": "way"}, "geometry": {"type": "Point", "coordinates": [-82.909979680205, 42.40602774393412]}}, {"type": "Feature", "properties": {"building": "yes", "source": "way"}, "geometry": {"type": "Point", "coordinates": [-82.90983715, 42.40594035000001]}}, {"type": "Feature", "properties": {"building": "yes", "source": "way"}, "geometry": {"type": "Point", "coordinates": [-82.90752101703958, 42.4050321170151]}}, {"type": "Feature", "properties": {"building": "yes", "source": "way"}, "geometry": {"type": "Point", "coordinates": [-82.90719758684193, 42.40489695649631]}}, {"type": "Feature", "properties": {"building": "yes", "source": "way"}, "geometry": {"type": "Point", "coordinates": [-82.90769579749433, 42.40510085720701]}}, {"type": "Feature", "properties": {"building": "yes", "source": "way"}, "geometry": {"type": "Point", "coordinates": [-82.90802259490448, 42.405219268151626]}}, {"type": "Feature", "properties": {"building": "yes", "source": "way"}, "geometry": {"type": "Point", "coordinates": [-82.90819114320402, 42.40528397737275]}}, {"type": "Feature", "properties": {"building": "yes", "source": "way"}, "geometry": {"type": "Point", "coordinates": [-82.90823830000001, 42.4055514]}}, {"type": "Feature", "properties": {"building": "yes", "source": "way"}, "geometry": {"type": "Point", "coordinates": [-82.90785026789855, 42.40516675488624]}}, {"type": "Feature", "properties": {"building": "yes", "source": "way"}, "geometry": {"type": "Point", "coordinates": [-82.9083537692728, 42.40534990419539]}}, {"type": "Feature", "properties": {"building": "yes", "source": "way"}, "geometry": {"type": "Point", "coordinates": [-82.90850226011024, 42.40542952360238]}}, {"type": "Feature", "properties": {"building": "yes", "source": "way"}, "geometry": {"type": "Point", "coordinates": [-82.90867228156642, 42.405480527324656]}}, {"type": "Feature", "properties": {"building": "yes", "source": "way"}, "geometry": {"type": "Point", "coordinates": [-82.90882465437492, 42.405555867022656]}}, {"type": "Feature", "properties": {"building": "yes", "source": "way"}, "geometry": {"type": "Point", "coordinates": [-82.90899668093074, 42.40561565738851]}}, {"type": "Feature", "properties": {"building": "yes", "source": "way"}, "geometry": {"type": "Point", "coordinates": [-82.90916948160296, 42.405667196528405]}}, {"type": "Feature", "properties": {"building": "yes", "source": "way"}, "geometry": {"type": "Point", "coordinates": [-82.90948921081723, 42.40580617126231]}}, {"type": "Feature", "properties": {"building": "yes", "source": "way"}, "geometry": {"type": "Point", "coordinates": [-82.90897749999998, 42.4057305]}}, {"type": "Feature", "properties": {"building": "yes", "source": "way"}, "geometry": {"type": "Point", "coordinates": [-82.9093307955775, 42.40574018105504]}}, {"type": "Feature", "properties": {"building": "yes", "source": "way"}, "geometry": {"type": "Point", "coordinates": [-82.90965647555996, 42.40587249363634]}}, {"type": "Feature", "properties": {"building": "yes", "source": "way"}, "geometry": {"type": "Point", "coordinates": [-82.90640524999999, 42.40456989999999]}}, {"type": "Feature", "properties": {"building": "yes", "source": "way"}, "geometry": {"type": "Point", "coordinates": [-82.90633859435027, 42.40466816810153]}}, {"type": "Feature", "properties": {"building": "yes", "source": "way"}, "geometry": {"type": "Point", "coordinates": [-82.90631061761115, 42.404808507673344]}}, {"type": "Feature", "properties": {"building": "yes", "source": "way"}, "geometry": {"type": "Point", "coordinates": [-82.90644706379234, 42.40470822371921]}}, {"type": "Feature", "properties": {"building": "yes", "source": "way"}, "geometry": {"type": "Point", "coordinates": [-82.90657970000001, 42.40461615]}}, {"type": "Feature", "properties": {"building": "yes", "source": "way"}, "geometry": {"type": "Point", "coordinates": [-82.90673208237953, 42.40468304822166]}}, {"type": "Feature", "properties": {"building": "yes", "source": "way"}, "geometry": {"type": "Point", "coordinates": [-82.90674530000001, 42.405013000000004]}}, {"type": "Feature", "properties": {"building": "yes", "source": "way"}, "geometry": {"type": "Point", "coordinates": [-82.9070164256059, 42.404946435350276]}}, {"type": "Feature", "properties": {"building": "yes", "source": "way"}, "geometry": {"type": "Point", "coordinates": [-82.90706894999998, 42.404828550000005]}}, {"type": "Feature", "properties": {"building": "detached", "source": "way"}, "geometry": {"type": "Point", "coordinates": [-82.89108015111381, 42.399577157596255]}}, {"type": "Feature", "properties": {"building": "detached", "source": "way"}, "geometry": {"type": "Point", "coordinates": [-82.89119171135312, 42.39930812146487]}}, {"type": "Feature", "properties": {"building": "detached", "source": "way"}, "geometry": {"type": "Point", "coordinates": [-82.89089529960219, 42.39916183243957]}}, {"type": "Feature", "properties": {"building": "detached", "source": "way"}, "geometry": {"type": "Point", "coordinates": [-82.8903747063794, 42.39893671985157]}}, {"type": "Feature", "properties": {"building": "detached", "source": "way"}, "geometry": {"type": "Point", "coordinates": [-82.89062548563473, 42.39942333158304]}}, {"type": "Feature", "properties": {"building": "detached", "source": "way"}, "geometry": {"type": "Point", "coordinates": [-82.89017838441328, 42.39926086813821]}}, {"type": "Feature", "properties": {"building": "detached", "source": "way"}, "geometry": {"type": "Point", "coordinates": [-82.89008125290503, 42.39881604562619]}}, {"type": "Feature", "properties": {"building": "detached", "source": "way"}, "geometry": {"type": "Point", "coordinates": [-82.88982771851134, 42.39907831854762]}}, {"type": "Feature", "properties": {"building": "detached", "source": "way"}, "geometry": {"type": "Point", "coordinates": [-82.8893601345535, 42.398902480184844]}}, {"type": "Feature", "properties": {"building": "detached", "source": "way"}, "geometry": {"type": "Point", "coordinates": [-82.8894744516713, 42.39864800074494]}}, {"type": "Feature", "properties": {"building": "yes", "source": "way"}, "geometry": {"type": "Point", "coordinates": [-82.90982341794827, 42.42080000192314]}}, {"type": "Feature", "properties": {"building": "yes", "source": "relation"}, "geometry": {"type": "Point", "coordinates": [-82.90106683918921, 42.39160958108107]}}, {"type": "Feature", "properties": {"building": "school", "source": "relation"}, "geometry": {"type": "Point", "coordinates": [-82.9036184, 42.3912868625]}}, {"type": "Feature", "properties": {"building": "hospital", "source": "relation"}, "geometry": {"type": "Point", "coordinates": [-82.90233674925372, 42.397093105970136]}}, {"type": "Feature", "properties": {"building": "school", "source": "relation"}, "geometry": {"type": "Point", "coordinates": [-82.90787943209881, 42.409098950617285]}}]}