{"type": "FeatureCollection", "features": [{"type": "Feature", "properties": {"building": "parking", "source": "way"}, "geometry": {"type": "Point", "coordinates": [-82.91351400641396, 42.383029327186854]}}, {"type": "Feature", "properties": {"building": "parking", "source": "way"}, "geometry": {"type": "Point", "coordinates": [-82.91293401846492, 42.38309526476008]}}, {"type": "Feature", "properties": {"building": "yes", "source": "way"}, "geometry": {"type": "Point", "coordinates": [-82.90502590952936, 42.38205071028359]}}, {"type": "Feature", "properties": {"building": "yes", "source": "way"}, "geometry": {"type": "Point", "coordinates": [-82.90535100968957, 42.38229301865068]}}, {"type": "Feature", "properties": {"building": "yes", "source": "way"}, "geometry": {"type": "Point", "coordinates": [-82.90490436154975, 42.38244966583085]}}, {"type": "Feature", "properties": {"building": "yes", "source": "way"}, "geometry": {"type": "Point", "coordinates": [-82.91604871736403, 42.39267798337716]}}, {"type": "Feature", "properties": {"building": "yes", "source": "way"}, "geometry": {"type": "Point", "coordinates": [-82.91695135, 42.3941396]}}, {"type": "Feature", "properties": {"building": "garage", "source": "way"}, "geometry": {"type": "Point", "coordinates": [-82.91782985, 42.39282970000001]}}, {"type": "Feature", "properties": {"building": "house", "source": "way"}, "geometry": {"type": "Point", "coordinates": [-82.91782034785568, 42.39302878318282]}}, {"type": "Feature", "properties": {"building": "house", "source": "way"}, "geometry": {"type": "Point", "coordinates": [-82.91785655726159, 42.39317301304005]}}, {"type": "Feature", "properties": {"building": "yes", "source": "way"}, "geometry": {"type": "Point", "coordinates": [-82.91729123634188, 42.39217328094577]}}, {"type": "Feature", "properties": {"building": "yes", "source": "way"}, "geometry": {"type": "Point", "coordinates": [-82.91737034995276, 42.39230799808644]}}, {"type": "Feature", "properties": {"building": "garage", "source": "way"}, "geometry": {"type": "Point", "coordinates": [-82.918130815234, 42.39296109786358]}}, {"type": "Feature", "properties": {"building": "garage", "source": "way"}, "geometry": {"type": "Point", "coordinates": [-82.9177141023317, 42.39228466834282]}}, {"type": "Feature", "properties": {"building": "garage", "source": "way"}, "geometry": {"type": "Point", "coordinates": [-82.91778186897494, 42.392471548262925]}}, {"type": "Feature", "properties": {"building": "garage", "source": "way"}, "geometry": {"type": "Point", "coordinates": [-82.91791028214203, 42.392242001454065]}}, {"type": "Feature", "properties": {"building": "garage", "source": "way"}, "geometry": {"type": "Point", "coordinates": [-82.91799053148841, 42.3920560539127]}}, {"type": "Feature", "properties": {"building": "garage", "source": "way"}, "geometry": {"type": "Point", "coordinates": [-82.91781319300372, 42.39192868148461]}}, {"type": "Feature", "properties": {"building": "garage", "source": "way"}, "geometry": {"type": "Point", "coordinates": [-82.91796305, 42.39232695]}}, {"type": "Feature", "properties": {"building": "garage", "source": "way"}, "geometry": {"type": "Point", "coordinates": [-82.91805685, 42.39245495]}}, {"type": "Feature", "properties": {"building": "garage", "source": "way"}, "geometry": {"type": "Point", "coordinates": [-82.9183155, 42.392733250000006]}}, {"type": "Feature", "properties": {"building": "garage", "source": "way"}, "geometry": {"type": "Point", "coordinates": [-82.91831358150374, 42.39281000485112]}}, {"type": "Feature", "properties": {"building": "garage", "source": "way"}, "geometry": {"type": "Point", "coordinates": [-82.91841332375913, 42.39295438508266]}}, {"type": "Feature", "properties": {"building": "garage", "source": "way"}, "geometry": {"type": "Point", "coordinates": [-82.91854875766138, 42.39319581855632]}}, {"type": "Feature", "properties": {"building": "garage", "source": "way"}, "geometry": {"type": "Point", "coordinates": [-82.9186927, 42.39331939999999]}}, {"type": "Feature", "properties": {"building": "garage", "source": "way"}, "geometry": {"type": "Point", "coordinates": [-82.91873516088091, 42.39348897779554]}}, {"type": "Feature", "properties": {"building": "garage", "source": "way"}, "geometry": {"type": "Point", "coordinates": [-82.91892744999998, 42.393792499999996]}}, {"type": "Feature", "properties": {"building": "house", "source": "way"}, "geometry": {"type": "Point", "coordinates": [-82.91808158945143, 42.393381920358344]}}, {"type": "Feature", "properties": {"building": "house", "source": "way"}, "geometry": {"type": "Point", "coordinates": [-82.91831294770346, 42.39379467529723]}}, {"type": "Feature", "properties": {"building": "house", "source": "way"}, "geometry": {"type": "Point", "coordinates": [-82.918085545444, 42.393472207916844]}}, {"type": "Feature", "properties": {"building": "house", "source": "way"}, "geometry": {"type": "Point", "coordinates": [-82.91847568246477, 42.39405430100224]}}, {"type": "Feature", "properties": {"building": "house", "source": "way"}, "geometry": {"type": "Point", "coordinates": [-82.9185552629324, 42.39413219207489]}}, {"type": "Feature", "properties": {"building": "garage", "source": "way"}, "geometry": {"type": "Point", "coordinates": [-82.91859154557598, 42.393791501539596]}}, {"type": "Feature", "properties": {"building": "house", "source": "way"}, "geometry": {"type": "Point", "coordinates": [-82.91836854999998, 42.393892199999996]}}, {"type": "Feature", "properties": {"building": "house", "source": "way"}, "geometry": {"type": "Point", "coordinates": [-82.918441214353, 42.393965765487145]}}, {"type": "Feature", "properties": {"building": "garage", "source": "way"}, "geometry": {"type": "Point", "coordinates": [-82.91881649706126, 42.39380824868013]}}, {"type": "Feature", "properties": {"building": "garage", "source": "way"}, "geometry": {"type": "Point", "coordinates": [-82.91888820823303, 42.39389689673948]}}, {"type": "Feature", "properties": {"building": "shed", "source": "way"}, "geometry": {"type": "Point", "coordinates": [-82.91889365, 42.3941343]}}, {"type": "Feature", "properties": {"building": "garage", "source": "way"}, "geometry": {"type": "Point", "coordinates": [-82.91874143143247, 42.39404391838724]}}, {"type": "Feature", "properties": {"building": "house", "source": "way"}, "geometry": {"type": "Point", "coordinates": [-82.9182165, 42.39367585000001]}}, {"type": "Feature", "properties": {"building": "house", "source": "way"}, "geometry": {"type": "Point", "coordinates": [-82.91817160000001, 42.393556749999995]}}, {"type": "Feature", "properties": {"building": "house", "source": "way"}, "geometry": {"type": "Point", "coordinates": [-82.91796030000002, 42.3933041]}}, {"type": "Feature", "properties": {"building": "garage", "source": "way"}, "geometry": {"type": "Point", "coordinates": [-82.9182727246294, 42.39322368990402]}}, {"type": "Feature", "properties": {"building": "garage", "source": "way"}, "geometry": {"type": "Point", "coordinates": [-82.91844159753788, 42.39354170773185]}}, {"type": "Feature", "properties": {"building": "garage", "source": "way"}, "geometry": {"type": "Point", "coordinates": [-82.9183995876524, 42.393465954507555]}}, {"type": "Feature", "properties": {"building": "garage", "source": "way"}, "geometry": {"type": "Point", "coordinates": [-82.91852050626345, 42.393670098520396]}}, {"type": "Feature", "properties": {"building": "yes", "source": "way"}, "geometry": {"type": "Point", "coordinates": [-82.91757938911236, 42.392088742122176]}}, {"type": "Feature", "properties": {"building": "house", "source": "way"}, "geometry": {"type": "Point", "coordinates": [-82.91746763322274, 42.39257233856125]}}, {"type": "Feature", "properties": {"building": "house", "source": "way"}, "geometry": {"type": "Point", "coordinates": [-82.91768320789551, 42.39294108450674]}}, {"type": "Feature", "properties": {"building": "terrace", "source": "way"}, "geometry": {"type": "Point", "coordinates": [-82.91761025800677, 42.39264549574254]}}, {"type": "Feature", "properties": {"building": "terrace", "source": "way"}, "geometry": {"type": "Point", "coordinates": [-82.91782089639554, 42.39271623799345]}}, {"type": "Feature", "properties": {"building": "house", "source": "way"}, "geometry": {"type": "Point", "coordinates": [-82.91740833814175, 42.39243988186576]}}, {"type": "Feature", "properties": {"building": "yes", "source": "way"}, "geometry": {"type": "Point", "coordinates": [-82.91488445401806, 42.39199671817469]}}, {"type": "Feature", "properties": {"building": "yes", "source": "way"}, "geometry": {"type": "Point", "coordinates": [-82.91499886402903, 42.39216707597794]}}, {"type": "Feature", "properties": {"building": "yes", "source": "way"}, "geometry": {"type": "Point", "coordinates": [-82.91510854999999, 42.392343700000005]}}, {"type": "Feature", "properties": {"building": "yes", "source": "way"}, "geometry": {"type": "Point", "coordinates": [-82.91521888193125, 42.39251000630359]}}, {"type": "Feature", "properties": {"building": "garage", "source": "way"}, "geometry": {"type": "Point", "coordinates": [-82.91551018916374, 42.392431081753635]}}, {"type": "Feature", "properties": {"building": "garage", "source": "way"}, "geometry": {"type": "Point", "coordinates": [-82.91511556851098, 42.39176659626231]}}, {"type": "Feature", "properties": {"building": "garage", "source": "way"}, "geometry": {"type": "Point", "coordinates": [-82.9151296, 42.391838899999996]}}, {"type": "Feature", "properties": {"building": "garage", "source": "way"}, "geometry": {"type": "Point", "coordinates": [-82.91520000924994, 42.39194682886466]}}, {"type": "Feature", "properties": {"building": "garage", "source": "way"}, "geometry": {"type": "Point", "coordinates": [-82.91524874999999, 42.3920118]}}, {"type": "Feature", "properties": {"building": "garage", "source": "way"}, "geometry": {"type": "Point", "coordinates": [-82.91531958156715, 42.39211400304783]}}, {"type": "Feature", "properties": {"building": "garage", "source": "way"}, "geometry": {"type": "Point", "coordinates": [-82.91539325, 42.39223925]}}, {"type": "Feature", "properties": {"building": "garage", "source": "way"}, "geometry": {"type": "Point", "coordinates": [-82.91719945, 42.391853850000004]}}, {"type": "Feature", "properties": {"building": "garage", "source": "way"}, "geometry": {"type": "Point", "coordinates": [-82.91726635, 42.391830350000006]}}, {"type": "Feature", "properties": {"building": "house", "source": "way"}, "geometry": {"type": "Point", "coordinates": [-82.91744560670193, 42.39177442992477]}}, {"type": "Feature", "properties": {"building": "house", "source": "way"}, "geometry": {"type": "Point", "coordinates": [-82.91702591266628, 42.39192161800334]}}, {"type": "Feature", "properties": {"building": "yes", "source": "way"}, "geometry": {"type": "Point", "coordinates": [-82.9177835168316, 42.39162765802614]}}, {"type": "Feature", "properties": {"building": "school", "source": "way"}, "geometry": {"type": "Point", "coordinates": [-82.91884794782172, 42.39032870267016]}}, {"type": "Feature", "properties": {"building": "yes", "source": "way"}, "geometry": {"type": "Point", "coordinates": [-82.91485577228556, 42.393067899655094]}}, {"type": "Feature", "properties": {"building": "yes", "source": "way"}, "geometry": {"type": "Point", "coordinates": [-82.91457093753026, 42.39310533199369]}}, {"type": "Feature", "properties": {"building": "yes", "source": "way"}, "geometry": {"type": "Point", "coordinates": [-82.91469225, 42.393312550000005]}}, {"type": "Feature", "properties": {"building": "yes", "source": "way"}, "geometry": {"type": "Point", "coordinates": [-82.91477607508716, 42.39341076459257]}}, {"type": "Feature", "properties": {"building": "yes", "source": "way"}, "geometry": {"type": "Point", "coordinates": [-82.91493198848076, 42.39367912253045]}}, {"type": "Feature", "properties": {"building": "yes", "source": "way"}, "geometry": {"type": "Point", "coordinates": [-82.91501301837785, 42.39380004554665]}}, {"type": "Feature", "properties": {"building": "yes", "source": "way"}, "geometry": {"type": "Point", "coordinates": [-82.9147345724495, 42.3916916693878]}}, {"type": "Feature", "properties": {"building": "yes", "source": "way"}, "geometry": {"type": "Point", "coordinates": [-82.9145182, 42.391418249999994]}}, {"type": "Feature", "properties": {"building": "yes", "source": "way"}, "geometry": {"type": "Point", "coordinates": [-82.91446961363633, 42.3913135677405]}}, {"type": "Feature", "properties": {"building": "yes", "source": "way"}, "geometry": {"type": "Point", "coordinates": [-82.91464684990278, 42.39107508327617]}}, {"type": "Feature", "properties": {"building": "yes", "source": "way"}, "geometry": {"type": "Point", "coordinates": [-82.91471759999999, 42.3911827]}}, {"type": "Feature", "properties": {"building": "yes", "source": "way"}, "geometry": {"type": "Point", "coordinates": [-82.91500054999999, 42.39162215]}}, {"type": "Feature", "properties": {"building": "yes", "source": "way"}, "geometry": {"type": "Point", "coordinates": [-82.91480154999999, 42.391290049999995]}}, {"type": "Feature", "properties": {"building": "yes", "source": "way"}, "geometry": {"type": "Point", "coordinates": [-82.91486456879845, 42.39138654517721]}}, {"type": "Feature", "properties": {"building": "yes", "source": "way"}, "geometry": {"type": "Point", "coordinates": [-82.9149202927053, 42.39146083131159]}}, {"type": "Feature", "properties": {"building": "yes", "source": "way"}, "geometry": {"type": "Point", "coordinates": [-82.9145969662667, 42.391498116912175]}}, {"type": "Feature", "properties": {"building": "yes", "source": "way"}, "geometry": {"type": "Point", "coordinates": [-82.91465538361962, 42.39159068316838]}}, {"type": "Feature", "properties": {"building": "yes", "source": "way"}, "geometry": {"type": "Point", "coordinates": [-82.91666634999999, 42.39122955]}}, {"type": "Feature", "properties": {"building": "yes", "source": "way"}, "geometry": {"type": "Point", "coordinates": [-82.9175539, 42.3912004]}}, {"type": "Feature", "properties": {"building": "yes", "source": "way"}, "geometry": {"type": "Point", "coordinates": [-82.91743805, 42.391085700000005]}}, {"type": "Feature", "properties": {"building": "yes", "source": "way"}, "geometry": {"type": "Point", "coordinates": [-82.9177003364143, 42.39151196660867]}}, {"type": "Feature", "properties": {"building": "yes", "source": "way"}, "geometry": {"type": "Point", "coordinates": [-82.9179638, 42.39474905]}}, {"type": "Feature", "properties": {"building": "yes", "source": "way"}, "geometry": {"type": "Point", "coordinates": [-82.9179602, 42.39482709999999]}}, {"type": "Feature", "properties": {"building": "yes", "source": "way"}, "geometry": {"type": "Point", "coordinates": [-82.91822885, 42.3947645]}}, {"type": "Feature", "properties": {"building": "yes", "source": "way"}, "geometry": {"type": "Point", "coordinates": [-82.91909200826056, 42.394604418358675]}}, {"type": "Feature", "properties": {"building": "yes", "source": "way"}, "geometry": {"type": "Point", "coordinates": [-82.91926054999999, 42.3946488]}}, {"type": "Feature", "properties": {"building": "yes", "source": "way"}, "geometry": {"type": "Point", "coordinates": [-82.91878046780731, 42.39452009217855]}}, {"type": "Feature", "properties": {"building": "garage", "source": "way"}, "geometry": {"type": "Point", "coordinates": [-82.9189755, 42.39440315]}}, {"type": "Feature", "properties": {"building": "garage", "source": "way"}, "geometry": {"type": "Point", "coordinates": [-82.91927135834406, 42.39429821870022]}}, {"type": "Feature", "properties": {"building": "garage", "source": "way"}, "geometry": {"type": "Point", "coordinates": [-82.91930972953791, 42.39436486600149]}}, {"type": "Feature", "properties": {"building": "garage", "source": "way"}, "geometry": {"type": "Point", "coordinates": [-82.91908225673991, 42.3940214685724]}}, {"type": "Feature", "properties": {"building": "garage", "source": "way"}, "geometry": {"type": "Point", "coordinates": [-82.9190236, 42.39394485]}}, {"type": "Feature", "properties": {"building": "yes", "source": "way"}, "geometry": {"type": "Point", "coordinates": [-82.91908980970658, 42.39365913474839]}}, {"type": "Feature", "properties": {"building": "yes", "source": "way"}, "geometry": {"type": "Point", "coordinates": [-82.91920843515727, 42.39380674434574]}}, {"type": "Feature", "properties": {"building": "yes", "source": "way"}, "geometry": {"type": "Point", "coordinates": [-82.91929489070364, 42.39395168142834]}}, {"type": "Feature", "properties": {"building": "garage", "source": "way"}, "geometry": {"type": "Point", "coordinates": [-82.91884918163706, 42.3936218047065]}}, {"type": "Feature", "properties": {"building": "yes", "source": "way"}, "geometry": {"type": "Point", "coordinates": [-82.92070641856428, 42.39304549603175]}}, {"type": "Feature", "properties": {"building": "garage", "source": "way"}, "geometry": {"type": "Point", "coordinates": [-82.92075523159076, 42.39332265321291]}}, {"type": "Feature", "properties": {"building": "garage", "source": "way"}, "geometry": {"type": "Point", "coordinates": [-82.92086073158883, 42.39328575407235]}}, {"type": "Feature", "properties": {"building": "garage", "source": "way"}, "geometry": {"type": "Point", "coordinates": [-82.9208256, 42.393421249999996]}}, {"type": "Feature", "properties": {"building": "garage", "source": "way"}, "geometry": {"type": "Point", "coordinates": [-82.92091808137309, 42.393378954449865]}}, {"type": "Feature", "properties": {"building": "terrace", "source": "way"}, "geometry": {"type": "Point", "coordinates": [-82.91766385560304, 42.392771760889275]}}, {"type": "Feature", "properties": {"building": "terrace", "source": "way"}, "geometry": {"type": "Point", "coordinates": [-82.91776935358295, 42.392588827075286]}}, {"type": "Feature", "properties": {"building": "retail", "source": "way"}, "geometry": {"type": "Point", "coordinates": [-82.91836313520905, 42.38917182788794]}}, {"type": "Feature", "properties": {"building": "roof", "source": "way"}, "geometry": {"type": "Point", "coordinates": [-82.91673055000001, 42.4029426]}}, {"type": "Feature", "properties": {"building": "retail", "source": "way"}, "geometry": {"type": "Point", "coordinates": [-82.91669425795337, 42.4027794546534]}}, {"type": "Feature", "properties": {"building": "roof", "source": "way"}, "geometry": {"type": "Point", "coordinates": [-82.91865025596825, 42.399023891558]}}, {"type": "Feature", "properties": {"building": "retail", "source": "way"}, "geometry": {"type": "Point", "coordinates": [-82.91851224940085, 42.3989019336648]}}, {"type": "Feature", "properties": {"building": "retail", "source": "way"}, "geometry": {"type": "Point", "coordinates": [-82.91662721280427, 42.40310114866233]}}, {"type": "Feature", "properties": {"building": "retail", "source": "way"}, "geometry": {"type": "Point", "coordinates": [-82.91662848121231, 42.403219529676896]}}, {"type": "Feature", "properties": {"building": "retail", "source": "way"}, "geometry": {"type": "Point", "coordinates": [-82.9165484084885, 42.403209078930054]}}, {"type": "Feature", "properties": {"building": "retail", "source": "way"}, "geometry": {"type": "Point", "coordinates": [-82.91653201079802, 42.40330158971338]}}, {"type": "Feature", "properties": {"building": "retail", "source": "way"}, "geometry": {"type": "Point", "coordinates": [-82.91650113959138, 42.403363781886156]}}, {"type": "Feature", "properties": {"building": "retail", "source": "way"}, "geometry": {"type": "Point", "coordinates": [-82.91646209960639, 42.403418797137746]}}, {"type": "Feature", "properties": {"building": "retail", "source": "way"}, "geometry": {"type": "Point", "coordinates": [-82.91645503722971, 42.40352784479991]}}, {"type": "Feature", "properties": {"building": "retail", "source": "way"}, "geometry": {"type": "Point", "coordinates": [-82.91632218410105, 42.403583918318915]}}, {"type": "Feature", "properties": {"building": "retail", "source": "way"}, "geometry": {"type": "Point", "coordinates": [-82.91625105091718, 42.40386042407561]}}, {"type": "Feature", "properties": {"building": "retail", "source": "way"}, "geometry": {"type": "Point", "coordinates": [-82.91620771104311, 42.40395808483073]}}, {"type": "Feature", "properties": {"building": "retail", "source": "way"}, "geometry": {"type": "Point", "coordinates": [-82.91614527097121, 42.4040488339552]}}, {"type": "Feature", "properties": {"building": "retail", "source": "way"}, "geometry": {"type": "Point", "coordinates": [-82.91587201120197, 42.40450337666527]}}, {"type": "Feature", "properties": {"building": "retail", "source": "way"}, "geometry": {"type": "Point", "coordinates": [-82.91583672260192, 42.404653001681375]}}, {"type": "Feature", "properties": {"building": "retail", "source": "way"}, "geometry": {"type": "Point", "coordinates": [-82.91580619889675, 42.40473832929512]}}, {"type": "Feature", "properties": {"building": "retail", "source": "way"}, "geometry": {"type": "Point", "coordinates": [-82.91573141488242, 42.40482122695301]}}, {"type": "Feature", "properties": {"building": "retail", "source": "way"}, "geometry": {"type": "Point", "coordinates": [-82.91560647451556, 42.40505499381458]}}, {"type": "Feature", "properties": {"building": "retail", "source": "way"}, "geometry": {"type": "Point", "coordinates": [-82.91548592212784, 42.40537108991458]}}, {"type": "Feature", "properties": {"building": "retail", "source": "way"}, "geometry": {"type": "Point", "coordinates": [-82.91557395894644, 42.405182178669676]}}, {"type": "Feature", "properties": {"building": "retail", "source": "way"}, "geometry": {"type": "Point", "coordinates": [-82.92022907156465, 42.3967610456746]}}, {"type": "Feature", "properties": {"building": "retail", "source": "way"}, "geometry": {"type": "Point", "coordinates": [-82.9206979559941, 42.39619788539659]}}, {"type": "Feature", "properties": {"building": "yes", "source": "way"}, "geometry": {"type": "Point", "coordinates": [-82.91610760391323, 42.392020815518634]}}, {"type": "Feature", "properties": {"building": "parking", "source": "way"}, "geometry": {"type": "Point", "coordinates": [-82.91585896503325, 42.389394006017454]}}, {"type": "Feature", "properties": {"building": "yes", "source": "way"}, "geometry": {"type": "Point", "coordinates": [-82.91613306660719, 42.389802897402966]}}, {"type": "Feature", "properties": {"building": "yes", "source": "way"}, "geometry": {"type": "Point", "coordinates": [-82.91558149996278, 42.38973686664499]}}, {"type": "Feature", "properties": {"building": "retail", "source": "way"}, "geometry": {"type": "Point", "coordinates": [-82.91786530639061, 42.38853201195717]}}, {"type": "Feature", "properties": {"building": "hospital", "source": "way"}, "geometry": {"type": "Point", "coordinates": [-82.91443435732691, 42.384506719368076]}}, {"type": "Feature", "properties": {"building": "hospital", "source": "way"}, "geometry": {"type": "Point", "coordinates": [-82.91437322984856, 42.38341392404107]}}, {"type": "Feature", "properties": {"building": "garages", "source": "way"}, "geometry": {"type": "Point", "coordinates": [-82.9124081269357, 42.387220424424726]}}, {"type": "Feature", "properties": {"building": "shed", "source": "way"}, "geometry": {"type": "Point", "coordinates": [-82.91240499999999, 42.38692974999999]}}, {"type": "Feature", "properties": {"building": "shed", "source": "way"}, "geometry": {"type": "Point", "coordinates": [-82.9120986685155, 42.387035895248694]}}, {"type": "Feature", "properties": {"building": "yes", "source": "way"}, "geometry": {"type": "Point", "coordinates": [-82.91191404881064, 42.38645965892346]}}, {"type": "Feature", "properties": {"building": "yes", "source": "way"}, "geometry": {"type": "Point", "coordinates": [-82.91143046533305, 42.38662728864714]}}, {"type": "Feature", "properties": {"building": "terrace", "source": "way"}, "geometry": {"type": "Point", "coordinates": [-82.91274496452321, 42.38676099681129]}}, {"type": "Feature", "properties": {"building": "garages", "source": "way"}, "geometry": {"type": "Point", "coordinates": [-82.91269393494433, 42.38706681569421]}}, {"type": "Feature", "properties": {"building": "garages", "source": "way"}, "geometry": {"type": "Point", "coordinates": [-82.91252239030032, 42.38681063821958]}}, {"type": "Feature", "properties": {"building": "garages", "source": "way"}, "geometry": {"type": "Point", "coordinates": [-82.91231009781397, 42.38648646592761]}}, {"type": "Feature", "properties": {"building": "garages", "source": "way"}, "geometry": {"type": "Point", "coordinates": [-82.91222456391473, 42.386357476034135]}}, {"type": "Feature", "properties": {"building": "garages", "source": "way"}, "geometry": {"type": "Point", "coordinates": [-82.91290298724095, 42.3873933480719]}}, {"type": "Feature", "properties": {"building": "yes", "source": "way"}, "geometry": {"type": "Point", "coordinates": [-82.91161424463891, 42.3860031277867]}}, {"type": "Feature", "properties": {"building": "yes", "source": "way"}, "geometry": {"type": "Point", "coordinates": [-82.91122122234388, 42.38516505471779]}}, {"type": "Feature", "properties": {"building": "yes", "source": "way"}, "geometry": {"type": "Point", "coordinates": [-82.91106973866916, 42.384968267643465]}}, {"type": "Feature", "properties": {"building": "yes", "source": "way"}, "geometry": {"type": "Point", "coordinates": [-82.91050792516006, 42.38419891863185]}}, {"type": "Feature", "properties": {"building": "apartments", "source": "way"}, "geometry": {"type": "Point", "coordinates": [-82.91575011153542, 42.38545051810222]}}, {"type": "Feature", "properties": {"building": "apartments", "source": "way"}, "geometry": {"type": "Point", "coordinates": [-82.91673241829457, 42.386993606569455]}}, {"type": "Feature", "properties": {"building": "retail", "source": "way"}, "geometry": {"type": "Point", "coordinates": [-82.91671105851391, 42.38899831981841]}}, {"type": "Feature", "properties": {"building": "roof", "source": "way"}, "geometry": {"type": "Point", "coordinates": [-82.90605045, 42.38324869999999]}}, {"type": "Feature", "properties": {"building": "yes", "source": "way"}, "geometry": {"type": "Point", "coordinates": [-82.90621234505491, 42.3831578238716]}}, {"type": "Feature", "properties": {"building": "retail", "source": "way"}, "geometry": {"type": "Point", "coordinates": [-82.92194661972425, 42.394675238353734]}}, {"type": "Feature", "properties": {"building": "retail", "source": "way"}, "geometry": {"type": "Point", "coordinates": [-82.91443306100692, 42.390407503092604]}}, {"type": "Feature", "properties": {"building": "retail", "source": "way"}, "geometry": {"type": "Point", "coordinates": [-82.91458973708481, 42.3904351507778]}}, {"type": "Feature", "properties": {"building": "retail", "source": "way"}, "geometry": {"type": "Point", "coordinates": [-82.9147779740341, 42.39028933327491]}}, {"type": "Feature", "properties": {"building": "retail", "source": "way"}, "geometry": {"type": "Point", "coordinates": [-82.91504641791887, 42.390039397029724]}}, {"type": "Feature", "properties": {"building": "retail", "source": "way"}, "geometry": {"type": "Point", "coordinates": [-82.91505853262836, 42.39025132798647]}}, {"type": "Feature", "properties": {"building": "retail", "source": "way"}, "geometry": {"type": "Point", "coordinates": [-82.91522225863471, 42.39019197645298]}}, {"type": "Feature", "properties": {"building": "retail", "source": "way"}, "geometry": {"type": "Point", "coordinates": [-82.91549949573235, 42.390759851066676]}}, {"type": "Feature", "properties": {"building": "retail", "source": "way"}, "geometry": {"type": "Point", "coordinates": [-82.91520610023834, 42.39086946745526]}}, {"type": "Feature", "properties": {"building": "retail", "source": "way"}, "geometry": {"type": "Point", "coordinates": [-82.91489930357585, 42.39097916809325]}}, {"type": "Feature", "properties": {"building": "residential", "source": "way"}, "geometry": {"type": "Point", "coordinates": [-82.91706901679846, 42.391549123055505]}}, {"type": "Feature", "properties": {"building": "retail", "source": "way"}, "geometry": {"type": "Point", "coordinates": [-82.9172677745016, 42.3909322354075]}}, {"type": "Feature", "properties": {"building": "yes", "source": "way"}, "geometry": {"type": "Point", "coordinates": [-82.91716182052734, 42.402191176523495]}}, {"type": "Feature", "properties": {"building": "yes", "source": "way"}, "geometry": {"type": "Point", "coordinates": [-82.91710667364747, 42.402096991810986]}}, {"type": "Feature", "properties": {"building": "yes", "source": "way"}, "geometry": {"type": "Point", "coordinates": [-82.91734717005228, 42.40174433167829]}}, {"type": "Feature", "properties": {"building": "yes", "source": "way"}, "geometry": {"type": "Point", "coordinates": [-82.91681050000001, 42.40186799999999]}}, {"type": "Feature", "properties": {"building": "yes", "source": "way"}, "geometry": {"type": "Point", "coordinates": [-82.9167221895778, 42.401723468808974]}}, {"type": "Feature", "properties": {"building": "yes", "source": "way"}, "geometry": {"type": "Point", "coordinates": [-82.91665995, 42.4016073]}}, {"type": "Feature", "properties": {"building": "yes", "source": "way"}, "geometry": {"type": "Point", "coordinates": [-82.91656968191201, 42.40149348281163]}}, {"type": "Feature", "properties": {"building": "retail", "source": "way"}, "geometry": {"type": "Point", "coordinates": [-82.91694616398017, 42.38957243095288]}}, {"type": "Feature", "properties": {"building": "retail", "source": "way"}, "geometry": {"type": "Point", "coordinates": [-82.91707356487781, 42.389528034241245]}}, {"type": "Feature", "properties": {"building": "retail", "source": "way"}, "geometry": {"type": "Point", "coordinates": [-82.91717417287872, 42.38949133742629]}}, {"type": "Feature", "properties": {"building": "retail", "source": "way"}, "geometry": {"type": "Point", "coordinates": [-82.91725689201712, 42.38946108967039]}}, {"type": "Feature", "properties": {"building": "retail", "source": "way"}, "geometry": {"type": "Point", "coordinates": [-82.9173698328888, 42.38943006838065]}}, {"type": "Feature", "properties": {"building": "retail", "source": "way"}, "geometry": {"type": "Point", "coordinates": [-82.91747663712692, 42.38938267860998]}}, {"type": "Feature", "properties": {"building": "retail", "source": "way"}, "geometry": {"type": "Point", "coordinates": [-82.91762651955972, 42.38932854773216]}}, {"type": "Feature", "properties": {"building": "retail", "source": "way"}, "geometry": {"type": "Point", "coordinates": [-82.91776740617762, 42.3892618475027]}}, {"type": "Feature", "properties": {"building": "retail", "source": "way"}, "geometry": {"type": "Point", "coordinates": [-82.91794577122141, 42.38922062160392]}}, {"type": "Feature", "properties": {"building": "retail", "source": "way"}, "geometry": {"type": "Point", "coordinates": [-82.91817047422461, 42.389132541156684]}}, {"type": "Feature", "properties": {"building": "retail", "source": "way"}, "geometry": {"type": "Point", "coordinates": [-82.91829498251148, 42.38897305093062]}}, {"type": "Feature", "properties": {"building": "retail", "source": "way"}, "geometry": {"type": "Point", "coordinates": [-82.9175166172486, 42.38993185498323]}}, {"type": "Feature", "properties": {"building": "retail", "source": "way"}, "geometry": {"type": "Point", "coordinates": [-82.91801563181788, 42.38974681722758]}}, {"type": "Feature", "properties": {"building": "retail", "source": "way"}, "geometry": {"type": "Point", "coordinates": [-82.91820564735242, 42.389676489771226]}}, {"type": "Feature", "properties": {"building": "retail", "source": "way"}, "geometry": {"type": "Point", "coordinates": [-82.91827221809731, 42.389620289026425]}}, {"type": "Feature", "properties": {"building": "retail", "source": "way"}, "geometry": {"type": "Point", "coordinates": [-82.91843233037048, 42.38949449032498]}}, {"type": "Feature", "properties": {"building": "retail", "source": "way"}, "geometry": {"type": "Point", "coordinates": [-82.9168240846898, 42.39012536854496]}}, {"type": "Feature", "properties": {"building": "retail", "source": "way"}, "geometry": {"type": "Point", "coordinates": [-82.91663875502968, 42.39026121136159]}}, {"type": "Feature", "properties": {"building": "retail", "source": "way"}, "geometry": {"type": "Point", "coordinates": [-82.91650227299506, 42.390309370329845]}}, {"type": "Feature", "properties": {"building": "retail", "source": "way"}, "geometry": {"type": "Point", "coordinates": [-82.91638187815768, 42.39034024897607]}}, {"type": "Feature", "properties": {"building": "retail", "source": "way"}, "geometry": {"type": "Point", "coordinates": [-82.91628569460117, 42.39038913466008]}}, {"type": "Feature", "properties": {"building": "retail", "source": "way"}, "geometry": {"type": "Point", "coordinates": [-82.9161025, 42.3904546]}}, {"type": "Feature", "properties": {"building": "garage", "source": "way"}, "geometry": {"type": "Point", "coordinates": [-82.91455478166284, 42.39093335463785]}}, {"type": "Feature", "properties": {"building": "house", "source": "way"}, "geometry": {"type": "Point", "coordinates": [-82.91428738304467, 42.391028152862475]}}, {"type": "Feature", "properties": {"building": "house", "source": "way"}, "geometry": {"type": "Point", "coordinates": [-82.91435982601107, 42.39114941808984]}}, {"type": "Feature", "properties": {"building": "apartments", "source": "way"}, "geometry": {"type": "Point", "coordinates": [-82.91767295985633, 42.38823117115353]}}, {"type": "Feature", "properties": {"building": "apartments", "source": "way"}, "geometry": {"type": "Point", "coordinates": [-82.91747923319669, 42.38796645840132]}}, {"type": "Feature", "properties": {"building": "apartments", "source": "way"}, "geometry": {"type": "Point", "coordinates": [-82.91737901894146, 42.38836337201135]}}, {"type": "Feature", "properties": {"building": "apartments", "source": "way"}, "geometry": {"type": "Point", "coordinates": [-82.91711488931709, 42.38811868791497]}}, {"type": "Feature", "properties": {"building": "apartments", "source": "way"}, "geometry": {"type": "Point", "coordinates": [-82.91711484999999, 42.388498899999995]}}, {"type": "Feature", "properties": {"building": "apartments", "source": "way"}, "geometry": {"type": "Point", "coordinates": [-82.91680643360792, 42.38857199760857]}}, {"type": "Feature", "properties": {"building": "apartments", "source": "way"}, "geometry": {"type": "Point", "coordinates": [-82.91648406918044, 42.38865919756623]}}, {"type": "Feature", "properties": {"building": "apartments", "source": "way"}, "geometry": {"type": "Point", "coordinates": [-82.91632105105114, 42.38838676062161]}}, {"type": "Feature", "properties": {"building": "apartments", "source": "way"}, "geometry": {"type": "Point", "coordinates": [-82.91670220318537, 42.38826976634212]}}, {"type": "Feature", "properties": {"building": "garages", "source": "way"}, "geometry": {"type": "Point", "coordinates": [-82.91684670488878, 42.38808999362249]}}, {"type": "Feature", "properties": {"building": "service", "source": "way"}, "geometry": {"type": "Point", "coordinates": [-82.91703174999999, 42.38875519999999]}}, {"type": "Feature", "properties": {"building": "retail", "source": "way"}, "geometry": {"type": "Point", "coordinates": [-82.91755240301914, 42.391374014706535]}}, {"type": "Feature", "properties": {"building": "yes", "source": "way"}, "geometry": {"type": "Point", "coordinates": [-82.91046291372172, 42.40013646035397]}}, {"type": "Feature", "properties": {"building": "yes", "source": "way"}, "geometry": {"type": "Point", "coordinates": [-82.91053198159827, 42.40023010182305]}}, {"type": "Feature", "properties": {"building": "yes", "source": "way"}, "geometry": {"type": "Point", "coordinates": [-82.91069043318612, 42.40051021184338]}}, {"type": "Feature", "properties": {"building": "yes", "source": "way"}, "geometry": {"type": "Point", "coordinates": [-82.91079623085369, 42.4006172327718]}}, {"type": "Feature", "properties": {"building": "yes", "source": "way"}, "geometry": {"type": "Point", "coordinates": [-82.91084580430554, 42.400732464368204]}}, {"type": "Feature", "properties": {"building": "yes", "source": "way"}, "geometry": {"type": "Point", "coordinates": [-82.91094927899869, 42.40085670314406]}}, {"type": "Feature", "properties": {"building": "yes", "source": "way"}, "geometry": {"type": "Point", "coordinates": [-82.91108380654076, 42.401100944887645]}}, {"type": "Feature", "properties": {"building": "yes", "source": "way"}, "geometry": {"type": "Point", "coordinates": [-82.91116240565881, 42.401229482094344]}}, {"type": "Feature", "properties": {"building": "yes", "source": "way"}, "geometry": {"type": "Point", "coordinates": [-82.91101475961558, 42.40097910533212]}}, {"type": "Feature", "properties": {"building": "yes", "source": "way"}, "geometry": {"type": "Point", "coordinates": [-82.91122235908344, 42.4009460190798]}}, {"type": "Feature", "properties": {"building": "yes", "source": "way"}, "geometry": {"type": "Point", "coordinates": [-82.91129460874099, 42.40107511972781]}}, {"type": "Feature", "properties": {"building": "yes", "source": "way"}, "geometry": {"type": "Point", "coordinates": [-82.91108911897757, 42.40068919627714]}}, {"type": "Feature", "properties": {"building": "yes", "source": "way"}, "geometry": {"type": "Point", "coordinates": [-82.91125500389062, 42.40134038960416]}}, {"type": "Feature", "properties": {"building": "yes", "source": "way"}, "geometry": {"type": "Point", "coordinates": [-82.91135574999998, 42.4014617]}}, {"type": "Feature", "properties": {"building": "yes", "source": "way"}, "geometry": {"type": "Point", "coordinates": [-82.91142586422725, 42.40159181896869]}}, {"type": "Feature", "properties": {"building": "yes", "source": "way"}, "geometry": {"type": "Point", "coordinates": [-82.91149668136748, 42.401721654087495]}}, {"type": "Feature", "properties": {"building": "yes", "source": "way"}, "geometry": {"type": "Point", "coordinates": [-82.9116340801197, 42.40185683303945]}}, {"type": "Feature", "properties": {"building": "yes", "source": "way"}, "geometry": {"type": "Point", "coordinates": [-82.91169324100238, 42.4019530173635]}}, {"type": "Feature", "properties": {"building": "yes", "source": "way"}, "geometry": {"type": "Point", "coordinates": [-82.9117244, 42.40210575]}}, {"type": "Feature", "properties": {"building": "yes", "source": "way"}, "geometry": {"type": "Point", "coordinates": [-82.91180439999998, 42.402232999999995]}}, {"type": "Feature", "properties": {"building": "yes", "source": "way"}, "geometry": {"type": "Point", "coordinates": [-82.91192665047024, 42.40235552394971]}}, {"type": "Feature", "properties": {"building": "yes", "source": "way"}, "geometry": {"type": "Point", "coordinates": [-82.9120246, 42.40246689999999]}}, {"type": "Feature", "properties": {"building": "yes", "source": "way"}, "geometry": {"type": "Point", "coordinates": [-82.91205765000002, 42.40260135]}}, {"type": "Feature", "properties": {"building": "yes", "source": "way"}, "geometry": {"type": "Point", "coordinates": [-82.91215217083078, 42.40272063641103]}}, {"type": "Feature", "properties": {"building": "yes", "source": "way"}, "geometry": {"type": "Point", "coordinates": [-82.9124404, 42.4027325]}}, {"type": "Feature", "properties": {"building": "yes", "source": "way"}, "geometry": {"type": "Point", "coordinates": [-82.91224068249174, 42.40284626299291]}}, {"type": "Feature", "properties": {"building": "yes", "source": "way"}, "geometry": {"type": "Point", "coordinates": [-82.91230440000001, 42.402984300000014]}}, {"type": "Feature", "properties": {"building": "yes", "source": "way"}, "geometry": {"type": "Point", "coordinates": [-82.91239518028203, 42.40306704908836]}}, {"type": "Feature", "properties": {"building": "yes", "source": "way"}, "geometry": {"type": "Point", "coordinates": [-82.91197390872644, 42.402134828903215]}}, {"type": "Feature", "properties": {"building": "yes", "source": "way"}, "geometry": {"type": "Point", "coordinates": [-82.91210184862254, 42.4022381708635]}}, {"type": "Feature", "properties": {"building": "yes", "source": "way"}, "geometry": {"type": "Point", "coordinates": [-82.91176192794374, 42.401751114579845]}}, {"type": "Feature", "properties": {"building": "yes", "source": "way"}, "geometry": {"type": "Point", "coordinates": [-82.91113030959751, 42.400528673323926]}}, {"type": "Feature", "properties": {"building": "yes", "source": "way"}, "geometry": {"type": "Point", "coordinates": [-82.91136446426539, 42.40068587638705]}}, {"type": "Feature", "properties": {"building": "yes", "source": "way"}, "geometry": {"type": "Point", "coordinates": [-82.91154434999999, 42.4009719]}}, {"type": "Feature", "properties": {"building": "yes", "source": "way"}, "geometry": {"type": "Point", "coordinates": [-82.9108099, 42.400028049999996]}}, {"type": "Feature", "properties": {"building": "yes", "source": "way"}, "geometry": {"type": "Point", "coordinates": [-82.9109874184012, 42.40011094712276]}}, {"type": "Feature", "properties": {"building": "yes", "source": "way"}, "geometry": {"type": "Point", "coordinates": [-82.9111719, 42.399878050000005]}}, {"type": "Feature", "properties": {"building": "yes", "source": "way"}, "geometry": {"type": "Point", "coordinates": [-82.9112986, 42.39998075]}}, {"type": "Feature", "properties": {"building": "yes", "source": "way"}, "geometry": {"type": "Point", "coordinates": [-82.91137994386462, 42.40009038098624]}}, {"type": "Feature", "properties": {"building": "yes", "source": "way"}, "geometry": {"type": "Point", "coordinates": [-82.91144406196226, 42.40021029670026]}}, {"type": "Feature", "properties": {"building": "yes", "source": "way"}, "geometry": {"type": "Point", "coordinates": [-82.91154259999999, 42.40033165]}}, {"type": "Feature", "properties": {"building": "yes", "source": "way"}, "geometry": {"type": "Point", "coordinates": [-82.91159775584364, 42.4004850241231]}}, {"type": "Feature", "properties": {"building": "yes", "source": "way"}, "geometry": {"type": "Point", "coordinates": [-82.911670841602, 42.40060111926598]}}, {"type": "Feature", "properties": {"building": "yes", "source": "way"}, "geometry": {"type": "Point", "coordinates": [-82.91177266872988, 42.400704545028816]}}, {"type": "Feature", "properties": {"building": "yes", "source": "way"}, "geometry": {"type": "Point", "coordinates": [-82.91184999186113, 42.40083448083868]}}, {"type": "Feature", "properties": {"building": "yes", "source": "way"}, "geometry": {"type": "Point", "coordinates": [-82.91192652864049, 42.40095068535859]}}, {"type": "Feature", "properties": {"building": "yes", "source": "way"}, "geometry": {"type": "Point", "coordinates": [-82.91200601087772, 42.40109701878205]}}, {"type": "Feature", "properties": {"building": "yes", "source": "way"}, "geometry": {"type": "Point", "coordinates": [-82.9116866094537, 42.4010886196695]}}, {"type": "Feature", "properties": {"building": "yes", "source": "way"}, "geometry": {"type": "Point", "coordinates": [-82.91209665, 42.40121655000001]}}, {"type": "Feature", "properties": {"building": "yes", "source": "way"}, "geometry": {"type": "Point", "coordinates": [-82.9121794502403, 42.401330700986]}}, {"type": "Feature", "properties": {"building": "yes", "source": "way"}, "geometry": {"type": "Point", "coordinates": [-82.91223615, 42.4014569]}}, {"type": "Feature", "properties": {"building": "yes", "source": "way"}, "geometry": {"type": "Point", "coordinates": [-82.91230933319326, 42.40157988202185]}}, {"type": "Feature", "properties": {"building": "yes", "source": "way"}, "geometry": {"type": "Point", "coordinates": [-82.91205895847587, 42.40171021881667]}}, {"type": "Feature", "properties": {"building": "yes", "source": "way"}, "geometry": {"type": "Point", "coordinates": [-82.91195622959896, 42.40159555555953]}}, {"type": "Feature", "properties": {"building": "yes", "source": "way"}, "geometry": {"type": "Point", "coordinates": [-82.91188724999999, 42.40147245]}}, {"type": "Feature", "properties": {"building": "yes", "source": "way"}, "geometry": {"type": "Point", "coordinates": [-82.91186185000001, 42.4011688]}}, {"type": "Feature", "properties": {"building": "yes", "source": "way"}, "geometry": {"type": "Point", "coordinates": [-82.91235284999999, 42.4019146]}}, {"type": "Feature", "properties": {"building": "yes", "source": "way"}, "geometry": {"type": "Point", "coordinates": [-82.91225692606034, 42.40203323464829]}}, {"type": "Feature", "properties": {"building": "yes", "source": "way"}, "geometry": {"type": "Point", "coordinates": [-82.91258385, 42.402374849999994]}}, {"type": "Feature", "properties": {"building": "yes", "source": "way"}, "geometry": {"type": "Point", "coordinates": [-82.91270449999999, 42.402547950000006]}}, {"type": "Feature", "properties": {"building": "yes", "source": "way"}, "geometry": {"type": "Point", "coordinates": [-82.91281665795854, 42.402660918975315]}}, {"type": "Feature", "properties": {"building": "yes", "source": "way"}, "geometry": {"type": "Point", "coordinates": [-82.91290465, 42.40278980000001]}}, {"type": "Feature", "properties": {"building": "yes", "source": "way"}, "geometry": {"type": "Point", "coordinates": [-82.91244097426842, 42.40170606334415]}}, {"type": "Feature", "properties": {"building": "yes", "source": "way"}, "geometry": {"type": "Point", "coordinates": [-82.91251824999999, 42.40181479999999]}}, {"type": "Feature", "properties": {"building": "yes", "source": "way"}, "geometry": {"type": "Point", "coordinates": [-82.91259095000001, 42.401960550000005]}}, {"type": "Feature", "properties": {"building": "yes", "source": "way"}, "geometry": {"type": "Point", "coordinates": [-82.91274557387995, 42.4021986551477]}}, {"type": "Feature", "properties": {"building": "yes", "source": "way"}, "geometry": {"type": "Point", "coordinates": [-82.91282190575325, 42.4023212141121]}}, {"type": "Feature", "properties": {"building": "yes", "source": "way"}, "geometry": {"type": "Point", "coordinates": [-82.91287074205087, 42.402443503838036]}}, {"type": "Feature", "properties": {"building": "yes", "source": "way"}, "geometry": {"type": "Point", "coordinates": [-82.91297740000002, 42.40255695]}}, {"type": "Feature", "properties": {"building": "yes", "source": "way"}, "geometry": {"type": "Point", "coordinates": [-82.91307704448204, 42.40267268276863]}}, {"type": "Feature", "properties": {"building": "yes", "source": "way"}, "geometry": {"type": "Point", "coordinates": [-82.9131213, 42.40280495]}}, {"type": "Feature", "properties": {"building": "yes", "source": "way"}, "geometry": {"type": "Point", "coordinates": [-82.91180824570286, 42.3996518323639]}}, {"type": "Feature", "properties": {"building": "yes", "source": "way"}, "geometry": {"type": "Point", "coordinates": [-82.9118381, 42.39978730000001]}}, {"type": "Feature", "properties": {"building": "yes", "source": "way"}, "geometry": {"type": "Point", "coordinates": [-82.91195594568137, 42.399895882230446]}}, {"type": "Feature", "properties": {"building": "yes", "source": "way"}, "geometry": {"type": "Point", "coordinates": [-82.91200791563395, 42.400024456347346]}}, {"type": "Feature", "properties": {"building": "yes", "source": "way"}, "geometry": {"type": "Point", "coordinates": [-82.91208967006855, 42.40015034489201]}}, {"type": "Feature", "properties": {"building": "yes", "source": "way"}, "geometry": {"type": "Point", "coordinates": [-82.91216565515205, 42.40025375163145]}}, {"type": "Feature", "properties": {"building": "yes", "source": "way"}, "geometry": {"type": "Point", "coordinates": [-82.91224824989806, 42.4003956992793]}}, {"type": "Feature", "properties": {"building": "yes", "source": "way"}, "geometry": {"type": "Point", "coordinates": [-82.9123478599589, 42.40049539771897]}}, {"type": "Feature", "properties": {"building": "yes", "source": "way"}, "geometry": {"type": "Point", "coordinates": [-82.91241375, 42.4006288]}}, {"type": "Feature", "properties": {"building": "yes", "source": "way"}, "geometry": {"type": "Point", "coordinates": [-82.91249201841848, 42.400748697313766]}}, {"type": "Feature", "properties": {"building": "yes", "source": "way"}, "geometry": {"type": "Point", "coordinates": [-82.91259589529587, 42.40086182926039]}}, {"type": "Feature", "properties": {"building": "yes", "source": "way"}, "geometry": {"type": "Point", "coordinates": [-82.91265901018367, 42.40099288636336]}}, {"type": "Feature", "properties": {"building": "yes", "source": "way"}, "geometry": {"type": "Point", "coordinates": [-82.91275801542957, 42.40112991895857]}}, {"type": "Feature", "properties": {"building": "yes", "source": "way"}, "geometry": {"type": "Point", "coordinates": [-82.91281735858549, 42.4012622190065]}}, {"type": "Feature", "properties": {"building": "yes", "source": "way"}, "geometry": {"type": "Point", "coordinates": [-82.91296673151037, 42.401487152625975]}}, {"type": "Feature", "properties": {"building": "yes", "source": "way"}, "geometry": {"type": "Point", "coordinates": [-82.91292636898412, 42.40138623365289]}}, {"type": "Feature", "properties": {"building": "yes", "source": "way"}, "geometry": {"type": "Point", "coordinates": [-82.91306283183086, 42.40162504921727]}}, {"type": "Feature", "properties": {"building": "yes", "source": "way"}, "geometry": {"type": "Point", "coordinates": [-82.91313015000001, 42.40177069999999]}}, {"type": "Feature", "properties": {"building": "yes", "source": "way"}, "geometry": {"type": "Point", "coordinates": [-82.91321070000001, 42.4018883]}}, {"type": "Feature", "properties": {"building": "yes", "source": "way"}, "geometry": {"type": "Point", "coordinates": [-82.91330209090806, 42.40199674714832]}}, {"type": "Feature", "properties": {"building": "yes", "source": "way"}, "geometry": {"type": "Point", "coordinates": [-82.91339581406008, 42.40212410613717]}}, {"type": "Feature", "properties": {"building": "yes", "source": "way"}, "geometry": {"type": "Point", "coordinates": [-82.91353638897871, 42.40236982992544]}}, {"type": "Feature", "properties": {"building": "yes", "source": "way"}, "geometry": {"type": "Point", "coordinates": [-82.91362779475052, 42.40248931755368]}}, {"type": "Feature", "properties": {"building": "yes", "source": "way"}, "geometry": {"type": "Point", "coordinates": [-82.91371821407297, 42.402600271627875]}}, {"type": "Feature", "properties": {"building": "yes", "source": "way"}, "geometry": {"type": "Point", "coordinates": [-82.9135031493666, 42.40224387524617]}}, {"type": "Feature", "properties": {"building": "yes", "source": "way"}, "geometry": {"type": "Point", "coordinates": [-82.91366893111498, 42.40213505399214]}}, {"type": "Feature", "properties": {"building": "yes", "source": "way"}, "geometry": {"type": "Point", "coordinates": [-82.91377080000001, 42.40231765000001]}}, {"type": "Feature", "properties": {"building": "yes", "source": "way"}, "geometry": {"type": "Point", "coordinates": [-82.91390439205472, 42.40241833142448]}}, {"type": "Feature", "properties": {"building": "yes", "source": "way"}, "geometry": {"type": "Point", "coordinates": [-82.91398051931125, 42.402523584252876]}}, {"type": "Feature", "properties": {"building": "yes", "source": "way"}, "geometry": {"type": "Point", "coordinates": [-82.91437396907469, 42.4023640936859]}}, {"type": "Feature", "properties": {"building": "yes", "source": "way"}, "geometry": {"type": "Point", "coordinates": [-82.91425393157665, 42.40227520182413]}}, {"type": "Feature", "properties": {"building": "yes", "source": "way"}, "geometry": {"type": "Point", "coordinates": [-82.91409238096614, 42.40248135447018]}}, {"type": "Feature", "properties": {"building": "yes", "source": "way"}, "geometry": {"type": "Point", "coordinates": [-82.91401805000001, 42.402310750000005]}}, {"type": "Feature", "properties": {"building": "yes", "source": "way"}, "geometry": {"type": "Point", "coordinates": [-82.913914, 42.40220005]}}, {"type": "Feature", "properties": {"building": "yes", "source": "way"}, "geometry": {"type": "Point", "coordinates": [-82.91419737755935, 42.40213561500769]}}, {"type": "Feature", "properties": {"building": "yes", "source": "way"}, "geometry": {"type": "Point", "coordinates": [-82.9141334, 42.40201645]}}, {"type": "Feature", "properties": {"building": "yes", "source": "way"}, "geometry": {"type": "Point", "coordinates": [-82.91400775000001, 42.4018944]}}, {"type": "Feature", "properties": {"building": "yes", "source": "way"}, "geometry": {"type": "Point", "coordinates": [-82.91355106387479, 42.40201081925349]}}, {"type": "Feature", "properties": {"building": "yes", "source": "way"}, "geometry": {"type": "Point", "coordinates": [-82.9134908187488, 42.40180864737173]}}, {"type": "Feature", "properties": {"building": "yes", "source": "way"}, "geometry": {"type": "Point", "coordinates": [-82.91362893039737, 42.4017578536055]}}, {"type": "Feature", "properties": {"building": "yes", "source": "way"}, "geometry": {"type": "Point", "coordinates": [-82.91388950000001, 42.4016308]}}, {"type": "Feature", "properties": {"building": "yes", "source": "way"}, "geometry": {"type": "Point", "coordinates": [-82.91397326067859, 42.40176902480363]}}, {"type": "Feature", "properties": {"building": "yes", "source": "way"}, "geometry": {"type": "Point", "coordinates": [-82.91379929258834, 42.40150922060544]}}, {"type": "Feature", "properties": {"building": "yes", "source": "way"}, "geometry": {"type": "Point", "coordinates": [-82.91367815, 42.4013998]}}, {"type": "Feature", "properties": {"building": "yes", "source": "way"}, "geometry": {"type": "Point", "coordinates": [-82.91342649999999, 42.40138095]}}, {"type": "Feature", "properties": {"building": "yes", "source": "way"}, "geometry": {"type": "Point", "coordinates": [-82.9131490405388, 42.40125188016841]}}, {"type": "Feature", "properties": {"building": "yes", "source": "way"}, "geometry": {"type": "Point", "coordinates": [-82.91299305000001, 42.40116715]}}, {"type": "Feature", "properties": {"building": "yes", "source": "way"}, "geometry": {"type": "Point", "coordinates": [-82.91297315, 42.40108135]}}, {"type": "Feature", "properties": {"building": "yes", "source": "way"}, "geometry": {"type": "Point", "coordinates": [-82.91348262710206, 42.40111103867596]}}, {"type": "Feature", "properties": {"building": "yes", "source": "way"}, "geometry": {"type": "Point", "coordinates": [-82.91361549343506, 42.40126590363559]}}, {"type": "Feature", "properties": {"building": "yes", "source": "way"}, "geometry": {"type": "Point", "coordinates": [-82.91345168225499, 42.40151640143946]}}, {"type": "Feature", "properties": {"building": "yes", "source": "way"}, "geometry": {"type": "Point", "coordinates": [-82.91241285, 42.39943424999999]}}, {"type": "Feature", "properties": {"building": "yes", "source": "way"}, "geometry": {"type": "Point", "coordinates": [-82.91248355000002, 42.399537450000004]}}, {"type": "Feature", "properties": {"building": "yes", "source": "way"}, "geometry": {"type": "Point", "coordinates": [-82.91258815, 42.39965229999999]}}, {"type": "Feature", "properties": {"building": "yes", "source": "way"}, "geometry": {"type": "Point", "coordinates": [-82.91265524655509, 42.39976848768944]}}, {"type": "Feature", "properties": {"building": "yes", "source": "way"}, "geometry": {"type": "Point", "coordinates": [-82.91272605931384, 42.39991716358367]}}, {"type": "Feature", "properties": {"building": "yes", "source": "way"}, "geometry": {"type": "Point", "coordinates": [-82.91279270000001, 42.40005110000001]}}, {"type": "Feature", "properties": {"building": "yes", "source": "way"}, "geometry": {"type": "Point", "coordinates": [-82.91285826406926, 42.40015461803116]}}, {"type": "Feature", "properties": {"building": "yes", "source": "way"}, "geometry": {"type": "Point", "coordinates": [-82.91296418921378, 42.400313314578725]}}, {"type": "Feature", "properties": {"building": "yes", "source": "way"}, "geometry": {"type": "Point", "coordinates": [-82.91305489135233, 42.40039513180006]}}, {"type": "Feature", "properties": {"building": "yes", "source": "way"}, "geometry": {"type": "Point", "coordinates": [-82.91316035, 42.4005383]}}, {"type": "Feature", "properties": {"building": "yes", "source": "way"}, "geometry": {"type": "Point", "coordinates": [-82.9132075, 42.40065955]}}, {"type": "Feature", "properties": {"building": "yes", "source": "way"}, "geometry": {"type": "Point", "coordinates": [-82.9132933006814, 42.40076792838562]}}, {"type": "Feature", "properties": {"building": "yes", "source": "way"}, "geometry": {"type": "Point", "coordinates": [-82.9133687984116, 42.400898270339]}}, {"type": "Feature", "properties": {"building": "yes", "source": "way"}, "geometry": {"type": "Point", "coordinates": [-82.91313809999998, 42.40088099999999]}}, {"type": "Feature", "properties": {"building": "yes", "source": "way"}, "geometry": {"type": "Point", "coordinates": [-82.91253781952221, 42.400099794503745]}}, {"type": "Feature", "properties": {"building": "yes", "source": "way"}, "geometry": {"type": "Point", "coordinates": [-82.91251134999999, 42.3998753]}}, {"type": "Feature", "properties": {"building": "yes", "source": "way"}, "geometry": {"type": "Point", "coordinates": [-82.9131356212322, 42.399177840411085]}}, {"type": "Feature", "properties": {"building": "yes", "source": "way"}, "geometry": {"type": "Point", "coordinates": [-82.91319543192783, 42.39928960174783]}}, {"type": "Feature", "properties": {"building": "yes", "source": "way"}, "geometry": {"type": "Point", "coordinates": [-82.91277655000002, 42.4006912]}}, {"type": "Feature", "properties": {"building": "yes", "source": "way"}, "geometry": {"type": "Point", "coordinates": [-82.91285265, 42.40081705]}}, {"type": "Feature", "properties": {"building": "yes", "source": "way"}, "geometry": {"type": "Point", "coordinates": [-82.91238815, 42.4002282]}}, {"type": "Feature", "properties": {"building": "yes", "source": "way"}, "geometry": {"type": "Point", "coordinates": [-82.91265229999999, 42.40029125]}}, {"type": "Feature", "properties": {"building": "yes", "source": "way"}, "geometry": {"type": "Point", "coordinates": [-82.91326171029677, 42.39940608527262]}}, {"type": "Feature", "properties": {"building": "yes", "source": "way"}, "geometry": {"type": "Point", "coordinates": [-82.91335115, 42.39953635]}}, {"type": "Feature", "properties": {"building": "yes", "source": "way"}, "geometry": {"type": "Point", "coordinates": [-82.91342384999999, 42.399682950000006]}}, {"type": "Feature", "properties": {"building": "yes", "source": "way"}, "geometry": {"type": "Point", "coordinates": [-82.91354769454824, 42.39978316170978]}}, {"type": "Feature", "properties": {"building": "yes", "source": "way"}, "geometry": {"type": "Point", "coordinates": [-82.91363041757602, 42.39989206764916]}}, {"type": "Feature", "properties": {"building": "yes", "source": "way"}, "geometry": {"type": "Point", "coordinates": [-82.91365490589824, 42.400044918953334]}}, {"type": "Feature", "properties": {"building": "yes", "source": "way"}, "geometry": {"type": "Point", "coordinates": [-82.9138509, 42.40025715]}}, {"type": "Feature", "properties": {"building": "yes", "source": "way"}, "geometry": {"type": "Point", "coordinates": [-82.913926583462, 42.4003860862891]}}, {"type": "Feature", "properties": {"building": "yes", "source": "way"}, "geometry": {"type": "Point", "coordinates": [-82.9141013376158, 42.40063956564679]}}, {"type": "Feature", "properties": {"building": "yes", "source": "way"}, "geometry": {"type": "Point", "coordinates": [-82.91416372966854, 42.40076706563594]}}, {"type": "Feature", "properties": {"building": "yes", "source": "way"}, "geometry": {"type": "Point", "coordinates": [-82.91425824038141, 42.40088813132126]}}, {"type": "Feature", "properties": {"building": "yes", "source": "way"}, "geometry": {"type": "Point", "coordinates": [-82.91441337896408, 42.40113096769371]}}, {"type": "Feature", "properties": {"building": "yes", "source": "way"}, "geometry": {"type": "Point", "coordinates": [-82.91401350000002, 42.4005096]}}, {"type": "Feature", "properties": {"building": "yes", "source": "way"}, "geometry": {"type": "Point", "coordinates": [-82.91430045000001, 42.401021]}}, {"type": "Feature", "properties": {"building": "yes", "source": "way"}, "geometry": {"type": "Point", "coordinates": [-82.91456352666208, 42.40138990083254]}}, {"type": "Feature", "properties": {"building": "yes", "source": "way"}, "geometry": {"type": "Point", "coordinates": [-82.91467196196967, 42.401499818268206]}}, {"type": "Feature", "properties": {"building": "yes", "source": "way"}, "geometry": {"type": "Point", "coordinates": [-82.9147679997924, 42.401622544026274]}}, {"type": "Feature", "properties": {"building": "yes", "source": "way"}, "geometry": {"type": "Point", "coordinates": [-82.91480960000001, 42.4017666]}}, {"type": "Feature", "properties": {"building": "yes", "source": "way"}, "geometry": {"type": "Point", "coordinates": [-82.91488683088406, 42.401875103297336]}}, {"type": "Feature", "properties": {"building": "yes", "source": "way"}, "geometry": {"type": "Point", "coordinates": [-82.91502728105044, 42.40213315454282]}}, {"type": "Feature", "properties": {"building": "yes", "source": "way"}, "geometry": {"type": "Point", "coordinates": [-82.91494755445265, 42.40200046846947]}}, {"type": "Feature", "properties": {"building": "yes", "source": "way"}, "geometry": {"type": "Point", "coordinates": [-82.91502765000001, 42.4017951]}}, {"type": "Feature", "properties": {"building": "yes", "source": "way"}, "geometry": {"type": "Point", "coordinates": [-82.91486455, 42.40131914999999]}}, {"type": "Feature", "properties": {"building": "yes", "source": "way"}, "geometry": {"type": "Point", "coordinates": [-82.91495365, 42.401440799999996]}}, {"type": "Feature", "properties": {"building": "yes", "source": "way"}, "geometry": {"type": "Point", "coordinates": [-82.91479694105925, 42.4011889809507]}}, {"type": "Feature", "properties": {"building": "yes", "source": "way"}, "geometry": {"type": "Point", "coordinates": [-82.91466938819633, 42.40108179512195]}}, {"type": "Feature", "properties": {"building": "yes", "source": "way"}, "geometry": {"type": "Point", "coordinates": [-82.91407836963887, 42.40022869668143]}}, {"type": "Feature", "properties": {"building": "yes", "source": "way"}, "geometry": {"type": "Point", "coordinates": [-82.91413813047706, 42.40035665424826]}}, {"type": "Feature", "properties": {"building": "yes", "source": "way"}, "geometry": {"type": "Point", "coordinates": [-82.91375724243119, 42.39966638075194]}}, {"type": "Feature", "properties": {"building": "yes", "source": "way"}, "geometry": {"type": "Point", "coordinates": [-82.91358483221762, 42.39956890127549]}}, {"type": "Feature", "properties": {"building": "yes", "source": "way"}, "geometry": {"type": "Point", "coordinates": [-82.91357844999999, 42.39949215]}}, {"type": "Feature", "properties": {"building": "yes", "source": "way"}, "geometry": {"type": "Point", "coordinates": [-82.9134483, 42.3993883]}}, {"type": "Feature", "properties": {"building": "yes", "source": "way"}, "geometry": {"type": "Point", "coordinates": [-82.91350247066258, 42.39921404437017]}}, {"type": "Feature", "properties": {"building": "yes", "source": "way"}, "geometry": {"type": "Point", "coordinates": [-82.91424824177221, 42.39907833230967]}}, {"type": "Feature", "properties": {"building": "yes", "source": "way"}, "geometry": {"type": "Point", "coordinates": [-82.91431533144818, 42.39933612656374]}}, {"type": "Feature", "properties": {"building": "yes", "source": "way"}, "geometry": {"type": "Point", "coordinates": [-82.91453733240736, 42.39948705106276]}}, {"type": "Feature", "properties": {"building": "yes", "source": "way"}, "geometry": {"type": "Point", "coordinates": [-82.91462449125183, 42.399613883341466]}}, {"type": "Feature", "properties": {"building": "yes", "source": "way"}, "geometry": {"type": "Point", "coordinates": [-82.9147155, 42.399727]}}, {"type": "Feature", "properties": {"building": "yes", "source": "way"}, "geometry": {"type": "Point", "coordinates": [-82.91480407252077, 42.399851866129495]}}, {"type": "Feature", "properties": {"building": "yes", "source": "way"}, "geometry": {"type": "Point", "coordinates": [-82.9148836368656, 42.399941981759085]}}, {"type": "Feature", "properties": {"building": "yes", "source": "way"}, "geometry": {"type": "Point", "coordinates": [-82.91495015536997, 42.40003711990575]}}, {"type": "Feature", "properties": {"building": "yes", "source": "way"}, "geometry": {"type": "Point", "coordinates": [-82.91504985, 42.400186149999996]}}, {"type": "Feature", "properties": {"building": "yes", "source": "way"}, "geometry": {"type": "Point", "coordinates": [-82.915137, 42.40033325]}}, {"type": "Feature", "properties": {"building": "yes", "source": "way"}, "geometry": {"type": "Point", "coordinates": [-82.915285, 42.40056409999999]}}, {"type": "Feature", "properties": {"building": "yes", "source": "way"}, "geometry": {"type": "Point", "coordinates": [-82.91521699859786, 42.400466982993734]}}, {"type": "Feature", "properties": {"building": "yes", "source": "way"}, "geometry": {"type": "Point", "coordinates": [-82.91536505629249, 42.4007005695508]}}, {"type": "Feature", "properties": {"building": "yes", "source": "way"}, "geometry": {"type": "Point", "coordinates": [-82.91538355, 42.400852799999996]}}, {"type": "Feature", "properties": {"building": "yes", "source": "way"}, "geometry": {"type": "Point", "coordinates": [-82.91519761822387, 42.40086589717991]}}, {"type": "Feature", "properties": {"building": "yes", "source": "way"}, "geometry": {"type": "Point", "coordinates": [-82.91528345000002, 42.40098585000001]}}, {"type": "Feature", "properties": {"building": "yes", "source": "way"}, "geometry": {"type": "Point", "coordinates": [-82.9153637, 42.4011339]}}, {"type": "Feature", "properties": {"building": "yes", "source": "way"}, "geometry": {"type": "Point", "coordinates": [-82.91544701887155, 42.40123564459386]}}, {"type": "Feature", "properties": {"building": "yes", "source": "way"}, "geometry": {"type": "Point", "coordinates": [-82.9155399, 42.40135060000001]}}, {"type": "Feature", "properties": {"building": "yes", "source": "way"}, "geometry": {"type": "Point", "coordinates": [-82.91560235, 42.40147815000001]}}, {"type": "Feature", "properties": {"building": "yes", "source": "way"}, "geometry": {"type": "Point", "coordinates": [-82.91571238169173, 42.40163790813488]}}, {"type": "Feature", "properties": {"building": "yes", "source": "way"}, "geometry": {"type": "Point", "coordinates": [-82.91580133175427, 42.401774306711005]}}, {"type": "Feature", "properties": {"building": "yes", "source": "way"}, "geometry": {"type": "Point", "coordinates": [-82.91601638621236, 42.40179886930316]}}, {"type": "Feature", "properties": {"building": "yes", "source": "way"}, "geometry": {"type": "Point", "coordinates": [-82.91602935, 42.40166249999999]}}, {"type": "Feature", "properties": {"building": "yes", "source": "way"}, "geometry": {"type": "Point", "coordinates": [-82.91591174999999, 42.4015494]}}, {"type": "Feature", "properties": {"building": "yes", "source": "way"}, "geometry": {"type": "Point", "coordinates": [-82.91585201390994, 42.40144504646022]}}, {"type": "Feature", "properties": {"building": "yes", "source": "way"}, "geometry": {"type": "Point", "coordinates": [-82.9157531126803, 42.40131569199241]}}, {"type": "Feature", "properties": {"building": "yes", "source": "way"}, "geometry": {"type": "Point", "coordinates": [-82.91568301807264, 42.40119313347072]}}, {"type": "Feature", "properties": {"building": "yes", "source": "way"}, "geometry": {"type": "Point", "coordinates": [-82.91562961704707, 42.40106876804487]}}, {"type": "Feature", "properties": {"building": "yes", "source": "way"}, "geometry": {"type": "Point", "coordinates": [-82.9155323108836, 42.400923418371725]}}, {"type": "Feature", "properties": {"building": "yes", "source": "way"}, "geometry": {"type": "Point", "coordinates": [-82.91439369999998, 42.40057045]}}, {"type": "Feature", "properties": {"building": "yes", "source": "way"}, "geometry": {"type": "Point", "coordinates": [-82.9148554689702, 42.40032904575318]}}, {"type": "Feature", "properties": {"building": "yes", "source": "way"}, "geometry": {"type": "Point", "coordinates": [-82.91460875, 42.39985835]}}, {"type": "Feature", "properties": {"building": "yes", "source": "way"}, "geometry": {"type": "Point", "coordinates": [-82.91434672832118, 42.39918801786164]}}, {"type": "Feature", "properties": {"building": "yes", "source": "way"}, "geometry": {"type": "Point", "coordinates": [-82.9150231976702, 42.3990669204079]}}, {"type": "Feature", "properties": {"building": "yes", "source": "way"}, "geometry": {"type": "Point", "coordinates": [-82.91512546239677, 42.399190107206]}}, {"type": "Feature", "properties": {"building": "yes", "source": "way"}, "geometry": {"type": "Point", "coordinates": [-82.9152012, 42.39934304999999]}}, {"type": "Feature", "properties": {"building": "yes", "source": "way"}, "geometry": {"type": "Point", "coordinates": [-82.9152849, 42.3994618]}}, {"type": "Feature", "properties": {"building": "yes", "source": "way"}, "geometry": {"type": "Point", "coordinates": [-82.91535400850749, 42.39959127012716]}}, {"type": "Feature", "properties": {"building": "yes", "source": "way"}, "geometry": {"type": "Point", "coordinates": [-82.91544123255478, 42.39968958894457]}}, {"type": "Feature", "properties": {"building": "yes", "source": "way"}, "geometry": {"type": "Point", "coordinates": [-82.91546633507943, 42.39985817608378]}}, {"type": "Feature", "properties": {"building": "yes", "source": "way"}, "geometry": {"type": "Point", "coordinates": [-82.91561555987293, 42.400016419975614]}}, {"type": "Feature", "properties": {"building": "yes", "source": "way"}, "geometry": {"type": "Point", "coordinates": [-82.91567574999999, 42.400137199999996]}}, {"type": "Feature", "properties": {"building": "yes", "source": "way"}, "geometry": {"type": "Point", "coordinates": [-82.91577277993618, 42.40026155317799]}}, {"type": "Feature", "properties": {"building": "yes", "source": "way"}, "geometry": {"type": "Point", "coordinates": [-82.915857932969, 42.40038508213953]}}, {"type": "Feature", "properties": {"building": "yes", "source": "way"}, "geometry": {"type": "Point", "coordinates": [-82.91595029999999, 42.40051235000001]}}, {"type": "Feature", "properties": {"building": "yes", "source": "way"}, "geometry": {"type": "Point", "coordinates": [-82.91603751238013, 42.400618649516076]}}, {"type": "Feature", "properties": {"building": "yes", "source": "way"}, "geometry": {"type": "Point", "coordinates": [-82.91607778746976, 42.40075474357289]}}, {"type": "Feature", "properties": {"building": "yes", "source": "way"}, "geometry": {"type": "Point", "coordinates": [-82.91624832243869, 42.400996424316524]}}, {"type": "Feature", "properties": {"building": "yes", "source": "way"}, "geometry": {"type": "Point", "coordinates": [-82.91632548939464, 42.40112527733974]}}, {"type": "Feature", "properties": {"building": "yes", "source": "way"}, "geometry": {"type": "Point", "coordinates": [-82.9164109997036, 42.40124001657878]}}, {"type": "Feature", "properties": {"building": "yes", "source": "way"}, "geometry": {"type": "Point", "coordinates": [-82.9165017, 42.4013758]}}, {"type": "Feature", "properties": {"building": "yes", "source": "way"}, "geometry": {"type": "Point", "coordinates": [-82.91628305000002, 42.4006336]}}, {"type": "Feature", "properties": {"building": "yes", "source": "way"}, "geometry": {"type": "Point", "coordinates": [-82.9162055, 42.400509549999995]}}, {"type": "Feature", "properties": {"building": "yes", "source": "way"}, "geometry": {"type": "Point", "coordinates": [-82.91640310000001, 42.40082305]}}, {"type": "Feature", "properties": {"building": "yes", "source": "way"}, "geometry": {"type": "Point", "coordinates": [-82.91617935268728, 42.4008493197962]}}, {"type": "Feature", "properties": {"building": "yes", "source": "way"}, "geometry": {"type": "Point", "coordinates": [-82.91603455, 42.400276649999995]}}, {"type": "Feature", "properties": {"building": "yes", "source": "way"}, "geometry": {"type": "Point", "coordinates": [-82.91581809009784, 42.400041622612214]}}, {"type": "Feature", "properties": {"building": "yes", "source": "way"}, "geometry": {"type": "Point", "coordinates": [-82.9156692, 42.39965479999999]}}, {"type": "Feature", "properties": {"building": "yes", "source": "way"}, "geometry": {"type": "Point", "coordinates": [-82.91555172005312, 42.399474395456764]}}, {"type": "Feature", "properties": {"building": "yes", "source": "way"}, "geometry": {"type": "Point", "coordinates": [-82.91439640747052, 42.39943331851543]}}, {"type": "Feature", "properties": {"building": "yes", "source": "way"}, "geometry": {"type": "Point", "coordinates": [-82.91628635371042, 42.40204293729013]}}, {"type": "Feature", "properties": {"building": "yes", "source": "way"}, "geometry": {"type": "Point", "coordinates": [-82.91631944933516, 42.40217891743442]}}, {"type": "Feature", "properties": {"building": "yes", "source": "way"}, "geometry": {"type": "Point", "coordinates": [-82.91643570000001, 42.40228845000001]}}, {"type": "Feature", "properties": {"building": "yes", "source": "way"}, "geometry": {"type": "Point", "coordinates": [-82.9165175171881, 42.402419449457234]}}, {"type": "Feature", "properties": {"building": "yes", "source": "way"}, "geometry": {"type": "Point", "coordinates": [-82.9162672604092, 42.402482418842595]}}, {"type": "Feature", "properties": {"building": "yes", "source": "way"}, "geometry": {"type": "Point", "coordinates": [-82.9161634684177, 42.40233264714869]}}, {"type": "Feature", "properties": {"building": "yes", "source": "way"}, "geometry": {"type": "Point", "coordinates": [-82.91609705000002, 42.402224800000006]}}, {"type": "Feature", "properties": {"building": "yes", "source": "way"}, "geometry": {"type": "Point", "coordinates": [-82.91603574999998, 42.40213884999999]}}, {"type": "Feature", "properties": {"building": "yes", "source": "way"}, "geometry": {"type": "Point", "coordinates": [-82.9152317142811, 42.40241244258293]}}, {"type": "Feature", "properties": {"building": "yes", "source": "way"}, "geometry": {"type": "Point", "coordinates": [-82.91531857586342, 42.40251635184254]}}, {"type": "Feature", "properties": {"building": "yes", "source": "way"}, "geometry": {"type": "Point", "coordinates": [-82.91539904597776, 42.40263106289812]}}, {"type": "Feature", "properties": {"building": "yes", "source": "way"}, "geometry": {"type": "Point", "coordinates": [-82.91546867740362, 42.4027801963242]}}, {"type": "Feature", "properties": {"building": "yes", "source": "way"}, "geometry": {"type": "Point", "coordinates": [-82.91555265860224, 42.40288541507773]}}, {"type": "Feature", "properties": {"building": "yes", "source": "way"}, "geometry": {"type": "Point", "coordinates": [-82.91565095, 42.4030073]}}, {"type": "Feature", "properties": {"building": "yes", "source": "way"}, "geometry": {"type": "Point", "coordinates": [-82.9157249687495, 42.40315046811705]}}, {"type": "Feature", "properties": {"building": "yes", "source": "way"}, "geometry": {"type": "Point", "coordinates": [-82.91576919275715, 42.4032695814576]}}, {"type": "Feature", "properties": {"building": "yes", "source": "way"}, "geometry": {"type": "Point", "coordinates": [-82.91589471209804, 42.403368781751425]}}, {"type": "Feature", "properties": {"building": "yes", "source": "way"}, "geometry": {"type": "Point", "coordinates": [-82.9159684, 42.40357065]}}, {"type": "Feature", "properties": {"building": "yes", "source": "way"}, "geometry": {"type": "Point", "coordinates": [-82.9159189440183, 42.403031119628075]}}, {"type": "Feature", "properties": {"building": "yes", "source": "way"}, "geometry": {"type": "Point", "coordinates": [-82.91565171836781, 42.40258999821751]}}, {"type": "Feature", "properties": {"building": "yes", "source": "way"}, "geometry": {"type": "Point", "coordinates": [-82.91553311876199, 42.40247854494081]}}, {"type": "Feature", "properties": {"building": "yes", "source": "way"}, "geometry": {"type": "Point", "coordinates": [-82.91549094999999, 42.402321199999996]}}, {"type": "Feature", "properties": {"building": "yes", "source": "way"}, "geometry": {"type": "Point", "coordinates": [-82.9139131, 42.402876799999994]}}, {"type": "Feature", "properties": {"building": "yes", "source": "way"}, "geometry": {"type": "Point", "coordinates": [-82.91395531853055, 42.402990997694516]}}, {"type": "Feature", "properties": {"building": "yes", "source": "way"}, "geometry": {"type": "Point", "coordinates": [-82.91405871644977, 42.40311779330936]}}, {"type": "Feature", "properties": {"building": "yes", "source": "way"}, "geometry": {"type": "Point", "coordinates": [-82.91412899999999, 42.403244050000005]}}, {"type": "Feature", "properties": {"building": "yes", "source": "way"}, "geometry": {"type": "Point", "coordinates": [-82.91420482446927, 42.4033856362657]}}, {"type": "Feature", "properties": {"building": "yes", "source": "way"}, "geometry": {"type": "Point", "coordinates": [-82.91429026705508, 42.40349034953793]}}, {"type": "Feature", "properties": {"building": "yes", "source": "way"}, "geometry": {"type": "Point", "coordinates": [-82.91436656268392, 42.40361941623923]}}, {"type": "Feature", "properties": {"building": "yes", "source": "way"}, "geometry": {"type": "Point", "coordinates": [-82.9144730292552, 42.403754154218994]}}, {"type": "Feature", "properties": {"building": "yes", "source": "way"}, "geometry": {"type": "Point", "coordinates": [-82.91456093321732, 42.40385581666088]}}, {"type": "Feature", "properties": {"building": "yes", "source": "way"}, "geometry": {"type": "Point", "coordinates": [-82.91469208846657, 42.40411118173701]}}, {"type": "Feature", "properties": {"building": "yes", "source": "way"}, "geometry": {"type": "Point", "coordinates": [-82.91479016575656, 42.40424265056428]}}, {"type": "Feature", "properties": {"building": "yes", "source": "way"}, "geometry": {"type": "Point", "coordinates": [-82.91487193310495, 42.40437721989016]}}, {"type": "Feature", "properties": {"building": "yes", "source": "way"}, "geometry": {"type": "Point", "coordinates": [-82.9149553217191, 42.40449753366282]}}, {"type": "Feature", "properties": {"building": "yes", "source": "way"}, "geometry": {"type": "Point", "coordinates": [-82.9154015, 42.404752300000006]}}, {"type": "Feature", "properties": {"building": "yes", "source": "way"}, "geometry": {"type": "Point", "coordinates": [-82.91521655838747, 42.404895112739936]}}, {"type": "Feature", "properties": {"building": "yes", "source": "way"}, "geometry": {"type": "Point", "coordinates": [-82.9150847, 42.40474585]}}, {"type": "Feature", "properties": {"building": "yes", "source": "way"}, "geometry": {"type": "Point", "coordinates": [-82.91501331241518, 42.40461967467544]}}, {"type": "Feature", "properties": {"building": "yes", "source": "way"}, "geometry": {"type": "Point", "coordinates": [-82.91490767983817, 42.404080354598904]}}, {"type": "Feature", "properties": {"building": "yes", "source": "way"}, "geometry": {"type": "Point", "coordinates": [-82.91507446064621, 42.40417482786237]}}, {"type": "Feature", "properties": {"building": "yes", "source": "way"}, "geometry": {"type": "Point", "coordinates": [-82.91510838179728, 42.404388253122754]}}, {"type": "Feature", "properties": {"building": "yes", "source": "way"}, "geometry": {"type": "Point", "coordinates": [-82.91460171615846, 42.40399941552879]}}, {"type": "Feature", "properties": {"building": "yes", "source": "way"}, "geometry": {"type": "Point", "coordinates": [-82.91442269999999, 42.4031832]}}, {"type": "Feature", "properties": {"building": "yes", "source": "way"}, "geometry": {"type": "Point", "coordinates": [-82.91449, 42.40329835]}}, {"type": "Feature", "properties": {"building": "yes", "source": "way"}, "geometry": {"type": "Point", "coordinates": [-82.91458315738849, 42.4034320184815]}}, {"type": "Feature", "properties": {"building": "yes", "source": "way"}, "geometry": {"type": "Point", "coordinates": [-82.91469151628124, 42.40359782969631]}}, {"type": "Feature", "properties": {"building": "yes", "source": "way"}, "geometry": {"type": "Point", "coordinates": [-82.91477976915047, 42.40374424681512]}}, {"type": "Feature", "properties": {"building": "yes", "source": "way"}, "geometry": {"type": "Point", "coordinates": [-82.91490505, 42.40392615]}}, {"type": "Feature", "properties": {"building": "yes", "source": "way"}, "geometry": {"type": "Point", "coordinates": [-82.91424656821479, 42.40292364359587]}}, {"type": "Feature", "properties": {"building": "yes", "source": "way"}, "geometry": {"type": "Point", "coordinates": [-82.91454952878382, 42.402657070527006]}}, {"type": "Feature", "properties": {"building": "yes", "source": "way"}, "geometry": {"type": "Point", "coordinates": [-82.91416255495524, 42.40280051868312]}}, {"type": "Feature", "properties": {"building": "yes", "source": "way"}, "geometry": {"type": "Point", "coordinates": [-82.9143598, 42.402883949999996]}}, {"type": "Feature", "properties": {"building": "yes", "source": "way"}, "geometry": {"type": "Point", "coordinates": [-82.91452875, 42.4031478]}}, {"type": "Feature", "properties": {"building": "yes", "source": "way"}, "geometry": {"type": "Point", "coordinates": [-82.91462333017256, 42.40326550324142]}}, {"type": "Feature", "properties": {"building": "yes", "source": "way"}, "geometry": {"type": "Point", "coordinates": [-82.91468420747708, 42.403393620145884]}}, {"type": "Feature", "properties": {"building": "yes", "source": "way"}, "geometry": {"type": "Point", "coordinates": [-82.91478504999999, 42.40351335]}}, {"type": "Feature", "properties": {"building": "yes", "source": "way"}, "geometry": {"type": "Point", "coordinates": [-82.9148424561397, 42.403628419883205]}}, {"type": "Feature", "properties": {"building": "yes", "source": "way"}, "geometry": {"type": "Point", "coordinates": [-82.91493252461477, 42.40375968546761]}}, {"type": "Feature", "properties": {"building": "yes", "source": "way"}, "geometry": {"type": "Point", "coordinates": [-82.91501155425048, 42.40386316865766]}}, {"type": "Feature", "properties": {"building": "yes", "source": "way"}, "geometry": {"type": "Point", "coordinates": [-82.9150606, 42.40395315]}}, {"type": "Feature", "properties": {"building": "yes", "source": "way"}, "geometry": {"type": "Point", "coordinates": [-82.91542830971851, 42.403991976297156]}}, {"type": "Feature", "properties": {"building": "yes", "source": "way"}, "geometry": {"type": "Point", "coordinates": [-82.91526228152074, 42.40375670517563]}}, {"type": "Feature", "properties": {"building": "yes", "source": "way"}, "geometry": {"type": "Point", "coordinates": [-82.91514244130391, 42.403628837766426]}}, {"type": "Feature", "properties": {"building": "yes", "source": "way"}, "geometry": {"type": "Point", "coordinates": [-82.91508785, 42.4034989]}}, {"type": "Feature", "properties": {"building": "yes", "source": "way"}, "geometry": {"type": "Point", "coordinates": [-82.91501456209363, 42.40338176936453]}}, {"type": "Feature", "properties": {"building": "yes", "source": "way"}, "geometry": {"type": "Point", "coordinates": [-82.91494023833481, 42.40326593416888]}}, {"type": "Feature", "properties": {"building": "yes", "source": "way"}, "geometry": {"type": "Point", "coordinates": [-82.91483227919609, 42.40314113034259]}}, {"type": "Feature", "properties": {"building": "yes", "source": "way"}, "geometry": {"type": "Point", "coordinates": [-82.91478530785483, 42.403013169984476]}}, {"type": "Feature", "properties": {"building": "yes", "source": "way"}, "geometry": {"type": "Point", "coordinates": [-82.9146988591759, 42.40289012023654]}}, {"type": "Feature", "properties": {"building": "yes", "source": "way"}, "geometry": {"type": "Point", "coordinates": [-82.91462444999999, 42.40275859999999]}}, {"type": "Feature", "properties": {"building": "yes", "source": "way"}, "geometry": {"type": "Point", "coordinates": [-82.91534732386964, 42.40390648272403]}}, {"type": "Feature", "properties": {"building": "yes", "source": "way"}, "geometry": {"type": "Point", "coordinates": [-82.91545638575084, 42.404139594581785]}}, {"type": "Feature", "properties": {"building": "yes", "source": "way"}, "geometry": {"type": "Point", "coordinates": [-82.91558588759925, 42.40425432054204]}}, {"type": "Feature", "properties": {"building": "yes", "source": "way"}, "geometry": {"type": "Point", "coordinates": [-82.91554769999999, 42.404430399999995]}}, {"type": "Feature", "properties": {"building": "yes", "source": "way"}, "geometry": {"type": "Point", "coordinates": [-82.91526151037239, 42.40425437710308]}}, {"type": "Feature", "properties": {"building": "yes", "source": "way"}, "geometry": {"type": "Point", "coordinates": [-82.91517817426427, 42.40413138542699]}}, {"type": "Feature", "properties": {"building": "yes", "source": "way"}, "geometry": {"type": "Point", "coordinates": [-82.9125705, 42.4033567]}}, {"type": "Feature", "properties": {"building": "yes", "source": "way"}, "geometry": {"type": "Point", "coordinates": [-82.91262318110198, 42.40347685199967]}}, {"type": "Feature", "properties": {"building": "yes", "source": "way"}, "geometry": {"type": "Point", "coordinates": [-82.91273497644, 42.40360822897961]}}, {"type": "Feature", "properties": {"building": "yes", "source": "way"}, "geometry": {"type": "Point", "coordinates": [-82.9128371, 42.40373915]}}, {"type": "Feature", "properties": {"building": "yes", "source": "way"}, "geometry": {"type": "Point", "coordinates": [-82.91291033792189, 42.40385627410623]}}, {"type": "Feature", "properties": {"building": "yes", "source": "way"}, "geometry": {"type": "Point", "coordinates": [-82.91306798089882, 42.40410057387414]}}, {"type": "Feature", "properties": {"building": "yes", "source": "way"}, "geometry": {"type": "Point", "coordinates": [-82.91314666597165, 42.40421936888518]}}, {"type": "Feature", "properties": {"building": "yes", "source": "way"}, "geometry": {"type": "Point", "coordinates": [-82.91328708595147, 42.40446825497525]}}, {"type": "Feature", "properties": {"building": "yes", "source": "way"}, "geometry": {"type": "Point", "coordinates": [-82.91344850000002, 42.404726849999996]}}, {"type": "Feature", "properties": {"building": "yes", "source": "way"}, "geometry": {"type": "Point", "coordinates": [-82.91297485000001, 42.40399405000001]}}, {"type": "Feature", "properties": {"building": "yes", "source": "way"}, "geometry": {"type": "Point", "coordinates": [-82.91326296317266, 42.40434954545584]}}, {"type": "Feature", "properties": {"building": "yes", "source": "way"}, "geometry": {"type": "Point", "coordinates": [-82.9133679282006, 42.40457945563033]}}, {"type": "Feature", "properties": {"building": "yes", "source": "way"}, "geometry": {"type": "Point", "coordinates": [-82.91353565, 42.404828099999996]}}, {"type": "Feature", "properties": {"building": "yes", "source": "way"}, "geometry": {"type": "Point", "coordinates": [-82.91360741256182, 42.40492595817058]}}, {"type": "Feature", "properties": {"building": "yes", "source": "way"}, "geometry": {"type": "Point", "coordinates": [-82.91364685, 42.40504075]}}, {"type": "Feature", "properties": {"building": "yes", "source": "way"}, "geometry": {"type": "Point", "coordinates": [-82.91372028763124, 42.40515722415912]}}, {"type": "Feature", "properties": {"building": "yes", "source": "way"}, "geometry": {"type": "Point", "coordinates": [-82.91380239000817, 42.405270897747755]}}, {"type": "Feature", "properties": {"building": "yes", "source": "way"}, "geometry": {"type": "Point", "coordinates": [-82.91391863489552, 42.40541888092312]}}, {"type": "Feature", "properties": {"building": "yes", "source": "way"}, "geometry": {"type": "Point", "coordinates": [-82.91399001262539, 42.40552016965365]}}, {"type": "Feature", "properties": {"building": "yes", "source": "way"}, "geometry": {"type": "Point", "coordinates": [-82.91417611558434, 42.40577443882123]}}, {"type": "Feature", "properties": {"building": "yes", "source": "way"}, "geometry": {"type": "Point", "coordinates": [-82.91423235000002, 42.4059127]}}, {"type": "Feature", "properties": {"building": "yes", "source": "way"}, "geometry": {"type": "Point", "coordinates": [-82.91430293568588, 42.406012765862094]}}, {"type": "Feature", "properties": {"building": "yes", "source": "way"}, "geometry": {"type": "Point", "coordinates": [-82.91441876775971, 42.40614914921206]}}, {"type": "Feature", "properties": {"building": "yes", "source": "way"}, "geometry": {"type": "Point", "coordinates": [-82.91448618801073, 42.40627121358262]}}, {"type": "Feature", "properties": {"building": "yes", "source": "way"}, "geometry": {"type": "Point", "coordinates": [-82.91330047065392, 42.40309966329943]}}, {"type": "Feature", "properties": {"building": "yes", "source": "way"}, "geometry": {"type": "Point", "coordinates": [-82.91340485515967, 42.40322411092415]}}, {"type": "Feature", "properties": {"building": "yes", "source": "way"}, "geometry": {"type": "Point", "coordinates": [-82.91348317155509, 42.40334851528392]}}, {"type": "Feature", "properties": {"building": "yes", "source": "way"}, "geometry": {"type": "Point", "coordinates": [-82.91357801970508, 42.403460383470474]}}, {"type": "Feature", "properties": {"building": "yes", "source": "way"}, "geometry": {"type": "Point", "coordinates": [-82.91366531244726, 42.40358194707223]}}, {"type": "Feature", "properties": {"building": "yes", "source": "way"}, "geometry": {"type": "Point", "coordinates": [-82.91372632855744, 42.40372234628326]}}, {"type": "Feature", "properties": {"building": "yes", "source": "way"}, "geometry": {"type": "Point", "coordinates": [-82.91380431881811, 42.40382894388001]}}, {"type": "Feature", "properties": {"building": "yes", "source": "way"}, "geometry": {"type": "Point", "coordinates": [-82.91388575, 42.403958149999994]}}, {"type": "Feature", "properties": {"building": "yes", "source": "way"}, "geometry": {"type": "Point", "coordinates": [-82.91398077012714, 42.40407234436916]}}, {"type": "Feature", "properties": {"building": "yes", "source": "way"}, "geometry": {"type": "Point", "coordinates": [-82.9140691, 42.4041889]}}, {"type": "Feature", "properties": {"building": "yes", "source": "way"}, "geometry": {"type": "Point", "coordinates": [-82.91414453708492, 42.404296023596594]}}, {"type": "Feature", "properties": {"building": "yes", "source": "way"}, "geometry": {"type": "Point", "coordinates": [-82.91420248415626, 42.40445873697366]}}, {"type": "Feature", "properties": {"building": "yes", "source": "way"}, "geometry": {"type": "Point", "coordinates": [-82.9143069066479, 42.40461014477422]}}, {"type": "Feature", "properties": {"building": "yes", "source": "way"}, "geometry": {"type": "Point", "coordinates": [-82.91443630691772, 42.40476213937762]}}, {"type": "Feature", "properties": {"building": "yes", "source": "way"}, "geometry": {"type": "Point", "coordinates": [-82.91451091578577, 42.40488539662959]}}, {"type": "Feature", "properties": {"building": "yes", "source": "way"}, "geometry": {"type": "Point", "coordinates": [-82.91456213815081, 42.40501054396418]}}, {"type": "Feature", "properties": {"building": "yes", "source": "way"}, "geometry": {"type": "Point", "coordinates": [-82.91467752472248, 42.405128170669016]}}, {"type": "Feature", "properties": {"building": "yes", "source": "way"}, "geometry": {"type": "Point", "coordinates": [-82.9147461105826, 42.40525443877006]}}, {"type": "Feature", "properties": {"building": "yes", "source": "way"}, "geometry": {"type": "Point", "coordinates": [-82.91483865, 42.405383349999994]}}, {"type": "Feature", "properties": {"building": "yes", "source": "way"}, "geometry": {"type": "Point", "coordinates": [-82.91492328130164, 42.40549980402059]}}, {"type": "Feature", "properties": {"building": "yes", "source": "way"}, "geometry": {"type": "Point", "coordinates": [-82.9149276319343, 42.40563049362715]}}, {"type": "Feature", "properties": {"building": "yes", "source": "way"}, "geometry": {"type": "Point", "coordinates": [-82.91473011282551, 42.405531068777655]}}, {"type": "Feature", "properties": {"building": "yes", "source": "way"}, "geometry": {"type": "Point", "coordinates": [-82.91452132973669, 42.4052957545082]}}, {"type": "Feature", "properties": {"building": "yes", "source": "way"}, "geometry": {"type": "Point", "coordinates": [-82.91434047308532, 42.40520768426196]}}, {"type": "Feature", "properties": {"building": "yes", "source": "way"}, "geometry": {"type": "Point", "coordinates": [-82.91424948113512, 42.405093255356235]}}, {"type": "Feature", "properties": {"building": "yes", "source": "way"}, "geometry": {"type": "Point", "coordinates": [-82.91406631477388, 42.4053052690019]}}, {"type": "Feature", "properties": {"building": "yes", "source": "way"}, "geometry": {"type": "Point", "coordinates": [-82.91434817525553, 42.40542998536167]}}, {"type": "Feature", "properties": {"building": "yes", "source": "way"}, "geometry": {"type": "Point", "coordinates": [-82.9140765, 42.4056537]}}, {"type": "Feature", "properties": {"building": "yes", "source": "way"}, "geometry": {"type": "Point", "coordinates": [-82.91427530000001, 42.4055316]}}, {"type": "Feature", "properties": {"building": "yes", "source": "way"}, "geometry": {"type": "Point", "coordinates": [-82.91437554999999, 42.405658]}}, {"type": "Feature", "properties": {"building": "yes", "source": "way"}, "geometry": {"type": "Point", "coordinates": [-82.91444514214105, 42.405786330972276]}}, {"type": "Feature", "properties": {"building": "yes", "source": "way"}, "geometry": {"type": "Point", "coordinates": [-82.91466358230227, 42.40603185539203]}}, {"type": "Feature", "properties": {"building": "yes", "source": "way"}, "geometry": {"type": "Point", "coordinates": [-82.91471745, 42.40614545]}}, {"type": "Feature", "properties": {"building": "yes", "source": "way"}, "geometry": {"type": "Point", "coordinates": [-82.91456250237509, 42.40643630738851]}}, {"type": "Feature", "properties": {"building": "yes", "source": "way"}, "geometry": {"type": "Point", "coordinates": [-82.9138974, 42.404527349999995]}}, {"type": "Feature", "properties": {"building": "yes", "source": "way"}, "geometry": {"type": "Point", "coordinates": [-82.91303093826022, 42.403764426210145]}}, {"type": "Feature", "properties": {"building": "yes", "source": "way"}, "geometry": {"type": "Point", "coordinates": [-82.91299648928106, 42.403630430936275]}}, {"type": "Feature", "properties": {"building": "yes", "source": "way"}, "geometry": {"type": "Point", "coordinates": [-82.91337476902535, 42.40348574756667]}}, {"type": "Feature", "properties": {"building": "yes", "source": "way"}, "geometry": {"type": "Point", "coordinates": [-82.91351120649406, 42.40374626904993]}}, {"type": "Feature", "properties": {"building": "yes", "source": "way"}, "geometry": {"type": "Point", "coordinates": [-82.91290185, 42.4032308]}}, {"type": "Feature", "properties": {"building": "yes", "source": "way"}, "geometry": {"type": "Point", "coordinates": [-82.91353242979545, 42.404198804212314]}}, {"type": "Feature", "properties": {"building": "yes", "source": "way"}, "geometry": {"type": "Point", "coordinates": [-82.91365757194043, 42.404154635053246]}}, {"type": "Feature", "properties": {"building": "yes", "source": "way"}, "geometry": {"type": "Point", "coordinates": [-82.91363645000001, 42.40460360000001]}}, {"type": "Feature", "properties": {"building": "yes", "source": "way"}, "geometry": {"type": "Point", "coordinates": [-82.91370932234194, 42.40473258508007]}}, {"type": "Feature", "properties": {"building": "yes", "source": "way"}, "geometry": {"type": "Point", "coordinates": [-82.9134749, 42.404370050000004]}}, {"type": "Feature", "properties": {"building": "yes", "source": "way"}, "geometry": {"type": "Point", "coordinates": [-82.91827257833445, 42.399340353207585]}}, {"type": "Feature", "properties": {"building": "yes", "source": "way"}, "geometry": {"type": "Point", "coordinates": [-82.9180822633937, 42.39978638794452]}}, {"type": "Feature", "properties": {"building": "yes", "source": "way"}, "geometry": {"type": "Point", "coordinates": [-82.91782710177519, 42.400310631867455]}}, {"type": "Feature", "properties": {"building": "yes", "source": "way"}, "geometry": {"type": "Point", "coordinates": [-82.9173183826155, 42.40056435451485]}}, {"type": "Feature", "properties": {"building": "yes", "source": "way"}, "geometry": {"type": "Point", "coordinates": [-82.91702855, 42.401097050000004]}}, {"type": "Feature", "properties": {"building": "yes", "source": "way"}, "geometry": {"type": "Point", "coordinates": [-82.91603539153564, 42.38585811272779]}}, {"type": "Feature", "properties": {"building": "yes", "source": "way"}, "geometry": {"type": "Point", "coordinates": [-82.9160064, 42.385987050000004]}}, {"type": "Feature", "properties": {"building": "yes", "source": "way"}, "geometry": {"type": "Point", "coordinates": [-82.91559092140648, 42.38602298517854]}}, {"type": "Feature", "properties": {"building": "yes", "source": "way"}, "geometry": {"type": "Point", "coordinates": [-82.91534043890941, 42.38609645780147]}}, {"type": "Feature", "properties": {"building": "yes", "source": "way"}, "geometry": {"type": "Point", "coordinates": [-82.91516925994462, 42.386157885095145]}}, {"type": "Feature", "properties": {"building": "yes", "source": "way"}, "geometry": {"type": "Point", "coordinates": [-82.91513143131024, 42.38636215384516]}}, {"type": "Feature", "properties": {"building": "yes", "source": "way"}, "geometry": {"type": "Point", "coordinates": [-82.9151657304238, 42.38665655656649]}}, {"type": "Feature", "properties": {"building": "yes", "source": "way"}, "geometry": {"type": "Point", "coordinates": [-82.91502736274218, 42.386702966040446]}}, {"type": "Feature", "properties": {"building": "yes", "source": "way"}, "geometry": {"type": "Point", "coordinates": [-82.91510745, 42.38571255000001]}}, {"type": "Feature", "properties": {"building": "yes", "source": "way"}, "geometry": {"type": "Point", "coordinates": [-82.91490524447579, 42.385780187782125]}}, {"type": "Feature", "properties": {"building": "yes", "source": "way"}, "geometry": {"type": "Point", "coordinates": [-82.91471857873836, 42.38584758299618]}}, {"type": "Feature", "properties": {"building": "yes", "source": "way"}, "geometry": {"type": "Point", "coordinates": [-82.91533562744547, 42.38564679013107]}}, {"type": "Feature", "properties": {"building": "house", "source": "way"}, "geometry": {"type": "Point", "coordinates": [-82.91002308571538, 42.3943911682179]}}, {"type": "Feature", "properties": {"building": "house", "source": "way"}, "geometry": {"type": "Point", "coordinates": [-82.90993504205863, 42.394248917314016]}}, {"type": "Feature", "properties": {"building": "house", "source": "way"}, "geometry": {"type": "Point", "coordinates": [-82.90982225838441, 42.39409148841778]}}, {"type": "Feature", "properties": {"building": "house", "source": "way"}, "geometry": {"type": "Point", "coordinates": [-82.90973424140346, 42.39393943509096]}}, {"type": "Feature", "properties": {"building": "house", "source": "way"}, "geometry": {"type": "Point", "coordinates": [-82.90962676324973, 42.393793646112584]}}, {"type": "Feature", "properties": {"building": "house", "source": "way"}, "geometry": {"type": "Point", "coordinates": [-82.90957663379504, 42.393646496656814]}}, {"type": "Feature", "properties": {"building": "house", "source": "way"}, "geometry": {"type": "Point", "coordinates": [-82.90945452020715, 42.39348912056637]}}, {"type": "Feature", "properties": {"building": "house", "source": "way"}, "geometry": {"type": "Point", "coordinates": [-82.90933883353294, 42.39335494898118]}}, {"type": "Feature", "properties": {"building": "house", "source": "way"}, "geometry": {"type": "Point", "coordinates": [-82.9092719316425, 42.39320278552737]}}, {"type": "Feature", "properties": {"building": "house", "source": "way"}, "geometry": {"type": "Point", "coordinates": [-82.90917583521819, 42.392984020391594]}}, {"type": "Feature", "properties": {"building": "house", "source": "way"}, "geometry": {"type": "Point", "coordinates": [-82.91000848250756, 42.39271425160466]}}, {"type": "Feature", "properties": {"building": "house", "source": "way"}, "geometry": {"type": "Point", "coordinates": [-82.9101957761445, 42.39288941735408]}}, {"type": "Feature", "properties": {"building": "house", "source": "way"}, "geometry": {"type": "Point", "coordinates": [-82.91030082163232, 42.39301736164532]}}, {"type": "Feature", "properties": {"building": "house", "source": "way"}, "geometry": {"type": "Point", "coordinates": [-82.91034091590674, 42.39316746683914]}}, {"type": "Feature", "properties": {"building": "house", "source": "way"}, "geometry": {"type": "Point", "coordinates": [-82.91045310304959, 42.39331277606026]}}, {"type": "Feature", "properties": {"building": "house", "source": "way"}, "geometry": {"type": "Point", "coordinates": [-82.91058798559371, 42.393459666312246]}}, {"type": "Feature", "properties": {"building": "house", "source": "way"}, "geometry": {"type": "Point", "coordinates": [-82.91066045541112, 42.393617578099914]}}, {"type": "Feature", "properties": {"building": "house", "source": "way"}, "geometry": {"type": "Point", "coordinates": [-82.91076870049675, 42.393745311926075]}}, {"type": "Feature", "properties": {"building": "house", "source": "way"}, "geometry": {"type": "Point", "coordinates": [-82.91087840875447, 42.393911843741115]}}, {"type": "Feature", "properties": {"building": "house", "source": "way"}, "geometry": {"type": "Point", "coordinates": [-82.91094763473019, 42.39406151640236]}}, {"type": "Feature", "properties": {"building": "garage", "source": "way"}, "geometry": {"type": "Point", "coordinates": [-82.91030066666667, 42.3943242]}}, {"type": "Feature", "properties": {"building": "garage", "source": "way"}, "geometry": {"type": "Point", "coordinates": [-82.9101820819226, 42.394209103179584]}}, {"type": "Feature", "properties": {"building": "garage", "source": "way"}, "geometry": {"type": "Point", "coordinates": [-82.9099795934794, 42.393905231450816]}}, {"type": "Feature", "properties": {"building": "garage", "source": "way"}, "geometry": {"type": "Point", "coordinates": [-82.90995224999999, 42.39373525]}}, {"type": "Feature", "properties": {"building": "garage", "source": "way"}, "geometry": {"type": "Point", "coordinates": [-82.90979051123418, 42.39342391791708]}}, {"type": "Feature", "properties": {"building": "garage", "source": "way"}, "geometry": {"type": "Point", "coordinates": [-82.9096720180497, 42.39328564396296]}}, {"type": "Feature", "properties": {"building": "garage", "source": "way"}, "geometry": {"type": "Point", "coordinates": [-82.90977788873016, 42.3928836819696]}}, {"type": "Feature", "properties": {"building": "garage", "source": "way"}, "geometry": {"type": "Point", "coordinates": [-82.91039227554512, 42.39359521459596]}}, {"type": "Feature", "properties": {"building": "garage", "source": "way"}, "geometry": {"type": "Point", "coordinates": [-82.91027843154913, 42.39376055315256]}}, {"type": "Feature", "properties": {"building": "garage", "source": "way"}, "geometry": {"type": "Point", "coordinates": [-82.91064141802738, 42.39385384843136]}}, {"type": "Feature", "properties": {"building": "garage", "source": "way"}, "geometry": {"type": "Point", "coordinates": [-82.91045514999999, 42.39401314999999]}}, {"type": "Feature", "properties": {"building": "garage", "source": "way"}, "geometry": {"type": "Point", "coordinates": [-82.91074934310994, 42.394166529005844]}}]}