{"type": "FeatureCollection", "features": [{"type": "Feature", "properties": {"building": "hospital", "source": "way"}, "geometry": {"type": "Point", "coordinates": [-82.91072692544942, 42.42056050233458]}}, {"type": "Feature", "properties": {"building": "hospital", "source": "way"}, "geometry": {"type": "Point", "coordinates": [-82.91062388839909, 42.42015038810341]}}, {"type": "Feature", "properties": {"building": "hospital", "source": "way"}, "geometry": {"type": "Point", "coordinates": [-82.91067327022982, 42.41985830139676]}}, {"type": "Feature", "properties": {"building": "hospital", "source": "way"}, "geometry": {"type": "Point", "coordinates": [-82.91122031243408, 42.419686629400765]}}, {"type": "Feature", "properties": {"building": "apartments", "source": "way"}, "geometry": {"type": "Point", "coordinates": [-82.92261657999961, 42.43182490035683]}}, {"type": "Feature", "properties": {"building": "yes", "source": "way"}, "geometry": {"type": "Point", "coordinates": [-82.90037081577742, 42.42414396218723]}}, {"type": "Feature", "properties": {"building": "school", "source": "way"}, "geometry": {"type": "Point", "coordinates": [-82.90109354961605, 42.423860228250796]}}, {"type": "Feature", "properties": {"building": "yes", "source": "way"}, "geometry": {"type": "Point", "coordinates": [-82.90234349999999, 42.4240235]}}, {"type": "Feature", "properties": {"building": "yes", "source": "way"}, "geometry": {"type": "Point", "coordinates": [-82.89978990390911, 42.4249862595856]}}, {"type": "Feature", "properties": {"building": "school", "source": "way"}, "geometry": {"type": "Point", "coordinates": [-82.90442571649852, 42.42528632433344]}}, {"type": "Feature", "properties": {"building": "house", "source": "way"}, "geometry": {"type": "Point", "coordinates": [-82.91459956218027, 42.4236913258571]}}, {"type": "Feature", "properties": {"building": "house", "source": "way"}, "geometry": {"type": "Point", "coordinates": [-82.91473714551611, 42.423748720084106]}}, {"type": "Feature", "properties": {"building": "house", "source": "way"}, "geometry": {"type": "Point", "coordinates": [-82.91446566868477, 42.42363599194877]}}, {"type": "Feature", "properties": {"building": "house", "source": "way"}, "geometry": {"type": "Point", "coordinates": [-82.91432624882583, 42.42358291321077]}}, {"type": "Feature", "properties": {"building": "house", "source": "way"}, "geometry": {"type": "Point", "coordinates": [-82.91405959082252, 42.42346979195584]}}, {"type": "Feature", "properties": {"building": "house", "source": "way"}, "geometry": {"type": "Point", "coordinates": [-82.91487478511208, 42.42380189792625]}}, {"type": "Feature", "properties": {"building": "house", "source": "way"}, "geometry": {"type": "Point", "coordinates": [-82.9144928421247, 42.424099014411055]}}, {"type": "Feature", "properties": {"building": "house", "source": "way"}, "geometry": {"type": "Point", "coordinates": [-82.91462816923956, 42.424156940971464]}}, {"type": "Feature", "properties": {"building": "house", "source": "way"}, "geometry": {"type": "Point", "coordinates": [-82.9140714362746, 42.42392804998946]}}, {"type": "Feature", "properties": {"building": "house", "source": "way"}, "geometry": {"type": "Point", "coordinates": [-82.91393626923957, 42.42386944097146]}}, {"type": "Feature", "properties": {"building": "house", "source": "way"}, "geometry": {"type": "Point", "coordinates": [-82.91421640000002, 42.42398245]}}, {"type": "Feature", "properties": {"building": "house", "source": "way"}, "geometry": {"type": "Point", "coordinates": [-82.9143558, 42.4240408]}}, {"type": "Feature", "properties": {"building": "house", "source": "way"}, "geometry": {"type": "Point", "coordinates": [-82.91477455, 42.4242099]}}, {"type": "Feature", "properties": {"building": "house", "source": "way"}, "geometry": {"type": "Point", "coordinates": [-82.91491711737203, 42.42426405574142]}}, {"type": "Feature", "properties": {"building": "house", "source": "way"}, "geometry": {"type": "Point", "coordinates": [-82.91504826341063, 42.424327161131984]}}, {"type": "Feature", "properties": {"building": "house", "source": "way"}, "geometry": {"type": "Point", "coordinates": [-82.91519351933121, 42.424383688370014]}}, {"type": "Feature", "properties": {"building": "house", "source": "way"}, "geometry": {"type": "Point", "coordinates": [-82.91547245000001, 42.42449405]}}, {"type": "Feature", "properties": {"building": "house", "source": "way"}, "geometry": {"type": "Point", "coordinates": [-82.91533500000001, 42.4244401]}}, {"type": "Feature", "properties": {"building": "house", "source": "way"}, "geometry": {"type": "Point", "coordinates": [-82.91545959805084, 42.42354751736779]}}, {"type": "Feature", "properties": {"building": "house", "source": "way"}, "geometry": {"type": "Point", "coordinates": [-82.91762078260571, 42.42647604437506]}}, {"type": "Feature", "properties": {"building": "house", "source": "way"}, "geometry": {"type": "Point", "coordinates": [-82.91751198336576, 42.426407543287425]}}, {"type": "Feature", "properties": {"building": "house", "source": "way"}, "geometry": {"type": "Point", "coordinates": [-82.91736850000001, 42.42635585000001]}}, {"type": "Feature", "properties": {"building": "house", "source": "way"}, "geometry": {"type": "Point", "coordinates": [-82.91723971739607, 42.426304005634385]}}, {"type": "Feature", "properties": {"building": "house", "source": "way"}, "geometry": {"type": "Point", "coordinates": [-82.91698318260391, 42.42618769436562]}}, {"type": "Feature", "properties": {"building": "house", "source": "way"}, "geometry": {"type": "Point", "coordinates": [-82.9160400826057, 42.42632204437505]}}, {"type": "Feature", "properties": {"building": "yes", "source": "way"}, "geometry": {"type": "Point", "coordinates": [-82.91030531360842, 42.43312492798014]}}, {"type": "Feature", "properties": {"building": "house", "source": "way"}, "geometry": {"type": "Point", "coordinates": [-82.91415975140774, 42.42988934418053]}}, {"type": "Feature", "properties": {"building": "house", "source": "way"}, "geometry": {"type": "Point", "coordinates": [-82.9143356881456, 42.42993417877576]}}, {"type": "Feature", "properties": {"building": "house", "source": "way"}, "geometry": {"type": "Point", "coordinates": [-82.91448588203306, 42.42999949672816]}}, {"type": "Feature", "properties": {"building": "house", "source": "way"}, "geometry": {"type": "Point", "coordinates": [-82.91463475610875, 42.430060382038086]}}, {"type": "Feature", "properties": {"building": "house", "source": "way"}, "geometry": {"type": "Point", "coordinates": [-82.9147856240712, 42.43011978529865]}}, {"type": "Feature", "properties": {"building": "house", "source": "way"}, "geometry": {"type": "Point", "coordinates": [-82.91494588203307, 42.43018509672815]}}, {"type": "Feature", "properties": {"building": "house", "source": "way"}, "geometry": {"type": "Point", "coordinates": [-82.91527715610877, 42.43032368203808]}}, {"type": "Feature", "properties": {"building": "house", "source": "way"}, "geometry": {"type": "Point", "coordinates": [-82.91369700565242, 42.42970508936785]}}, {"type": "Feature", "properties": {"building": "house", "source": "way"}, "geometry": {"type": "Point", "coordinates": [-82.91354911796695, 42.429616403271844]}}, {"type": "Feature", "properties": {"building": "house", "source": "way"}, "geometry": {"type": "Point", "coordinates": [-82.9140052840903, 42.42982777619477]}}, {"type": "Feature", "properties": {"building": "house", "source": "way"}, "geometry": {"type": "Point", "coordinates": [-82.91374021185439, 42.42923652122424]}}, {"type": "Feature", "properties": {"building": "house", "source": "way"}, "geometry": {"type": "Point", "coordinates": [-82.91388641796694, 42.42928800327184]}}, {"type": "Feature", "properties": {"building": "house", "source": "way"}, "geometry": {"type": "Point", "coordinates": [-82.91359271185439, 42.42916972122424]}}, {"type": "Feature", "properties": {"building": "house", "source": "way"}, "geometry": {"type": "Point", "coordinates": [-82.91341838203307, 42.42910339672816]}}, {"type": "Feature", "properties": {"building": "house", "source": "way"}, "geometry": {"type": "Point", "coordinates": [-82.91306568203306, 42.42941819672815]}}, {"type": "Feature", "properties": {"building": "house", "source": "way"}, "geometry": {"type": "Point", "coordinates": [-82.91320628442686, 42.429506426449]}}, {"type": "Feature", "properties": {"building": "house", "source": "way"}, "geometry": {"type": "Point", "coordinates": [-82.91337008264165, 42.42957409380768]}}, {"type": "Feature", "properties": {"building": "house", "source": "way"}, "geometry": {"type": "Point", "coordinates": [-82.91298455, 42.429947299999995]}}, {"type": "Feature", "properties": {"building": "house", "source": "way"}, "geometry": {"type": "Point", "coordinates": [-82.91312601557314, 42.42999827355099]}}, {"type": "Feature", "properties": {"building": "house", "source": "way"}, "geometry": {"type": "Point", "coordinates": [-82.91325275, 42.4300616]}}, {"type": "Feature", "properties": {"building": "house", "source": "way"}, "geometry": {"type": "Point", "coordinates": [-82.91339425178569, 42.43010813264071]}}, {"type": "Feature", "properties": {"building": "house", "source": "way"}, "geometry": {"type": "Point", "coordinates": [-82.91351058203308, 42.430190796728155]}}, {"type": "Feature", "properties": {"building": "house", "source": "way"}, "geometry": {"type": "Point", "coordinates": [-82.91325574999999, 42.4306298]}}, {"type": "Feature", "properties": {"building": "house", "source": "way"}, "geometry": {"type": "Point", "coordinates": [-82.91286145, 42.430462]}}, {"type": "Feature", "properties": {"building": "house", "source": "way"}, "geometry": {"type": "Point", "coordinates": [-82.91272935, 42.4304086]}}, {"type": "Feature", "properties": {"building": "house", "source": "way"}, "geometry": {"type": "Point", "coordinates": [-82.91298686245746, 42.430516705459475]}}, {"type": "Feature", "properties": {"building": "house", "source": "way"}, "geometry": {"type": "Point", "coordinates": [-82.91311621083264, 42.43056900732201]}}, {"type": "Feature", "properties": {"building": "house", "source": "way"}, "geometry": {"type": "Point", "coordinates": [-82.91355676245746, 42.43075160545946]}}, {"type": "Feature", "properties": {"building": "house", "source": "way"}, "geometry": {"type": "Point", "coordinates": [-82.91370515, 42.43081415]}}, {"type": "Feature", "properties": {"building": "house", "source": "way"}, "geometry": {"type": "Point", "coordinates": [-82.9140035625843, 42.43093784125669]}}, {"type": "Feature", "properties": {"building": "house", "source": "way"}, "geometry": {"type": "Point", "coordinates": [-82.91406521734544, 42.43160600635467]}}, {"type": "Feature", "properties": {"building": "house", "source": "way"}, "geometry": {"type": "Point", "coordinates": [-82.91419655, 42.431659249999996]}}, {"type": "Feature", "properties": {"building": "house", "source": "way"}, "geometry": {"type": "Point", "coordinates": [-82.9139344, 42.43155385]}}, {"type": "Feature", "properties": {"building": "house", "source": "way"}, "geometry": {"type": "Point", "coordinates": [-82.9138036, 42.43150035]}}, {"type": "Feature", "properties": {"building": "house", "source": "way"}, "geometry": {"type": "Point", "coordinates": [-82.91458145000001, 42.431820099999996]}}, {"type": "Feature", "properties": {"building": "house", "source": "way"}, "geometry": {"type": "Point", "coordinates": [-82.91471355, 42.43187255]}}, {"type": "Feature", "properties": {"building": "house", "source": "way"}, "geometry": {"type": "Point", "coordinates": [-82.9148403, 42.43192650000001]}}, {"type": "Feature", "properties": {"building": "house", "source": "way"}, "geometry": {"type": "Point", "coordinates": [-82.91341399999999, 42.43133755]}}, {"type": "Feature", "properties": {"building": "house", "source": "way"}, "geometry": {"type": "Point", "coordinates": [-82.91354949999999, 42.431391950000005]}}, {"type": "Feature", "properties": {"building": "house", "source": "way"}, "geometry": {"type": "Point", "coordinates": [-82.91307660000002, 42.431198849999994]}}, {"type": "Feature", "properties": {"building": "house", "source": "way"}, "geometry": {"type": "Point", "coordinates": [-82.91292651734545, 42.43113610635468]}}, {"type": "Feature", "properties": {"building": "house", "source": "way"}, "geometry": {"type": "Point", "coordinates": [-82.91279240000001, 42.43108265]}}, {"type": "Feature", "properties": {"building": "house", "source": "way"}, "geometry": {"type": "Point", "coordinates": [-82.91444749400108, 42.43178210831547]}}, {"type": "Feature", "properties": {"building": "house", "source": "way"}, "geometry": {"type": "Point", "coordinates": [-82.91433303693069, 42.43170962813341]}}, {"type": "Feature", "properties": {"building": "house", "source": "way"}, "geometry": {"type": "Point", "coordinates": [-82.9136776501319, 42.43145920790407]}}, {"type": "Feature", "properties": {"building": "house", "source": "way"}, "geometry": {"type": "Point", "coordinates": [-82.91340929021692, 42.43069468433739]}}, {"type": "Feature", "properties": {"building": "house", "source": "way"}, "geometry": {"type": "Point", "coordinates": [-82.91435010000002, 42.430512]}}, {"type": "Feature", "properties": {"building": "house", "source": "way"}, "geometry": {"type": "Point", "coordinates": [-82.914503, 42.43056644999999]}}, {"type": "Feature", "properties": {"building": "house", "source": "way"}, "geometry": {"type": "Point", "coordinates": [-82.91502169545167, 42.43079509384363]}}, {"type": "Feature", "properties": {"building": "house", "source": "way"}, "geometry": {"type": "Point", "coordinates": [-82.91521398236142, 42.4308850482831]}}, {"type": "Feature", "properties": {"building": "house", "source": "way"}, "geometry": {"type": "Point", "coordinates": [-82.91537168236545, 42.43095049829166]}}, {"type": "Feature", "properties": {"building": "house", "source": "way"}, "geometry": {"type": "Point", "coordinates": [-82.91462875, 42.4306508]}}, {"type": "Feature", "properties": {"building": "house", "source": "way"}, "geometry": {"type": "Point", "coordinates": [-82.91482260406069, 42.43071221348061]}}, {"type": "Feature", "properties": {"building": "house", "source": "way"}, "geometry": {"type": "Point", "coordinates": [-82.91418951763859, 42.430462751716895]}}, {"type": "Feature", "properties": {"building": "house", "source": "way"}, "geometry": {"type": "Point", "coordinates": [-82.91396155000001, 42.430360799999995]}}, {"type": "Feature", "properties": {"building": "house", "source": "way"}, "geometry": {"type": "Point", "coordinates": [-82.91379746432952, 42.43028617419797]}}, {"type": "Feature", "properties": {"building": "house", "source": "way"}, "geometry": {"type": "Point", "coordinates": [-82.91365610956447, 42.43021869554242]}}, {"type": "Feature", "properties": {"building": "house", "source": "way"}, "geometry": {"type": "Point", "coordinates": [-82.91457155, 42.43116219999999]}}, {"type": "Feature", "properties": {"building": "house", "source": "way"}, "geometry": {"type": "Point", "coordinates": [-82.91496846915128, 42.431308267235835]}}, {"type": "Feature", "properties": {"building": "house", "source": "way"}, "geometry": {"type": "Point", "coordinates": [-82.91785894375327, 42.42597058432243]}}, {"type": "Feature", "properties": {"building": "house", "source": "way"}, "geometry": {"type": "Point", "coordinates": [-82.9179863737549, 42.42602259725544]}}, {"type": "Feature", "properties": {"building": "house", "source": "way"}, "geometry": {"type": "Point", "coordinates": [-82.91811847007891, 42.426075516112974]}}, {"type": "Feature", "properties": {"building": "house", "source": "way"}, "geometry": {"type": "Point", "coordinates": [-82.9177262437533, 42.425916184322425]}}, {"type": "Feature", "properties": {"building": "house", "source": "way"}, "geometry": {"type": "Point", "coordinates": [-82.91733728590208, 42.42575333307129]}}, {"type": "Feature", "properties": {"building": "house", "source": "way"}, "geometry": {"type": "Point", "coordinates": [-82.9172078760466, 42.42569888933974]}}, {"type": "Feature", "properties": {"building": "house", "source": "way"}, "geometry": {"type": "Point", "coordinates": [-82.9170784733103, 42.42564591735984]}}, {"type": "Feature", "properties": {"building": "house", "source": "way"}, "geometry": {"type": "Point", "coordinates": [-82.91694837375489, 42.42559889725544]}}, {"type": "Feature", "properties": {"building": "house", "source": "way"}, "geometry": {"type": "Point", "coordinates": [-82.91681935668699, 42.42553951029604]}}, {"type": "Feature", "properties": {"building": "house", "source": "way"}, "geometry": {"type": "Point", "coordinates": [-82.91668694414054, 42.42549287929899]}}, {"type": "Feature", "properties": {"building": "house", "source": "way"}, "geometry": {"type": "Point", "coordinates": [-82.91654664314959, 42.42543919710314]}}, {"type": "Feature", "properties": {"building": "house", "source": "way"}, "geometry": {"type": "Point", "coordinates": [-82.91760006452245, 42.42586159913357]}}, {"type": "Feature", "properties": {"building": "house", "source": "way"}, "geometry": {"type": "Point", "coordinates": [-82.91746896452246, 42.42580369913357]}}, {"type": "Feature", "properties": {"building": "house", "source": "way"}, "geometry": {"type": "Point", "coordinates": [-82.91822338304165, 42.426132159184064]}}, {"type": "Feature", "properties": {"building": "house", "source": "way"}, "geometry": {"type": "Point", "coordinates": [-82.91594381593805, 42.42517955263072]}}, {"type": "Feature", "properties": {"building": "house", "source": "way"}, "geometry": {"type": "Point", "coordinates": [-82.91608056452247, 42.42522559913357]}}, {"type": "Feature", "properties": {"building": "house", "source": "way"}, "geometry": {"type": "Point", "coordinates": [-82.91580701892134, 42.425136966555364]}}, {"type": "Feature", "properties": {"building": "house", "source": "way"}, "geometry": {"type": "Point", "coordinates": [-82.91542614392355, 42.42496425013141]}}, {"type": "Feature", "properties": {"building": "house", "source": "way"}, "geometry": {"type": "Point", "coordinates": [-82.91517196452246, 42.42486129913356]}}, {"type": "Feature", "properties": {"building": "house", "source": "way"}, "geometry": {"type": "Point", "coordinates": [-82.91504124314959, 42.42480979710314]}}, {"type": "Feature", "properties": {"building": "house", "source": "way"}, "geometry": {"type": "Point", "coordinates": [-82.91491046452246, 42.424754399133576]}}, {"type": "Feature", "properties": {"building": "house", "source": "way"}, "geometry": {"type": "Point", "coordinates": [-82.91465033415903, 42.42464992308136]}}, {"type": "Feature", "properties": {"building": "house", "source": "way"}, "geometry": {"type": "Point", "coordinates": [-82.91476825, 42.42471184999999]}}, {"type": "Feature", "properties": {"building": "house", "source": "way"}, "geometry": {"type": "Point", "coordinates": [-82.9145129059883, 42.4245863321095]}}, {"type": "Feature", "properties": {"building": "house", "source": "way"}, "geometry": {"type": "Point", "coordinates": [-82.91424185, 42.42449495000001]}}, {"type": "Feature", "properties": {"building": "house", "source": "way"}, "geometry": {"type": "Point", "coordinates": [-82.9137248, 42.4242556]}}, {"type": "Feature", "properties": {"building": "house", "source": "way"}, "geometry": {"type": "Point", "coordinates": [-82.91899001428396, 42.43037197294228]}}, {"type": "Feature", "properties": {"building": "house", "source": "way"}, "geometry": {"type": "Point", "coordinates": [-82.91928419999999, 42.43049560000001]}}, {"type": "Feature", "properties": {"building": "house", "source": "way"}, "geometry": {"type": "Point", "coordinates": [-82.91959309645723, 42.430620767833794]}}, {"type": "Feature", "properties": {"building": "house", "source": "way"}, "geometry": {"type": "Point", "coordinates": [-82.9198788, 42.430731400000006]}}, {"type": "Feature", "properties": {"building": "house", "source": "way"}, "geometry": {"type": "Point", "coordinates": [-82.91973473025875, 42.430676852295754]}}, {"type": "Feature", "properties": {"building": "house", "source": "way"}, "geometry": {"type": "Point", "coordinates": [-82.91823539492343, 42.43006052158586]}}, {"type": "Feature", "properties": {"building": "house", "source": "way"}, "geometry": {"type": "Point", "coordinates": [-82.91854478216194, 42.43018499489525]}}, {"type": "Feature", "properties": {"building": "house", "source": "way"}, "geometry": {"type": "Point", "coordinates": [-82.91837870354274, 42.43012733216621]}}, {"type": "Feature", "properties": {"building": "house", "source": "way"}, "geometry": {"type": "Point", "coordinates": [-82.91807960354275, 42.429999032166215]}}, {"type": "Feature", "properties": {"building": "house", "source": "way"}, "geometry": {"type": "Point", "coordinates": [-82.91792901783806, 42.42993880510475]}}, {"type": "Feature", "properties": {"building": "yes", "source": "way"}, "geometry": {"type": "Point", "coordinates": [-82.90807921382442, 42.4311928189478]}}, {"type": "Feature", "properties": {"building": "yes", "source": "way"}, "geometry": {"type": "Point", "coordinates": [-82.90987190716807, 42.43207103760826]}}, {"type": "Feature", "properties": {"building": "house", "source": "way"}, "geometry": {"type": "Point", "coordinates": [-82.9156654177944, 42.42264975311019]}}, {"type": "Feature", "properties": {"building": "garage", "source": "way"}, "geometry": {"type": "Point", "coordinates": [-82.91584219125345, 42.422681717529926]}}, {"type": "Feature", "properties": {"building": "house", "source": "way"}, "geometry": {"type": "Point", "coordinates": [-82.91572384999999, 42.42254595]}}, {"type": "Feature", "properties": {"building": "garage", "source": "way"}, "geometry": {"type": "Point", "coordinates": [-82.91597105000001, 42.42261705]}}, {"type": "Feature", "properties": {"building": "garage", "source": "way"}, "geometry": {"type": "Point", "coordinates": [-82.91579691819398, 42.42283375360275]}}, {"type": "Feature", "properties": {"building": "house", "source": "way"}, "geometry": {"type": "Point", "coordinates": [-82.91563072366836, 42.422766812878365]}}, {"type": "Feature", "properties": {"building": "garage", "source": "way"}, "geometry": {"type": "Point", "coordinates": [-82.9159344, 42.4228788]}}, {"type": "Feature", "properties": {"building": "garage", "source": "way"}, "geometry": {"type": "Point", "coordinates": [-82.91607746722718, 42.422860750841885]}}, {"type": "Feature", "properties": {"building": "garage", "source": "way"}, "geometry": {"type": "Point", "coordinates": [-82.9161305, 42.422754649999995]}}, {"type": "Feature", "properties": {"building": "garage", "source": "way"}, "geometry": {"type": "Point", "coordinates": [-82.91611479999999, 42.4226067]}}, {"type": "Feature", "properties": {"building": "house", "source": "way"}, "geometry": {"type": "Point", "coordinates": [-82.91581476616172, 42.422459894220566]}}, {"type": "Feature", "properties": {"building": "garage", "source": "way"}, "geometry": {"type": "Point", "coordinates": [-82.91598543239495, 42.422493548382306]}}, {"type": "Feature", "properties": {"building": "garage", "source": "way"}, "geometry": {"type": "Point", "coordinates": [-82.91607318229347, 42.42240829758703]}}, {"type": "Feature", "properties": {"building": "house", "source": "way"}, "geometry": {"type": "Point", "coordinates": [-82.91590233074494, 42.42237570307713]}}, {"type": "Feature", "properties": {"building": "garage", "source": "way"}, "geometry": {"type": "Point", "coordinates": [-82.91615339999998, 42.42232215]}}, {"type": "Feature", "properties": {"building": "house", "source": "way"}, "geometry": {"type": "Point", "coordinates": [-82.9159763517389, 42.42228090881975]}}, {"type": "Feature", "properties": {"building": "house", "source": "way"}, "geometry": {"type": "Point", "coordinates": [-82.9160413379302, 42.42217632487472]}}, {"type": "Feature", "properties": {"building": "house", "source": "way"}, "geometry": {"type": "Point", "coordinates": [-82.91609833088087, 42.42208914561796]}}, {"type": "Feature", "properties": {"building": "house", "source": "way"}, "geometry": {"type": "Point", "coordinates": [-82.91617175764262, 42.42199925170735]}}, {"type": "Feature", "properties": {"building": "house", "source": "way"}, "geometry": {"type": "Point", "coordinates": [-82.91621691827368, 42.42188799638952]}}, {"type": "Feature", "properties": {"building": "house", "source": "way"}, "geometry": {"type": "Point", "coordinates": [-82.90004396366614, 42.43141991917943]}}, {"type": "Feature", "properties": {"building": "house", "source": "way"}, "geometry": {"type": "Point", "coordinates": [-82.90029439999999, 42.4315007]}}, {"type": "Feature", "properties": {"building": "house", "source": "way"}, "geometry": {"type": "Point", "coordinates": [-82.90069450046343, 42.431593219830106]}}, {"type": "Feature", "properties": {"building": "house", "source": "way"}, "geometry": {"type": "Point", "coordinates": [-82.89997150835245, 42.43227029512658]}}, {"type": "Feature", "properties": {"building": "house", "source": "way"}, "geometry": {"type": "Point", "coordinates": [-82.92095455000002, 42.43117855]}}, {"type": "Feature", "properties": {"building": "house", "source": "way"}, "geometry": {"type": "Point", "coordinates": [-82.92127075000002, 42.43129054999999]}}, {"type": "Feature", "properties": {"building": "house", "source": "way"}, "geometry": {"type": "Point", "coordinates": [-82.92157093194913, 42.43140884595717]}}, {"type": "Feature", "properties": {"building": "house", "source": "way"}, "geometry": {"type": "Point", "coordinates": [-82.92169829999999, 42.43147585]}}, {"type": "Feature", "properties": {"building": "house", "source": "way"}, "geometry": {"type": "Point", "coordinates": [-82.92184253195317, 42.43153909596567]}}, {"type": "Feature", "properties": {"building": "house", "source": "way"}, "geometry": {"type": "Point", "coordinates": [-82.92199555, 42.4315926]}}, {"type": "Feature", "properties": {"building": "house", "source": "way"}, "geometry": {"type": "Point", "coordinates": [-82.92228985000001, 42.431714750000005]}}, {"type": "Feature", "properties": {"building": "house", "source": "way"}, "geometry": {"type": "Point", "coordinates": [-82.91472901376007, 42.429182570447715]}}, {"type": "Feature", "properties": {"building": "house", "source": "way"}, "geometry": {"type": "Point", "coordinates": [-82.91457783049914, 42.42912516549823]}}, {"type": "Feature", "properties": {"building": "house", "source": "way"}, "geometry": {"type": "Point", "coordinates": [-82.91486263049914, 42.429245665498236]}}, {"type": "Feature", "properties": {"building": "house", "source": "way"}, "geometry": {"type": "Point", "coordinates": [-82.91547191376003, 42.42950047044771]}}, {"type": "Feature", "properties": {"building": "house", "source": "way"}, "geometry": {"type": "Point", "coordinates": [-82.91593309291817, 42.42968257463748]}}, {"type": "Feature", "properties": {"building": "house", "source": "way"}, "geometry": {"type": "Point", "coordinates": [-82.91500886779248, 42.42929670517127]}}, {"type": "Feature", "properties": {"building": "house", "source": "way"}, "geometry": {"type": "Point", "coordinates": [-82.91532009999999, 42.42942835]}}, {"type": "Feature", "properties": {"building": "house", "source": "way"}, "geometry": {"type": "Point", "coordinates": [-82.9156326966188, 42.42954506779112]}}, {"type": "Feature", "properties": {"building": "house", "source": "way"}, "geometry": {"type": "Point", "coordinates": [-82.91578205339157, 42.42960833220477]}}, {"type": "Feature", "properties": {"building": "house", "source": "way"}, "geometry": {"type": "Point", "coordinates": [-82.91607415339156, 42.42973693220479]}}, {"type": "Feature", "properties": {"building": "house", "source": "way"}, "geometry": {"type": "Point", "coordinates": [-82.91623108447985, 42.42979958860041]}}, {"type": "Feature", "properties": {"building": "house", "source": "way"}, "geometry": {"type": "Point", "coordinates": [-82.91653464660843, 42.42992116779522]}}, {"type": "Feature", "properties": {"building": "house", "source": "way"}, "geometry": {"type": "Point", "coordinates": [-82.91666935, 42.42998169999999]}}, {"type": "Feature", "properties": {"building": "house", "source": "way"}, "geometry": {"type": "Point", "coordinates": [-82.91522378201223, 42.42778254569649]}}, {"type": "Feature", "properties": {"building": "house", "source": "way"}, "geometry": {"type": "Point", "coordinates": [-82.915081, 42.4277196]}}, {"type": "Feature", "properties": {"building": "house", "source": "way"}, "geometry": {"type": "Point", "coordinates": [-82.91536578201223, 42.42784224569648]}}, {"type": "Feature", "properties": {"building": "house", "source": "way"}, "geometry": {"type": "Point", "coordinates": [-82.91550409999999, 42.427898449999994]}}, {"type": "Feature", "properties": {"building": "house", "source": "way"}, "geometry": {"type": "Point", "coordinates": [-82.9156308, 42.42795195]}}, {"type": "Feature", "properties": {"building": "house", "source": "way"}, "geometry": {"type": "Point", "coordinates": [-82.9157582, 42.42800545]}}, {"type": "Feature", "properties": {"building": "house", "source": "way"}, "geometry": {"type": "Point", "coordinates": [-82.91588850000001, 42.42805735]}}, {"type": "Feature", "properties": {"building": "house", "source": "way"}, "geometry": {"type": "Point", "coordinates": [-82.91601808201223, 42.42810974569648]}}, {"type": "Feature", "properties": {"building": "house", "source": "way"}, "geometry": {"type": "Point", "coordinates": [-82.91614548201225, 42.42816434569649]}}, {"type": "Feature", "properties": {"building": "house", "source": "way"}, "geometry": {"type": "Point", "coordinates": [-82.91640755471018, 42.42826973201022]}}, {"type": "Feature", "properties": {"building": "house", "source": "way"}, "geometry": {"type": "Point", "coordinates": [-82.91652614528984, 42.42832156798979]}}, {"type": "Feature", "properties": {"building": "house", "source": "way"}, "geometry": {"type": "Point", "coordinates": [-82.91629395065132, 42.428200583042944]}}, {"type": "Feature", "properties": {"building": "house", "source": "way"}, "geometry": {"type": "Point", "coordinates": [-82.91468978201225, 42.42804094569648]}}, {"type": "Feature", "properties": {"building": "house", "source": "way"}, "geometry": {"type": "Point", "coordinates": [-82.91483765, 42.42810414999999]}}, {"type": "Feature", "properties": {"building": "house", "source": "way"}, "geometry": {"type": "Point", "coordinates": [-82.91497455, 42.428157649999996]}}, {"type": "Feature", "properties": {"building": "house", "source": "way"}, "geometry": {"type": "Point", "coordinates": [-82.9151048772995, 42.4282100636779]}}, {"type": "Feature", "properties": {"building": "house", "source": "way"}, "geometry": {"type": "Point", "coordinates": [-82.9154936, 42.428364650000006]}}, {"type": "Feature", "properties": {"building": "house", "source": "way"}, "geometry": {"type": "Point", "coordinates": [-82.91562684528984, 42.42841486798978]}}, {"type": "Feature", "properties": {"building": "house", "source": "way"}, "geometry": {"type": "Point", "coordinates": [-82.91575498201222, 42.428474345696486]}}, {"type": "Feature", "properties": {"building": "house", "source": "way"}, "geometry": {"type": "Point", "coordinates": [-82.9158816047218, 42.42852623200609]}}, {"type": "Feature", "properties": {"building": "house", "source": "way"}, "geometry": {"type": "Point", "coordinates": [-82.91600828201221, 42.42857914569648]}}, {"type": "Feature", "properties": {"building": "house", "source": "way"}, "geometry": {"type": "Point", "coordinates": [-82.91614299527818, 42.4286234679939]}}, {"type": "Feature", "properties": {"building": "house", "source": "way"}, "geometry": {"type": "Point", "coordinates": [-82.91247758191187, 42.42711689634858]}}, {"type": "Feature", "properties": {"building": "house", "source": "way"}, "geometry": {"type": "Point", "coordinates": [-82.91233368191185, 42.42706199634856]}}, {"type": "Feature", "properties": {"building": "house", "source": "way"}, "geometry": {"type": "Point", "coordinates": [-82.91276049999999, 42.427253300000004]}}, {"type": "Feature", "properties": {"building": "house", "source": "way"}, "geometry": {"type": "Point", "coordinates": [-82.91291349999999, 42.42730409999999]}}, {"type": "Feature", "properties": {"building": "house", "source": "way"}, "geometry": {"type": "Point", "coordinates": [-82.91304455000001, 42.4273608]}}, {"type": "Feature", "properties": {"building": "house", "source": "way"}, "geometry": {"type": "Point", "coordinates": [-82.9131712, 42.427422050000004]}}, {"type": "Feature", "properties": {"building": "house", "source": "way"}, "geometry": {"type": "Point", "coordinates": [-82.91329565000001, 42.4274705]}}, {"type": "Feature", "properties": {"building": "house", "source": "way"}, "geometry": {"type": "Point", "coordinates": [-82.91345747598314, 42.427530164435254]}}, {"type": "Feature", "properties": {"building": "house", "source": "way"}, "geometry": {"type": "Point", "coordinates": [-82.91363649999997, 42.427603899999994]}}, {"type": "Feature", "properties": {"building": "house", "source": "way"}, "geometry": {"type": "Point", "coordinates": [-82.91382170594255, 42.42767793191001]}}, {"type": "Feature", "properties": {"building": "house", "source": "way"}, "geometry": {"type": "Point", "coordinates": [-82.9139469, 42.427732]}}, {"type": "Feature", "properties": {"building": "house", "source": "way"}, "geometry": {"type": "Point", "coordinates": [-82.92067271783806, 42.43105790510475]}}, {"type": "Feature", "properties": {"building": "house", "source": "way"}, "geometry": {"type": "Point", "coordinates": [-82.92082021783807, 42.431117305104756]}}, {"type": "Feature", "properties": {"building": "house", "source": "way"}, "geometry": {"type": "Point", "coordinates": [-82.92048455000001, 42.4309976]}}, {"type": "Feature", "properties": {"building": "house", "source": "way"}, "geometry": {"type": "Point", "coordinates": [-82.92024461783807, 42.43088020510476]}}, {"type": "Feature", "properties": {"building": "house", "source": "way"}, "geometry": {"type": "Point", "coordinates": [-82.92006571783807, 42.43136900510475]}}, {"type": "Feature", "properties": {"building": "house", "source": "way"}, "geometry": {"type": "Point", "coordinates": [-82.92021791783807, 42.43143420510475]}}, {"type": "Feature", "properties": {"building": "house", "source": "way"}, "geometry": {"type": "Point", "coordinates": [-82.92036371783693, 42.431504955096074]}}, {"type": "Feature", "properties": {"building": "house", "source": "way"}, "geometry": {"type": "Point", "coordinates": [-82.92052871783805, 42.43155520510475]}}, {"type": "Feature", "properties": {"building": "house", "source": "way"}, "geometry": {"type": "Point", "coordinates": [-82.92070221783808, 42.431603905104744]}}, {"type": "Feature", "properties": {"building": "house", "source": "way"}, "geometry": {"type": "Point", "coordinates": [-82.92083531783807, 42.43167780510475]}}, {"type": "Feature", "properties": {"building": "house", "source": "way"}, "geometry": {"type": "Point", "coordinates": [-82.92113331783806, 42.431803505104746]}}, {"type": "Feature", "properties": {"building": "house", "source": "way"}, "geometry": {"type": "Point", "coordinates": [-82.92129081783807, 42.43186240510475]}}, {"type": "Feature", "properties": {"building": "house", "source": "way"}, "geometry": {"type": "Point", "coordinates": [-82.92160801783807, 42.43198420510475]}}, {"type": "Feature", "properties": {"building": "house", "source": "way"}, "geometry": {"type": "Point", "coordinates": [-82.92176881783809, 42.43204940510475]}}, {"type": "Feature", "properties": {"building": "house", "source": "way"}, "geometry": {"type": "Point", "coordinates": [-82.92191351783693, 42.43210675509607]}}, {"type": "Feature", "properties": {"building": "house", "source": "way"}, "geometry": {"type": "Point", "coordinates": [-82.92205401783805, 42.43216100510475]}}, {"type": "Feature", "properties": {"building": "house", "source": "way"}, "geometry": {"type": "Point", "coordinates": [-82.92177841783807, 42.43250900510475]}}, {"type": "Feature", "properties": {"building": "house", "source": "way"}, "geometry": {"type": "Point", "coordinates": [-82.92143867034954, 42.43234114031755]}}, {"type": "Feature", "properties": {"building": "house", "source": "way"}, "geometry": {"type": "Point", "coordinates": [-82.92107575000001, 42.43221075]}}, {"type": "Feature", "properties": {"building": "house", "source": "way"}, "geometry": {"type": "Point", "coordinates": [-82.91712665, 42.43059625]}}, {"type": "Feature", "properties": {"building": "house", "source": "way"}, "geometry": {"type": "Point", "coordinates": [-82.91745749999998, 42.430299749999996]}}, {"type": "Feature", "properties": {"building": "house", "source": "way"}, "geometry": {"type": "Point", "coordinates": [-82.9173042, 42.43023924999999]}}, {"type": "Feature", "properties": {"building": "house", "source": "way"}, "geometry": {"type": "Point", "coordinates": [-82.9171616, 42.43017639999999]}}, {"type": "Feature", "properties": {"building": "house", "source": "way"}, "geometry": {"type": "Point", "coordinates": [-82.91702, 42.4301198]}}, {"type": "Feature", "properties": {"building": "house", "source": "way"}, "geometry": {"type": "Point", "coordinates": [-82.91784069743501, 42.4304568676997]}}, {"type": "Feature", "properties": {"building": "house", "source": "way"}, "geometry": {"type": "Point", "coordinates": [-82.91676775, 42.43045370000001]}}, {"type": "Feature", "properties": {"building": "house", "source": "way"}, "geometry": {"type": "Point", "coordinates": [-82.91810254742308, 42.43099896770521]}}, {"type": "Feature", "properties": {"building": "house", "source": "way"}, "geometry": {"type": "Point", "coordinates": [-82.91744546253844, 42.430734289735526]}}, {"type": "Feature", "properties": {"building": "house", "source": "way"}, "geometry": {"type": "Point", "coordinates": [-82.91728142294178, 42.430680381282635]}}, {"type": "Feature", "properties": {"building": "house", "source": "way"}, "geometry": {"type": "Point", "coordinates": [-82.91760294425492, 42.43080396350009]}}, {"type": "Feature", "properties": {"building": "house", "source": "way"}, "geometry": {"type": "Point", "coordinates": [-82.91795802294179, 42.43092688128263]}}, {"type": "Feature", "properties": {"building": "house", "source": "way"}, "geometry": {"type": "Point", "coordinates": [-82.91829595, 42.43064215]}}, {"type": "Feature", "properties": {"building": "house", "source": "way"}, "geometry": {"type": "Point", "coordinates": [-82.9184433, 42.430707850000005]}}, {"type": "Feature", "properties": {"building": "house", "source": "way"}, "geometry": {"type": "Point", "coordinates": [-82.9185962, 42.43076864999999]}}, {"type": "Feature", "properties": {"building": "house", "source": "way"}, "geometry": {"type": "Point", "coordinates": [-82.91812501473834, 42.43058078301759]}}, {"type": "Feature", "properties": {"building": "house", "source": "way"}, "geometry": {"type": "Point", "coordinates": [-82.91911425, 42.4309816]}}, {"type": "Feature", "properties": {"building": "house", "source": "way"}, "geometry": {"type": "Point", "coordinates": [-82.91897075000001, 42.4309217]}}, {"type": "Feature", "properties": {"building": "house", "source": "way"}, "geometry": {"type": "Point", "coordinates": [-82.91925905, 42.43105485000001]}}, {"type": "Feature", "properties": {"building": "house", "source": "way"}, "geometry": {"type": "Point", "coordinates": [-82.91957625, 42.4311657]}}, {"type": "Feature", "properties": {"building": "house", "source": "way"}, "geometry": {"type": "Point", "coordinates": [-82.91828285000001, 42.43107415000001]}}, {"type": "Feature", "properties": {"building": "house", "source": "way"}, "geometry": {"type": "Point", "coordinates": [-82.91843835000002, 42.43112955000001]}}, {"type": "Feature", "properties": {"building": "house", "source": "way"}, "geometry": {"type": "Point", "coordinates": [-82.9185943, 42.431202250000005]}}, {"type": "Feature", "properties": {"building": "house", "source": "way"}, "geometry": {"type": "Point", "coordinates": [-82.91879015, 42.431279950000004]}}, {"type": "Feature", "properties": {"building": "house", "source": "way"}, "geometry": {"type": "Point", "coordinates": [-82.91911535, 42.431422950000005]}}, {"type": "Feature", "properties": {"building": "house", "source": "way"}, "geometry": {"type": "Point", "coordinates": [-82.91894429999999, 42.43135839999999]}}, {"type": "Feature", "properties": {"building": "house", "source": "way"}, "geometry": {"type": "Point", "coordinates": [-82.91932353393882, 42.431465166613776]}}, {"type": "Feature", "properties": {"building": "house", "source": "way"}, "geometry": {"type": "Point", "coordinates": [-82.91966990269577, 42.43163928238396]}}, {"type": "Feature", "properties": {"building": "house", "source": "way"}, "geometry": {"type": "Point", "coordinates": [-82.9198098, 42.431706399999996]}}, {"type": "Feature", "properties": {"building": "house", "source": "way"}, "geometry": {"type": "Point", "coordinates": [-82.9199747, 42.431773400000004]}}, {"type": "Feature", "properties": {"building": "house", "source": "way"}, "geometry": {"type": "Point", "coordinates": [-82.92014567531392, 42.43183823468416]}}, {"type": "Feature", "properties": {"building": "house", "source": "way"}, "geometry": {"type": "Point", "coordinates": [-82.9203535320829, 42.43192284739457]}}, {"type": "Feature", "properties": {"building": "house", "source": "way"}, "geometry": {"type": "Point", "coordinates": [-82.92052120000001, 42.43199165]}}, {"type": "Feature", "properties": {"building": "house", "source": "way"}, "geometry": {"type": "Point", "coordinates": [-82.92070154261056, 42.432067867911385]}}, {"type": "Feature", "properties": {"building": "house", "source": "way"}, "geometry": {"type": "Point", "coordinates": [-82.9208936678725, 42.43214295214891]}}, {"type": "Feature", "properties": {"building": "house", "source": "way"}, "geometry": {"type": "Point", "coordinates": [-82.92124530865209, 42.43228558221737]}}, {"type": "Feature", "properties": {"building": "house", "source": "way"}, "geometry": {"type": "Point", "coordinates": [-82.9216187, 42.43244575]}}, {"type": "Feature", "properties": {"building": "house", "source": "way"}, "geometry": {"type": "Point", "coordinates": [-82.92087179999999, 42.432623549999995]}}, {"type": "Feature", "properties": {"building": "house", "source": "way"}, "geometry": {"type": "Point", "coordinates": [-82.92106129999999, 42.4326974]}}, {"type": "Feature", "properties": {"building": "house", "source": "way"}, "geometry": {"type": "Point", "coordinates": [-82.92068254850915, 42.43256544513724]}}, {"type": "Feature", "properties": {"building": "house", "source": "way"}, "geometry": {"type": "Point", "coordinates": [-82.92051099999999, 42.4324845]}}, {"type": "Feature", "properties": {"building": "house", "source": "way"}, "geometry": {"type": "Point", "coordinates": [-82.92034919999999, 42.4324083]}}, {"type": "Feature", "properties": {"building": "house", "source": "way"}, "geometry": {"type": "Point", "coordinates": [-82.91972526718388, 42.432162206829126]}}, {"type": "Feature", "properties": {"building": "house", "source": "way"}, "geometry": {"type": "Point", "coordinates": [-82.91958673281576, 42.4321074431614]}}, {"type": "Feature", "properties": {"building": "house", "source": "way"}, "geometry": {"type": "Point", "coordinates": [-82.92148640740096, 42.43287073208737]}}, {"type": "Feature", "properties": {"building": "house", "source": "way"}, "geometry": {"type": "Point", "coordinates": [-82.92133839791151, 42.43281486741542]}}, {"type": "Feature", "properties": {"building": "house", "source": "way"}, "geometry": {"type": "Point", "coordinates": [-82.92120815, 42.432765800000006]}}, {"type": "Feature", "properties": {"building": "house", "source": "way"}, "geometry": {"type": "Point", "coordinates": [-82.92018673258643, 42.43234634430734]}}, {"type": "Feature", "properties": {"building": "house", "source": "way"}, "geometry": {"type": "Point", "coordinates": [-82.92003502189608, 42.43227946434474]}}, {"type": "Feature", "properties": {"building": "house", "source": "way"}, "geometry": {"type": "Point", "coordinates": [-82.9198937, 42.43222359999999]}}, {"type": "Feature", "properties": {"building": "house", "source": "way"}, "geometry": {"type": "Point", "coordinates": [-82.91942184456862, 42.43202177188238]}}, {"type": "Feature", "properties": {"building": "house", "source": "way"}, "geometry": {"type": "Point", "coordinates": [-82.91906520208848, 42.43189273258458]}}, {"type": "Feature", "properties": {"building": "house", "source": "way"}, "geometry": {"type": "Point", "coordinates": [-82.91887813258569, 42.43180659429669]}}, {"type": "Feature", "properties": {"building": "garage", "source": "way"}, "geometry": {"type": "Point", "coordinates": [-82.91959784999999, 42.43226884999999]}}, {"type": "Feature", "properties": {"building": "garage", "source": "way"}, "geometry": {"type": "Point", "coordinates": [-82.91974454999999, 42.43232214999999]}}, {"type": "Feature", "properties": {"building": "garage", "source": "way"}, "geometry": {"type": "Point", "coordinates": [-82.91945424999999, 42.43220635]}}, {"type": "Feature", "properties": {"building": "garage", "source": "way"}, "geometry": {"type": "Point", "coordinates": [-82.91929265700188, 42.43212618172363]}}, {"type": "Feature", "properties": {"building": "garage", "source": "way"}, "geometry": {"type": "Point", "coordinates": [-82.91989144999998, 42.43238255]}}, {"type": "Feature", "properties": {"building": "garage", "source": "way"}, "geometry": {"type": "Point", "coordinates": [-82.92004765000001, 42.4324464]}}, {"type": "Feature", "properties": {"building": "garage", "source": "way"}, "geometry": {"type": "Point", "coordinates": [-82.92037355000001, 42.43258005]}}, {"type": "Feature", "properties": {"building": "garage", "source": "way"}, "geometry": {"type": "Point", "coordinates": [-82.92091678172413, 42.432803846535066]}}, {"type": "Feature", "properties": {"building": "garage", "source": "way"}, "geometry": {"type": "Point", "coordinates": [-82.92107225000001, 42.43286245]}}, {"type": "Feature", "properties": {"building": "garage", "source": "way"}, "geometry": {"type": "Point", "coordinates": [-82.92120413205537, 42.43291424425693]}}, {"type": "Feature", "properties": {"building": "house", "source": "way"}, "geometry": {"type": "Point", "coordinates": [-82.91421410000001, 42.4322322]}}, {"type": "Feature", "properties": {"building": "house", "source": "way"}, "geometry": {"type": "Point", "coordinates": [-82.91434451724457, 42.432285606529675]}}, {"type": "Feature", "properties": {"building": "house", "source": "way"}, "geometry": {"type": "Point", "coordinates": [-82.91408261724456, 42.432179606529665]}}, {"type": "Feature", "properties": {"building": "house", "source": "way"}, "geometry": {"type": "Point", "coordinates": [-82.91465204999999, 42.43240779999999]}}, {"type": "Feature", "properties": {"building": "house", "source": "way"}, "geometry": {"type": "Point", "coordinates": [-82.91351405142495, 42.43194763275537]}}, {"type": "Feature", "properties": {"building": "house", "source": "way"}, "geometry": {"type": "Point", "coordinates": [-82.91338309999999, 42.4319021]}}, {"type": "Feature", "properties": {"building": "house", "source": "way"}, "geometry": {"type": "Point", "coordinates": [-82.91324118275544, 42.43183349347033]}}, {"type": "Feature", "properties": {"building": "house", "source": "way"}, "geometry": {"type": "Point", "coordinates": [-82.91308910143667, 42.43177303275025]}}, {"type": "Feature", "properties": {"building": "house", "source": "way"}, "geometry": {"type": "Point", "coordinates": [-82.91293585, 42.43171025]}}, {"type": "Feature", "properties": {"building": "house", "source": "way"}, "geometry": {"type": "Point", "coordinates": [-82.91260369642393, 42.431556367847335]}}, {"type": "Feature", "properties": {"building": "house", "source": "way"}, "geometry": {"type": "Point", "coordinates": [-82.91191814999999, 42.43129475]}}, {"type": "Feature", "properties": {"building": "house", "source": "way"}, "geometry": {"type": "Point", "coordinates": [-82.91208795000001, 42.43135005]}}, {"type": "Feature", "properties": {"building": "house", "source": "way"}, "geometry": {"type": "Point", "coordinates": [-82.91227390768927, 42.431418931956685]}}, {"type": "Feature", "properties": {"building": "house", "source": "way"}, "geometry": {"type": "Point", "coordinates": [-82.91244226032467, 42.43148978215971]}}, {"type": "Feature", "properties": {"building": "house", "source": "way"}, "geometry": {"type": "Point", "coordinates": [-82.9127689, 42.4316317]}}, {"type": "Feature", "properties": {"building": "house", "source": "way"}, "geometry": {"type": "Point", "coordinates": [-82.91170598905491, 42.43119686744775]}}, {"type": "Feature", "properties": {"building": "house", "source": "way"}, "geometry": {"type": "Point", "coordinates": [-82.91278345, 42.43463835000001]}}, {"type": "Feature", "properties": {"building": "house", "source": "way"}, "geometry": {"type": "Point", "coordinates": [-82.91263815, 42.43457475]}}, {"type": "Feature", "properties": {"building": "house", "source": "way"}, "geometry": {"type": "Point", "coordinates": [-82.91291273598937, 42.43469507264019]}}, {"type": "Feature", "properties": {"building": "house", "source": "way"}, "geometry": {"type": "Point", "coordinates": [-82.91305213003992, 42.434747442599274]}}, {"type": "Feature", "properties": {"building": "house", "source": "way"}, "geometry": {"type": "Point", "coordinates": [-82.91229824999999, 42.43443265]}}, {"type": "Feature", "properties": {"building": "house", "source": "way"}, "geometry": {"type": "Point", "coordinates": [-82.91217755593803, 42.43438018004723]}}, {"type": "Feature", "properties": {"building": "house", "source": "way"}, "geometry": {"type": "Point", "coordinates": [-82.91205546996008, 42.434334657400726]}}, {"type": "Feature", "properties": {"building": "house", "source": "way"}, "geometry": {"type": "Point", "coordinates": [-82.91192004999999, 42.43427825]}}, {"type": "Feature", "properties": {"building": "house", "source": "way"}, "geometry": {"type": "Point", "coordinates": [-82.91179126996009, 42.434227757400734]}}, {"type": "Feature", "properties": {"building": "house", "source": "way"}, "geometry": {"type": "Point", "coordinates": [-82.91166654999999, 42.4341743]}}, {"type": "Feature", "properties": {"building": "house", "source": "way"}, "geometry": {"type": "Point", "coordinates": [-82.91140505593806, 42.43406838004723]}}, {"type": "Feature", "properties": {"building": "house", "source": "way"}, "geometry": {"type": "Point", "coordinates": [-82.91127633598937, 42.43401197264019]}}, {"type": "Feature", "properties": {"building": "house", "source": "way"}, "geometry": {"type": "Point", "coordinates": [-82.91114755000001, 42.43395655]}}, {"type": "Feature", "properties": {"building": "house", "source": "way"}, "geometry": {"type": "Point", "coordinates": [-82.91101615593806, 42.433913980047244]}}, {"type": "Feature", "properties": {"building": "house", "source": "way"}, "geometry": {"type": "Point", "coordinates": [-82.91088604999997, 42.43385854999999]}}, {"type": "Feature", "properties": {"building": "house", "source": "way"}, "geometry": {"type": "Point", "coordinates": [-82.91062585593806, 42.43375758004723]}}, {"type": "Feature", "properties": {"building": "house", "source": "way"}, "geometry": {"type": "Point", "coordinates": [-82.91049043003991, 42.433704142599275]}}, {"type": "Feature", "properties": {"building": "house", "source": "way"}, "geometry": {"type": "Point", "coordinates": [-82.90997675593805, 42.43348738004723]}}, {"type": "Feature", "properties": {"building": "house", "source": "way"}, "geometry": {"type": "Point", "coordinates": [-82.90971795593805, 42.43337848004724]}}, {"type": "Feature", "properties": {"building": "house", "source": "way"}, "geometry": {"type": "Point", "coordinates": [-82.91505519661881, 42.42877306779112]}}, {"type": "Feature", "properties": {"building": "house", "source": "way"}, "geometry": {"type": "Point", "coordinates": [-82.91521149661881, 42.42882796779111]}}, {"type": "Feature", "properties": {"building": "house", "source": "way"}, "geometry": {"type": "Point", "coordinates": [-82.91489889661881, 42.42871326779111]}}, {"type": "Feature", "properties": {"building": "house", "source": "way"}, "geometry": {"type": "Point", "coordinates": [-82.91475699661882, 42.42865466779112]}}, {"type": "Feature", "properties": {"building": "house", "source": "way"}, "geometry": {"type": "Point", "coordinates": [-82.91550039661881, 42.42895956779112]}}, {"type": "Feature", "properties": {"building": "house", "source": "way"}, "geometry": {"type": "Point", "coordinates": [-82.91565339661882, 42.42902376779112]}}, {"type": "Feature", "properties": {"building": "house", "source": "way"}, "geometry": {"type": "Point", "coordinates": [-82.9158028966188, 42.42907806779112]}}, {"type": "Feature", "properties": {"building": "house", "source": "way"}, "geometry": {"type": "Point", "coordinates": [-82.9159523966188, 42.42913166779112]}}, {"type": "Feature", "properties": {"building": "house", "source": "way"}, "geometry": {"type": "Point", "coordinates": [-82.91609439661879, 42.42919526779113]}}, {"type": "Feature", "properties": {"building": "house", "source": "way"}, "geometry": {"type": "Point", "coordinates": [-82.91624049661881, 42.429247667791124]}}, {"type": "Feature", "properties": {"building": "house", "source": "way"}, "geometry": {"type": "Point", "coordinates": [-82.91654299661879, 42.429383567791106]}}, {"type": "Feature", "properties": {"building": "house", "source": "way"}, "geometry": {"type": "Point", "coordinates": [-82.9163942475941, 42.42931946759329]}}, {"type": "Feature", "properties": {"building": "house", "source": "way"}, "geometry": {"type": "Point", "coordinates": [-82.91698089661882, 42.429549967791125]}}, {"type": "Feature", "properties": {"building": "house", "source": "way"}, "geometry": {"type": "Point", "coordinates": [-82.91684131937677, 42.429496139089736]}}, {"type": "Feature", "properties": {"building": "house", "source": "way"}, "geometry": {"type": "Point", "coordinates": [-82.91668949661879, 42.42943276779111]}}, {"type": "Feature", "properties": {"building": "house", "source": "way"}, "geometry": {"type": "Point", "coordinates": [-82.91067310000001, 42.42798200000001]}}, {"type": "Feature", "properties": {"building": "house", "source": "way"}, "geometry": {"type": "Point", "coordinates": [-82.91051979999999, 42.4279195]}}, {"type": "Feature", "properties": {"building": "house", "source": "way"}, "geometry": {"type": "Point", "coordinates": [-82.91036944999998, 42.42785899999999]}}, {"type": "Feature", "properties": {"building": "house", "source": "way"}, "geometry": {"type": "Point", "coordinates": [-82.91022920000002, 42.427814749999996]}}, {"type": "Feature", "properties": {"building": "house", "source": "way"}, "geometry": {"type": "Point", "coordinates": [-82.91081806793511, 42.42804420318355]}}, {"type": "Feature", "properties": {"building": "house", "source": "way"}, "geometry": {"type": "Point", "coordinates": [-82.91097435, 42.4281091]}}, {"type": "Feature", "properties": {"building": "house", "source": "way"}, "geometry": {"type": "Point", "coordinates": [-82.91113400000002, 42.4281627]}}, {"type": "Feature", "properties": {"building": "house", "source": "way"}, "geometry": {"type": "Point", "coordinates": [-82.91128695, 42.42823130000001]}}, {"type": "Feature", "properties": {"building": "house", "source": "way"}, "geometry": {"type": "Point", "coordinates": [-82.91141960000002, 42.4282862]}}, {"type": "Feature", "properties": {"building": "house", "source": "way"}, "geometry": {"type": "Point", "coordinates": [-82.91157079999999, 42.428349799999985]}}, {"type": "Feature", "properties": {"building": "house", "source": "way"}, "geometry": {"type": "Point", "coordinates": [-82.9117110679351, 42.42840220318356]}}, {"type": "Feature", "properties": {"building": "house", "source": "way"}, "geometry": {"type": "Point", "coordinates": [-82.9118631, 42.4284658]}}, {"type": "Feature", "properties": {"building": "house", "source": "way"}, "geometry": {"type": "Point", "coordinates": [-82.91203380000003, 42.4284945]}}, {"type": "Feature", "properties": {"building": "house", "source": "way"}, "geometry": {"type": "Point", "coordinates": [-82.91233058276349, 42.42863394344451]}}, {"type": "Feature", "properties": {"building": "house", "source": "way"}, "geometry": {"type": "Point", "coordinates": [-82.9124857827635, 42.428695843444515]}}, {"type": "Feature", "properties": {"building": "house", "source": "way"}, "geometry": {"type": "Point", "coordinates": [-82.91263951723651, 42.4287576565555]}}, {"type": "Feature", "properties": {"building": "house", "source": "way"}, "geometry": {"type": "Point", "coordinates": [-82.9129394677591, 42.42889665485849]}}, {"type": "Feature", "properties": {"building": "house", "source": "way"}, "geometry": {"type": "Point", "coordinates": [-82.912784, 42.42883305]}}, {"type": "Feature", "properties": {"building": "house", "source": "way"}, "geometry": {"type": "Point", "coordinates": [-82.91219436424296, 42.42857326893815]}}, {"type": "Feature", "properties": {"building": "house", "source": "way"}, "geometry": {"type": "Point", "coordinates": [-82.91018685, 42.42880215000001]}}, {"type": "Feature", "properties": {"building": "house", "source": "way"}, "geometry": {"type": "Point", "coordinates": [-82.91032115000002, 42.42884575]}}, {"type": "Feature", "properties": {"building": "house", "source": "way"}, "geometry": {"type": "Point", "coordinates": [-82.91057545000001, 42.428959899999995]}}, {"type": "Feature", "properties": {"building": "house", "source": "way"}, "geometry": {"type": "Point", "coordinates": [-82.9104445, 42.42891315000001]}}, {"type": "Feature", "properties": {"building": "house", "source": "way"}, "geometry": {"type": "Point", "coordinates": [-82.9107021677591, 42.429016654858486]}}, {"type": "Feature", "properties": {"building": "house", "source": "way"}, "geometry": {"type": "Point", "coordinates": [-82.91083396775912, 42.429070254858495]}}, {"type": "Feature", "properties": {"building": "house", "source": "way"}, "geometry": {"type": "Point", "coordinates": [-82.91096999999999, 42.42911395]}}, {"type": "Feature", "properties": {"building": "house", "source": "way"}, "geometry": {"type": "Point", "coordinates": [-82.91110206536203, 42.42917347345]}}, {"type": "Feature", "properties": {"building": "house", "source": "way"}, "geometry": {"type": "Point", "coordinates": [-82.91122895208403, 42.42921813254671]}}, {"type": "Feature", "properties": {"building": "house", "source": "way"}, "geometry": {"type": "Point", "coordinates": [-82.91135824999999, 42.429278000000004]}}, {"type": "Feature", "properties": {"building": "house", "source": "way"}, "geometry": {"type": "Point", "coordinates": [-82.91148664999999, 42.4293335]}}, {"type": "Feature", "properties": {"building": "house", "source": "way"}, "geometry": {"type": "Point", "coordinates": [-82.91188629999999, 42.429483399999995]}}, {"type": "Feature", "properties": {"building": "house", "source": "way"}, "geometry": {"type": "Point", "coordinates": [-82.91200535208404, 42.42954363254672]}}, {"type": "Feature", "properties": {"building": "house", "source": "way"}, "geometry": {"type": "Point", "coordinates": [-82.91213376955331, 42.429595438534655]}}, {"type": "Feature", "properties": {"building": "house", "source": "way"}, "geometry": {"type": "Point", "coordinates": [-82.91174008835263, 42.429448837238525]}}, {"type": "Feature", "properties": {"building": "house", "source": "way"}, "geometry": {"type": "Point", "coordinates": [-82.91161578937998, 42.42939462651932]}}, {"type": "Feature", "properties": {"building": "house", "source": "way"}, "geometry": {"type": "Point", "coordinates": [-82.91225665965202, 42.42966073142712]}}, {"type": "Feature", "properties": {"building": "house", "source": "way"}, "geometry": {"type": "Point", "coordinates": [-82.91237754791598, 42.42969736745329]}}, {"type": "Feature", "properties": {"building": "house", "source": "way"}, "geometry": {"type": "Point", "coordinates": [-82.91033845208402, 42.430077832546715]}}, {"type": "Feature", "properties": {"building": "house", "source": "way"}, "geometry": {"type": "Point", "coordinates": [-82.91048125208404, 42.430140232546705]}}, {"type": "Feature", "properties": {"building": "house", "source": "way"}, "geometry": {"type": "Point", "coordinates": [-82.91062655208401, 42.43020193254671]}}, {"type": "Feature", "properties": {"building": "house", "source": "way"}, "geometry": {"type": "Point", "coordinates": [-82.91020835208403, 42.430024832546714]}}, {"type": "Feature", "properties": {"building": "house", "source": "way"}, "geometry": {"type": "Point", "coordinates": [-82.91111065208402, 42.430397132546716]}}, {"type": "Feature", "properties": {"building": "house", "source": "way"}, "geometry": {"type": "Point", "coordinates": [-82.91124415, 42.43044825]}}, {"type": "Feature", "properties": {"building": "house", "source": "way"}, "geometry": {"type": "Point", "coordinates": [-82.91137506745827, 42.43050250599212]}}, {"type": "Feature", "properties": {"building": "house", "source": "way"}, "geometry": {"type": "Point", "coordinates": [-82.90392862928935, 42.43350888407944]}}, {"type": "Feature", "properties": {"building": "house", "source": "way"}, "geometry": {"type": "Point", "coordinates": [-82.90375825, 42.433462899999995]}}, {"type": "Feature", "properties": {"building": "house", "source": "way"}, "geometry": {"type": "Point", "coordinates": [-82.90358991862709, 42.43340600270439]}}, {"type": "Feature", "properties": {"building": "house", "source": "way"}, "geometry": {"type": "Point", "coordinates": [-82.9040761, 42.43357079999999]}}, {"type": "Feature", "properties": {"building": "house", "source": "way"}, "geometry": {"type": "Point", "coordinates": [-82.90442516423197, 42.43369031175498]}}, {"type": "Feature", "properties": {"building": "house", "source": "way"}, "geometry": {"type": "Point", "coordinates": [-82.90461050000002, 42.4337272]}}, {"type": "Feature", "properties": {"building": "house", "source": "way"}, "geometry": {"type": "Point", "coordinates": [-82.90477921604025, 42.43379263505401]}}, {"type": "Feature", "properties": {"building": "house", "source": "way"}, "geometry": {"type": "Point", "coordinates": [-82.90493211560072, 42.433853671601426]}}, {"type": "Feature", "properties": {"building": "house", "source": "way"}, "geometry": {"type": "Point", "coordinates": [-82.90513114493018, 42.433897070280594]}}, {"type": "Feature", "properties": {"building": "house", "source": "way"}, "geometry": {"type": "Point", "coordinates": [-82.90526589507468, 42.433943526766]}}, {"type": "Feature", "properties": {"building": "house", "source": "way"}, "geometry": {"type": "Point", "coordinates": [-82.90546780551995, 42.434007496091375]}}, {"type": "Feature", "properties": {"building": "house", "source": "way"}, "geometry": {"type": "Point", "coordinates": [-82.90562340314837, 42.43405648988044]}}, {"type": "Feature", "properties": {"building": "house", "source": "way"}, "geometry": {"type": "Point", "coordinates": [-82.90581114021268, 42.43411587903985]}}, {"type": "Feature", "properties": {"building": "house", "source": "way"}, "geometry": {"type": "Point", "coordinates": [-82.90594660011405, 42.43415645882868]}}, {"type": "Feature", "properties": {"building": "house", "source": "way"}, "geometry": {"type": "Point", "coordinates": [-82.90622820873371, 42.43425098433247]}}, {"type": "Feature", "properties": {"building": "house", "source": "way"}, "geometry": {"type": "Point", "coordinates": [-82.9056716, 42.433616]}}, {"type": "Feature", "properties": {"building": "house", "source": "way"}, "geometry": {"type": "Point", "coordinates": [-82.90550866065738, 42.43356998136829]}}, {"type": "Feature", "properties": {"building": "house", "source": "way"}, "geometry": {"type": "Point", "coordinates": [-82.90585200000001, 42.43366005]}}, {"type": "Feature", "properties": {"building": "house", "source": "way"}, "geometry": {"type": "Point", "coordinates": [-82.906198, 42.4337882]}}, {"type": "Feature", "properties": {"building": "house", "source": "way"}, "geometry": {"type": "Point", "coordinates": [-82.9063522, 42.4338382]}}, {"type": "Feature", "properties": {"building": "house", "source": "way"}, "geometry": {"type": "Point", "coordinates": [-82.90604699181375, 42.43372641893107]}}, {"type": "Feature", "properties": {"building": "house", "source": "way"}, "geometry": {"type": "Point", "coordinates": [-82.90660683942983, 42.43389275224238]}}, {"type": "Feature", "properties": {"building": "house", "source": "way"}, "geometry": {"type": "Point", "coordinates": [-82.90704346065736, 42.434055381368275]}}, {"type": "Feature", "properties": {"building": "house", "source": "way"}, "geometry": {"type": "Point", "coordinates": [-82.90533300000001, 42.43350815000001]}}, {"type": "Feature", "properties": {"building": "house", "source": "way"}, "geometry": {"type": "Point", "coordinates": [-82.90516193114699, 42.433456346387345]}}, {"type": "Feature", "properties": {"building": "house", "source": "way"}, "geometry": {"type": "Point", "coordinates": [-82.90499495874393, 42.433407381151845]}}, {"type": "Feature", "properties": {"building": "house", "source": "way"}, "geometry": {"type": "Point", "coordinates": [-82.90447559124321, 42.43323611884989]}}, {"type": "Feature", "properties": {"building": "house", "source": "way"}, "geometry": {"type": "Point", "coordinates": [-82.90431665000001, 42.433190550000006]}}, {"type": "Feature", "properties": {"building": "house", "source": "way"}, "geometry": {"type": "Point", "coordinates": [-82.90414433114701, 42.43310394638735]}}, {"type": "Feature", "properties": {"building": "house", "source": "way"}, "geometry": {"type": "Point", "coordinates": [-82.9039941, 42.4330614]}}, {"type": "Feature", "properties": {"building": "house", "source": "way"}, "geometry": {"type": "Point", "coordinates": [-82.90380300000001, 42.43300795]}}, {"type": "Feature", "properties": {"building": "house", "source": "way"}, "geometry": {"type": "Point", "coordinates": [-82.90368991534595, 42.432922480097254]}}, {"type": "Feature", "properties": {"building": "house", "source": "way"}, "geometry": {"type": "Point", "coordinates": [-82.90325999999999, 42.43283434999999]}}, {"type": "Feature", "properties": {"building": "house", "source": "way"}, "geometry": {"type": "Point", "coordinates": [-82.9030795912432, 42.43277791884989]}}, {"type": "Feature", "properties": {"building": "house", "source": "way"}, "geometry": {"type": "Point", "coordinates": [-82.90466918095528, 42.433262445329945]}}, {"type": "Feature", "properties": {"building": "house", "source": "way"}, "geometry": {"type": "Point", "coordinates": [-82.90423759999999, 42.43360594999999]}}, {"type": "Feature", "properties": {"building": "house", "source": "way"}, "geometry": {"type": "Point", "coordinates": [-82.90665862239284, 42.434396715238066]}}, {"type": "Feature", "properties": {"building": "house", "source": "way"}, "geometry": {"type": "Point", "coordinates": [-82.9064977, 42.43432695]}}, {"type": "Feature", "properties": {"building": "house", "source": "way"}, "geometry": {"type": "Point", "coordinates": [-82.90691879124323, 42.43445561884988]}}, {"type": "Feature", "properties": {"building": "house", "source": "way"}, "geometry": {"type": "Point", "coordinates": [-82.90718435, 42.43454615]}}, {"type": "Feature", "properties": {"building": "house", "source": "way"}, "geometry": {"type": "Point", "coordinates": [-82.9072439, 42.433767249999995]}}, {"type": "Feature", "properties": {"building": "house", "source": "way"}, "geometry": {"type": "Point", "coordinates": [-82.90707300889703, 42.43370638797906]}}, {"type": "Feature", "properties": {"building": "house", "source": "way"}, "geometry": {"type": "Point", "coordinates": [-82.90691394999999, 42.433641550000004]}}, {"type": "Feature", "properties": {"building": "house", "source": "way"}, "geometry": {"type": "Point", "coordinates": [-82.90675213204797, 42.43356959685638]}}, {"type": "Feature", "properties": {"building": "house", "source": "way"}, "geometry": {"type": "Point", "coordinates": [-82.90658413204797, 42.43350539685638]}}, {"type": "Feature", "properties": {"building": "house", "source": "way"}, "geometry": {"type": "Point", "coordinates": [-82.90641583834064, 42.43342622890362]}}, {"type": "Feature", "properties": {"building": "house", "source": "way"}, "geometry": {"type": "Point", "coordinates": [-82.90623959999999, 42.433341549999994]}}, {"type": "Feature", "properties": {"building": "house", "source": "way"}, "geometry": {"type": "Point", "coordinates": [-82.90606597533669, 42.43325186517741]}}, {"type": "Feature", "properties": {"building": "house", "source": "way"}, "geometry": {"type": "Point", "coordinates": [-82.9058965, 42.43318595]}}, {"type": "Feature", "properties": {"building": "house", "source": "way"}, "geometry": {"type": "Point", "coordinates": [-82.90571410938189, 42.43311518230318]}}, {"type": "Feature", "properties": {"building": "house", "source": "way"}, "geometry": {"type": "Point", "coordinates": [-82.90554180938192, 42.43305678230318]}}, {"type": "Feature", "properties": {"building": "house", "source": "way"}, "geometry": {"type": "Point", "coordinates": [-82.9053346151045, 42.43299689029195]}}, {"type": "Feature", "properties": {"building": "house", "source": "way"}, "geometry": {"type": "Point", "coordinates": [-82.90515759167322, 42.43290188058758]}}, {"type": "Feature", "properties": {"building": "house", "source": "way"}, "geometry": {"type": "Point", "coordinates": [-82.9074364, 42.433817299999994]}}, {"type": "Feature", "properties": {"building": "house", "source": "way"}, "geometry": {"type": "Point", "coordinates": [-82.9076150626582, 42.433868130001784]}}, {"type": "Feature", "properties": {"building": "house", "source": "way"}, "geometry": {"type": "Point", "coordinates": [-82.90779619666795, 42.433916909736006]}}, {"type": "Feature", "properties": {"building": "house", "source": "way"}, "geometry": {"type": "Point", "coordinates": [-82.90802679999999, 42.433915999999996]}}, {"type": "Feature", "properties": {"building": "house", "source": "way"}, "geometry": {"type": "Point", "coordinates": [-82.90751659124322, 42.43340491884989]}}, {"type": "Feature", "properties": {"building": "house", "source": "way"}, "geometry": {"type": "Point", "coordinates": [-82.90769629999998, 42.433458849999994]}}, {"type": "Feature", "properties": {"building": "house", "source": "way"}, "geometry": {"type": "Point", "coordinates": [-82.90671881082447, 42.43303969316175]}}, {"type": "Feature", "properties": {"building": "house", "source": "way"}, "geometry": {"type": "Point", "coordinates": [-82.9063509, 42.432914100000005]}}, {"type": "Feature", "properties": {"building": "house", "source": "way"}, "geometry": {"type": "Point", "coordinates": [-82.9061733083581, 42.432831432218904]}}, {"type": "Feature", "properties": {"building": "house", "source": "way"}, "geometry": {"type": "Point", "coordinates": [-82.90597815000002, 42.43276095]}}, {"type": "Feature", "properties": {"building": "house", "source": "way"}, "geometry": {"type": "Point", "coordinates": [-82.90580324999999, 42.43269735]}}, {"type": "Feature", "properties": {"building": "house", "source": "way"}, "geometry": {"type": "Point", "coordinates": [-82.90561655834536, 42.43263253222131]}}, {"type": "Feature", "properties": {"building": "house", "source": "way"}, "geometry": {"type": "Point", "coordinates": [-82.90545230000001, 42.43256759999999]}}, {"type": "Feature", "properties": {"building": "house", "source": "way"}, "geometry": {"type": "Point", "coordinates": [-82.90705168078708, 42.433191766463786]}}, {"type": "Feature", "properties": {"building": "house", "source": "way"}, "geometry": {"type": "Point", "coordinates": [-82.90720217387565, 42.433264065705465]}}, {"type": "Feature", "properties": {"building": "house", "source": "way"}, "geometry": {"type": "Point", "coordinates": [-82.90735448221972, 42.43333759792626]}}, {"type": "Feature", "properties": {"building": "house", "source": "way"}, "geometry": {"type": "Point", "coordinates": [-82.90652035000001, 42.43299305]}}, {"type": "Feature", "properties": {"building": "house", "source": "way"}, "geometry": {"type": "Point", "coordinates": [-82.90687639944794, 42.433128689175376]}}, {"type": "Feature", "properties": {"building": "garage", "source": "way"}, "geometry": {"type": "Point", "coordinates": [-82.9066716, 42.432893]}}, {"type": "Feature", "properties": {"building": "garage", "source": "way"}, "geometry": {"type": "Point", "coordinates": [-82.90685365, 42.4329628]}}, {"type": "Feature", "properties": {"building": "garage", "source": "way"}, "geometry": {"type": "Point", "coordinates": [-82.90701860000001, 42.4330286]}}, {"type": "Feature", "properties": {"building": "garage", "source": "way"}, "geometry": {"type": "Point", "coordinates": [-82.90716410000002, 42.4329841]}}, {"type": "Feature", "properties": {"building": "garage", "source": "way"}, "geometry": {"type": "Point", "coordinates": [-82.9070092, 42.4329197]}}, {"type": "Feature", "properties": {"building": "garage", "source": "way"}, "geometry": {"type": "Point", "coordinates": [-82.90667799999999, 42.4327896]}}, {"type": "Feature", "properties": {"building": "garage", "source": "way"}, "geometry": {"type": "Point", "coordinates": [-82.90718155000002, 42.4330944]}}, {"type": "Feature", "properties": {"building": "garage", "source": "way"}, "geometry": {"type": "Point", "coordinates": [-82.9073264, 42.4330504]}}, {"type": "Feature", "properties": {"building": "garage", "source": "way"}, "geometry": {"type": "Point", "coordinates": [-82.9061331, 42.43266505]}}, {"type": "Feature", "properties": {"building": "garage", "source": "way"}, "geometry": {"type": "Point", "coordinates": [-82.90631701791885, 42.43274465324899]}}, {"type": "Feature", "properties": {"building": "garage", "source": "way"}, "geometry": {"type": "Point", "coordinates": [-82.90596165000001, 42.432598649999996]}}, {"type": "Feature", "properties": {"building": "garage", "source": "way"}, "geometry": {"type": "Point", "coordinates": [-82.90649622920763, 42.43283036237597]}}, {"type": "Feature", "properties": {"building": "house", "source": "way"}, "geometry": {"type": "Point", "coordinates": [-82.90479859167323, 42.43278938058758]}}, {"type": "Feature", "properties": {"building": "house", "source": "way"}, "geometry": {"type": "Point", "coordinates": [-82.90498559167321, 42.43283148058757]}}, {"type": "Feature", "properties": {"building": "house", "source": "way"}, "geometry": {"type": "Point", "coordinates": [-82.9045753871969, 42.432706466842724]}}, {"type": "Feature", "properties": {"building": "house", "source": "way"}, "geometry": {"type": "Point", "coordinates": [-82.90436339167321, 42.43260438058757]}}, {"type": "Feature", "properties": {"building": "house", "source": "way"}, "geometry": {"type": "Point", "coordinates": [-82.90409919167324, 42.43250088058758]}}, {"type": "Feature", "properties": {"building": "house", "source": "way"}, "geometry": {"type": "Point", "coordinates": [-82.90393959167324, 42.432432080587574]}}, {"type": "Feature", "properties": {"building": "house", "source": "way"}, "geometry": {"type": "Point", "coordinates": [-82.90376259167323, 42.43234108058757]}}, {"type": "Feature", "properties": {"building": "house", "source": "way"}, "geometry": {"type": "Point", "coordinates": [-82.90358419167323, 42.43226628058758]}}, {"type": "Feature", "properties": {"building": "house", "source": "way"}, "geometry": {"type": "Point", "coordinates": [-82.90335799167322, 42.43217048058757]}}, {"type": "Feature", "properties": {"building": "house", "source": "way"}, "geometry": {"type": "Point", "coordinates": [-82.90377965, 42.431888799999996]}}, {"type": "Feature", "properties": {"building": "house", "source": "way"}, "geometry": {"type": "Point", "coordinates": [-82.90398179167323, 42.43194818058757]}}, {"type": "Feature", "properties": {"building": "house", "source": "way"}, "geometry": {"type": "Point", "coordinates": [-82.90291629167322, 42.432007080587574]}}, {"type": "Feature", "properties": {"building": "house", "source": "way"}, "geometry": {"type": "Point", "coordinates": [-82.90267149167323, 42.43191128058758]}}, {"type": "Feature", "properties": {"building": "house", "source": "way"}, "geometry": {"type": "Point", "coordinates": [-82.90245959167322, 42.43184998058757]}}, {"type": "Feature", "properties": {"building": "house", "source": "way"}, "geometry": {"type": "Point", "coordinates": [-82.90273464196368, 42.43146581791434]}}, {"type": "Feature", "properties": {"building": "house", "source": "way"}, "geometry": {"type": "Point", "coordinates": [-82.90291136791141, 42.43154220238386]}}, {"type": "Feature", "properties": {"building": "house", "source": "way"}, "geometry": {"type": "Point", "coordinates": [-82.90256603208859, 42.431397197616135]}}, {"type": "Feature", "properties": {"building": "house", "source": "way"}, "geometry": {"type": "Point", "coordinates": [-82.90307229195038, 42.43160851791726]}}, {"type": "Feature", "properties": {"building": "house", "source": "way"}, "geometry": {"type": "Point", "coordinates": [-82.90463267596651, 42.43221558447706]}}, {"type": "Feature", "properties": {"building": "house", "source": "way"}, "geometry": {"type": "Point", "coordinates": [-82.90220059167322, 42.43170428058758]}}, {"type": "Feature", "properties": {"building": "house", "source": "way"}, "geometry": {"type": "Point", "coordinates": [-82.90202829167325, 42.431632080587576]}}, {"type": "Feature", "properties": {"building": "house", "source": "way"}, "geometry": {"type": "Point", "coordinates": [-82.90184649167321, 42.431589980587574]}}, {"type": "Feature", "properties": {"building": "house", "source": "way"}, "geometry": {"type": "Point", "coordinates": [-82.90165609167322, 42.43151278058758]}}, {"type": "Feature", "properties": {"building": "house", "source": "way"}, "geometry": {"type": "Point", "coordinates": [-82.90146029167323, 42.431416780587575]}}, {"type": "Feature", "properties": {"building": "house", "source": "way"}, "geometry": {"type": "Point", "coordinates": [-82.90118308012654, 42.43131737597064]}}, {"type": "Feature", "properties": {"building": "house", "source": "way"}, "geometry": {"type": "Point", "coordinates": [-82.90092725567631, 42.431227832094336]}}, {"type": "Feature", "properties": {"building": "house", "source": "way"}, "geometry": {"type": "Point", "coordinates": [-82.90004549167323, 42.43082958058757]}}, {"type": "Feature", "properties": {"building": "house", "source": "way"}, "geometry": {"type": "Point", "coordinates": [-82.90024449167322, 42.43091048058757]}}, {"type": "Feature", "properties": {"building": "house", "source": "way"}, "geometry": {"type": "Point", "coordinates": [-82.90043819167322, 42.43099218058758]}}, {"type": "Feature", "properties": {"building": "house", "source": "way"}, "geometry": {"type": "Point", "coordinates": [-82.90389833192485, 42.43041909668394]}}, {"type": "Feature", "properties": {"building": "house", "source": "way"}, "geometry": {"type": "Point", "coordinates": [-82.90399165647074, 42.43027878192401]}}, {"type": "Feature", "properties": {"building": "house", "source": "way"}, "geometry": {"type": "Point", "coordinates": [-82.90409223840173, 42.43014217859947]}}, {"type": "Feature", "properties": {"building": "house", "source": "way"}, "geometry": {"type": "Point", "coordinates": [-82.90419953192126, 42.43000804667757]}}, {"type": "Feature", "properties": {"building": "house", "source": "way"}, "geometry": {"type": "Point", "coordinates": [-82.904335, 42.42983915]}}, {"type": "Feature", "properties": {"building": "house", "source": "way"}, "geometry": {"type": "Point", "coordinates": [-82.90702460000001, 42.427676399999996]}}, {"type": "Feature", "properties": {"building": "house", "source": "way"}, "geometry": {"type": "Point", "coordinates": [-82.90679975, 42.427581849999996]}}, {"type": "Feature", "properties": {"building": "house", "source": "way"}, "geometry": {"type": "Point", "coordinates": [-82.9065725165334, 42.42748769984773]}}, {"type": "Feature", "properties": {"building": "house", "source": "way"}, "geometry": {"type": "Point", "coordinates": [-82.90725429999999, 42.4277702]}}, {"type": "Feature", "properties": {"building": "house", "source": "way"}, "geometry": {"type": "Point", "coordinates": [-82.9074993, 42.4278712]}}, {"type": "Feature", "properties": {"building": "house", "source": "way"}, "geometry": {"type": "Point", "coordinates": [-82.90772488346659, 42.42796410015226]}}, {"type": "Feature", "properties": {"building": "house", "source": "way"}, "geometry": {"type": "Point", "coordinates": [-82.90795803528843, 42.42805766653328]}}, {"type": "Feature", "properties": {"building": "house", "source": "way"}, "geometry": {"type": "Point", "coordinates": [-82.9081887, 42.4281512]}}, {"type": "Feature", "properties": {"building": "house", "source": "way"}, "geometry": {"type": "Point", "coordinates": [-82.90841371653339, 42.42824569984772]}}, {"type": "Feature", "properties": {"building": "house", "source": "way"}, "geometry": {"type": "Point", "coordinates": [-82.90631972269094, 42.42737480223317]}}, {"type": "Feature", "properties": {"building": "house", "source": "way"}, "geometry": {"type": "Point", "coordinates": [-82.9067355, 42.427295199999996]}}, {"type": "Feature", "properties": {"building": "house", "source": "way"}, "geometry": {"type": "Point", "coordinates": [-82.90696023124484, 42.42738623331441]}}, {"type": "Feature", "properties": {"building": "house", "source": "way"}, "geometry": {"type": "Point", "coordinates": [-82.90719848346657, 42.42747790015226]}}, {"type": "Feature", "properties": {"building": "house", "source": "way"}, "geometry": {"type": "Point", "coordinates": [-82.90744513528843, 42.42758266653328]}}, {"type": "Feature", "properties": {"building": "house", "source": "way"}, "geometry": {"type": "Point", "coordinates": [-82.9076724018218, 42.427674966381076]}}, {"type": "Feature", "properties": {"building": "house", "source": "way"}, "geometry": {"type": "Point", "coordinates": [-82.90789885, 42.4277691]}}, {"type": "Feature", "properties": {"building": "house", "source": "way"}, "geometry": {"type": "Point", "coordinates": [-82.90812610182181, 42.427860166381066]}}, {"type": "Feature", "properties": {"building": "house", "source": "way"}, "geometry": {"type": "Point", "coordinates": [-82.90835084999999, 42.42795559999999]}}, {"type": "Feature", "properties": {"building": "house", "source": "way"}, "geometry": {"type": "Point", "coordinates": [-82.90856725, 42.428046699999996]}}, {"type": "Feature", "properties": {"building": "house", "source": "way"}, "geometry": {"type": "Point", "coordinates": [-82.90631163124485, 42.42711683331441]}}, {"type": "Feature", "properties": {"building": "house", "source": "way"}, "geometry": {"type": "Point", "coordinates": [-82.90652208274861, 42.42720479920459]}}, {"type": "Feature", "properties": {"building": "house", "source": "way"}, "geometry": {"type": "Point", "coordinates": [-82.90678461653341, 42.428007999847736]}}, {"type": "Feature", "properties": {"building": "house", "source": "way"}, "geometry": {"type": "Point", "coordinates": [-82.90701528346658, 42.42810350015226]}}, {"type": "Feature", "properties": {"building": "house", "source": "way"}, "geometry": {"type": "Point", "coordinates": [-82.90649705, 42.428491750000006]}}, {"type": "Feature", "properties": {"building": "house", "source": "way"}, "geometry": {"type": "Point", "coordinates": [-82.9060899165334, 42.42888969984773]}}, {"type": "Feature", "properties": {"building": "house", "source": "way"}, "geometry": {"type": "Point", "coordinates": [-82.90800945, 42.42852695]}}, {"type": "Feature", "properties": {"building": "house", "source": "way"}, "geometry": {"type": "Point", "coordinates": [-82.90821274132583, 42.42859348027166]}}, {"type": "Feature", "properties": {"building": "yes", "source": "way"}, "geometry": {"type": "Point", "coordinates": [-82.90891633474811, 42.42842174076539]}}, {"type": "Feature", "properties": {"building": "house", "source": "way"}, "geometry": {"type": "Point", "coordinates": [-82.91063877636778, 42.42844919294441]}}, {"type": "Feature", "properties": {"building": "house", "source": "way"}, "geometry": {"type": "Point", "coordinates": [-82.91092376775912, 42.428575854858494]}}, {"type": "Feature", "properties": {"building": "house", "source": "way"}, "geometry": {"type": "Point", "coordinates": [-82.91107196775911, 42.4286302548585]}}, {"type": "Feature", "properties": {"building": "house", "source": "way"}, "geometry": {"type": "Point", "coordinates": [-82.91077864287789, 42.428501126511705]}}, {"type": "Feature", "properties": {"building": "house", "source": "way"}, "geometry": {"type": "Point", "coordinates": [-82.9104906, 42.42838545000001]}}, {"type": "Feature", "properties": {"building": "house", "source": "way"}, "geometry": {"type": "Point", "coordinates": [-82.91035027168701, 42.42832541686999]}}, {"type": "Feature", "properties": {"building": "house", "source": "way"}, "geometry": {"type": "Point", "coordinates": [-82.91150976775913, 42.4288108548585]}}, {"type": "Feature", "properties": {"building": "house", "source": "way"}, "geometry": {"type": "Point", "coordinates": [-82.91166536775908, 42.42886035485849]}}, {"type": "Feature", "properties": {"building": "house", "source": "way"}, "geometry": {"type": "Point", "coordinates": [-82.9117933677591, 42.42893115485849]}}, {"type": "Feature", "properties": {"building": "house", "source": "way"}, "geometry": {"type": "Point", "coordinates": [-82.91195096775911, 42.42899305485849]}}, {"type": "Feature", "properties": {"building": "house", "source": "way"}, "geometry": {"type": "Point", "coordinates": [-82.91209986775912, 42.4290400548585]}}, {"type": "Feature", "properties": {"building": "house", "source": "way"}, "geometry": {"type": "Point", "coordinates": [-82.91224066775912, 42.4291113548585]}}, {"type": "Feature", "properties": {"building": "house", "source": "way"}, "geometry": {"type": "Point", "coordinates": [-82.91239335308147, 42.42916491484923]}}, {"type": "Feature", "properties": {"building": "house", "source": "way"}, "geometry": {"type": "Point", "coordinates": [-82.91254506775911, 42.42921575485849]}}, {"type": "Feature", "properties": {"building": "house", "source": "way"}, "geometry": {"type": "Point", "coordinates": [-82.9126758677591, 42.429275254858496]}}, {"type": "Feature", "properties": {"building": "house", "source": "way"}, "geometry": {"type": "Point", "coordinates": [-82.9113705679944, 42.428739874217854]}}, {"type": "Feature", "properties": {"building": "house", "source": "way"}, "geometry": {"type": "Point", "coordinates": [-82.91121525, 42.4286966]}}, {"type": "Feature", "properties": {"building": "house", "source": "way"}, "geometry": {"type": "Point", "coordinates": [-82.91020576775911, 42.42825885485849]}}, {"type": "Feature", "properties": {"building": "house", "source": "way"}, "geometry": {"type": "Point", "coordinates": [-82.9112576677591, 42.427746154858504]}}, {"type": "Feature", "properties": {"building": "house", "source": "way"}, "geometry": {"type": "Point", "coordinates": [-82.91139516775911, 42.42783525485849]}}, {"type": "Feature", "properties": {"building": "house", "source": "way"}, "geometry": {"type": "Point", "coordinates": [-82.9115540677591, 42.4278813548585]}}, {"type": "Feature", "properties": {"building": "house", "source": "way"}, "geometry": {"type": "Point", "coordinates": [-82.91172106775912, 42.42793775485849]}}, {"type": "Feature", "properties": {"building": "house", "source": "way"}, "geometry": {"type": "Point", "coordinates": [-82.91110676775912, 42.42768775485849]}}, {"type": "Feature", "properties": {"building": "house", "source": "way"}, "geometry": {"type": "Point", "coordinates": [-82.91094716775912, 42.42764125485849]}}, {"type": "Feature", "properties": {"building": "house", "source": "way"}, "geometry": {"type": "Point", "coordinates": [-82.91079026775911, 42.4275868548585]}}, {"type": "Feature", "properties": {"building": "house", "source": "way"}, "geometry": {"type": "Point", "coordinates": [-82.91065216775911, 42.42752245485849]}}, {"type": "Feature", "properties": {"building": "house", "source": "way"}, "geometry": {"type": "Point", "coordinates": [-82.9105066677591, 42.427453154858476]}}, {"type": "Feature", "properties": {"building": "house", "source": "way"}, "geometry": {"type": "Point", "coordinates": [-82.91036856775911, 42.427384354858496]}}, {"type": "Feature", "properties": {"building": "house", "source": "way"}, "geometry": {"type": "Point", "coordinates": [-82.9124571677591, 42.42824975485849]}}, {"type": "Feature", "properties": {"building": "house", "source": "way"}, "geometry": {"type": "Point", "coordinates": [-82.91221176775912, 42.42815225485849]}}, {"type": "Feature", "properties": {"building": "house", "source": "way"}, "geometry": {"type": "Point", "coordinates": [-82.91271136775912, 42.42834235485849]}}, {"type": "Feature", "properties": {"building": "house", "source": "way"}, "geometry": {"type": "Point", "coordinates": [-82.91290576775911, 42.42845465485849]}}, {"type": "Feature", "properties": {"building": "house", "source": "way"}, "geometry": {"type": "Point", "coordinates": [-82.91306536775912, 42.4285076548585]}}, {"type": "Feature", "properties": {"building": "house", "source": "way"}, "geometry": {"type": "Point", "coordinates": [-82.91318876775911, 42.4285506548585]}}, {"type": "Feature", "properties": {"building": "house", "source": "way"}, "geometry": {"type": "Point", "coordinates": [-82.91349680110193, 42.42813448287419]}}, {"type": "Feature", "properties": {"building": "house", "source": "way"}, "geometry": {"type": "Point", "coordinates": [-82.91334290110193, 42.4280755828742]}}, {"type": "Feature", "properties": {"building": "house", "source": "way"}, "geometry": {"type": "Point", "coordinates": [-82.9131857488869, 42.42801291713018]}}, {"type": "Feature", "properties": {"building": "house", "source": "way"}, "geometry": {"type": "Point", "coordinates": [-82.9128803488869, 42.42788631713018]}}, {"type": "Feature", "properties": {"building": "house", "source": "way"}, "geometry": {"type": "Point", "coordinates": [-82.91272078734796, 42.427831468239845]}}, {"type": "Feature", "properties": {"building": "house", "source": "way"}, "geometry": {"type": "Point", "coordinates": [-82.91258128398262, 42.42776377611835]}}, {"type": "Feature", "properties": {"building": "house", "source": "way"}, "geometry": {"type": "Point", "coordinates": [-82.9124324, 42.4277005]}}, {"type": "Feature", "properties": {"building": "house", "source": "way"}, "geometry": {"type": "Point", "coordinates": [-82.91228019889806, 42.4276480171258]}}, {"type": "Feature", "properties": {"building": "house", "source": "way"}, "geometry": {"type": "Point", "coordinates": [-82.91211321601736, 42.42758762388166]}}, {"type": "Feature", "properties": {"building": "house", "source": "way"}, "geometry": {"type": "Point", "coordinates": [-82.9119871511131, 42.42752678286982]}}, {"type": "Feature", "properties": {"building": "house", "source": "way"}, "geometry": {"type": "Point", "coordinates": [-82.91131229889807, 42.42723371712581]}}, {"type": "Feature", "properties": {"building": "house", "source": "way"}, "geometry": {"type": "Point", "coordinates": [-82.9114602511131, 42.42730288286982]}}, {"type": "Feature", "properties": {"building": "house", "source": "way"}, "geometry": {"type": "Point", "coordinates": [-82.91161991824353, 42.42735708962075]}}, {"type": "Feature", "properties": {"building": "house", "source": "way"}, "geometry": {"type": "Point", "coordinates": [-82.91114790752793, 42.427197871993776]}}, {"type": "Feature", "properties": {"building": "house", "source": "way"}, "geometry": {"type": "Point", "coordinates": [-82.91098890319066, 42.42713377511111]}}, {"type": "Feature", "properties": {"building": "house", "source": "way"}, "geometry": {"type": "Point", "coordinates": [-82.91082526185605, 42.42707038846608]}}, {"type": "Feature", "properties": {"building": "yes", "source": "way"}, "geometry": {"type": "Point", "coordinates": [-82.90901336487737, 42.43306142657346]}}, {"type": "Feature", "properties": {"building": "yes", "source": "way"}, "geometry": {"type": "Point", "coordinates": [-82.9089650887474, 42.43289190253981]}}, {"type": "Feature", "properties": {"building": "yes", "source": "way"}, "geometry": {"type": "Point", "coordinates": [-82.90903268635822, 42.43321270557171]}}, {"type": "Feature", "properties": {"building": "yes", "source": "way"}, "geometry": {"type": "Point", "coordinates": [-82.90973967886615, 42.42855273255816]}}, {"type": "Feature", "properties": {"building": "yes", "source": "way"}, "geometry": {"type": "Point", "coordinates": [-82.90195813794756, 42.42610078406279]}}, {"type": "Feature", "properties": {"building": "yes", "source": "way"}, "geometry": {"type": "Point", "coordinates": [-82.9005434500265, 42.42519478873277]}}, {"type": "Feature", "properties": {"building": "yes", "source": "way"}, "geometry": {"type": "Point", "coordinates": [-82.91458238763481, 42.42234972679077]}}, {"type": "Feature", "properties": {"building": "yes", "source": "way"}, "geometry": {"type": "Point", "coordinates": [-82.9146857, 42.422266199999996]}}, {"type": "Feature", "properties": {"building": "yes", "source": "way"}, "geometry": {"type": "Point", "coordinates": [-82.91472213641066, 42.42215346877825]}}, {"type": "Feature", "properties": {"building": "yes", "source": "way"}, "geometry": {"type": "Point", "coordinates": [-82.91480795000001, 42.422064500000005]}}, {"type": "Feature", "properties": {"building": "yes", "source": "way"}, "geometry": {"type": "Point", "coordinates": [-82.91489446356911, 42.4219667830621]}}, {"type": "Feature", "properties": {"building": "yes", "source": "way"}, "geometry": {"type": "Point", "coordinates": [-82.91494802588761, 42.42185813535985]}}, {"type": "Feature", "properties": {"building": "yes", "source": "way"}, "geometry": {"type": "Point", "coordinates": [-82.91503813249537, 42.42176984907208]}}, {"type": "Feature", "properties": {"building": "yes", "source": "way"}, "geometry": {"type": "Point", "coordinates": [-82.91509201818832, 42.42166175321021]}}, {"type": "Feature", "properties": {"building": "yes", "source": "way"}, "geometry": {"type": "Point", "coordinates": [-82.91515849999999, 42.421560400000004]}}, {"type": "Feature", "properties": {"building": "yes", "source": "way"}, "geometry": {"type": "Point", "coordinates": [-82.91522626931003, 42.4214571553363]}}, {"type": "Feature", "properties": {"building": "yes", "source": "way"}, "geometry": {"type": "Point", "coordinates": [-82.9153094308092, 42.42136484715429]}}, {"type": "Feature", "properties": {"building": "yes", "source": "way"}, "geometry": {"type": "Point", "coordinates": [-82.91540375, 42.4212774]}}, {"type": "Feature", "properties": {"building": "yes", "source": "way"}, "geometry": {"type": "Point", "coordinates": [-82.91545981858832, 42.4211698537601]}}, {"type": "Feature", "properties": {"building": "yes", "source": "way"}, "geometry": {"type": "Point", "coordinates": [-82.91596975291547, 42.42136366755525]}}, {"type": "Feature", "properties": {"building": "yes", "source": "way"}, "geometry": {"type": "Point", "coordinates": [-82.91593186850821, 42.42147860350556]}}, {"type": "Feature", "properties": {"building": "yes", "source": "way"}, "geometry": {"type": "Point", "coordinates": [-82.9158345810786, 42.42156909690886]}}, {"type": "Feature", "properties": {"building": "yes", "source": "way"}, "geometry": {"type": "Point", "coordinates": [-82.91580185000001, 42.4216826]}}, {"type": "Feature", "properties": {"building": "yes", "source": "way"}, "geometry": {"type": "Point", "coordinates": [-82.91571435, 42.4217756]}}, {"type": "Feature", "properties": {"building": "yes", "source": "way"}, "geometry": {"type": "Point", "coordinates": [-82.91561879150863, 42.42186094965471]}}, {"type": "Feature", "properties": {"building": "yes", "source": "way"}, "geometry": {"type": "Point", "coordinates": [-82.91553401704005, 42.42195930045502]}}, {"type": "Feature", "properties": {"building": "yes", "source": "way"}, "geometry": {"type": "Point", "coordinates": [-82.91547225113932, 42.422059003078616]}}, {"type": "Feature", "properties": {"building": "yes", "source": "way"}, "geometry": {"type": "Point", "coordinates": [-82.91541656794058, 42.422168353041826]}}, {"type": "Feature", "properties": {"building": "yes", "source": "way"}, "geometry": {"type": "Point", "coordinates": [-82.91535279053457, 42.422267355540846]}}, {"type": "Feature", "properties": {"building": "yes", "source": "way"}, "geometry": {"type": "Point", "coordinates": [-82.91526698092183, 42.42236399753342]}}, {"type": "Feature", "properties": {"building": "yes", "source": "way"}, "geometry": {"type": "Point", "coordinates": [-82.91519885000001, 42.4224634]}}, {"type": "Feature", "properties": {"building": "yes", "source": "way"}, "geometry": {"type": "Point", "coordinates": [-82.91509686666666, 42.42254776666666]}}, {"type": "Feature", "properties": {"building": "yes", "source": "way"}, "geometry": {"type": "Point", "coordinates": [-82.91469005, 42.422404050000004]}}, {"type": "Feature", "properties": {"building": "yes", "source": "way"}, "geometry": {"type": "Point", "coordinates": [-82.91491305, 42.42219719999999]}}, {"type": "Feature", "properties": {"building": "yes", "source": "way"}, "geometry": {"type": "Point", "coordinates": [-82.91497225, 42.42240055]}}, {"type": "Feature", "properties": {"building": "yes", "source": "way"}, "geometry": {"type": "Point", "coordinates": [-82.91509324331737, 42.422015918110766]}}, {"type": "Feature", "properties": {"building": "yes", "source": "way"}, "geometry": {"type": "Point", "coordinates": [-82.91501443067858, 42.42211864355581]}}, {"type": "Feature", "properties": {"building": "yes", "source": "way"}, "geometry": {"type": "Point", "coordinates": [-82.91512805960974, 42.422202580985726]}}, {"type": "Feature", "properties": {"building": "yes", "source": "way"}, "geometry": {"type": "Point", "coordinates": [-82.9152386, 42.42212935]}}, {"type": "Feature", "properties": {"building": "yes", "source": "way"}, "geometry": {"type": "Point", "coordinates": [-82.9153273, 42.4219097]}}, {"type": "Feature", "properties": {"building": "yes", "source": "way"}, "geometry": {"type": "Point", "coordinates": [-82.91507575000001, 42.42187680000001]}}, {"type": "Feature", "properties": {"building": "yes", "source": "way"}, "geometry": {"type": "Point", "coordinates": [-82.91563003098423, 42.42151439620321]}}, {"type": "Feature", "properties": {"building": "yes", "source": "way"}, "geometry": {"type": "Point", "coordinates": [-82.91561513782361, 42.42132902780306]}}, {"type": "Feature", "properties": {"building": "yes", "source": "way"}, "geometry": {"type": "Point", "coordinates": [-82.91568658241758, 42.42123854287818]}}, {"type": "Feature", "properties": {"building": "yes", "source": "way"}, "geometry": {"type": "Point", "coordinates": [-82.91543808922502, 42.42137921667682]}}, {"type": "Feature", "properties": {"building": "yes", "source": "way"}, "geometry": {"type": "Point", "coordinates": [-82.91495233299779, 42.420941554843026]}}, {"type": "Feature", "properties": {"building": "yes", "source": "way"}, "geometry": {"type": "Point", "coordinates": [-82.9149031, 42.42105615]}}, {"type": "Feature", "properties": {"building": "yes", "source": "way"}, "geometry": {"type": "Point", "coordinates": [-82.91485163251915, 42.42115990254613]}}, {"type": "Feature", "properties": {"building": "yes", "source": "way"}, "geometry": {"type": "Point", "coordinates": [-82.9147852186502, 42.42126495457162]}}, {"type": "Feature", "properties": {"building": "yes", "source": "way"}, "geometry": {"type": "Point", "coordinates": [-82.91468440921248, 42.421348561972614]}}, {"type": "Feature", "properties": {"building": "yes", "source": "way"}, "geometry": {"type": "Point", "coordinates": [-82.91461025512442, 42.42144631572891]}}, {"type": "Feature", "properties": {"building": "yes", "source": "way"}, "geometry": {"type": "Point", "coordinates": [-82.91453372279287, 42.421545132676]}}, {"type": "Feature", "properties": {"building": "yes", "source": "way"}, "geometry": {"type": "Point", "coordinates": [-82.91441359999999, 42.421400000000006]}}, {"type": "Feature", "properties": {"building": "yes", "source": "way"}, "geometry": {"type": "Point", "coordinates": [-82.9144650597246, 42.42164243273142]}}, {"type": "Feature", "properties": {"building": "yes", "source": "way"}, "geometry": {"type": "Point", "coordinates": [-82.91439023260936, 42.421740999090055]}}, {"type": "Feature", "properties": {"building": "yes", "source": "way"}, "geometry": {"type": "Point", "coordinates": [-82.9143257427822, 42.42184655287681]}}, {"type": "Feature", "properties": {"building": "yes", "source": "way"}, "geometry": {"type": "Point", "coordinates": [-82.91426849881887, 42.421951172100236]}}, {"type": "Feature", "properties": {"building": "yes", "source": "way"}, "geometry": {"type": "Point", "coordinates": [-82.91417076645563, 42.42203882630961]}}, {"type": "Feature", "properties": {"building": "yes", "source": "way"}, "geometry": {"type": "Point", "coordinates": [-82.91407985000001, 42.42213404999999]}}, {"type": "Feature", "properties": {"building": "yes", "source": "way"}, "geometry": {"type": "Point", "coordinates": [-82.913915, 42.422050550000016]}}, {"type": "Feature", "properties": {"building": "yes", "source": "way"}, "geometry": {"type": "Point", "coordinates": [-82.91162589999999, 42.4210497]}}, {"type": "Feature", "properties": {"building": "yes", "source": "way"}, "geometry": {"type": "Point", "coordinates": [-82.9117469682212, 42.421118103882435]}}, {"type": "Feature", "properties": {"building": "yes", "source": "way"}, "geometry": {"type": "Point", "coordinates": [-82.91189747437816, 42.42115604032284]}}, {"type": "Feature", "properties": {"building": "yes", "source": "way"}, "geometry": {"type": "Point", "coordinates": [-82.91202253135403, 42.42121609594753]}}, {"type": "Feature", "properties": {"building": "yes", "source": "way"}, "geometry": {"type": "Point", "coordinates": [-82.91216297655802, 42.42126626960411]}}, {"type": "Feature", "properties": {"building": "yes", "source": "way"}, "geometry": {"type": "Point", "coordinates": [-82.91230191812052, 42.421310956539585]}}, {"type": "Feature", "properties": {"building": "yes", "source": "way"}, "geometry": {"type": "Point", "coordinates": [-82.91242282929854, 42.42137686103293]}}, {"type": "Feature", "properties": {"building": "yes", "source": "way"}, "geometry": {"type": "Point", "coordinates": [-82.91254929299691, 42.42143921862989]}}, {"type": "Feature", "properties": {"building": "yes", "source": "way"}, "geometry": {"type": "Point", "coordinates": [-82.9126822, 42.42149104999999]}}, {"type": "Feature", "properties": {"building": "yes", "source": "way"}, "geometry": {"type": "Point", "coordinates": [-82.91282665310328, 42.421534081720445]}}, {"type": "Feature", "properties": {"building": "yes", "source": "way"}, "geometry": {"type": "Point", "coordinates": [-82.91295619828402, 42.42159628038289]}}, {"type": "Feature", "properties": {"building": "yes", "source": "way"}, "geometry": {"type": "Point", "coordinates": [-82.91308661848232, 42.42164480473446]}}, {"type": "Feature", "properties": {"building": "yes", "source": "way"}, "geometry": {"type": "Point", "coordinates": [-82.91322089656323, 42.42171746788409]}}, {"type": "Feature", "properties": {"building": "yes", "source": "way"}, "geometry": {"type": "Point", "coordinates": [-82.91350555092188, 42.421806564587456]}}, {"type": "Feature", "properties": {"building": "yes", "source": "way"}, "geometry": {"type": "Point", "coordinates": [-82.91362234999998, 42.42188005]}}, {"type": "Feature", "properties": {"building": "yes", "source": "way"}, "geometry": {"type": "Point", "coordinates": [-82.91344561809531, 42.421580353173425]}}, {"type": "Feature", "properties": {"building": "yes", "source": "way"}, "geometry": {"type": "Point", "coordinates": [-82.91334926968423, 42.421767054680586]}}, {"type": "Feature", "properties": {"building": "yes", "source": "way"}, "geometry": {"type": "Point", "coordinates": [-82.9131748428234, 42.42146406835694]}}, {"type": "Feature", "properties": {"building": "yes", "source": "way"}, "geometry": {"type": "Point", "coordinates": [-82.9130459411031, 42.42141271900632]}}, {"type": "Feature", "properties": {"building": "yes", "source": "way"}, "geometry": {"type": "Point", "coordinates": [-82.91259505000001, 42.4213175]}}, {"type": "Feature", "properties": {"building": "yes", "source": "way"}, "geometry": {"type": "Point", "coordinates": [-82.9123434318122, 42.42118109361123]}}, {"type": "Feature", "properties": {"building": "yes", "source": "way"}, "geometry": {"type": "Point", "coordinates": [-82.91071545418099, 42.42146276747341]}}, {"type": "Feature", "properties": {"building": "yes", "source": "way"}, "geometry": {"type": "Point", "coordinates": [-82.91062355, 42.42226]}}, {"type": "Feature", "properties": {"building": "yes", "source": "way"}, "geometry": {"type": "Point", "coordinates": [-82.9104978569721, 42.42249156193058]}}, {"type": "Feature", "properties": {"building": "yes", "source": "way"}, "geometry": {"type": "Point", "coordinates": [-82.91073046851368, 42.42112405295857]}}, {"type": "Feature", "properties": {"building": "yes", "source": "way"}, "geometry": {"type": "Point", "coordinates": [-82.91113400498081, 42.42133388189532]}}, {"type": "Feature", "properties": {"building": "yes", "source": "way"}, "geometry": {"type": "Point", "coordinates": [-82.9110430681177, 42.42146725582396]}}, {"type": "Feature", "properties": {"building": "yes", "source": "way"}, "geometry": {"type": "Point", "coordinates": [-82.9113919, 42.4214398]}}, {"type": "Feature", "properties": {"building": "yes", "source": "way"}, "geometry": {"type": "Point", "coordinates": [-82.91151931816198, 42.42149135332538]}}, {"type": "Feature", "properties": {"building": "yes", "source": "way"}, "geometry": {"type": "Point", "coordinates": [-82.91166509999998, 42.42156814999999]}}, {"type": "Feature", "properties": {"building": "yes", "source": "way"}, "geometry": {"type": "Point", "coordinates": [-82.9117918, 42.42163295000001]}}, {"type": "Feature", "properties": {"building": "yes", "source": "way"}, "geometry": {"type": "Point", "coordinates": [-82.9119327595301, 42.421668785752956]}}, {"type": "Feature", "properties": {"building": "yes", "source": "way"}, "geometry": {"type": "Point", "coordinates": [-82.91205436724844, 42.42173416232235]}}, {"type": "Feature", "properties": {"building": "yes", "source": "way"}, "geometry": {"type": "Point", "coordinates": [-82.91219098798182, 42.421776809842434]}}, {"type": "Feature", "properties": {"building": "yes", "source": "way"}, "geometry": {"type": "Point", "coordinates": [-82.91231570000001, 42.4218312]}}, {"type": "Feature", "properties": {"building": "yes", "source": "way"}, "geometry": {"type": "Point", "coordinates": [-82.91246191820167, 42.42187725293981]}}, {"type": "Feature", "properties": {"building": "yes", "source": "way"}, "geometry": {"type": "Point", "coordinates": [-82.91259886809972, 42.42195310686299]}}, {"type": "Feature", "properties": {"building": "yes", "source": "way"}, "geometry": {"type": "Point", "coordinates": [-82.91275049716243, 42.42201116795746]}}, {"type": "Feature", "properties": {"building": "yes", "source": "way"}, "geometry": {"type": "Point", "coordinates": [-82.91290592497126, 42.42206244117902]}}, {"type": "Feature", "properties": {"building": "yes", "source": "way"}, "geometry": {"type": "Point", "coordinates": [-82.91303766048355, 42.422125030850715]}}, {"type": "Feature", "properties": {"building": "yes", "source": "way"}, "geometry": {"type": "Point", "coordinates": [-82.91316829266918, 42.422177180550555]}}, {"type": "Feature", "properties": {"building": "yes", "source": "way"}, "geometry": {"type": "Point", "coordinates": [-82.91330175000002, 42.422217450000005]}}, {"type": "Feature", "properties": {"building": "yes", "source": "way"}, "geometry": {"type": "Point", "coordinates": [-82.91343158150306, 42.422270596382944]}}, {"type": "Feature", "properties": {"building": "yes", "source": "way"}, "geometry": {"type": "Point", "coordinates": [-82.91356392445871, 42.42233799506792]}}, {"type": "Feature", "properties": {"building": "yes", "source": "way"}, "geometry": {"type": "Point", "coordinates": [-82.91369517855279, 42.42238628497088]}}, {"type": "Feature", "properties": {"building": "yes", "source": "way"}, "geometry": {"type": "Point", "coordinates": [-82.9135816, 42.422462900000006]}}, {"type": "Feature", "properties": {"building": "yes", "source": "way"}, "geometry": {"type": "Point", "coordinates": [-82.91371952634879, 42.42252116377192]}}, {"type": "Feature", "properties": {"building": "yes", "source": "way"}, "geometry": {"type": "Point", "coordinates": [-82.9138235, 42.4224411]}}, {"type": "Feature", "properties": {"building": "yes", "source": "way"}, "geometry": {"type": "Point", "coordinates": [-82.9139591210792, 42.42247241523317]}}, {"type": "Feature", "properties": {"building": "yes", "source": "way"}, "geometry": {"type": "Point", "coordinates": [-82.91409100902962, 42.4225282309859]}}, {"type": "Feature", "properties": {"building": "yes", "source": "way"}, "geometry": {"type": "Point", "coordinates": [-82.91421459648042, 42.422593068093775]}}, {"type": "Feature", "properties": {"building": "yes", "source": "way"}, "geometry": {"type": "Point", "coordinates": [-82.91435430000001, 42.42263135]}}, {"type": "Feature", "properties": {"building": "yes", "source": "way"}, "geometry": {"type": "Point", "coordinates": [-82.91447893015251, 42.42269095392426]}}, {"type": "Feature", "properties": {"building": "yes", "source": "way"}, "geometry": {"type": "Point", "coordinates": [-82.91460096782887, 42.42276580787591]}}, {"type": "Feature", "properties": {"building": "yes", "source": "way"}, "geometry": {"type": "Point", "coordinates": [-82.91473379634999, 42.4228194682576]}}, {"type": "Feature", "properties": {"building": "yes", "source": "way"}, "geometry": {"type": "Point", "coordinates": [-82.91486879540736, 42.42288512815189]}}, {"type": "Feature", "properties": {"building": "yes", "source": "way"}, "geometry": {"type": "Point", "coordinates": [-82.9150025547682, 42.42293568115804]}}, {"type": "Feature", "properties": {"building": "yes", "source": "way"}, "geometry": {"type": "Point", "coordinates": [-82.91513894389703, 42.42299936119791]}}, {"type": "Feature", "properties": {"building": "yes", "source": "way"}, "geometry": {"type": "Point", "coordinates": [-82.91527501865241, 42.42304940714866]}}, {"type": "Feature", "properties": {"building": "yes", "source": "way"}, "geometry": {"type": "Point", "coordinates": [-82.91554713525473, 42.42316007658052]}}, {"type": "Feature", "properties": {"building": "yes", "source": "way"}, "geometry": {"type": "Point", "coordinates": [-82.91568617282044, 42.42320978862824]}}, {"type": "Feature", "properties": {"building": "yes", "source": "way"}, "geometry": {"type": "Point", "coordinates": [-82.91581168124415, 42.423525946106714]}}, {"type": "Feature", "properties": {"building": "yes", "source": "way"}, "geometry": {"type": "Point", "coordinates": [-82.91575382373486, 42.423675991258605]}}, {"type": "Feature", "properties": {"building": "yes", "source": "way"}, "geometry": {"type": "Point", "coordinates": [-82.91560580000001, 42.423606899999996]}}, {"type": "Feature", "properties": {"building": "yes", "source": "way"}, "geometry": {"type": "Point", "coordinates": [-82.91583930489853, 42.42326949372534]}}, {"type": "Feature", "properties": {"building": "yes", "source": "way"}, "geometry": {"type": "Point", "coordinates": [-82.91540588217214, 42.42311314393493]}}, {"type": "Feature", "properties": {"building": "yes", "source": "way"}, "geometry": {"type": "Point", "coordinates": [-82.91528410482728, 42.42320893216004]}}, {"type": "Feature", "properties": {"building": "yes", "source": "way"}, "geometry": {"type": "Point", "coordinates": [-82.91542197419112, 42.423263835789456]}}, {"type": "Feature", "properties": {"building": "yes", "source": "way"}, "geometry": {"type": "Point", "coordinates": [-82.91556306021891, 42.423315421747546]}}, {"type": "Feature", "properties": {"building": "yes", "source": "way"}, "geometry": {"type": "Point", "coordinates": [-82.91516760000002, 42.42344035000001]}}, {"type": "Feature", "properties": {"building": "yes", "source": "way"}, "geometry": {"type": "Point", "coordinates": [-82.9153292819374, 42.42348969140057]}}, {"type": "Feature", "properties": {"building": "yes", "source": "way"}, "geometry": {"type": "Point", "coordinates": [-82.91500525803897, 42.423366903966354]}}, {"type": "Feature", "properties": {"building": "yes", "source": "way"}, "geometry": {"type": "Point", "coordinates": [-82.91483419170613, 42.423314468629655]}}, {"type": "Feature", "properties": {"building": "yes", "source": "way"}, "geometry": {"type": "Point", "coordinates": [-82.91467856666723, 42.42324082454844]}}, {"type": "Feature", "properties": {"building": "yes", "source": "way"}, "geometry": {"type": "Point", "coordinates": [-82.91452427723539, 42.42317642839496]}}, {"type": "Feature", "properties": {"building": "yes", "source": "way"}, "geometry": {"type": "Point", "coordinates": [-82.91434920000002, 42.42311935]}}, {"type": "Feature", "properties": {"building": "yes", "source": "way"}, "geometry": {"type": "Point", "coordinates": [-82.9142117457985, 42.42305056219735]}}, {"type": "Feature", "properties": {"building": "yes", "source": "way"}, "geometry": {"type": "Point", "coordinates": [-82.91406413729516, 42.422995491840105]}}, {"type": "Feature", "properties": {"building": "yes", "source": "way"}, "geometry": {"type": "Point", "coordinates": [-82.91391767897221, 42.42293955324207]}}, {"type": "Feature", "properties": {"building": "yes", "source": "way"}, "geometry": {"type": "Point", "coordinates": [-82.91375636043017, 42.422892672055646]}}, {"type": "Feature", "properties": {"building": "yes", "source": "way"}, "geometry": {"type": "Point", "coordinates": [-82.91361385, 42.422831]}}, {"type": "Feature", "properties": {"building": "yes", "source": "way"}, "geometry": {"type": "Point", "coordinates": [-82.91348284999998, 42.422762250000005]}}, {"type": "Feature", "properties": {"building": "yes", "source": "way"}, "geometry": {"type": "Point", "coordinates": [-82.91355725, 42.42261575]}}, {"type": "Feature", "properties": {"building": "yes", "source": "way"}, "geometry": {"type": "Point", "coordinates": [-82.91384025128049, 42.42272913253155]}}, {"type": "Feature", "properties": {"building": "yes", "source": "way"}, "geometry": {"type": "Point", "coordinates": [-82.91426140000002, 42.422901350000004]}}, {"type": "Feature", "properties": {"building": "yes", "source": "way"}, "geometry": {"type": "Point", "coordinates": [-82.91439565591874, 42.42296583158585]}}, {"type": "Feature", "properties": {"building": "yes", "source": "way"}, "geometry": {"type": "Point", "coordinates": [-82.91446108112136, 42.422872594452045]}}, {"type": "Feature", "properties": {"building": "yes", "source": "way"}, "geometry": {"type": "Point", "coordinates": [-82.91460125, 42.42293169999999]}}, {"type": "Feature", "properties": {"building": "yes", "source": "way"}, "geometry": {"type": "Point", "coordinates": [-82.9145609, 42.4230328]}}, {"type": "Feature", "properties": {"building": "yes", "source": "way"}, "geometry": {"type": "Point", "coordinates": [-82.91471626213372, 42.423101823643016]}}, {"type": "Feature", "properties": {"building": "yes", "source": "way"}, "geometry": {"type": "Point", "coordinates": [-82.9148807, 42.4231514]}}, {"type": "Feature", "properties": {"building": "yes", "source": "way"}, "geometry": {"type": "Point", "coordinates": [-82.91500709213662, 42.42309776993866]}}, {"type": "Feature", "properties": {"building": "yes", "source": "way"}, "geometry": {"type": "Point", "coordinates": [-82.9110695470909, 42.42177981914285]}}, {"type": "Feature", "properties": {"building": "yes", "source": "way"}, "geometry": {"type": "Point", "coordinates": [-82.9112266561188, 42.421855431889355]}}, {"type": "Feature", "properties": {"building": "yes", "source": "way"}, "geometry": {"type": "Point", "coordinates": [-82.9113649349236, 42.42190295471103]}}, {"type": "Feature", "properties": {"building": "yes", "source": "way"}, "geometry": {"type": "Point", "coordinates": [-82.91150247725565, 42.421948186056504]}}, {"type": "Feature", "properties": {"building": "yes", "source": "way"}, "geometry": {"type": "Point", "coordinates": [-82.9116412590245, 42.421994637906145]}}, {"type": "Feature", "properties": {"building": "yes", "source": "way"}, "geometry": {"type": "Point", "coordinates": [-82.91175947782885, 42.42205633636018]}}, {"type": "Feature", "properties": {"building": "yes", "source": "way"}, "geometry": {"type": "Point", "coordinates": [-82.9118862, 42.42211155]}}, {"type": "Feature", "properties": {"building": "yes", "source": "way"}, "geometry": {"type": "Point", "coordinates": [-82.9120155976351, 42.422158618735246]}}, {"type": "Feature", "properties": {"building": "yes", "source": "way"}, "geometry": {"type": "Point", "coordinates": [-82.91204425000001, 42.4218938]}}, {"type": "Feature", "properties": {"building": "yes", "source": "way"}, "geometry": {"type": "Point", "coordinates": [-82.91181611999859, 42.42189600668554]}}, {"type": "Feature", "properties": {"building": "yes", "source": "way"}, "geometry": {"type": "Point", "coordinates": [-82.9117043, 42.42184594999999]}}, {"type": "Feature", "properties": {"building": "yes", "source": "way"}, "geometry": {"type": "Point", "coordinates": [-82.91157450523542, 42.421803331361545]}}, {"type": "Feature", "properties": {"building": "yes", "source": "way"}, "geometry": {"type": "Point", "coordinates": [-82.91214849820429, 42.422219403449674]}}, {"type": "Feature", "properties": {"building": "yes", "source": "way"}, "geometry": {"type": "Point", "coordinates": [-82.91226996906688, 42.42226705051615]}}, {"type": "Feature", "properties": {"building": "yes", "source": "way"}, "geometry": {"type": "Point", "coordinates": [-82.91235286342047, 42.422100373718756]}}, {"type": "Feature", "properties": {"building": "yes", "source": "way"}, "geometry": {"type": "Point", "coordinates": [-82.91241207691469, 42.42233499112336]}}, {"type": "Feature", "properties": {"building": "yes", "source": "way"}, "geometry": {"type": "Point", "coordinates": [-82.91258975000001, 42.422386550000006]}}, {"type": "Feature", "properties": {"building": "yes", "source": "way"}, "geometry": {"type": "Point", "coordinates": [-82.9126383, 42.422232949999994]}}, {"type": "Feature", "properties": {"building": "yes", "source": "way"}, "geometry": {"type": "Point", "coordinates": [-82.9126311147461, 42.42211262801872]}}, {"type": "Feature", "properties": {"building": "yes", "source": "way"}, "geometry": {"type": "Point", "coordinates": [-82.91274865437606, 42.42217098068749]}}, {"type": "Feature", "properties": {"building": "yes", "source": "way"}, "geometry": {"type": "Point", "coordinates": [-82.91281290150705, 42.422300639930945]}}, {"type": "Feature", "properties": {"building": "yes", "source": "way"}, "geometry": {"type": "Point", "coordinates": [-82.91291505000001, 42.422214649999994]}}, {"type": "Feature", "properties": {"building": "yes", "source": "way"}, "geometry": {"type": "Point", "coordinates": [-82.91296075, 42.4223735]}}, {"type": "Feature", "properties": {"building": "yes", "source": "way"}, "geometry": {"type": "Point", "coordinates": [-82.91302975, 42.42228225]}}, {"type": "Feature", "properties": {"building": "yes", "source": "way"}, "geometry": {"type": "Point", "coordinates": [-82.91274200278, 42.422462024862206]}}, {"type": "Feature", "properties": {"building": "yes", "source": "way"}, "geometry": {"type": "Point", "coordinates": [-82.91291026776562, 42.422511656293004]}}, {"type": "Feature", "properties": {"building": "yes", "source": "way"}, "geometry": {"type": "Point", "coordinates": [-82.9130535291242, 42.42258243738702]}}, {"type": "Feature", "properties": {"building": "yes", "source": "way"}, "geometry": {"type": "Point", "coordinates": [-82.91319064999999, 42.4226417]}}, {"type": "Feature", "properties": {"building": "yes", "source": "way"}, "geometry": {"type": "Point", "coordinates": [-82.91311224999998, 42.422422399999995]}}, {"type": "Feature", "properties": {"building": "yes", "source": "way"}, "geometry": {"type": "Point", "coordinates": [-82.91325100000002, 42.42248329999999]}}, {"type": "Feature", "properties": {"building": "yes", "source": "way"}, "geometry": {"type": "Point", "coordinates": [-82.91339221975056, 42.42254615546787]}}, {"type": "Feature", "properties": {"building": "yes", "source": "way"}, "geometry": {"type": "Point", "coordinates": [-82.91334377680586, 42.42269430990164]}}, {"type": "Feature", "properties": {"building": "yes", "source": "way"}, "geometry": {"type": "Point", "coordinates": [-82.91098850241659, 42.422196292383006]}}, {"type": "Feature", "properties": {"building": "yes", "source": "way"}, "geometry": {"type": "Point", "coordinates": [-82.91115903061457, 42.42227511053255]}}, {"type": "Feature", "properties": {"building": "yes", "source": "way"}, "geometry": {"type": "Point", "coordinates": [-82.91129950298173, 42.42233563169417]}}, {"type": "Feature", "properties": {"building": "yes", "source": "way"}, "geometry": {"type": "Point", "coordinates": [-82.91145034811763, 42.42239700604206]}}, {"type": "Feature", "properties": {"building": "yes", "source": "way"}, "geometry": {"type": "Point", "coordinates": [-82.9104372654054, 42.42334451571944]}}, {"type": "Feature", "properties": {"building": "yes", "source": "way"}, "geometry": {"type": "Point", "coordinates": [-82.9115977, 42.4224532]}}, {"type": "Feature", "properties": {"building": "yes", "source": "way"}, "geometry": {"type": "Point", "coordinates": [-82.91173040000001, 42.422512399999995]}}, {"type": "Feature", "properties": {"building": "yes", "source": "way"}, "geometry": {"type": "Point", "coordinates": [-82.91194455, 42.422585]}}, {"type": "Feature", "properties": {"building": "yes", "source": "way"}, "geometry": {"type": "Point", "coordinates": [-82.91212829999999, 42.422656999999994]}}, {"type": "Feature", "properties": {"building": "yes", "source": "way"}, "geometry": {"type": "Point", "coordinates": [-82.91226630388924, 42.42275299928106]}}, {"type": "Feature", "properties": {"building": "yes", "source": "way"}, "geometry": {"type": "Point", "coordinates": [-82.91246125, 42.42281319999999]}}, {"type": "Feature", "properties": {"building": "yes", "source": "way"}, "geometry": {"type": "Point", "coordinates": [-82.91263128477463, 42.422872913063415]}}, {"type": "Feature", "properties": {"building": "yes", "source": "way"}, "geometry": {"type": "Point", "coordinates": [-82.91276731536414, 42.42294387268462]}}, {"type": "Feature", "properties": {"building": "yes", "source": "way"}, "geometry": {"type": "Point", "coordinates": [-82.91293022172498, 42.42299551505638]}}, {"type": "Feature", "properties": {"building": "yes", "source": "way"}, "geometry": {"type": "Point", "coordinates": [-82.9130869896401, 42.42304706967711]}}, {"type": "Feature", "properties": {"building": "yes", "source": "way"}, "geometry": {"type": "Point", "coordinates": [-82.9132287303453, 42.4231039457601]}}, {"type": "Feature", "properties": {"building": "yes", "source": "way"}, "geometry": {"type": "Point", "coordinates": [-82.91336069448467, 42.423181869233005]}}, {"type": "Feature", "properties": {"building": "yes", "source": "way"}, "geometry": {"type": "Point", "coordinates": [-82.91351388906799, 42.42322177911644]}}, {"type": "Feature", "properties": {"building": "yes", "source": "way"}, "geometry": {"type": "Point", "coordinates": [-82.91102467480673, 42.42236931446175]}}, {"type": "Feature", "properties": {"building": "yes", "source": "way"}, "geometry": {"type": "Point", "coordinates": [-82.91092569999999, 42.4224759]}}, {"type": "Feature", "properties": {"building": "yes", "source": "way"}, "geometry": {"type": "Point", "coordinates": [-82.91095205, 42.42266120000001]}}, {"type": "Feature", "properties": {"building": "yes", "source": "way"}, "geometry": {"type": "Point", "coordinates": [-82.91110939394943, 42.42271806819344]}}, {"type": "Feature", "properties": {"building": "yes", "source": "way"}, "geometry": {"type": "Point", "coordinates": [-82.91115955, 42.422460449999996]}}, {"type": "Feature", "properties": {"building": "yes", "source": "way"}, "geometry": {"type": "Point", "coordinates": [-82.91129025713006, 42.42251813101937]}}, {"type": "Feature", "properties": {"building": "yes", "source": "way"}, "geometry": {"type": "Point", "coordinates": [-82.91144666926876, 42.422577504839154]}}, {"type": "Feature", "properties": {"building": "yes", "source": "way"}, "geometry": {"type": "Point", "coordinates": [-82.91159003169003, 42.42264099511571]}}, {"type": "Feature", "properties": {"building": "yes", "source": "way"}, "geometry": {"type": "Point", "coordinates": [-82.91146705685203, 42.42269248135714]}}, {"type": "Feature", "properties": {"building": "yes", "source": "way"}, "geometry": {"type": "Point", "coordinates": [-82.91162372437346, 42.42275711511492]}}, {"type": "Feature", "properties": {"building": "yes", "source": "way"}, "geometry": {"type": "Point", "coordinates": [-82.9113002760111, 42.42262881447915]}}, {"type": "Feature", "properties": {"building": "yes", "source": "way"}, "geometry": {"type": "Point", "coordinates": [-82.9112561320508, 42.422785145466776]}}, {"type": "Feature", "properties": {"building": "yes", "source": "way"}, "geometry": {"type": "Point", "coordinates": [-82.9114158936261, 42.422847286471395]}}, {"type": "Feature", "properties": {"building": "yes", "source": "way"}, "geometry": {"type": "Point", "coordinates": [-82.91158075000001, 42.422899050000005]}}, {"type": "Feature", "properties": {"building": "yes", "source": "way"}, "geometry": {"type": "Point", "coordinates": [-82.91172864167507, 42.42296613467851]}}, {"type": "Feature", "properties": {"building": "yes", "source": "way"}, "geometry": {"type": "Point", "coordinates": [-82.91191327384172, 42.4230535333361]}}, {"type": "Feature", "properties": {"building": "yes", "source": "way"}, "geometry": {"type": "Point", "coordinates": [-82.9120695522652, 42.42312094782413]}}, {"type": "Feature", "properties": {"building": "yes", "source": "way"}, "geometry": {"type": "Point", "coordinates": [-82.91222101049927, 42.42318518809055]}}, {"type": "Feature", "properties": {"building": "yes", "source": "way"}, "geometry": {"type": "Point", "coordinates": [-82.9123834442112, 42.423245852776674]}}, {"type": "Feature", "properties": {"building": "yes", "source": "way"}, "geometry": {"type": "Point", "coordinates": [-82.91264534999999, 42.42334855]}}, {"type": "Feature", "properties": {"building": "yes", "source": "way"}, "geometry": {"type": "Point", "coordinates": [-82.9127784277768, 42.42339191117036]}}, {"type": "Feature", "properties": {"building": "yes", "source": "way"}, "geometry": {"type": "Point", "coordinates": [-82.91290379596938, 42.42345268268159]}}, {"type": "Feature", "properties": {"building": "yes", "source": "way"}, "geometry": {"type": "Point", "coordinates": [-82.91302733222642, 42.423512664468696]}}, {"type": "Feature", "properties": {"building": "yes", "source": "way"}, "geometry": {"type": "Point", "coordinates": [-82.91256390000001, 42.4232888]}}, {"type": "Feature", "properties": {"building": "yes", "source": "way"}, "geometry": {"type": "Point", "coordinates": [-82.91262280786006, 42.42306348074491]}}, {"type": "Feature", "properties": {"building": "yes", "source": "way"}, "geometry": {"type": "Point", "coordinates": [-82.9124674687085, 42.422996154422115]}}, {"type": "Feature", "properties": {"building": "yes", "source": "way"}, "geometry": {"type": "Point", "coordinates": [-82.91244169334027, 42.42309661784742]}}, {"type": "Feature", "properties": {"building": "yes", "source": "way"}, "geometry": {"type": "Point", "coordinates": [-82.91226672495445, 42.42302921496749]}}, {"type": "Feature", "properties": {"building": "yes", "source": "way"}, "geometry": {"type": "Point", "coordinates": [-82.91231101945615, 42.42292790476381]}}, {"type": "Feature", "properties": {"building": "yes", "source": "way"}, "geometry": {"type": "Point", "coordinates": [-82.91212036868264, 42.4229665538342]}}, {"type": "Feature", "properties": {"building": "yes", "source": "way"}, "geometry": {"type": "Point", "coordinates": [-82.91180596809629, 42.42283070318347]}}, {"type": "Feature", "properties": {"building": "yes", "source": "way"}, "geometry": {"type": "Point", "coordinates": [-82.91308422016806, 42.42323910611907]}}, {"type": "Feature", "properties": {"building": "yes", "source": "way"}, "geometry": {"type": "Point", "coordinates": [-82.9132196, 42.42329714999999]}}, {"type": "Feature", "properties": {"building": "yes", "source": "way"}, "geometry": {"type": "Point", "coordinates": [-82.9133586186952, 42.423369852865044]}}, {"type": "Feature", "properties": {"building": "yes", "source": "way"}, "geometry": {"type": "Point", "coordinates": [-82.91349394999999, 42.42341445]}}, {"type": "Feature", "properties": {"building": "yes", "source": "way"}, "geometry": {"type": "Point", "coordinates": [-82.91325217245554, 42.423591918125474]}}, {"type": "Feature", "properties": {"building": "yes", "source": "way"}, "geometry": {"type": "Point", "coordinates": [-82.9135579713527, 42.42371382952801]}}, {"type": "Feature", "properties": {"building": "yes", "source": "way"}, "geometry": {"type": "Point", "coordinates": [-82.91381576871149, 42.423806634719114]}}, {"type": "Feature", "properties": {"building": "yes", "source": "way"}, "geometry": {"type": "Point", "coordinates": [-82.91365593545842, 42.42328498765584]}}, {"type": "Feature", "properties": {"building": "yes", "source": "way"}, "geometry": {"type": "Point", "coordinates": [-82.91379579696373, 42.42334872505721]}}, {"type": "Feature", "properties": {"building": "yes", "source": "way"}, "geometry": {"type": "Point", "coordinates": [-82.91393646907414, 42.42340764353959]}}, {"type": "Feature", "properties": {"building": "yes", "source": "way"}, "geometry": {"type": "Point", "coordinates": [-82.91378607398386, 42.423528535332494]}}, {"type": "Feature", "properties": {"building": "yes", "source": "way"}, "geometry": {"type": "Point", "coordinates": [-82.91364339398305, 42.423472518752604]}}, {"type": "Feature", "properties": {"building": "yes", "source": "way"}, "geometry": {"type": "Point", "coordinates": [-82.91393218279347, 42.42358369816598]}}, {"type": "Feature", "properties": {"building": "yes", "source": "way"}, "geometry": {"type": "Point", "coordinates": [-82.91406325, 42.42364695]}}, {"type": "Feature", "properties": {"building": "yes", "source": "way"}, "geometry": {"type": "Point", "coordinates": [-82.9139988, 42.4237328]}}, {"type": "Feature", "properties": {"building": "yes", "source": "way"}, "geometry": {"type": "Point", "coordinates": [-82.91414035, 42.4237867]}}, {"type": "Feature", "properties": {"building": "yes", "source": "way"}, "geometry": {"type": "Point", "coordinates": [-82.91419985, 42.42352894999999]}}, {"type": "Feature", "properties": {"building": "yes", "source": "way"}, "geometry": {"type": "Point", "coordinates": [-82.91432740388744, 42.42375013214702]}}, {"type": "Feature", "properties": {"building": "yes", "source": "way"}, "geometry": {"type": "Point", "coordinates": [-82.91428239421643, 42.423848318255935]}}, {"type": "Feature", "properties": {"building": "yes", "source": "way"}, "geometry": {"type": "Point", "coordinates": [-82.91501044127081, 42.42387983734681]}}, {"type": "Feature", "properties": {"building": "yes", "source": "way"}, "geometry": {"type": "Point", "coordinates": [-82.91515096994503, 42.423924560118905]}}, {"type": "Feature", "properties": {"building": "yes", "source": "way"}, "geometry": {"type": "Point", "coordinates": [-82.91528895, 42.42397759999999]}}, {"type": "Feature", "properties": {"building": "yes", "source": "way"}, "geometry": {"type": "Point", "coordinates": [-82.91542665658989, 42.42402124251891]}}, {"type": "Feature", "properties": {"building": "yes", "source": "way"}, "geometry": {"type": "Point", "coordinates": [-82.91555335001003, 42.42410123332708]}}, {"type": "Feature", "properties": {"building": "yes", "source": "way"}, "geometry": {"type": "Point", "coordinates": [-82.91571131042522, 42.42413847347172]}}, {"type": "Feature", "properties": {"building": "yes", "source": "way"}, "geometry": {"type": "Point", "coordinates": [-82.9157125, 42.4243227]}}, {"type": "Feature", "properties": {"building": "yes", "source": "way"}, "geometry": {"type": "Point", "coordinates": [-82.91564690010473, 42.42455431133726]}}, {"type": "Feature", "properties": {"building": "yes", "source": "way"}, "geometry": {"type": "Point", "coordinates": [-82.9155348, 42.42435759999999]}}, {"type": "Feature", "properties": {"building": "yes", "source": "way"}, "geometry": {"type": "Point", "coordinates": [-82.91539139492521, 42.42430221810902]}}, {"type": "Feature", "properties": {"building": "yes", "source": "way"}, "geometry": {"type": "Point", "coordinates": [-82.91525159999999, 42.4242459]}}, {"type": "Feature", "properties": {"building": "yes", "source": "way"}, "geometry": {"type": "Point", "coordinates": [-82.9151136316483, 42.42418904508822]}}, {"type": "Feature", "properties": {"building": "yes", "source": "way"}, "geometry": {"type": "Point", "coordinates": [-82.91497813217902, 42.4241329947564]}}, {"type": "Feature", "properties": {"building": "yes", "source": "way"}, "geometry": {"type": "Point", "coordinates": [-82.91515296967134, 42.42409100547518]}}, {"type": "Feature", "properties": {"building": "yes", "source": "way"}, "geometry": {"type": "Point", "coordinates": [-82.91501439999999, 42.42403365]}}, {"type": "Feature", "properties": {"building": "yes", "source": "way"}, "geometry": {"type": "Point", "coordinates": [-82.91473135247114, 42.423921132303924]}}, {"type": "Feature", "properties": {"building": "yes", "source": "way"}, "geometry": {"type": "Point", "coordinates": [-82.91460614447588, 42.42387111806397]}}, {"type": "Feature", "properties": {"building": "yes", "source": "way"}, "geometry": {"type": "Point", "coordinates": [-82.9145570309357, 42.42396054424701]}}, {"type": "Feature", "properties": {"building": "yes", "source": "way"}, "geometry": {"type": "Point", "coordinates": [-82.91447008106323, 42.4238153952949]}}, {"type": "Feature", "properties": {"building": "yes", "source": "way"}, "geometry": {"type": "Point", "coordinates": [-82.91440689999999, 42.42390305]}}, {"type": "Feature", "properties": {"building": "yes", "source": "way"}, "geometry": {"type": "Point", "coordinates": [-82.9135311, 42.42418545]}}, {"type": "Feature", "properties": {"building": "yes", "source": "way"}, "geometry": {"type": "Point", "coordinates": [-82.91333734358784, 42.42410771858413]}}, {"type": "Feature", "properties": {"building": "yes", "source": "way"}, "geometry": {"type": "Point", "coordinates": [-82.91181080615536, 42.42353860225231]}}, {"type": "Feature", "properties": {"building": "yes", "source": "way"}, "geometry": {"type": "Point", "coordinates": [-82.91200621937601, 42.42358411778134]}}, {"type": "Feature", "properties": {"building": "yes", "source": "way"}, "geometry": {"type": "Point", "coordinates": [-82.91214087823819, 42.42363831500675]}}, {"type": "Feature", "properties": {"building": "yes", "source": "way"}, "geometry": {"type": "Point", "coordinates": [-82.91233620185905, 42.42373221218083]}}, {"type": "Feature", "properties": {"building": "yes", "source": "way"}, "geometry": {"type": "Point", "coordinates": [-82.9125443, 42.42379935000001]}}, {"type": "Feature", "properties": {"building": "yes", "source": "way"}, "geometry": {"type": "Point", "coordinates": [-82.9126910514027, 42.42386648269752]}}, {"type": "Feature", "properties": {"building": "yes", "source": "way"}, "geometry": {"type": "Point", "coordinates": [-82.91288185000002, 42.423919500000004]}}, {"type": "Feature", "properties": {"building": "yes", "source": "way"}, "geometry": {"type": "Point", "coordinates": [-82.91299713433901, 42.424006339554936]}}, {"type": "Feature", "properties": {"building": "yes", "source": "way"}, "geometry": {"type": "Point", "coordinates": [-82.91313468165954, 42.42403614545461]}}, {"type": "Feature", "properties": {"building": "yes", "source": "way"}, "geometry": {"type": "Point", "coordinates": [-82.91154558323983, 42.42344763892664]}}, {"type": "Feature", "properties": {"building": "yes", "source": "way"}, "geometry": {"type": "Point", "coordinates": [-82.91144778292238, 42.42335289263576]}}, {"type": "Feature", "properties": {"building": "yes", "source": "way"}, "geometry": {"type": "Point", "coordinates": [-82.91131038269822, 42.42330689254798]}}, {"type": "Feature", "properties": {"building": "yes", "source": "way"}, "geometry": {"type": "Point", "coordinates": [-82.91116225994966, 42.4232501399043]}}, {"type": "Feature", "properties": {"building": "yes", "source": "way"}, "geometry": {"type": "Point", "coordinates": [-82.91086270907833, 42.42314825265669]}}, {"type": "Feature", "properties": {"building": "yes", "source": "way"}, "geometry": {"type": "Point", "coordinates": [-82.91081065, 42.4237905]}}, {"type": "Feature", "properties": {"building": "yes", "source": "way"}, "geometry": {"type": "Point", "coordinates": [-82.91099789690307, 42.42379752346881]}}, {"type": "Feature", "properties": {"building": "yes", "source": "way"}, "geometry": {"type": "Point", "coordinates": [-82.91072116314135, 42.42421047963494]}}, {"type": "Feature", "properties": {"building": "yes", "source": "way"}, "geometry": {"type": "Point", "coordinates": [-82.91029608391185, 42.42438615881629]}}, {"type": "Feature", "properties": {"building": "yes", "source": "way"}, "geometry": {"type": "Point", "coordinates": [-82.91033622277278, 42.424090826318405]}}, {"type": "Feature", "properties": {"building": "yes", "source": "way"}, "geometry": {"type": "Point", "coordinates": [-82.91115632168975, 42.42384069823428]}}, {"type": "Feature", "properties": {"building": "yes", "source": "way"}, "geometry": {"type": "Point", "coordinates": [-82.91131397052435, 42.42387460871042]}}, {"type": "Feature", "properties": {"building": "yes", "source": "way"}, "geometry": {"type": "Point", "coordinates": [-82.91147962902322, 42.423908918820054]}}, {"type": "Feature", "properties": {"building": "yes", "source": "way"}, "geometry": {"type": "Point", "coordinates": [-82.91166319999998, 42.42394795]}}, {"type": "Feature", "properties": {"building": "yes", "source": "way"}, "geometry": {"type": "Point", "coordinates": [-82.91181178520968, 42.424004175440025]}}, {"type": "Feature", "properties": {"building": "yes", "source": "way"}, "geometry": {"type": "Point", "coordinates": [-82.91195565000001, 42.424051850000005]}}, {"type": "Feature", "properties": {"building": "yes", "source": "way"}, "geometry": {"type": "Point", "coordinates": [-82.91207646844862, 42.424126655187564]}}, {"type": "Feature", "properties": {"building": "yes", "source": "way"}, "geometry": {"type": "Point", "coordinates": [-82.91220871809267, 42.42418975368817]}}, {"type": "Feature", "properties": {"building": "yes", "source": "way"}, "geometry": {"type": "Point", "coordinates": [-82.91237252502017, 42.42427207281798]}}, {"type": "Feature", "properties": {"building": "yes", "source": "way"}, "geometry": {"type": "Point", "coordinates": [-82.91251405, 42.42434515]}}, {"type": "Feature", "properties": {"building": "yes", "source": "way"}, "geometry": {"type": "Point", "coordinates": [-82.91269598120411, 42.424422796248976]}}, {"type": "Feature", "properties": {"building": "yes", "source": "way"}, "geometry": {"type": "Point", "coordinates": [-82.91288336701149, 42.424552651893784]}}, {"type": "Feature", "properties": {"building": "yes", "source": "way"}, "geometry": {"type": "Point", "coordinates": [-82.91309572778691, 42.42466610088694]}}, {"type": "Feature", "properties": {"building": "yes", "source": "way"}, "geometry": {"type": "Point", "coordinates": [-82.91329023321501, 42.424711324607365]}}, {"type": "Feature", "properties": {"building": "yes", "source": "way"}, "geometry": {"type": "Point", "coordinates": [-82.91341775838579, 42.424814241519776]}}, {"type": "Feature", "properties": {"building": "yes", "source": "way"}, "geometry": {"type": "Point", "coordinates": [-82.91354350000002, 42.4248494]}}, {"type": "Feature", "properties": {"building": "yes", "source": "way"}, "geometry": {"type": "Point", "coordinates": [-82.91389122265542, 42.42438076461127]}}, {"type": "Feature", "properties": {"building": "yes", "source": "way"}, "geometry": {"type": "Point", "coordinates": [-82.91353850068425, 42.42441196990249]}}, {"type": "Feature", "properties": {"building": "yes", "source": "way"}, "geometry": {"type": "Point", "coordinates": [-82.9125312, 42.423995999999995]}}, {"type": "Feature", "properties": {"building": "yes", "source": "way"}, "geometry": {"type": "Point", "coordinates": [-82.91185700000001, 42.423722700000006]}}, {"type": "Feature", "properties": {"building": "yes", "source": "way"}, "geometry": {"type": "Point", "coordinates": [-82.91199154207605, 42.42377236869774]}}, {"type": "Feature", "properties": {"building": "yes", "source": "way"}, "geometry": {"type": "Point", "coordinates": [-82.91140605000001, 42.4235684]}}, {"type": "Feature", "properties": {"building": "yes", "source": "way"}, "geometry": {"type": "Point", "coordinates": [-82.9112746, 42.423512949999996]}}, {"type": "Feature", "properties": {"building": "yes", "source": "way"}, "geometry": {"type": "Point", "coordinates": [-82.91118570786196, 42.4234867815092]}}, {"type": "Feature", "properties": {"building": "yes", "source": "way"}, "geometry": {"type": "Point", "coordinates": [-82.91114102738422, 42.42368884418608]}}, {"type": "Feature", "properties": {"building": "yes", "source": "way"}, "geometry": {"type": "Point", "coordinates": [-82.91087320648418, 42.424236072086785]}}, {"type": "Feature", "properties": {"building": "yes", "source": "way"}, "geometry": {"type": "Point", "coordinates": [-82.91102375, 42.42424485]}}, {"type": "Feature", "properties": {"building": "yes", "source": "way"}, "geometry": {"type": "Point", "coordinates": [-82.91117172954141, 42.42427504484074]}}, {"type": "Feature", "properties": {"building": "yes", "source": "way"}, "geometry": {"type": "Point", "coordinates": [-82.9113227, 42.42431315000001]}}, {"type": "Feature", "properties": {"building": "yes", "source": "way"}, "geometry": {"type": "Point", "coordinates": [-82.91145783951146, 42.42438301138628]}}, {"type": "Feature", "properties": {"building": "yes", "source": "way"}, "geometry": {"type": "Point", "coordinates": [-82.91160301918424, 42.42441580467257]}}, {"type": "Feature", "properties": {"building": "yes", "source": "way"}, "geometry": {"type": "Point", "coordinates": [-82.9117532, 42.42446435]}}, {"type": "Feature", "properties": {"building": "yes", "source": "way"}, "geometry": {"type": "Point", "coordinates": [-82.91188019524607, 42.424521867601364]}}, {"type": "Feature", "properties": {"building": "yes", "source": "way"}, "geometry": {"type": "Point", "coordinates": [-82.91199625358597, 42.42461316572827]}}, {"type": "Feature", "properties": {"building": "yes", "source": "way"}, "geometry": {"type": "Point", "coordinates": [-82.91227347591982, 42.42474190040033]}}, {"type": "Feature", "properties": {"building": "yes", "source": "way"}, "geometry": {"type": "Point", "coordinates": [-82.91242285297199, 42.42482220655315]}}, {"type": "Feature", "properties": {"building": "yes", "source": "way"}, "geometry": {"type": "Point", "coordinates": [-82.91212845, 42.42466734999999]}}, {"type": "Feature", "properties": {"building": "yes", "source": "way"}, "geometry": {"type": "Point", "coordinates": [-82.91256365000001, 42.42491105]}}, {"type": "Feature", "properties": {"building": "yes", "source": "way"}, "geometry": {"type": "Point", "coordinates": [-82.91273224450632, 42.42498457088544]}}, {"type": "Feature", "properties": {"building": "yes", "source": "way"}, "geometry": {"type": "Point", "coordinates": [-82.91285534230565, 42.42506181093318]}}, {"type": "Feature", "properties": {"building": "yes", "source": "way"}, "geometry": {"type": "Point", "coordinates": [-82.91298965603069, 42.4251301817155]}}, {"type": "Feature", "properties": {"building": "yes", "source": "way"}, "geometry": {"type": "Point", "coordinates": [-82.91322771722014, 42.425213766556844]}}, {"type": "Feature", "properties": {"building": "yes", "source": "way"}, "geometry": {"type": "Point", "coordinates": [-82.91268765000001, 42.4251984]}}, {"type": "Feature", "properties": {"building": "yes", "source": "way"}, "geometry": {"type": "Point", "coordinates": [-82.9125095470281, 42.42513121728127]}}, {"type": "Feature", "properties": {"building": "yes", "source": "way"}, "geometry": {"type": "Point", "coordinates": [-82.9123681, 42.425050299999995]}}, {"type": "Feature", "properties": {"building": "yes", "source": "way"}, "geometry": {"type": "Point", "coordinates": [-82.91220775, 42.4249697]}}, {"type": "Feature", "properties": {"building": "yes", "source": "way"}, "geometry": {"type": "Point", "coordinates": [-82.91195263312295, 42.42478244898312]}}, {"type": "Feature", "properties": {"building": "yes", "source": "way"}, "geometry": {"type": "Point", "coordinates": [-82.9114814, 42.42455925]}}, {"type": "Feature", "properties": {"building": "yes", "source": "way"}, "geometry": {"type": "Point", "coordinates": [-82.91119375, 42.4244854]}}, {"type": "Feature", "properties": {"building": "yes", "source": "way"}, "geometry": {"type": "Point", "coordinates": [-82.9110638722681, 42.42443505521766]}}, {"type": "Feature", "properties": {"building": "yes", "source": "way"}, "geometry": {"type": "Point", "coordinates": [-82.9107656905889, 42.4244521714162]}}, {"type": "Feature", "properties": {"building": "yes", "source": "way"}, "geometry": {"type": "Point", "coordinates": [-82.91061436386111, 42.42465248004421]}}, {"type": "Feature", "properties": {"building": "yes", "source": "way"}, "geometry": {"type": "Point", "coordinates": [-82.91021172014203, 42.424884898278165]}}, {"type": "Feature", "properties": {"building": "yes", "source": "way"}, "geometry": {"type": "Point", "coordinates": [-82.91065075695494, 42.424841576181585]}}, {"type": "Feature", "properties": {"building": "yes", "source": "way"}, "geometry": {"type": "Point", "coordinates": [-82.91082441706897, 42.42486675480596]}}, {"type": "Feature", "properties": {"building": "yes", "source": "way"}, "geometry": {"type": "Point", "coordinates": [-82.9109838, 42.424908599999995]}}, {"type": "Feature", "properties": {"building": "yes", "source": "way"}, "geometry": {"type": "Point", "coordinates": [-82.9111560801806, 42.42492774449738]}}, {"type": "Feature", "properties": {"building": "yes", "source": "way"}, "geometry": {"type": "Point", "coordinates": [-82.91147823172147, 42.425036596549354]}}, {"type": "Feature", "properties": {"building": "yes", "source": "way"}, "geometry": {"type": "Point", "coordinates": [-82.9116192721731, 42.425071541607466]}}, {"type": "Feature", "properties": {"building": "yes", "source": "way"}, "geometry": {"type": "Point", "coordinates": [-82.9138592233125, 42.425001187028926]}}, {"type": "Feature", "properties": {"building": "yes", "source": "way"}, "geometry": {"type": "Point", "coordinates": [-82.91401040575498, 42.42505743073972]}}, {"type": "Feature", "properties": {"building": "yes", "source": "way"}, "geometry": {"type": "Point", "coordinates": [-82.91415179671652, 42.42511591856752]}}, {"type": "Feature", "properties": {"building": "yes", "source": "way"}, "geometry": {"type": "Point", "coordinates": [-82.9142702750282, 42.42518395312617]}}, {"type": "Feature", "properties": {"building": "yes", "source": "way"}, "geometry": {"type": "Point", "coordinates": [-82.91439858561631, 42.42522488904383]}}, {"type": "Feature", "properties": {"building": "yes", "source": "way"}, "geometry": {"type": "Point", "coordinates": [-82.91456772190975, 42.42530630121205]}}, {"type": "Feature", "properties": {"building": "yes", "source": "way"}, "geometry": {"type": "Point", "coordinates": [-82.91477023985655, 42.425346998242254]}}, {"type": "Feature", "properties": {"building": "yes", "source": "way"}, "geometry": {"type": "Point", "coordinates": [-82.91492183231831, 42.42543599353798]}}, {"type": "Feature", "properties": {"building": "yes", "source": "way"}, "geometry": {"type": "Point", "coordinates": [-82.91504869265975, 42.42548026975389]}}, {"type": "Feature", "properties": {"building": "yes", "source": "way"}, "geometry": {"type": "Point", "coordinates": [-82.91519119315382, 42.42552128693401]}}, {"type": "Feature", "properties": {"building": "yes", "source": "way"}, "geometry": {"type": "Point", "coordinates": [-82.91532701856076, 42.425562766135755]}}, {"type": "Feature", "properties": {"building": "yes", "source": "way"}, "geometry": {"type": "Point", "coordinates": [-82.91550210129118, 42.4256303352939]}}, {"type": "Feature", "properties": {"building": "yes", "source": "way"}, "geometry": {"type": "Point", "coordinates": [-82.91575633080728, 42.42572789545312]}}, {"type": "Feature", "properties": {"building": "yes", "source": "way"}, "geometry": {"type": "Point", "coordinates": [-82.91586467269217, 42.42576106528637]}}, {"type": "Feature", "properties": {"building": "yes", "source": "way"}, "geometry": {"type": "Point", "coordinates": [-82.91603088990163, 42.425495869478645]}}, {"type": "Feature", "properties": {"building": "yes", "source": "way"}, "geometry": {"type": "Point", "coordinates": [-82.91589685409556, 42.42541733179869]}}, {"type": "Feature", "properties": {"building": "yes", "source": "way"}, "geometry": {"type": "Point", "coordinates": [-82.9161866, 42.4253067]}}, {"type": "Feature", "properties": {"building": "yes", "source": "way"}, "geometry": {"type": "Point", "coordinates": [-82.91579815, 42.42532415]}}, {"type": "Feature", "properties": {"building": "yes", "source": "way"}, "geometry": {"type": "Point", "coordinates": [-82.91561104197685, 42.42505586610181]}}, {"type": "Feature", "properties": {"building": "yes", "source": "way"}, "geometry": {"type": "Point", "coordinates": [-82.91527775, 42.424937099999994]}}, {"type": "Feature", "properties": {"building": "yes", "source": "way"}, "geometry": {"type": "Point", "coordinates": [-82.91527171996536, 42.42510810448511]}}, {"type": "Feature", "properties": {"building": "yes", "source": "way"}, "geometry": {"type": "Point", "coordinates": [-82.91498606903795, 42.42526865392174]}}, {"type": "Feature", "properties": {"building": "yes", "source": "way"}, "geometry": {"type": "Point", "coordinates": [-82.91490575, 42.4249262]}}, {"type": "Feature", "properties": {"building": "yes", "source": "way"}, "geometry": {"type": "Point", "coordinates": [-82.91450055000001, 42.42479180000001]}}, {"type": "Feature", "properties": {"building": "yes", "source": "way"}, "geometry": {"type": "Point", "coordinates": [-82.91422279999999, 42.424967349999996]}}, {"type": "Feature", "properties": {"building": "yes", "source": "way"}, "geometry": {"type": "Point", "coordinates": [-82.9163671, 42.42574210000001]}}, {"type": "Feature", "properties": {"building": "yes", "source": "way"}, "geometry": {"type": "Point", "coordinates": [-82.91654229318284, 42.425814718730074]}}, {"type": "Feature", "properties": {"building": "yes", "source": "way"}, "geometry": {"type": "Point", "coordinates": [-82.91666808147343, 42.425874946047124]}}, {"type": "Feature", "properties": {"building": "yes", "source": "way"}, "geometry": {"type": "Point", "coordinates": [-82.91680236846051, 42.42593170411347]}}, {"type": "Feature", "properties": {"building": "yes", "source": "way"}, "geometry": {"type": "Point", "coordinates": [-82.91694364355811, 42.42598116823007]}}, {"type": "Feature", "properties": {"building": "yes", "source": "way"}, "geometry": {"type": "Point", "coordinates": [-82.91707116951449, 42.42603345501284]}}, {"type": "Feature", "properties": {"building": "yes", "source": "way"}, "geometry": {"type": "Point", "coordinates": [-82.91685696821551, 42.426142054056]}}, {"type": "Feature", "properties": {"building": "yes", "source": "way"}, "geometry": {"type": "Point", "coordinates": [-82.91673229076868, 42.426083801208804]}}, {"type": "Feature", "properties": {"building": "yes", "source": "way"}, "geometry": {"type": "Point", "coordinates": [-82.9166063539427, 42.426021881380485]}}, {"type": "Feature", "properties": {"building": "yes", "source": "way"}, "geometry": {"type": "Point", "coordinates": [-82.91646875, 42.4259745]}}, {"type": "Feature", "properties": {"building": "yes", "source": "way"}, "geometry": {"type": "Point", "coordinates": [-82.9163456564395, 42.425918555921456]}}, {"type": "Feature", "properties": {"building": "yes", "source": "way"}, "geometry": {"type": "Point", "coordinates": [-82.91620580163433, 42.42586993917242]}}, {"type": "Feature", "properties": {"building": "yes", "source": "way"}, "geometry": {"type": "Point", "coordinates": [-82.91666036830006, 42.4256927546362]}}, {"type": "Feature", "properties": {"building": "yes", "source": "way"}, "geometry": {"type": "Point", "coordinates": [-82.9167845, 42.425743450000006]}}, {"type": "Feature", "properties": {"building": "yes", "source": "way"}, "geometry": {"type": "Point", "coordinates": [-82.91657155, 42.42565220000001]}}, {"type": "Feature", "properties": {"building": "yes", "source": "way"}, "geometry": {"type": "Point", "coordinates": [-82.91746704999998, 42.42619535]}}, {"type": "Feature", "properties": {"building": "yes", "source": "way"}, "geometry": {"type": "Point", "coordinates": [-82.9176019822667, 42.426239512131474]}}, {"type": "Feature", "properties": {"building": "yes", "source": "way"}, "geometry": {"type": "Point", "coordinates": [-82.91756757042884, 42.42607290714815]}}, {"type": "Feature", "properties": {"building": "yes", "source": "way"}, "geometry": {"type": "Point", "coordinates": [-82.91768745, 42.426121399999985]}}, {"type": "Feature", "properties": {"building": "yes", "source": "way"}, "geometry": {"type": "Point", "coordinates": [-82.91793135, 42.426251750000006]}}, {"type": "Feature", "properties": {"building": "yes", "source": "way"}, "geometry": {"type": "Point", "coordinates": [-82.91811603239968, 42.42633139846105]}}, {"type": "Feature", "properties": {"building": "yes", "source": "way"}, "geometry": {"type": "Point", "coordinates": [-82.91789071593982, 42.42656287324844]}}, {"type": "Feature", "properties": {"building": "yes", "source": "way"}, "geometry": {"type": "Point", "coordinates": [-82.91775674876953, 42.42652816714476]}}, {"type": "Feature", "properties": {"building": "yes", "source": "way"}, "geometry": {"type": "Point", "coordinates": [-82.91782155, 42.42616730000001]}}, {"type": "Feature", "properties": {"building": "yes", "source": "way"}, "geometry": {"type": "Point", "coordinates": [-82.91711220324144, 42.4262612823996]}}, {"type": "Feature", "properties": {"building": "yes", "source": "way"}, "geometry": {"type": "Point", "coordinates": [-82.91590816977744, 42.426253605165066]}}, {"type": "Feature", "properties": {"building": "yes", "source": "way"}, "geometry": {"type": "Point", "coordinates": [-82.9161883134317, 42.426365383420375]}}, {"type": "Feature", "properties": {"building": "yes", "source": "way"}, "geometry": {"type": "Point", "coordinates": [-82.91631568975356, 42.42642036782591]}}, {"type": "Feature", "properties": {"building": "yes", "source": "way"}, "geometry": {"type": "Point", "coordinates": [-82.91644179684937, 42.42647336831157]}}, {"type": "Feature", "properties": {"building": "yes", "source": "way"}, "geometry": {"type": "Point", "coordinates": [-82.91657405549273, 42.42651288202413]}}, {"type": "Feature", "properties": {"building": "yes", "source": "way"}, "geometry": {"type": "Point", "coordinates": [-82.91669665445343, 42.42657528135746]}}, {"type": "Feature", "properties": {"building": "yes", "source": "way"}, "geometry": {"type": "Point", "coordinates": [-82.91682605000001, 42.42662154999999]}}, {"type": "Feature", "properties": {"building": "yes", "source": "way"}, "geometry": {"type": "Point", "coordinates": [-82.91695454339347, 42.426678868641964]}}, {"type": "Feature", "properties": {"building": "yes", "source": "way"}, "geometry": {"type": "Point", "coordinates": [-82.91707550763877, 42.42673673105688]}}, {"type": "Feature", "properties": {"building": "yes", "source": "way"}, "geometry": {"type": "Point", "coordinates": [-82.91719321495502, 42.426812375010336]}}, {"type": "Feature", "properties": {"building": "yes", "source": "way"}, "geometry": {"type": "Point", "coordinates": [-82.91732089692071, 42.42686551879151]}}, {"type": "Feature", "properties": {"building": "yes", "source": "way"}, "geometry": {"type": "Point", "coordinates": [-82.91564261432248, 42.42673581476445]}}, {"type": "Feature", "properties": {"building": "yes", "source": "way"}, "geometry": {"type": "Point", "coordinates": [-82.91577135, 42.426494649999995]}}, {"type": "Feature", "properties": {"building": "yes", "source": "way"}, "geometry": {"type": "Point", "coordinates": [-82.91591316926875, 42.42645340483916]}}, {"type": "Feature", "properties": {"building": "yes", "source": "way"}, "geometry": {"type": "Point", "coordinates": [-82.9158583311473, 42.42685984361505]}}, {"type": "Feature", "properties": {"building": "yes", "source": "way"}, "geometry": {"type": "Point", "coordinates": [-82.91616509999999, 42.426988300000005]}}, {"type": "Feature", "properties": {"building": "yes", "source": "way"}, "geometry": {"type": "Point", "coordinates": [-82.91630599999999, 42.42704404999999]}}, {"type": "Feature", "properties": {"building": "yes", "source": "way"}, "geometry": {"type": "Point", "coordinates": [-82.91644028433943, 42.427094225971366]}}, {"type": "Feature", "properties": {"building": "yes", "source": "way"}, "geometry": {"type": "Point", "coordinates": [-82.91655125, 42.42690315]}}, {"type": "Feature", "properties": {"building": "yes", "source": "way"}, "geometry": {"type": "Point", "coordinates": [-82.91662845453052, 42.426822082189]}}, {"type": "Feature", "properties": {"building": "yes", "source": "way"}, "geometry": {"type": "Point", "coordinates": [-82.91701834999999, 42.42697305]}}, {"type": "Feature", "properties": {"building": "yes", "source": "way"}, "geometry": {"type": "Point", "coordinates": [-82.91713426481645, 42.42703337193557]}}, {"type": "Feature", "properties": {"building": "yes", "source": "way"}, "geometry": {"type": "Point", "coordinates": [-82.91725881776364, 42.42708755455468]}}, {"type": "Feature", "properties": {"building": "yes", "source": "way"}, "geometry": {"type": "Point", "coordinates": [-82.91743615488078, 42.42693074605864]}}, {"type": "Feature", "properties": {"building": "yes", "source": "way"}, "geometry": {"type": "Point", "coordinates": [-82.91755291535821, 42.426990283146054]}}, {"type": "Feature", "properties": {"building": "yes", "source": "way"}, "geometry": {"type": "Point", "coordinates": [-82.91718854705724, 42.42744806782762]}}, {"type": "Feature", "properties": {"building": "yes", "source": "way"}, "geometry": {"type": "Point", "coordinates": [-82.91705885, 42.427399300000005]}}, {"type": "Feature", "properties": {"building": "yes", "source": "way"}, "geometry": {"type": "Point", "coordinates": [-82.91693487832771, 42.42733786323614]}}, {"type": "Feature", "properties": {"building": "yes", "source": "way"}, "geometry": {"type": "Point", "coordinates": [-82.9168233, 42.427275]}}, {"type": "Feature", "properties": {"building": "yes", "source": "way"}, "geometry": {"type": "Point", "coordinates": [-82.91670204996808, 42.42720756668068]}}, {"type": "Feature", "properties": {"building": "yes", "source": "way"}, "geometry": {"type": "Point", "coordinates": [-82.91531121665103, 42.42715830837813]}}, {"type": "Feature", "properties": {"building": "yes", "source": "way"}, "geometry": {"type": "Point", "coordinates": [-82.91550058226477, 42.42722359360702]}}, {"type": "Feature", "properties": {"building": "yes", "source": "way"}, "geometry": {"type": "Point", "coordinates": [-82.91547634999999, 42.42742585]}}, {"type": "Feature", "properties": {"building": "yes", "source": "way"}, "geometry": {"type": "Point", "coordinates": [-82.91560044134809, 42.4274786708079]}}, {"type": "Feature", "properties": {"building": "yes", "source": "way"}, "geometry": {"type": "Point", "coordinates": [-82.91563768902812, 42.42726709883276]}}, {"type": "Feature", "properties": {"building": "yes", "source": "way"}, "geometry": {"type": "Point", "coordinates": [-82.91577221814634, 42.427309254551936]}}, {"type": "Feature", "properties": {"building": "yes", "source": "way"}, "geometry": {"type": "Point", "coordinates": [-82.91569513207293, 42.4275742943565]}}, {"type": "Feature", "properties": {"building": "yes", "source": "way"}, "geometry": {"type": "Point", "coordinates": [-82.91589170050649, 42.427374933103295]}}, {"type": "Feature", "properties": {"building": "yes", "source": "way"}, "geometry": {"type": "Point", "coordinates": [-82.91602235625503, 42.42742843496081]}}, {"type": "Feature", "properties": {"building": "yes", "source": "way"}, "geometry": {"type": "Point", "coordinates": [-82.91614572677116, 42.42748584234751]}}, {"type": "Feature", "properties": {"building": "yes", "source": "way"}, "geometry": {"type": "Point", "coordinates": [-82.91626852191557, 42.42754108036703]}}, {"type": "Feature", "properties": {"building": "yes", "source": "way"}, "geometry": {"type": "Point", "coordinates": [-82.91639590304234, 42.42758776516086]}}, {"type": "Feature", "properties": {"building": "yes", "source": "way"}, "geometry": {"type": "Point", "coordinates": [-82.91636068756944, 42.42779062494252]}}, {"type": "Feature", "properties": {"building": "yes", "source": "way"}, "geometry": {"type": "Point", "coordinates": [-82.9164786519699, 42.42784938265389]}}, {"type": "Feature", "properties": {"building": "yes", "source": "way"}, "geometry": {"type": "Point", "coordinates": [-82.91651831693146, 42.42766671030616]}}, {"type": "Feature", "properties": {"building": "yes", "source": "way"}, "geometry": {"type": "Point", "coordinates": [-82.91664023734181, 42.427725194073375]}}, {"type": "Feature", "properties": {"building": "yes", "source": "way"}, "geometry": {"type": "Point", "coordinates": [-82.9167646530479, 42.42777653181815]}}, {"type": "Feature", "properties": {"building": "yes", "source": "way"}, "geometry": {"type": "Point", "coordinates": [-82.91687632078346, 42.42785433120913]}}, {"type": "Feature", "properties": {"building": "yes", "source": "way"}, "geometry": {"type": "Point", "coordinates": [-82.91620244999999, 42.427766649999995]}}, {"type": "Feature", "properties": {"building": "yes", "source": "way"}, "geometry": {"type": "Point", "coordinates": [-82.91533580000001, 42.42756144999999]}}, {"type": "Feature", "properties": {"building": "yes", "source": "way"}, "geometry": {"type": "Point", "coordinates": [-82.91518144551078, 42.42750286775963]}}, {"type": "Feature", "properties": {"building": "yes", "source": "way"}, "geometry": {"type": "Point", "coordinates": [-82.91504560693052, 42.427439030832915]}}, {"type": "Feature", "properties": {"building": "yes", "source": "way"}, "geometry": {"type": "Point", "coordinates": [-82.91494333444376, 42.42765218405693]}}, {"type": "Feature", "properties": {"building": "yes", "source": "way"}, "geometry": {"type": "Point", "coordinates": [-82.91476255000002, 42.4276103]}}, {"type": "Feature", "properties": {"building": "yes", "source": "way"}, "geometry": {"type": "Point", "coordinates": [-82.914423, 42.42739240000001]}}, {"type": "Feature", "properties": {"building": "yes", "source": "way"}, "geometry": {"type": "Point", "coordinates": [-82.91468696142212, 42.42718945092602]}}, {"type": "Feature", "properties": {"building": "yes", "source": "way"}, "geometry": {"type": "Point", "coordinates": [-82.91486694999999, 42.42697125]}}, {"type": "Feature", "properties": {"building": "yes", "source": "way"}, "geometry": {"type": "Point", "coordinates": [-82.9133703, 42.426428099999995]}}, {"type": "Feature", "properties": {"building": "yes", "source": "way"}, "geometry": {"type": "Point", "coordinates": [-82.9135619, 42.4265092]}}, {"type": "Feature", "properties": {"building": "yes", "source": "way"}, "geometry": {"type": "Point", "coordinates": [-82.91377514999999, 42.4265755]}}, {"type": "Feature", "properties": {"building": "yes", "source": "way"}, "geometry": {"type": "Point", "coordinates": [-82.91399998760006, 42.42666071817228]}}, {"type": "Feature", "properties": {"building": "yes", "source": "way"}, "geometry": {"type": "Point", "coordinates": [-82.91321274999999, 42.42586385]}}, {"type": "Feature", "properties": {"building": "yes", "source": "way"}, "geometry": {"type": "Point", "coordinates": [-82.91336791835485, 42.42591529030107]}}, {"type": "Feature", "properties": {"building": "yes", "source": "way"}, "geometry": {"type": "Point", "coordinates": [-82.9134911816041, 42.42597449200558]}}, {"type": "Feature", "properties": {"building": "yes", "source": "way"}, "geometry": {"type": "Point", "coordinates": [-82.91361709800728, 42.42602931748102]}}, {"type": "Feature", "properties": {"building": "yes", "source": "way"}, "geometry": {"type": "Point", "coordinates": [-82.9137732990295, 42.42609921102377]}}, {"type": "Feature", "properties": {"building": "yes", "source": "way"}, "geometry": {"type": "Point", "coordinates": [-82.91395671794805, 42.42616030709599]}}, {"type": "Feature", "properties": {"building": "yes", "source": "way"}, "geometry": {"type": "Point", "coordinates": [-82.91416875006138, 42.426255428140934]}}, {"type": "Feature", "properties": {"building": "yes", "source": "way"}, "geometry": {"type": "Point", "coordinates": [-82.91437374635059, 42.42630732483484]}}, {"type": "Feature", "properties": {"building": "yes", "source": "way"}, "geometry": {"type": "Point", "coordinates": [-82.91457304254058, 42.426365753933794]}}, {"type": "Feature", "properties": {"building": "yes", "source": "way"}, "geometry": {"type": "Point", "coordinates": [-82.91471606240961, 42.42643351472563]}}, {"type": "Feature", "properties": {"building": "yes", "source": "way"}, "geometry": {"type": "Point", "coordinates": [-82.9148863587901, 42.42648832478507]}}, {"type": "Feature", "properties": {"building": "yes", "source": "way"}, "geometry": {"type": "Point", "coordinates": [-82.91506854999999, 42.426528700000006]}}, {"type": "Feature", "properties": {"building": "yes", "source": "way"}, "geometry": {"type": "Point", "coordinates": [-82.91521847929798, 42.426581464012685]}}, {"type": "Feature", "properties": {"building": "yes", "source": "way"}, "geometry": {"type": "Point", "coordinates": [-82.91336015, 42.42571155]}}, {"type": "Feature", "properties": {"building": "yes", "source": "way"}, "geometry": {"type": "Point", "coordinates": [-82.91357665927458, 42.42581592399864]}}, {"type": "Feature", "properties": {"building": "yes", "source": "way"}, "geometry": {"type": "Point", "coordinates": [-82.91354453251824, 42.42540782765679]}}, {"type": "Feature", "properties": {"building": "yes", "source": "way"}, "geometry": {"type": "Point", "coordinates": [-82.91377700117391, 42.42547129255027]}}, {"type": "Feature", "properties": {"building": "yes", "source": "way"}, "geometry": {"type": "Point", "coordinates": [-82.91400900834606, 42.42554483157574]}}, {"type": "Feature", "properties": {"building": "yes", "source": "way"}, "geometry": {"type": "Point", "coordinates": [-82.9141909, 42.4256443]}}, {"type": "Feature", "properties": {"building": "yes", "source": "way"}, "geometry": {"type": "Point", "coordinates": [-82.91437118302693, 42.42571547408988]}}, {"type": "Feature", "properties": {"building": "yes", "source": "way"}, "geometry": {"type": "Point", "coordinates": [-82.91450200393818, 42.42576248106566]}}, {"type": "Feature", "properties": {"building": "yes", "source": "way"}, "geometry": {"type": "Point", "coordinates": [-82.91463739999999, 42.42581450000001]}}, {"type": "Feature", "properties": {"building": "yes", "source": "way"}, "geometry": {"type": "Point", "coordinates": [-82.9148041601241, 42.425850421206675]}}, {"type": "Feature", "properties": {"building": "yes", "source": "way"}, "geometry": {"type": "Point", "coordinates": [-82.91494495, 42.42586945000001]}}, {"type": "Feature", "properties": {"building": "yes", "source": "way"}, "geometry": {"type": "Point", "coordinates": [-82.91504735, 42.425951049999995]}}, {"type": "Feature", "properties": {"building": "yes", "source": "way"}, "geometry": {"type": "Point", "coordinates": [-82.91535816032933, 42.426056580918356]}}, {"type": "Feature", "properties": {"building": "yes", "source": "way"}, "geometry": {"type": "Point", "coordinates": [-82.91554902959221, 42.42611519390981]}}, {"type": "Feature", "properties": {"building": "yes", "source": "way"}, "geometry": {"type": "Point", "coordinates": [-82.91013182222363, 42.425563693167064]}}, {"type": "Feature", "properties": {"building": "yes", "source": "way"}, "geometry": {"type": "Point", "coordinates": [-82.91005514114703, 42.42629211370315]}}, {"type": "Feature", "properties": {"building": "yes", "source": "way"}, "geometry": {"type": "Point", "coordinates": [-82.91001279292983, 42.426682312171685]}}, {"type": "Feature", "properties": {"building": "yes", "source": "way"}, "geometry": {"type": "Point", "coordinates": [-82.90986874755654, 42.427262055212765]}}, {"type": "Feature", "properties": {"building": "yes", "source": "way"}, "geometry": {"type": "Point", "coordinates": [-82.90904566805995, 42.42704728768162]}}, {"type": "Feature", "properties": {"building": "yes", "source": "way"}, "geometry": {"type": "Point", "coordinates": [-82.90905356476426, 42.42654520896801]}}, {"type": "Feature", "properties": {"building": "yes", "source": "way"}, "geometry": {"type": "Point", "coordinates": [-82.90864199999999, 42.42697720000001]}}, {"type": "Feature", "properties": {"building": "yes", "source": "way"}, "geometry": {"type": "Point", "coordinates": [-82.90845442630645, 42.42723863246683]}}, {"type": "Feature", "properties": {"building": "yes", "source": "way"}, "geometry": {"type": "Point", "coordinates": [-82.9082989627328, 42.42744669659717]}}, {"type": "Feature", "properties": {"building": "yes", "source": "way"}, "geometry": {"type": "Point", "coordinates": [-82.908992864899, 42.42627732133504]}}, {"type": "Feature", "properties": {"building": "yes", "source": "way"}, "geometry": {"type": "Point", "coordinates": [-82.90864495272386, 42.4261229514118]}}, {"type": "Feature", "properties": {"building": "yes", "source": "way"}, "geometry": {"type": "Point", "coordinates": [-82.90835963083144, 42.426286884864176]}}, {"type": "Feature", "properties": {"building": "yes", "source": "way"}, "geometry": {"type": "Point", "coordinates": [-82.90819460304245, 42.42655618237709]}}, {"type": "Feature", "properties": {"building": "yes", "source": "way"}, "geometry": {"type": "Point", "coordinates": [-82.91064647613483, 42.42529004579949]}}, {"type": "Feature", "properties": {"building": "yes", "source": "way"}, "geometry": {"type": "Point", "coordinates": [-82.91087715, 42.42538245000001]}}, {"type": "Feature", "properties": {"building": "yes", "source": "way"}, "geometry": {"type": "Point", "coordinates": [-82.91100008497799, 42.42538107141278]}}, {"type": "Feature", "properties": {"building": "yes", "source": "way"}, "geometry": {"type": "Point", "coordinates": [-82.9111695450856, 42.425429338603365]}}, {"type": "Feature", "properties": {"building": "yes", "source": "way"}, "geometry": {"type": "Point", "coordinates": [-82.91136388380829, 42.4254927182837]}}, {"type": "Feature", "properties": {"building": "yes", "source": "way"}, "geometry": {"type": "Point", "coordinates": [-82.91156752636276, 42.42556824408161]}}, {"type": "Feature", "properties": {"building": "yes", "source": "way"}, "geometry": {"type": "Point", "coordinates": [-82.911741, 42.425651599999995]}}, {"type": "Feature", "properties": {"building": "yes", "source": "way"}, "geometry": {"type": "Point", "coordinates": [-82.9118693329517, 42.42571043435427]}}, {"type": "Feature", "properties": {"building": "yes", "source": "way"}, "geometry": {"type": "Point", "coordinates": [-82.91156165000001, 42.4257994]}}, {"type": "Feature", "properties": {"building": "yes", "source": "way"}, "geometry": {"type": "Point", "coordinates": [-82.91208382814237, 42.4258670741343]}}, {"type": "Feature", "properties": {"building": "yes", "source": "way"}, "geometry": {"type": "Point", "coordinates": [-82.91230588302449, 42.425951648995245]}}, {"type": "Feature", "properties": {"building": "yes", "source": "way"}, "geometry": {"type": "Point", "coordinates": [-82.91245375, 42.4260334]}}, {"type": "Feature", "properties": {"building": "yes", "source": "way"}, "geometry": {"type": "Point", "coordinates": [-82.912594597714, 42.42610786726733]}}, {"type": "Feature", "properties": {"building": "yes", "source": "way"}, "geometry": {"type": "Point", "coordinates": [-82.91248734999999, 42.42628845]}}, {"type": "Feature", "properties": {"building": "yes", "source": "way"}, "geometry": {"type": "Point", "coordinates": [-82.91241315, 42.4263408]}}, {"type": "Feature", "properties": {"building": "yes", "source": "way"}, "geometry": {"type": "Point", "coordinates": [-82.9122727, 42.426158900000004]}}, {"type": "Feature", "properties": {"building": "yes", "source": "way"}, "geometry": {"type": "Point", "coordinates": [-82.91227135865617, 42.4265204804174]}}, {"type": "Feature", "properties": {"building": "yes", "source": "way"}, "geometry": {"type": "Point", "coordinates": [-82.91214528265667, 42.42646554738877]}}, {"type": "Feature", "properties": {"building": "yes", "source": "way"}, "geometry": {"type": "Point", "coordinates": [-82.91203495420508, 42.426404631881894]}}, {"type": "Feature", "properties": {"building": "yes", "source": "way"}, "geometry": {"type": "Point", "coordinates": [-82.91188647536507, 42.42634040117999]}}, {"type": "Feature", "properties": {"building": "yes", "source": "way"}, "geometry": {"type": "Point", "coordinates": [-82.91190325, 42.426203149999985]}}, {"type": "Feature", "properties": {"building": "yes", "source": "way"}, "geometry": {"type": "Point", "coordinates": [-82.91167656804046, 42.42623466660475]}}, {"type": "Feature", "properties": {"building": "yes", "source": "way"}, "geometry": {"type": "Point", "coordinates": [-82.91145836159187, 42.426144467239524]}}, {"type": "Feature", "properties": {"building": "yes", "source": "way"}, "geometry": {"type": "Point", "coordinates": [-82.91119348091812, 42.426055095268296]}}, {"type": "Feature", "properties": {"building": "yes", "source": "way"}, "geometry": {"type": "Point", "coordinates": [-82.91121274440619, 42.4259134189633]}}, {"type": "Feature", "properties": {"building": "yes", "source": "way"}, "geometry": {"type": "Point", "coordinates": [-82.91103055621632, 42.42599260440609]}}, {"type": "Feature", "properties": {"building": "yes", "source": "way"}, "geometry": {"type": "Point", "coordinates": [-82.91106305, 42.4258284]}}, {"type": "Feature", "properties": {"building": "yes", "source": "way"}, "geometry": {"type": "Point", "coordinates": [-82.91069449023756, 42.42592700914777]}}, {"type": "Feature", "properties": {"building": "yes", "source": "way"}, "geometry": {"type": "Point", "coordinates": [-82.9108631055751, 42.42594357994788]}}, {"type": "Feature", "properties": {"building": "yes", "source": "way"}, "geometry": {"type": "Point", "coordinates": [-82.9105189148228, 42.42589508049996]}}, {"type": "Feature", "properties": {"building": "yes", "source": "way"}, "geometry": {"type": "Point", "coordinates": [-82.91046649322152, 42.42573787396127]}}, {"type": "Feature", "properties": {"building": "yes", "source": "way"}, "geometry": {"type": "Point", "coordinates": [-82.91042968611909, 42.42635731426675]}}, {"type": "Feature", "properties": {"building": "yes", "source": "way"}, "geometry": {"type": "Point", "coordinates": [-82.9105922, 42.426354399999994]}}, {"type": "Feature", "properties": {"building": "yes", "source": "way"}, "geometry": {"type": "Point", "coordinates": [-82.91073372151533, 42.426397711200785]}}, {"type": "Feature", "properties": {"building": "yes", "source": "way"}, "geometry": {"type": "Point", "coordinates": [-82.9108813808205, 42.426405244969885]}}, {"type": "Feature", "properties": {"building": "yes", "source": "way"}, "geometry": {"type": "Point", "coordinates": [-82.91101132740954, 42.42646432445864]}}, {"type": "Feature", "properties": {"building": "yes", "source": "way"}, "geometry": {"type": "Point", "coordinates": [-82.91114764360336, 42.426486218326396]}}, {"type": "Feature", "properties": {"building": "yes", "source": "way"}, "geometry": {"type": "Point", "coordinates": [-82.91127067558351, 42.42653438534958]}}, {"type": "Feature", "properties": {"building": "yes", "source": "way"}, "geometry": {"type": "Point", "coordinates": [-82.91139553243057, 42.426592295874094]}}, {"type": "Feature", "properties": {"building": "yes", "source": "way"}, "geometry": {"type": "Point", "coordinates": [-82.91151020000001, 42.426659]}}, {"type": "Feature", "properties": {"building": "yes", "source": "way"}, "geometry": {"type": "Point", "coordinates": [-82.91161946770757, 42.426729006695446]}}, {"type": "Feature", "properties": {"building": "yes", "source": "way"}, "geometry": {"type": "Point", "coordinates": [-82.9117474, 42.42678475]}}, {"type": "Feature", "properties": {"building": "yes", "source": "way"}, "geometry": {"type": "Point", "coordinates": [-82.91187519562197, 42.426840067362235]}}, {"type": "Feature", "properties": {"building": "yes", "source": "way"}, "geometry": {"type": "Point", "coordinates": [-82.9118564528827, 42.427129682970175]}}, {"type": "Feature", "properties": {"building": "yes", "source": "way"}, "geometry": {"type": "Point", "coordinates": [-82.91175285502409, 42.427233531838425]}}, {"type": "Feature", "properties": {"building": "yes", "source": "way"}, "geometry": {"type": "Point", "coordinates": [-82.91125954677487, 42.42671206775324]}}, {"type": "Feature", "properties": {"building": "yes", "source": "way"}, "geometry": {"type": "Point", "coordinates": [-82.91145181988051, 42.42686770565748]}}, {"type": "Feature", "properties": {"building": "yes", "source": "way"}, "geometry": {"type": "Point", "coordinates": [-82.91199535, 42.42692435000001]}}, {"type": "Feature", "properties": {"building": "yes", "source": "way"}, "geometry": {"type": "Point", "coordinates": [-82.9110082, 42.42692995]}}, {"type": "Feature", "properties": {"building": "yes", "source": "way"}, "geometry": {"type": "Point", "coordinates": [-82.91070220042947, 42.427006639309525]}}, {"type": "Feature", "properties": {"building": "yes", "source": "way"}, "geometry": {"type": "Point", "coordinates": [-82.9105092393629, 42.426495573600306]}}, {"type": "Feature", "properties": {"building": "yes", "source": "way"}, "geometry": {"type": "Point", "coordinates": [-82.91063625, 42.42655439999999]}}, {"type": "Feature", "properties": {"building": "yes", "source": "way"}, "geometry": {"type": "Point", "coordinates": [-82.91076305, 42.4265772]}}, {"type": "Feature", "properties": {"building": "yes", "source": "way"}, "geometry": {"type": "Point", "coordinates": [-82.91067754360091, 42.42680321918121]}}, {"type": "Feature", "properties": {"building": "yes", "source": "way"}, "geometry": {"type": "Point", "coordinates": [-82.91050643068706, 42.42694794626831]}}, {"type": "Feature", "properties": {"building": "yes", "source": "way"}, "geometry": {"type": "Point", "coordinates": [-82.91039860823608, 42.42677428094724]}}, {"type": "Feature", "properties": {"building": "yes", "source": "way"}, "geometry": {"type": "Point", "coordinates": [-82.91039036821714, 42.42688630595711]}}, {"type": "Feature", "properties": {"building": "yes", "source": "way"}, "geometry": {"type": "Point", "coordinates": [-82.91114664999999, 42.4270125]}}, {"type": "Feature", "properties": {"building": "yes", "source": "way"}, "geometry": {"type": "Point", "coordinates": [-82.91128481866421, 42.427116705944854]}}, {"type": "Feature", "properties": {"building": "yes", "source": "way"}, "geometry": {"type": "Point", "coordinates": [-82.91162466815096, 42.42718531632907]}}, {"type": "Feature", "properties": {"building": "yes", "source": "way"}, "geometry": {"type": "Point", "coordinates": [-82.91207215, 42.42735509999999]}}, {"type": "Feature", "properties": {"building": "yes", "source": "way"}, "geometry": {"type": "Point", "coordinates": [-82.91213485636388, 42.42726353132142]}}, {"type": "Feature", "properties": {"building": "yes", "source": "way"}, "geometry": {"type": "Point", "coordinates": [-82.91262189999999, 42.427178999999995]}}, {"type": "Feature", "properties": {"building": "yes", "source": "way"}, "geometry": {"type": "Point", "coordinates": [-82.91245296842035, 42.42733680451208]}}, {"type": "Feature", "properties": {"building": "yes", "source": "way"}, "geometry": {"type": "Point", "coordinates": [-82.91258800459048, 42.427411031273984]}}, {"type": "Feature", "properties": {"building": "yes", "source": "way"}, "geometry": {"type": "Point", "coordinates": [-82.91274425, 42.4274603]}}, {"type": "Feature", "properties": {"building": "yes", "source": "way"}, "geometry": {"type": "Point", "coordinates": [-82.91287795000001, 42.427522]}}, {"type": "Feature", "properties": {"building": "yes", "source": "way"}, "geometry": {"type": "Point", "coordinates": [-82.91274625000001, 42.4276298]}}, {"type": "Feature", "properties": {"building": "yes", "source": "way"}, "geometry": {"type": "Point", "coordinates": [-82.91259196816729, 42.42757155298448]}}, {"type": "Feature", "properties": {"building": "yes", "source": "way"}, "geometry": {"type": "Point", "coordinates": [-82.91228873128364, 42.42744279556641]}}, {"type": "Feature", "properties": {"building": "yes", "source": "way"}, "geometry": {"type": "Point", "coordinates": [-82.9136792451464, 42.42801766799857]}}, {"type": "Feature", "properties": {"building": "yes", "source": "way"}, "geometry": {"type": "Point", "coordinates": [-82.91350019999999, 42.42794235]}}, {"type": "Feature", "properties": {"building": "yes", "source": "way"}, "geometry": {"type": "Point", "coordinates": [-82.91362025, 42.42781845]}}, {"type": "Feature", "properties": {"building": "yes", "source": "way"}, "geometry": {"type": "Point", "coordinates": [-82.9134575, 42.427757]}}, {"type": "Feature", "properties": {"building": "yes", "source": "way"}, "geometry": {"type": "Point", "coordinates": [-82.9133612697798, 42.42788005535111]}}, {"type": "Feature", "properties": {"building": "yes", "source": "way"}, "geometry": {"type": "Point", "coordinates": [-82.91320379999999, 42.4278228]}}, {"type": "Feature", "properties": {"building": "yes", "source": "way"}, "geometry": {"type": "Point", "coordinates": [-82.91304956077916, 42.42795633929763]}}, {"type": "Feature", "properties": {"building": "yes", "source": "way"}, "geometry": {"type": "Point", "coordinates": [-82.91186079278307, 42.428005768844116]}}, {"type": "Feature", "properties": {"building": "yes", "source": "way"}, "geometry": {"type": "Point", "coordinates": [-82.91202835164314, 42.428074244180124]}}, {"type": "Feature", "properties": {"building": "yes", "source": "way"}, "geometry": {"type": "Point", "coordinates": [-82.9118776, 42.428167499999994]}}, {"type": "Feature", "properties": {"building": "yes", "source": "way"}, "geometry": {"type": "Point", "coordinates": [-82.91185755000002, 42.42830225]}}, {"type": "Feature", "properties": {"building": "yes", "source": "way"}, "geometry": {"type": "Point", "coordinates": [-82.91201324999999, 42.4283626]}}, {"type": "Feature", "properties": {"building": "yes", "source": "way"}, "geometry": {"type": "Point", "coordinates": [-82.91216970441674, 42.4284240316022]}}, {"type": "Feature", "properties": {"building": "yes", "source": "way"}, "geometry": {"type": "Point", "coordinates": [-82.91230789999999, 42.428362549999996]}}, {"type": "Feature", "properties": {"building": "yes", "source": "way"}, "geometry": {"type": "Point", "coordinates": [-82.9125129427046, 42.428446768417025]}}, {"type": "Feature", "properties": {"building": "yes", "source": "way"}, "geometry": {"type": "Point", "coordinates": [-82.91262188151744, 42.42860579581933]}}, {"type": "Feature", "properties": {"building": "yes", "source": "way"}, "geometry": {"type": "Point", "coordinates": [-82.91276176799505, 42.428546554722544]}}, {"type": "Feature", "properties": {"building": "yes", "source": "way"}, "geometry": {"type": "Point", "coordinates": [-82.91292035000001, 42.428611950000004]}}, {"type": "Feature", "properties": {"building": "yes", "source": "way"}, "geometry": {"type": "Point", "coordinates": [-82.91290528136513, 42.428765895605316]}}, {"type": "Feature", "properties": {"building": "yes", "source": "way"}, "geometry": {"type": "Point", "coordinates": [-82.9130517, 42.4287831]}}, {"type": "Feature", "properties": {"building": "yes", "source": "way"}, "geometry": {"type": "Point", "coordinates": [-82.91310996804192, 42.428704552621824]}}, {"type": "Feature", "properties": {"building": "yes", "source": "way"}, "geometry": {"type": "Point", "coordinates": [-82.91161404999998, 42.4282216]}}, {"type": "Feature", "properties": {"building": "yes", "source": "way"}, "geometry": {"type": "Point", "coordinates": [-82.91147943167182, 42.42813954585572]}}, {"type": "Feature", "properties": {"building": "yes", "source": "way"}, "geometry": {"type": "Point", "coordinates": [-82.9115733, 42.428043900000006]}}, {"type": "Feature", "properties": {"building": "yes", "source": "way"}, "geometry": {"type": "Point", "coordinates": [-82.91170740000001, 42.42812365]}}, {"type": "Feature", "properties": {"building": "yes", "source": "way"}, "geometry": {"type": "Point", "coordinates": [-82.91126555000001, 42.427934699999994]}}, {"type": "Feature", "properties": {"building": "yes", "source": "way"}, "geometry": {"type": "Point", "coordinates": [-82.91110305000001, 42.4278631]}}, {"type": "Feature", "properties": {"building": "yes", "source": "way"}, "geometry": {"type": "Point", "coordinates": [-82.91101585, 42.4279597]}}, {"type": "Feature", "properties": {"building": "yes", "source": "way"}, "geometry": {"type": "Point", "coordinates": [-82.91094779999999, 42.42779745000001]}}, {"type": "Feature", "properties": {"building": "yes", "source": "way"}, "geometry": {"type": "Point", "coordinates": [-82.9108576, 42.42791015000001]}}, {"type": "Feature", "properties": {"building": "yes", "source": "way"}, "geometry": {"type": "Point", "coordinates": [-82.9102489, 42.42763779999999]}}, {"type": "Feature", "properties": {"building": "yes", "source": "way"}, "geometry": {"type": "Point", "coordinates": [-82.91003275, 42.42766275]}}, {"type": "Feature", "properties": {"building": "yes", "source": "way"}, "geometry": {"type": "Point", "coordinates": [-82.9105156068295, 42.427630681822]}}, {"type": "Feature", "properties": {"building": "yes", "source": "way"}, "geometry": {"type": "Point", "coordinates": [-82.91043154286011, 42.427714019152035]}}, {"type": "Feature", "properties": {"building": "yes", "source": "way"}, "geometry": {"type": "Point", "coordinates": [-82.91056309999998, 42.4277647]}}, {"type": "Feature", "properties": {"building": "yes", "source": "way"}, "geometry": {"type": "Point", "coordinates": [-82.91070291239448, 42.42785322195955]}}, {"type": "Feature", "properties": {"building": "yes", "source": "way"}, "geometry": {"type": "Point", "coordinates": [-82.90983094575793, 42.42807498896499]}}, {"type": "Feature", "properties": {"building": "yes", "source": "way"}, "geometry": {"type": "Point", "coordinates": [-82.91021079026764, 42.42843061959574]}}, {"type": "Feature", "properties": {"building": "yes", "source": "way"}, "geometry": {"type": "Point", "coordinates": [-82.9105077813532, 42.428550146361445]}}, {"type": "Feature", "properties": {"building": "yes", "source": "way"}, "geometry": {"type": "Point", "coordinates": [-82.91064684999999, 42.428611000000004]}}, {"type": "Feature", "properties": {"building": "yes", "source": "way"}, "geometry": {"type": "Point", "coordinates": [-82.91023553237436, 42.42863809568453]}}, {"type": "Feature", "properties": {"building": "yes", "source": "way"}, "geometry": {"type": "Point", "coordinates": [-82.90893747014836, 42.4277296924444]}}, {"type": "Feature", "properties": {"building": "yes", "source": "way"}, "geometry": {"type": "Point", "coordinates": [-82.90900155000001, 42.427616699999994]}}, {"type": "Feature", "properties": {"building": "yes", "source": "way"}, "geometry": {"type": "Point", "coordinates": [-82.91369610104053, 42.42877363265401]}}, {"type": "Feature", "properties": {"building": "yes", "source": "way"}, "geometry": {"type": "Point", "coordinates": [-82.91382795858917, 42.428832700204744]}}, {"type": "Feature", "properties": {"building": "yes", "source": "way"}, "geometry": {"type": "Point", "coordinates": [-82.9139881142004, 42.42888810900334]}}, {"type": "Feature", "properties": {"building": "yes", "source": "way"}, "geometry": {"type": "Point", "coordinates": [-82.91413859684113, 42.42895405479405]}}, {"type": "Feature", "properties": {"building": "yes", "source": "way"}, "geometry": {"type": "Point", "coordinates": [-82.91428718465292, 42.42899917653967]}}, {"type": "Feature", "properties": {"building": "yes", "source": "way"}, "geometry": {"type": "Point", "coordinates": [-82.91443934645535, 42.42905472806207]}}, {"type": "Feature", "properties": {"building": "yes", "source": "way"}, "geometry": {"type": "Point", "coordinates": [-82.91413979286007, 42.429114018977906]}}, {"type": "Feature", "properties": {"building": "yes", "source": "way"}, "geometry": {"type": "Point", "coordinates": [-82.91399663037548, 42.429053794913]}}, {"type": "Feature", "properties": {"building": "yes", "source": "way"}, "geometry": {"type": "Point", "coordinates": [-82.9138572, 42.42899190000001]}}, {"type": "Feature", "properties": {"building": "yes", "source": "way"}, "geometry": {"type": "Point", "coordinates": [-82.9137055, 42.428942299999996]}}, {"type": "Feature", "properties": {"building": "yes", "source": "way"}, "geometry": {"type": "Point", "coordinates": [-82.91354048251485, 42.42870354855121]}}, {"type": "Feature", "properties": {"building": "yes", "source": "way"}, "geometry": {"type": "Point", "coordinates": [-82.91356386825872, 42.428874703838986]}}, {"type": "Feature", "properties": {"building": "yes", "source": "way"}, "geometry": {"type": "Point", "coordinates": [-82.91338448179886, 42.42892104744052]}}, {"type": "Feature", "properties": {"building": "yes", "source": "way"}, "geometry": {"type": "Point", "coordinates": [-82.91328805304286, 42.4290436322559]}}, {"type": "Feature", "properties": {"building": "yes", "source": "way"}, "geometry": {"type": "Point", "coordinates": [-82.91355481697677, 42.42900625122971]}}, {"type": "Feature", "properties": {"building": "yes", "source": "way"}, "geometry": {"type": "Point", "coordinates": [-82.9136343, 42.429024]}}, {"type": "Feature", "properties": {"building": "yes", "source": "way"}, "geometry": {"type": "Point", "coordinates": [-82.91378314999999, 42.4290846]}}, {"type": "Feature", "properties": {"building": "yes", "source": "way"}, "geometry": {"type": "Point", "coordinates": [-82.91402485021652, 42.42934408726283]}}, {"type": "Feature", "properties": {"building": "yes", "source": "way"}, "geometry": {"type": "Point", "coordinates": [-82.91417625000001, 42.42940439999999]}}, {"type": "Feature", "properties": {"building": "yes", "source": "way"}, "geometry": {"type": "Point", "coordinates": [-82.91432984504517, 42.42945225796846]}}, {"type": "Feature", "properties": {"building": "yes", "source": "way"}, "geometry": {"type": "Point", "coordinates": [-82.91448572842143, 42.42951633474155]}}, {"type": "Feature", "properties": {"building": "yes", "source": "way"}, "geometry": {"type": "Point", "coordinates": [-82.9146285404857, 42.42957862118304]}}, {"type": "Feature", "properties": {"building": "yes", "source": "way"}, "geometry": {"type": "Point", "coordinates": [-82.91493493920359, 42.42969971146976]}}, {"type": "Feature", "properties": {"building": "yes", "source": "way"}, "geometry": {"type": "Point", "coordinates": [-82.9150703811263, 42.4297654431893]}}, {"type": "Feature", "properties": {"building": "yes", "source": "way"}, "geometry": {"type": "Point", "coordinates": [-82.91506670000001, 42.4296104]}}, {"type": "Feature", "properties": {"building": "yes", "source": "way"}, "geometry": {"type": "Point", "coordinates": [-82.91520349895023, 42.42968926710406]}}, {"type": "Feature", "properties": {"building": "yes", "source": "way"}, "geometry": {"type": "Point", "coordinates": [-82.91517160000001, 42.429357849999995]}}, {"type": "Feature", "properties": {"building": "yes", "source": "way"}, "geometry": {"type": "Point", "coordinates": [-82.91472063236881, 42.42934419338858]}}, {"type": "Feature", "properties": {"building": "yes", "source": "way"}, "geometry": {"type": "Point", "coordinates": [-82.91458255, 42.42929875]}}, {"type": "Feature", "properties": {"building": "yes", "source": "way"}, "geometry": {"type": "Point", "coordinates": [-82.91431751834955, 42.42930265428694]}}, {"type": "Feature", "properties": {"building": "yes", "source": "way"}, "geometry": {"type": "Point", "coordinates": [-82.91417878291323, 42.42924469535812]}}, {"type": "Feature", "properties": {"building": "yes", "source": "way"}, "geometry": {"type": "Point", "coordinates": [-82.91403520189456, 42.429183432481054]}}, {"type": "Feature", "properties": {"building": "yes", "source": "way"}, "geometry": {"type": "Point", "coordinates": [-82.91390414337185, 42.42827245017356]}}, {"type": "Feature", "properties": {"building": "yes", "source": "way"}, "geometry": {"type": "Point", "coordinates": [-82.91410581772767, 42.42841460106888]}}, {"type": "Feature", "properties": {"building": "yes", "source": "way"}, "geometry": {"type": "Point", "coordinates": [-82.9143076, 42.42847965000001]}}, {"type": "Feature", "properties": {"building": "yes", "source": "way"}, "geometry": {"type": "Point", "coordinates": [-82.91444335, 42.428550099999995]}}, {"type": "Feature", "properties": {"building": "yes", "source": "way"}, "geometry": {"type": "Point", "coordinates": [-82.9145902751877, 42.42861041478037]}}, {"type": "Feature", "properties": {"building": "yes", "source": "way"}, "geometry": {"type": "Point", "coordinates": [-82.91490263182317, 42.42954379682799]}}, {"type": "Feature", "properties": {"building": "yes", "source": "way"}, "geometry": {"type": "Point", "coordinates": [-82.9147872, 42.429646]}}, {"type": "Feature", "properties": {"building": "yes", "source": "way"}, "geometry": {"type": "Point", "coordinates": [-82.9154986, 42.42962625]}}, {"type": "Feature", "properties": {"building": "yes", "source": "way"}, "geometry": {"type": "Point", "coordinates": [-82.91536576742746, 42.429731656875674]}}, {"type": "Feature", "properties": {"building": "yes", "source": "way"}, "geometry": {"type": "Point", "coordinates": [-82.91551627515473, 42.42979448792022]}}, {"type": "Feature", "properties": {"building": "yes", "source": "way"}, "geometry": {"type": "Point", "coordinates": [-82.91565717175328, 42.42985248915811]}}, {"type": "Feature", "properties": {"building": "yes", "source": "way"}, "geometry": {"type": "Point", "coordinates": [-82.91553015000001, 42.42993005]}}, {"type": "Feature", "properties": {"building": "yes", "source": "way"}, "geometry": {"type": "Point", "coordinates": [-82.9153692, 42.429894649999994]}}, {"type": "Feature", "properties": {"building": "yes", "source": "way"}, "geometry": {"type": "Point", "coordinates": [-82.91521791827596, 42.429823056843375]}}, {"type": "Feature", "properties": {"building": "yes", "source": "way"}, "geometry": {"type": "Point", "coordinates": [-82.91567141906053, 42.43000837609163]}}, {"type": "Feature", "properties": {"building": "yes", "source": "way"}, "geometry": {"type": "Point", "coordinates": [-82.91582509805698, 42.43006689241128]}}, {"type": "Feature", "properties": {"building": "yes", "source": "way"}, "geometry": {"type": "Point", "coordinates": [-82.91596737150579, 42.430118961968724]}}, {"type": "Feature", "properties": {"building": "yes", "source": "way"}, "geometry": {"type": "Point", "coordinates": [-82.91594508103604, 42.429846394777186]}}, {"type": "Feature", "properties": {"building": "yes", "source": "way"}, "geometry": {"type": "Point", "coordinates": [-82.91609199999999, 42.4299091]}}, {"type": "Feature", "properties": {"building": "yes", "source": "way"}, "geometry": {"type": "Point", "coordinates": [-82.91610915, 42.430027499999994]}}, {"type": "Feature", "properties": {"building": "yes", "source": "way"}, "geometry": {"type": "Point", "coordinates": [-82.9161311337888, 42.430177562965135]}}, {"type": "Feature", "properties": {"building": "yes", "source": "way"}, "geometry": {"type": "Point", "coordinates": [-82.91625378077757, 42.430097542549824]}}, {"type": "Feature", "properties": {"building": "yes", "source": "way"}, "geometry": {"type": "Point", "coordinates": [-82.91627867256487, 42.430230139297436]}}, {"type": "Feature", "properties": {"building": "yes", "source": "way"}, "geometry": {"type": "Point", "coordinates": [-82.91640315000001, 42.430157050000005]}}, {"type": "Feature", "properties": {"building": "yes", "source": "way"}, "geometry": {"type": "Point", "coordinates": [-82.9164187665599, 42.43029878321925]}}, {"type": "Feature", "properties": {"building": "yes", "source": "way"}, "geometry": {"type": "Point", "coordinates": [-82.9166228, 42.43007465000001]}}, {"type": "Feature", "properties": {"building": "yes", "source": "way"}, "geometry": {"type": "Point", "coordinates": [-82.91640464999999, 42.43003625]}}, {"type": "Feature", "properties": {"building": "yes", "source": "way"}, "geometry": {"type": "Point", "coordinates": [-82.91640445, 42.42984725000001]}}, {"type": "Feature", "properties": {"building": "yes", "source": "way"}, "geometry": {"type": "Point", "coordinates": [-82.9129452, 42.429539600000005]}}, {"type": "Feature", "properties": {"building": "yes", "source": "way"}, "geometry": {"type": "Point", "coordinates": [-82.91271777211867, 42.4297954427836]}}, {"type": "Feature", "properties": {"building": "yes", "source": "way"}, "geometry": {"type": "Point", "coordinates": [-82.91284605, 42.429891549999994]}}, {"type": "Feature", "properties": {"building": "yes", "source": "way"}, "geometry": {"type": "Point", "coordinates": [-82.91307809453988, 42.429741068549816]}}, {"type": "Feature", "properties": {"building": "yes", "source": "way"}, "geometry": {"type": "Point", "coordinates": [-82.91306051437464, 42.42958632657689]}}, {"type": "Feature", "properties": {"building": "yes", "source": "way"}, "geometry": {"type": "Point", "coordinates": [-82.91323885, 42.429654]}}, {"type": "Feature", "properties": {"building": "yes", "source": "way"}, "geometry": {"type": "Point", "coordinates": [-82.91320972675521, 42.42980691319038]}}, {"type": "Feature", "properties": {"building": "yes", "source": "way"}, "geometry": {"type": "Point", "coordinates": [-82.91331325000002, 42.42990185]}}, {"type": "Feature", "properties": {"building": "yes", "source": "way"}, "geometry": {"type": "Point", "coordinates": [-82.91339440536427, 42.42972438170766]}}, {"type": "Feature", "properties": {"building": "yes", "source": "way"}, "geometry": {"type": "Point", "coordinates": [-82.91355755000001, 42.4297919]}}, {"type": "Feature", "properties": {"building": "yes", "source": "way"}, "geometry": {"type": "Point", "coordinates": [-82.91344994324606, 42.429961319297014]}}, {"type": "Feature", "properties": {"building": "yes", "source": "way"}, "geometry": {"type": "Point", "coordinates": [-82.91361860669767, 42.430001781447714]}}, {"type": "Feature", "properties": {"building": "yes", "source": "way"}, "geometry": {"type": "Point", "coordinates": [-82.91371133170345, 42.429852046437674]}}, {"type": "Feature", "properties": {"building": "yes", "source": "way"}, "geometry": {"type": "Point", "coordinates": [-82.91387203171834, 42.429922544956014]}}, {"type": "Feature", "properties": {"building": "yes", "source": "way"}, "geometry": {"type": "Point", "coordinates": [-82.9137595436816, 42.43002051845513]}}, {"type": "Feature", "properties": {"building": "yes", "source": "way"}, "geometry": {"type": "Point", "coordinates": [-82.91384330786926, 42.43012237166782]}}, {"type": "Feature", "properties": {"building": "yes", "source": "way"}, "geometry": {"type": "Point", "coordinates": [-82.91152673872193, 42.42896542480711]}}, {"type": "Feature", "properties": {"building": "yes", "source": "way"}, "geometry": {"type": "Point", "coordinates": [-82.9112876056178, 42.42905868094007]}}, {"type": "Feature", "properties": {"building": "yes", "source": "way"}, "geometry": {"type": "Point", "coordinates": [-82.91166998034902, 42.429020844546905]}}, {"type": "Feature", "properties": {"building": "yes", "source": "way"}, "geometry": {"type": "Point", "coordinates": [-82.91166875, 42.42924779999999]}}, {"type": "Feature", "properties": {"building": "yes", "source": "way"}, "geometry": {"type": "Point", "coordinates": [-82.91178584999999, 42.42930234999999]}}, {"type": "Feature", "properties": {"building": "yes", "source": "way"}, "geometry": {"type": "Point", "coordinates": [-82.91196454328195, 42.42914951883396]}}, {"type": "Feature", "properties": {"building": "yes", "source": "way"}, "geometry": {"type": "Point", "coordinates": [-82.9119777, 42.42926935]}}, {"type": "Feature", "properties": {"building": "yes", "source": "way"}, "geometry": {"type": "Point", "coordinates": [-82.91209920344505, 42.42920093201867]}}, {"type": "Feature", "properties": {"building": "yes", "source": "way"}, "geometry": {"type": "Point", "coordinates": [-82.9122143474041, 42.429408067464514]}}, {"type": "Feature", "properties": {"building": "yes", "source": "way"}, "geometry": {"type": "Point", "coordinates": [-82.91231800000001, 42.42949145]}}, {"type": "Feature", "properties": {"building": "yes", "source": "way"}, "geometry": {"type": "Point", "coordinates": [-82.91243085974683, 42.42961607407896]}}, {"type": "Feature", "properties": {"building": "yes", "source": "way"}, "geometry": {"type": "Point", "coordinates": [-82.90964277201773, 42.429228661336204]}}, {"type": "Feature", "properties": {"building": "yes", "source": "way"}, "geometry": {"type": "Point", "coordinates": [-82.90953876137841, 42.42978825626707]}}, {"type": "Feature", "properties": {"building": "yes", "source": "way"}, "geometry": {"type": "Point", "coordinates": [-82.90942775996108, 42.43032841724832]}}, {"type": "Feature", "properties": {"building": "yes", "source": "way"}, "geometry": {"type": "Point", "coordinates": [-82.90867600237006, 42.43004457817399]}}, {"type": "Feature", "properties": {"building": "yes", "source": "way"}, "geometry": {"type": "Point", "coordinates": [-82.9088359083371, 42.42912920719397]}}, {"type": "Feature", "properties": {"building": "yes", "source": "way"}, "geometry": {"type": "Point", "coordinates": [-82.90846808913088, 42.429319963936685]}}, {"type": "Feature", "properties": {"building": "yes", "source": "way"}, "geometry": {"type": "Point", "coordinates": [-82.90825400808495, 42.4292351102372]}}, {"type": "Feature", "properties": {"building": "yes", "source": "way"}, "geometry": {"type": "Point", "coordinates": [-82.90806290000002, 42.4291599]}}, {"type": "Feature", "properties": {"building": "yes", "source": "way"}, "geometry": {"type": "Point", "coordinates": [-82.91007434999999, 42.42931924999999]}}, {"type": "Feature", "properties": {"building": "yes", "source": "way"}, "geometry": {"type": "Point", "coordinates": [-82.91022994635047, 42.42938606949526]}}, {"type": "Feature", "properties": {"building": "yes", "source": "way"}, "geometry": {"type": "Point", "coordinates": [-82.91036365, 42.42943524999999]}}, {"type": "Feature", "properties": {"building": "yes", "source": "way"}, "geometry": {"type": "Point", "coordinates": [-82.910522406782, 42.42950381174196]}}, {"type": "Feature", "properties": {"building": "yes", "source": "way"}, "geometry": {"type": "Point", "coordinates": [-82.910679932476, 42.42958238968568]}}, {"type": "Feature", "properties": {"building": "yes", "source": "way"}, "geometry": {"type": "Point", "coordinates": [-82.9108120169642, 42.42962185745947]}}, {"type": "Feature", "properties": {"building": "yes", "source": "way"}, "geometry": {"type": "Point", "coordinates": [-82.91097061647902, 42.42968248247191]}}, {"type": "Feature", "properties": {"building": "yes", "source": "way"}, "geometry": {"type": "Point", "coordinates": [-82.9111189059883, 42.42975664361931]}}, {"type": "Feature", "properties": {"building": "yes", "source": "way"}, "geometry": {"type": "Point", "coordinates": [-82.91139088944247, 42.42986844019248]}}, {"type": "Feature", "properties": {"building": "yes", "source": "way"}, "geometry": {"type": "Point", "coordinates": [-82.9115824, 42.4299253]}}, {"type": "Feature", "properties": {"building": "yes", "source": "way"}, "geometry": {"type": "Point", "coordinates": [-82.91175415, 42.43000105]}}, {"type": "Feature", "properties": {"building": "yes", "source": "way"}, "geometry": {"type": "Point", "coordinates": [-82.9119298927579, 42.43007227319346]}}, {"type": "Feature", "properties": {"building": "yes", "source": "way"}, "geometry": {"type": "Point", "coordinates": [-82.91205160000001, 42.430108700000005]}}, {"type": "Feature", "properties": {"building": "yes", "source": "way"}, "geometry": {"type": "Point", "coordinates": [-82.91239185, 42.430253699999994]}}, {"type": "Feature", "properties": {"building": "yes", "source": "way"}, "geometry": {"type": "Point", "coordinates": [-82.91257913218229, 42.43034339895764]}}, {"type": "Feature", "properties": {"building": "yes", "source": "way"}, "geometry": {"type": "Point", "coordinates": [-82.91125411722385, 42.4298077074975]}}, {"type": "Feature", "properties": {"building": "yes", "source": "way"}, "geometry": {"type": "Point", "coordinates": [-82.9111917, 42.43000020000001]}}, {"type": "Feature", "properties": {"building": "yes", "source": "way"}, "geometry": {"type": "Point", "coordinates": [-82.91101151836712, 42.42996010423064]}}, {"type": "Feature", "properties": {"building": "yes", "source": "way"}, "geometry": {"type": "Point", "coordinates": [-82.91089683192043, 42.42987674599183]}}, {"type": "Feature", "properties": {"building": "yes", "source": "way"}, "geometry": {"type": "Point", "coordinates": [-82.9107191, 42.429799450000004]}}, {"type": "Feature", "properties": {"building": "yes", "source": "way"}, "geometry": {"type": "Point", "coordinates": [-82.91063075, 42.42972335000001]}}, {"type": "Feature", "properties": {"building": "yes", "source": "way"}, "geometry": {"type": "Point", "coordinates": [-82.91051610349918, 42.42965578194789]}}, {"type": "Feature", "properties": {"building": "yes", "source": "way"}, "geometry": {"type": "Point", "coordinates": [-82.91033520388005, 42.4295641818817]}}, {"type": "Feature", "properties": {"building": "yes", "source": "way"}, "geometry": {"type": "Point", "coordinates": [-82.91016795872788, 42.42953771938586]}}, {"type": "Feature", "properties": {"building": "yes", "source": "way"}, "geometry": {"type": "Point", "coordinates": [-82.91003116378211, 42.4294925215978]}}, {"type": "Feature", "properties": {"building": "yes", "source": "way"}, "geometry": {"type": "Point", "coordinates": [-82.91005415963072, 42.42995391600044]}}, {"type": "Feature", "properties": {"building": "yes", "source": "way"}, "geometry": {"type": "Point", "coordinates": [-82.9104010549156, 42.4299126803732]}}, {"type": "Feature", "properties": {"building": "yes", "source": "way"}, "geometry": {"type": "Point", "coordinates": [-82.9105252186016, 42.42999090482873]}}, {"type": "Feature", "properties": {"building": "yes", "source": "way"}, "geometry": {"type": "Point", "coordinates": [-82.91076681003895, 42.430260889257376]}}, {"type": "Feature", "properties": {"building": "yes", "source": "way"}, "geometry": {"type": "Point", "coordinates": [-82.91095778591348, 42.43034609476318]}}, {"type": "Feature", "properties": {"building": "yes", "source": "way"}, "geometry": {"type": "Point", "coordinates": [-82.91115669999999, 42.43024615]}}, {"type": "Feature", "properties": {"building": "yes", "source": "way"}, "geometry": {"type": "Point", "coordinates": [-82.9115947, 42.43010245]}}, {"type": "Feature", "properties": {"building": "yes", "source": "way"}, "geometry": {"type": "Point", "coordinates": [-82.91150554999999, 42.430281199999996]}}, {"type": "Feature", "properties": {"building": "yes", "source": "way"}, "geometry": {"type": "Point", "coordinates": [-82.91157688483742, 42.430377207736136]}}, {"type": "Feature", "properties": {"building": "yes", "source": "way"}, "geometry": {"type": "Point", "coordinates": [-82.91168693795086, 42.43060086536276]}}, {"type": "Feature", "properties": {"building": "yes", "source": "way"}, "geometry": {"type": "Point", "coordinates": [-82.91150352148846, 42.4305632724534]}}, {"type": "Feature", "properties": {"building": "yes", "source": "way"}, "geometry": {"type": "Point", "coordinates": [-82.91193105, 42.4303319]}}, {"type": "Feature", "properties": {"building": "yes", "source": "way"}, "geometry": {"type": "Point", "coordinates": [-82.91134084999999, 42.430040500000004]}}, {"type": "Feature", "properties": {"building": "yes", "source": "way"}, "geometry": {"type": "Point", "coordinates": [-82.91200032589569, 42.43077471499518]}}, {"type": "Feature", "properties": {"building": "yes", "source": "way"}, "geometry": {"type": "Point", "coordinates": [-82.91215458518337, 42.43082063179759]}}, {"type": "Feature", "properties": {"building": "yes", "source": "way"}, "geometry": {"type": "Point", "coordinates": [-82.91231418049416, 42.43086852066845]}}, {"type": "Feature", "properties": {"building": "yes", "source": "way"}, "geometry": {"type": "Point", "coordinates": [-82.91130955519606, 42.431082883090326]}}, {"type": "Feature", "properties": {"building": "yes", "source": "way"}, "geometry": {"type": "Point", "coordinates": [-82.9101554704818, 42.431506276560384]}}, {"type": "Feature", "properties": {"building": "yes", "source": "way"}, "geometry": {"type": "Point", "coordinates": [-82.90988207903523, 42.43044251539755]}}, {"type": "Feature", "properties": {"building": "yes", "source": "way"}, "geometry": {"type": "Point", "coordinates": [-82.90999890311019, 42.430510222707895]}}, {"type": "Feature", "properties": {"building": "yes", "source": "way"}, "geometry": {"type": "Point", "coordinates": [-82.91014858042678, 42.43056188960886]}}, {"type": "Feature", "properties": {"building": "yes", "source": "way"}, "geometry": {"type": "Point", "coordinates": [-82.91029705000001, 42.4306068]}}, {"type": "Feature", "properties": {"building": "yes", "source": "way"}, "geometry": {"type": "Point", "coordinates": [-82.91043449199424, 42.43065176844573]}}, {"type": "Feature", "properties": {"building": "yes", "source": "way"}, "geometry": {"type": "Point", "coordinates": [-82.91054618153223, 42.43072649150824]}}, {"type": "Feature", "properties": {"building": "yes", "source": "way"}, "geometry": {"type": "Point", "coordinates": [-82.91066387149681, 42.430790668977735]}}, {"type": "Feature", "properties": {"building": "yes", "source": "way"}, "geometry": {"type": "Point", "coordinates": [-82.91079663189895, 42.43084083044778]}}, {"type": "Feature", "properties": {"building": "yes", "source": "way"}, "geometry": {"type": "Point", "coordinates": [-82.91092929422487, 42.43089790723241]}}, {"type": "Feature", "properties": {"building": "yes", "source": "way"}, "geometry": {"type": "Point", "coordinates": [-82.91106270000002, 42.4309392]}}, {"type": "Feature", "properties": {"building": "yes", "source": "way"}, "geometry": {"type": "Point", "coordinates": [-82.91118945, 42.4309932]}}, {"type": "Feature", "properties": {"building": "yes", "source": "way"}, "geometry": {"type": "Point", "coordinates": [-82.9099246, 42.43068064999999]}}, {"type": "Feature", "properties": {"building": "yes", "source": "way"}, "geometry": {"type": "Point", "coordinates": [-82.91010410386976, 42.43071393108046]}}, {"type": "Feature", "properties": {"building": "yes", "source": "way"}, "geometry": {"type": "Point", "coordinates": [-82.91036200396063, 42.43082318148846]}}, {"type": "Feature", "properties": {"building": "yes", "source": "way"}, "geometry": {"type": "Point", "coordinates": [-82.91043914720068, 42.43092841766335]}}, {"type": "Feature", "properties": {"building": "yes", "source": "way"}, "geometry": {"type": "Point", "coordinates": [-82.91062869999999, 42.43092405]}}, {"type": "Feature", "properties": {"building": "yes", "source": "way"}, "geometry": {"type": "Point", "coordinates": [-82.91073538706955, 42.43099097797326]}}, {"type": "Feature", "properties": {"building": "yes", "source": "way"}, "geometry": {"type": "Point", "coordinates": [-82.91096907016347, 42.431131454883214]}}, {"type": "Feature", "properties": {"building": "yes", "source": "way"}, "geometry": {"type": "Point", "coordinates": [-82.91115975, 42.43111235000001]}}, {"type": "Feature", "properties": {"building": "yes", "source": "way"}, "geometry": {"type": "Point", "coordinates": [-82.91238725, 42.43173735]}}, {"type": "Feature", "properties": {"building": "yes", "source": "way"}, "geometry": {"type": "Point", "coordinates": [-82.91325710000001, 42.43128445000001]}}, {"type": "Feature", "properties": {"building": "yes", "source": "way"}, "geometry": {"type": "Point", "coordinates": [-82.9124795, 42.4309717]}}, {"type": "Feature", "properties": {"building": "yes", "source": "way"}, "geometry": {"type": "Point", "coordinates": [-82.91278692809676, 42.43062441074247]}}, {"type": "Feature", "properties": {"building": "yes", "source": "way"}, "geometry": {"type": "Point", "coordinates": [-82.91300750000002, 42.430778350000004]}}, {"type": "Feature", "properties": {"building": "yes", "source": "way"}, "geometry": {"type": "Point", "coordinates": [-82.91319399210605, 42.430804719654994]}}, {"type": "Feature", "properties": {"building": "yes", "source": "way"}, "geometry": {"type": "Point", "coordinates": [-82.91219927945293, 42.430434812833184]}}, {"type": "Feature", "properties": {"building": "yes", "source": "way"}, "geometry": {"type": "Point", "coordinates": [-82.91264129297412, 42.43101572390227]}}, {"type": "Feature", "properties": {"building": "yes", "source": "way"}, "geometry": {"type": "Point", "coordinates": [-82.91384972178372, 42.430872937387]}}, {"type": "Feature", "properties": {"building": "yes", "source": "way"}, "geometry": {"type": "Point", "coordinates": [-82.91416469938079, 42.43099064990248]}}, {"type": "Feature", "properties": {"building": "yes", "source": "way"}, "geometry": {"type": "Point", "coordinates": [-82.91431002820264, 42.431070262478265]}}, {"type": "Feature", "properties": {"building": "yes", "source": "way"}, "geometry": {"type": "Point", "coordinates": [-82.91408455, 42.431173300000005]}}, {"type": "Feature", "properties": {"building": "yes", "source": "way"}, "geometry": {"type": "Point", "coordinates": [-82.91424190000001, 42.4312537]}}, {"type": "Feature", "properties": {"building": "yes", "source": "way"}, "geometry": {"type": "Point", "coordinates": [-82.91477019999999, 42.43124775]}}, {"type": "Feature", "properties": {"building": "yes", "source": "way"}, "geometry": {"type": "Point", "coordinates": [-82.91439992890953, 42.431548560054665]}}, {"type": "Feature", "properties": {"building": "yes", "source": "way"}, "geometry": {"type": "Point", "coordinates": [-82.91449289999998, 42.431643949999994]}}, {"type": "Feature", "properties": {"building": "yes", "source": "way"}, "geometry": {"type": "Point", "coordinates": [-82.914256, 42.4314975]}}, {"type": "Feature", "properties": {"building": "yes", "source": "way"}, "geometry": {"type": "Point", "coordinates": [-82.9138866, 42.431323500000005]}}, {"type": "Feature", "properties": {"building": "yes", "source": "way"}, "geometry": {"type": "Point", "coordinates": [-82.91372553920932, 42.43130907688345]}}, {"type": "Feature", "properties": {"building": "yes", "source": "way"}, "geometry": {"type": "Point", "coordinates": [-82.91393694755246, 42.43111046764789]}}, {"type": "Feature", "properties": {"building": "yes", "source": "way"}, "geometry": {"type": "Point", "coordinates": [-82.91323195, 42.43200115]}}, {"type": "Feature", "properties": {"building": "yes", "source": "way"}, "geometry": {"type": "Point", "coordinates": [-82.9133677317977, 42.43207019416461]}}, {"type": "Feature", "properties": {"building": "yes", "source": "way"}, "geometry": {"type": "Point", "coordinates": [-82.91350249999999, 42.4321256]}}, {"type": "Feature", "properties": {"building": "yes", "source": "way"}, "geometry": {"type": "Point", "coordinates": [-82.91361068228318, 42.43221329792767]}}, {"type": "Feature", "properties": {"building": "yes", "source": "way"}, "geometry": {"type": "Point", "coordinates": [-82.91376571788767, 42.432272255326524]}}, {"type": "Feature", "properties": {"building": "yes", "source": "way"}, "geometry": {"type": "Point", "coordinates": [-82.91364855147991, 42.43199686132143]}}, {"type": "Feature", "properties": {"building": "yes", "source": "way"}, "geometry": {"type": "Point", "coordinates": [-82.91394140465287, 42.432114863381905]}}, {"type": "Feature", "properties": {"building": "yes", "source": "way"}, "geometry": {"type": "Point", "coordinates": [-82.914497681707, 42.43232909710764]}}, {"type": "Feature", "properties": {"building": "yes", "source": "way"}, "geometry": {"type": "Point", "coordinates": [-82.91419160000002, 42.4324098]}}, {"type": "Feature", "properties": {"building": "yes", "source": "way"}, "geometry": {"type": "Point", "coordinates": [-82.91432565, 42.4325]}}, {"type": "Feature", "properties": {"building": "yes", "source": "way"}, "geometry": {"type": "Point", "coordinates": [-82.91477835, 42.43246915]}}, {"type": "Feature", "properties": {"building": "yes", "source": "way"}, "geometry": {"type": "Point", "coordinates": [-82.91377020815024, 42.43206026461643]}}, {"type": "Feature", "properties": {"building": "yes", "source": "way"}, "geometry": {"type": "Point", "coordinates": [-82.91306619999999, 42.43201044999999]}}, {"type": "Feature", "properties": {"building": "yes", "source": "way"}, "geometry": {"type": "Point", "coordinates": [-82.91310606279794, 42.43307672922978]}}, {"type": "Feature", "properties": {"building": "yes", "source": "way"}, "geometry": {"type": "Point", "coordinates": [-82.91526310000002, 42.430722900000006]}}, {"type": "Feature", "properties": {"building": "yes", "source": "way"}, "geometry": {"type": "Point", "coordinates": [-82.91542633102526, 42.43078789424193]}}, {"type": "Feature", "properties": {"building": "yes", "source": "way"}, "geometry": {"type": "Point", "coordinates": [-82.91648378237984, 42.43085854164353]}}, {"type": "Feature", "properties": {"building": "yes", "source": "way"}, "geometry": {"type": "Point", "coordinates": [-82.91663740000001, 42.43091315]}}, {"type": "Feature", "properties": {"building": "yes", "source": "way"}, "geometry": {"type": "Point", "coordinates": [-82.91680148150434, 42.43096764383939]}}, {"type": "Feature", "properties": {"building": "yes", "source": "way"}, "geometry": {"type": "Point", "coordinates": [-82.9169556012024, 42.431013459537965]}}, {"type": "Feature", "properties": {"building": "yes", "source": "way"}, "geometry": {"type": "Point", "coordinates": [-82.9171055404837, 42.43107316947349]}}, {"type": "Feature", "properties": {"building": "yes", "source": "way"}, "geometry": {"type": "Point", "coordinates": [-82.9169732, 42.4311868]}}, {"type": "Feature", "properties": {"building": "yes", "source": "way"}, "geometry": {"type": "Point", "coordinates": [-82.91680911275874, 42.43111542377903]}}, {"type": "Feature", "properties": {"building": "yes", "source": "way"}, "geometry": {"type": "Point", "coordinates": [-82.91724760096406, 42.43115569768979]}}, {"type": "Feature", "properties": {"building": "yes", "source": "way"}, "geometry": {"type": "Point", "coordinates": [-82.917403267659, 42.43121255646002]}}, {"type": "Feature", "properties": {"building": "yes", "source": "way"}, "geometry": {"type": "Point", "coordinates": [-82.91757016940942, 42.43125430378534]}}, {"type": "Feature", "properties": {"building": "yes", "source": "way"}, "geometry": {"type": "Point", "coordinates": [-82.91773593362501, 42.431328317300284]}}, {"type": "Feature", "properties": {"building": "yes", "source": "way"}, "geometry": {"type": "Point", "coordinates": [-82.91794385135194, 42.43142258337449]}}, {"type": "Feature", "properties": {"building": "yes", "source": "way"}, "geometry": {"type": "Point", "coordinates": [-82.9181279, 42.431509000000005]}}, {"type": "Feature", "properties": {"building": "yes", "source": "way"}, "geometry": {"type": "Point", "coordinates": [-82.91797385000001, 42.43160005]}}, {"type": "Feature", "properties": {"building": "yes", "source": "way"}, "geometry": {"type": "Point", "coordinates": [-82.91832833064879, 42.43157322884906]}}, {"type": "Feature", "properties": {"building": "yes", "source": "way"}, "geometry": {"type": "Point", "coordinates": [-82.91852937924543, 42.431647633628145]}}, {"type": "Feature", "properties": {"building": "yes", "source": "way"}, "geometry": {"type": "Point", "coordinates": [-82.91871357987642, 42.4317326065174]}}, {"type": "Feature", "properties": {"building": "yes", "source": "way"}, "geometry": {"type": "Point", "coordinates": [-82.91874645, 42.4319203]}}, {"type": "Feature", "properties": {"building": "yes", "source": "way"}, "geometry": {"type": "Point", "coordinates": [-82.91897979999999, 42.43200930000001]}}, {"type": "Feature", "properties": {"building": "yes", "source": "way"}, "geometry": {"type": "Point", "coordinates": [-82.91269706096357, 42.434410029578544]}}, {"type": "Feature", "properties": {"building": "yes", "source": "way"}, "geometry": {"type": "Point", "coordinates": [-82.91281624087661, 42.434459421259575]}}, {"type": "Feature", "properties": {"building": "yes", "source": "way"}, "geometry": {"type": "Point", "coordinates": [-82.91294145, 42.43452135]}}, {"type": "Feature", "properties": {"building": "yes", "source": "way"}, "geometry": {"type": "Point", "coordinates": [-82.91307653133715, 42.43456943448618]}}, {"type": "Feature", "properties": {"building": "yes", "source": "way"}, "geometry": {"type": "Point", "coordinates": [-82.90930018090208, 42.43456496416051]}}, {"type": "Feature", "properties": {"building": "yes", "source": "way"}, "geometry": {"type": "Point", "coordinates": [-82.90890178059033, 42.43459376631977]}}, {"type": "Feature", "properties": {"building": "yes", "source": "way"}, "geometry": {"type": "Point", "coordinates": [-82.90942497988495, 42.434648992315466]}}, {"type": "Feature", "properties": {"building": "yes", "source": "way"}, "geometry": {"type": "Point", "coordinates": [-82.909576090219, 42.43456102083155]}}, {"type": "Feature", "properties": {"building": "yes", "source": "way"}, "geometry": {"type": "Point", "coordinates": [-82.90971065, 42.43458149999999]}}, {"type": "Feature", "properties": {"building": "yes", "source": "way"}, "geometry": {"type": "Point", "coordinates": [-82.90970677029755, 42.4347163599957]}}, {"type": "Feature", "properties": {"building": "yes", "source": "way"}, "geometry": {"type": "Point", "coordinates": [-82.90955525627915, 42.43469877980102]}}, {"type": "Feature", "properties": {"building": "yes", "source": "way"}, "geometry": {"type": "Point", "coordinates": [-82.90984622774741, 42.43475595289648]}}, {"type": "Feature", "properties": {"building": "yes", "source": "way"}, "geometry": {"type": "Point", "coordinates": [-82.90988430000002, 42.434602749999996]}}, {"type": "Feature", "properties": {"building": "yes", "source": "way"}, "geometry": {"type": "Point", "coordinates": [-82.91034674999999, 42.434601550000004]}}, {"type": "Feature", "properties": {"building": "yes", "source": "way"}, "geometry": {"type": "Point", "coordinates": [-82.91020365821855, 42.43456248021739]}}, {"type": "Feature", "properties": {"building": "yes", "source": "way"}, "geometry": {"type": "Point", "coordinates": [-82.91048487020946, 42.43462795523622]}}, {"type": "Feature", "properties": {"building": "yes", "source": "way"}, "geometry": {"type": "Point", "coordinates": [-82.91080371583082, 42.43432600744795]}}, {"type": "Feature", "properties": {"building": "yes", "source": "way"}, "geometry": {"type": "Point", "coordinates": [-82.9109457049823, 42.43439066026263]}}, {"type": "Feature", "properties": {"building": "yes", "source": "way"}, "geometry": {"type": "Point", "coordinates": [-82.91107879060893, 42.43443782187428]}}, {"type": "Feature", "properties": {"building": "yes", "source": "way"}, "geometry": {"type": "Point", "coordinates": [-82.91121335, 42.43449439999999]}}, {"type": "Feature", "properties": {"building": "yes", "source": "way"}, "geometry": {"type": "Point", "coordinates": [-82.91133851970929, 42.43455905804882]}}, {"type": "Feature", "properties": {"building": "yes", "source": "way"}, "geometry": {"type": "Point", "coordinates": [-82.91147409999999, 42.43459299999999]}}, {"type": "Feature", "properties": {"building": "yes", "source": "way"}, "geometry": {"type": "Point", "coordinates": [-82.91160818847453, 42.434649342947324]}}, {"type": "Feature", "properties": {"building": "yes", "source": "way"}, "geometry": {"type": "Point", "coordinates": [-82.91173175, 42.43471195]}}, {"type": "Feature", "properties": {"building": "yes", "source": "way"}, "geometry": {"type": "Point", "coordinates": [-82.91122299999999, 42.43471554999999]}}, {"type": "Feature", "properties": {"building": "yes", "source": "way"}, "geometry": {"type": "Point", "coordinates": [-82.90945421752853, 42.43379705050294]}}, {"type": "Feature", "properties": {"building": "yes", "source": "way"}, "geometry": {"type": "Point", "coordinates": [-82.90974796224923, 42.43392160175118]}}, {"type": "Feature", "properties": {"building": "yes", "source": "way"}, "geometry": {"type": "Point", "coordinates": [-82.90987853080384, 42.4339661920242]}}, {"type": "Feature", "properties": {"building": "yes", "source": "way"}, "geometry": {"type": "Point", "coordinates": [-82.91001175, 42.434028049999995]}}, {"type": "Feature", "properties": {"building": "yes", "source": "way"}, "geometry": {"type": "Point", "coordinates": [-82.9096431702735, 42.43406160532198]}}, {"type": "Feature", "properties": {"building": "yes", "source": "way"}, "geometry": {"type": "Point", "coordinates": [-82.90881981115338, 42.43426326380396]}}, {"type": "Feature", "properties": {"building": "yes", "source": "way"}, "geometry": {"type": "Point", "coordinates": [-82.90988054002099, 42.43424682091251]}}, {"type": "Feature", "properties": {"building": "yes", "source": "way"}, "geometry": {"type": "Point", "coordinates": [-82.91002315000001, 42.43426744999999]}}, {"type": "Feature", "properties": {"building": "yes", "source": "way"}, "geometry": {"type": "Point", "coordinates": [-82.91030789999999, 42.4343385]}}, {"type": "Feature", "properties": {"building": "yes", "source": "way"}, "geometry": {"type": "Point", "coordinates": [-82.91043542817161, 42.43438724263249]}}, {"type": "Feature", "properties": {"building": "yes", "source": "way"}, "geometry": {"type": "Point", "coordinates": [-82.91066581986667, 42.434562706242495]}}, {"type": "Feature", "properties": {"building": "yes", "source": "way"}, "geometry": {"type": "Point", "coordinates": [-82.91068064361886, 42.43427536955835]}}, {"type": "Feature", "properties": {"building": "yes", "source": "way"}, "geometry": {"type": "Point", "coordinates": [-82.91055277004128, 42.434211706919655]}}, {"type": "Feature", "properties": {"building": "yes", "source": "way"}, "geometry": {"type": "Point", "coordinates": [-82.91042199301567, 42.43417309245904]}}, {"type": "Feature", "properties": {"building": "yes", "source": "way"}, "geometry": {"type": "Point", "coordinates": [-82.9101405, 42.43408405]}}, {"type": "Feature", "properties": {"building": "yes", "source": "way"}, "geometry": {"type": "Point", "coordinates": [-82.9102791, 42.4341234]}}, {"type": "Feature", "properties": {"building": "yes", "source": "way"}, "geometry": {"type": "Point", "coordinates": [-82.91016928940482, 42.43428527021623]}}, {"type": "Feature", "properties": {"building": "yes", "source": "way"}, "geometry": {"type": "Point", "coordinates": [-82.90977032900173, 42.434114035157606]}}, {"type": "Feature", "properties": {"building": "yes", "source": "way"}, "geometry": {"type": "Point", "coordinates": [-82.90960946965981, 42.43386485620026]}}, {"type": "Feature", "properties": {"building": "yes", "source": "way"}, "geometry": {"type": "Point", "coordinates": [-82.90959718054295, 42.43331838909148]}}, {"type": "Feature", "properties": {"building": "yes", "source": "way"}, "geometry": {"type": "Point", "coordinates": [-82.90985899999998, 42.43342560000001]}}, {"type": "Feature", "properties": {"building": "yes", "source": "way"}, "geometry": {"type": "Point", "coordinates": [-82.91023631985136, 42.43361645508569]}}, {"type": "Feature", "properties": {"building": "yes", "source": "way"}, "geometry": {"type": "Point", "coordinates": [-82.91010868040449, 42.43355734426729]}}, {"type": "Feature", "properties": {"building": "yes", "source": "way"}, "geometry": {"type": "Point", "coordinates": [-82.9103814258731, 42.43365187206088]}}, {"type": "Feature", "properties": {"building": "yes", "source": "way"}, "geometry": {"type": "Point", "coordinates": [-82.9102723, 42.43344249999999]}}, {"type": "Feature", "properties": {"building": "yes", "source": "way"}, "geometry": {"type": "Point", "coordinates": [-82.91040330000001, 42.433483550000005]}}, {"type": "Feature", "properties": {"building": "yes", "source": "way"}, "geometry": {"type": "Point", "coordinates": [-82.910642929606, 42.43362999289542]}}, {"type": "Feature", "properties": {"building": "yes", "source": "way"}, "geometry": {"type": "Point", "coordinates": [-82.91075194105902, 42.4338262202008]}}, {"type": "Feature", "properties": {"building": "yes", "source": "way"}, "geometry": {"type": "Point", "coordinates": [-82.91106096149278, 42.433758276072915]}}, {"type": "Feature", "properties": {"building": "yes", "source": "way"}, "geometry": {"type": "Point", "coordinates": [-82.91117272117921, 42.4338136564235]}}, {"type": "Feature", "properties": {"building": "yes", "source": "way"}, "geometry": {"type": "Point", "coordinates": [-82.91132155000001, 42.433849800000004]}}, {"type": "Feature", "properties": {"building": "yes", "source": "way"}, "geometry": {"type": "Point", "coordinates": [-82.91155143731662, 42.43412508693713]}}, {"type": "Feature", "properties": {"building": "yes", "source": "way"}, "geometry": {"type": "Point", "coordinates": [-82.91170602984313, 42.43401668511912]}}, {"type": "Feature", "properties": {"building": "yes", "source": "way"}, "geometry": {"type": "Point", "coordinates": [-82.91222075, 42.434226450000004]}}, {"type": "Feature", "properties": {"building": "yes", "source": "way"}, "geometry": {"type": "Point", "coordinates": [-82.91239352975609, 42.43429404512924]}}, {"type": "Feature", "properties": {"building": "yes", "source": "way"}, "geometry": {"type": "Point", "coordinates": [-82.90742363452078, 42.43416106098351]}}, {"type": "Feature", "properties": {"building": "yes", "source": "way"}, "geometry": {"type": "Point", "coordinates": [-82.90550143404995, 42.43452393229935]}}, {"type": "Feature", "properties": {"building": "yes", "source": "way"}, "geometry": {"type": "Point", "coordinates": [-82.90588843303478, 42.43458474092731]}}, {"type": "Feature", "properties": {"building": "yes", "source": "way"}, "geometry": {"type": "Point", "coordinates": [-82.90616051387886, 42.43467954346285]}}, {"type": "Feature", "properties": {"building": "yes", "source": "way"}, "geometry": {"type": "Point", "coordinates": [-82.90643719122751, 42.4347433195755]}}, {"type": "Feature", "properties": {"building": "yes", "source": "way"}, "geometry": {"type": "Point", "coordinates": [-82.90404690949632, 42.43418426201221]}}, {"type": "Feature", "properties": {"building": "yes", "source": "way"}, "geometry": {"type": "Point", "coordinates": [-82.9043347192217, 42.434283981158806]}}, {"type": "Feature", "properties": {"building": "yes", "source": "way"}, "geometry": {"type": "Point", "coordinates": [-82.90461843034387, 42.43432974630794]}}, {"type": "Feature", "properties": {"building": "yes", "source": "way"}, "geometry": {"type": "Point", "coordinates": [-82.90487336742649, 42.434390322404674]}}, {"type": "Feature", "properties": {"building": "yes", "source": "way"}, "geometry": {"type": "Point", "coordinates": [-82.90516303684598, 42.43445934426504]}}, {"type": "Feature", "properties": {"building": "yes", "source": "way"}, "geometry": {"type": "Point", "coordinates": [-82.90276095472647, 42.43436984506061]}}, {"type": "Feature", "properties": {"building": "yes", "source": "way"}, "geometry": {"type": "Point", "coordinates": [-82.90296740658536, 42.43443729473433]}}, {"type": "Feature", "properties": {"building": "yes", "source": "way"}, "geometry": {"type": "Point", "coordinates": [-82.90325209801503, 42.43450234332847]}}, {"type": "Feature", "properties": {"building": "yes", "source": "way"}, "geometry": {"type": "Point", "coordinates": [-82.90354507024608, 42.434562052474305]}}, {"type": "Feature", "properties": {"building": "yes", "source": "way"}, "geometry": {"type": "Point", "coordinates": [-82.90388968796144, 42.434655106572606]}}, {"type": "Feature", "properties": {"building": "yes", "source": "way"}, "geometry": {"type": "Point", "coordinates": [-82.90425327335818, 42.43473954896]}}, {"type": "Feature", "properties": {"building": "yes", "source": "way"}, "geometry": {"type": "Point", "coordinates": [-82.90232415, 42.43445985]}}, {"type": "Feature", "properties": {"building": "yes", "source": "way"}, "geometry": {"type": "Point", "coordinates": [-82.90224325627362, 42.43475344297416]}}, {"type": "Feature", "properties": {"building": "yes", "source": "way"}, "geometry": {"type": "Point", "coordinates": [-82.90289041129633, 42.43321285006852]}}, {"type": "Feature", "properties": {"building": "yes", "source": "way"}, "geometry": {"type": "Point", "coordinates": [-82.90307038579908, 42.43326527039563]}}, {"type": "Feature", "properties": {"building": "yes", "source": "way"}, "geometry": {"type": "Point", "coordinates": [-82.90317874789942, 42.4333819188263]}}, {"type": "Feature", "properties": {"building": "yes", "source": "way"}, "geometry": {"type": "Point", "coordinates": [-82.90338522735063, 42.43339511684907]}}, {"type": "Feature", "properties": {"building": "yes", "source": "way"}, "geometry": {"type": "Point", "coordinates": [-82.9037217, 42.43352995]}}, {"type": "Feature", "properties": {"building": "yes", "source": "way"}, "geometry": {"type": "Point", "coordinates": [-82.90378865, 42.433674399999994]}}, {"type": "Feature", "properties": {"building": "yes", "source": "way"}, "geometry": {"type": "Point", "coordinates": [-82.90403144421032, 42.4337387194329]}}, {"type": "Feature", "properties": {"building": "yes", "source": "way"}, "geometry": {"type": "Point", "coordinates": [-82.90423213330351, 42.4338282060965]}}, {"type": "Feature", "properties": {"building": "yes", "source": "way"}, "geometry": {"type": "Point", "coordinates": [-82.90371491480434, 42.43408871527684]}}, {"type": "Feature", "properties": {"building": "yes", "source": "way"}, "geometry": {"type": "Point", "coordinates": [-82.9034042774044, 42.43403856178344]}}, {"type": "Feature", "properties": {"building": "yes", "source": "way"}, "geometry": {"type": "Point", "coordinates": [-82.90313115936623, 42.4339643144809]}}, {"type": "Feature", "properties": {"building": "yes", "source": "way"}, "geometry": {"type": "Point", "coordinates": [-82.90001833981191, 42.43337076858282]}}, {"type": "Feature", "properties": {"building": "yes", "source": "way"}, "geometry": {"type": "Point", "coordinates": [-82.90046899389237, 42.43345363640821]}}, {"type": "Feature", "properties": {"building": "yes", "source": "way"}, "geometry": {"type": "Point", "coordinates": [-82.90019462430172, 42.43279796471588]}}, {"type": "Feature", "properties": {"building": "yes", "source": "way"}, "geometry": {"type": "Point", "coordinates": [-82.900469063642, 42.43288695041301]}}, {"type": "Feature", "properties": {"building": "yes", "source": "way"}, "geometry": {"type": "Point", "coordinates": [-82.90073075373128, 42.43292379069978]}}, {"type": "Feature", "properties": {"building": "yes", "source": "way"}, "geometry": {"type": "Point", "coordinates": [-82.90099644860334, 42.433001227414366]}}, {"type": "Feature", "properties": {"building": "yes", "source": "way"}, "geometry": {"type": "Point", "coordinates": [-82.90114071081513, 42.43307052865263]}}, {"type": "Feature", "properties": {"building": "yes", "source": "way"}, "geometry": {"type": "Point", "coordinates": [-82.90131253771678, 42.43310591451341]}}, {"type": "Feature", "properties": {"building": "yes", "source": "way"}, "geometry": {"type": "Point", "coordinates": [-82.90105957783607, 42.43349306406513]}}, {"type": "Feature", "properties": {"building": "yes", "source": "way"}, "geometry": {"type": "Point", "coordinates": [-82.90149459784573, 42.43353608850195]}}, {"type": "Feature", "properties": {"building": "yes", "source": "way"}, "geometry": {"type": "Point", "coordinates": [-82.90181853217939, 42.433651000310036]}}, {"type": "Feature", "properties": {"building": "yes", "source": "way"}, "geometry": {"type": "Point", "coordinates": [-82.9021213234432, 42.43370563196923]}}, {"type": "Feature", "properties": {"building": "yes", "source": "way"}, "geometry": {"type": "Point", "coordinates": [-82.90265118168769, 42.43386164763772]}}, {"type": "Feature", "properties": {"building": "yes", "source": "way"}, "geometry": {"type": "Point", "coordinates": [-82.90291123471377, 42.43391546493676]}}, {"type": "Feature", "properties": {"building": "yes", "source": "way"}, "geometry": {"type": "Point", "coordinates": [-82.90267398842376, 42.43366947409684]}}, {"type": "Feature", "properties": {"building": "yes", "source": "way"}, "geometry": {"type": "Point", "coordinates": [-82.90225403594751, 42.433389022365574]}}, {"type": "Feature", "properties": {"building": "yes", "source": "way"}, "geometry": {"type": "Point", "coordinates": [-82.90245698967226, 42.43313732410147]}}, {"type": "Feature", "properties": {"building": "yes", "source": "way"}, "geometry": {"type": "Point", "coordinates": [-82.90220583364591, 42.43305882375509]}}, {"type": "Feature", "properties": {"building": "yes", "source": "way"}, "geometry": {"type": "Point", "coordinates": [-82.9019662250883, 42.43300084774969]}}, {"type": "Feature", "properties": {"building": "yes", "source": "way"}, "geometry": {"type": "Point", "coordinates": [-82.90173218613198, 42.43307827252814]}}, {"type": "Feature", "properties": {"building": "yes", "source": "way"}, "geometry": {"type": "Point", "coordinates": [-82.90148953247686, 42.43310773745263]}}, {"type": "Feature", "properties": {"building": "yes", "source": "way"}, "geometry": {"type": "Point", "coordinates": [-82.90148185969551, 42.433269230422255]}}, {"type": "Feature", "properties": {"building": "yes", "source": "way"}, "geometry": {"type": "Point", "coordinates": [-82.9007410568235, 42.43342416282279]}}, {"type": "Feature", "properties": {"building": "yes", "source": "way"}, "geometry": {"type": "Point", "coordinates": [-82.900595199498, 42.43394133572621]}}, {"type": "Feature", "properties": {"building": "yes", "source": "way"}, "geometry": {"type": "Point", "coordinates": [-82.90121151997319, 42.43400474366345]}}, {"type": "Feature", "properties": {"building": "yes", "source": "way"}, "geometry": {"type": "Point", "coordinates": [-82.90155419066028, 42.4341072219011]}}, {"type": "Feature", "properties": {"building": "yes", "source": "way"}, "geometry": {"type": "Point", "coordinates": [-82.90191153083718, 42.434155298307694]}}, {"type": "Feature", "properties": {"building": "yes", "source": "way"}, "geometry": {"type": "Point", "coordinates": [-82.90170889914465, 42.4346235641704]}}, {"type": "Feature", "properties": {"building": "yes", "source": "way"}, "geometry": {"type": "Point", "coordinates": [-82.90138209224139, 42.43455522474908]}}, {"type": "Feature", "properties": {"building": "yes", "source": "way"}, "geometry": {"type": "Point", "coordinates": [-82.90106618749714, 42.43447426799437]}}, {"type": "Feature", "properties": {"building": "yes", "source": "way"}, "geometry": {"type": "Point", "coordinates": [-82.90066956626158, 42.43432519966317]}}, {"type": "Feature", "properties": {"building": "yes", "source": "way"}, "geometry": {"type": "Point", "coordinates": [-82.90008324311773, 42.43461871567475]}}, {"type": "Feature", "properties": {"building": "yes", "source": "way"}, "geometry": {"type": "Point", "coordinates": [-82.89996622886511, 42.43421793768223]}}, {"type": "Feature", "properties": {"building": "yes", "source": "way"}, "geometry": {"type": "Point", "coordinates": [-82.90013438737614, 42.431922341538844]}}, {"type": "Feature", "properties": {"building": "yes", "source": "way"}, "geometry": {"type": "Point", "coordinates": [-82.900506284351, 42.43204552003927]}}, {"type": "Feature", "properties": {"building": "yes", "source": "way"}, "geometry": {"type": "Point", "coordinates": [-82.90037366319841, 42.43237055610704]}}, {"type": "Feature", "properties": {"building": "yes", "source": "way"}, "geometry": {"type": "Point", "coordinates": [-82.90062956830623, 42.43244482779715]}}, {"type": "Feature", "properties": {"building": "yes", "source": "way"}, "geometry": {"type": "Point", "coordinates": [-82.90079379014784, 42.43207026984688]}}, {"type": "Feature", "properties": {"building": "yes", "source": "way"}, "geometry": {"type": "Point", "coordinates": [-82.90103621772396, 42.43215512396067]}}, {"type": "Feature", "properties": {"building": "yes", "source": "way"}, "geometry": {"type": "Point", "coordinates": [-82.90128982912672, 42.43226917485004]}}, {"type": "Feature", "properties": {"building": "yes", "source": "way"}, "geometry": {"type": "Point", "coordinates": [-82.90158131757681, 42.43237354945358]}}, {"type": "Feature", "properties": {"building": "yes", "source": "way"}, "geometry": {"type": "Point", "coordinates": [-82.90147352227676, 42.432642554383904]}}, {"type": "Feature", "properties": {"building": "yes", "source": "way"}, "geometry": {"type": "Point", "coordinates": [-82.9011521595245, 42.43255404084162]}}, {"type": "Feature", "properties": {"building": "yes", "source": "way"}, "geometry": {"type": "Point", "coordinates": [-82.90090231220212, 42.43251638489269]}}, {"type": "Feature", "properties": {"building": "yes", "source": "way"}, "geometry": {"type": "Point", "coordinates": [-82.90184785000001, 42.4331385]}}, {"type": "Feature", "properties": {"building": "yes", "source": "way"}, "geometry": {"type": "Point", "coordinates": [-82.9023579899385, 42.43247657557152]}}, {"type": "Feature", "properties": {"building": "yes", "source": "way"}, "geometry": {"type": "Point", "coordinates": [-82.9025504517187, 42.43251773887864]}}, {"type": "Feature", "properties": {"building": "yes", "source": "way"}, "geometry": {"type": "Point", "coordinates": [-82.9027087224242, 42.43256560308405]}}, {"type": "Feature", "properties": {"building": "yes", "source": "way"}, "geometry": {"type": "Point", "coordinates": [-82.90324037947919, 42.43261249430791]}}, {"type": "Feature", "properties": {"building": "yes", "source": "way"}, "geometry": {"type": "Point", "coordinates": [-82.9036330806116, 42.432442746379955]}}, {"type": "Feature", "properties": {"building": "yes", "source": "way"}, "geometry": {"type": "Point", "coordinates": [-82.90379457385892, 42.432525985667866]}}, {"type": "Feature", "properties": {"building": "yes", "source": "way"}, "geometry": {"type": "Point", "coordinates": [-82.90407521813472, 42.43263365404305]}}, {"type": "Feature", "properties": {"building": "yes", "source": "way"}, "geometry": {"type": "Point", "coordinates": [-82.9033055305145, 42.432325696290995]}}, {"type": "Feature", "properties": {"building": "yes", "source": "way"}, "geometry": {"type": "Point", "coordinates": [-82.90220136806282, 42.432142059074856]}}, {"type": "Feature", "properties": {"building": "yes", "source": "way"}, "geometry": {"type": "Point", "coordinates": [-82.9020290682411, 42.43206263151403]}}, {"type": "Feature", "properties": {"building": "yes", "source": "way"}, "geometry": {"type": "Point", "coordinates": [-82.90184590000001, 42.432004299999996]}}, {"type": "Feature", "properties": {"building": "yes", "source": "way"}, "geometry": {"type": "Point", "coordinates": [-82.90161379710894, 42.43189487272951]}}, {"type": "Feature", "properties": {"building": "yes", "source": "way"}, "geometry": {"type": "Point", "coordinates": [-82.9012154814783, 42.43174157118406]}}, {"type": "Feature", "properties": {"building": "yes", "source": "way"}, "geometry": {"type": "Point", "coordinates": [-82.9009627260435, 42.43163793954964]}}, {"type": "Feature", "properties": {"building": "yes", "source": "way"}, "geometry": {"type": "Point", "coordinates": [-82.90140953938005, 42.43182707064968]}}, {"type": "Feature", "properties": {"building": "yes", "source": "way"}, "geometry": {"type": "Point", "coordinates": [-82.90084245, 42.43221140000001]}}, {"type": "Feature", "properties": {"building": "yes", "source": "way"}, "geometry": {"type": "Point", "coordinates": [-82.90046344165967, 42.43138392078565]}}, {"type": "Feature", "properties": {"building": "yes", "source": "way"}, "geometry": {"type": "Point", "coordinates": [-82.90002317712673, 42.43099711318878]}}, {"type": "Feature", "properties": {"building": "yes", "source": "way"}, "geometry": {"type": "Point", "coordinates": [-82.90182875, 42.431708750000006]}}, {"type": "Feature", "properties": {"building": "yes", "source": "way"}, "geometry": {"type": "Point", "coordinates": [-82.90199188143514, 42.431783396476554]}}, {"type": "Feature", "properties": {"building": "yes", "source": "way"}, "geometry": {"type": "Point", "coordinates": [-82.9021907, 42.4318345]}}, {"type": "Feature", "properties": {"building": "yes", "source": "way"}, "geometry": {"type": "Point", "coordinates": [-82.90225449120017, 42.432247320098014]}}, {"type": "Feature", "properties": {"building": "yes", "source": "way"}, "geometry": {"type": "Point", "coordinates": [-82.90429524999999, 42.4329648]}}, {"type": "Feature", "properties": {"building": "yes", "source": "way"}, "geometry": {"type": "Point", "coordinates": [-82.90607020000002, 42.4333734]}}, {"type": "Feature", "properties": {"building": "yes", "source": "way"}, "geometry": {"type": "Point", "coordinates": [-82.9058554, 42.43334155000001]}}, {"type": "Feature", "properties": {"building": "yes", "source": "way"}, "geometry": {"type": "Point", "coordinates": [-82.90568225, 42.4332739]}}, {"type": "Feature", "properties": {"building": "yes", "source": "way"}, "geometry": {"type": "Point", "coordinates": [-82.9054894, 42.433216800000004]}}, {"type": "Feature", "properties": {"building": "yes", "source": "way"}, "geometry": {"type": "Point", "coordinates": [-82.9053097, 42.433144250000005]}}, {"type": "Feature", "properties": {"building": "yes", "source": "way"}, "geometry": {"type": "Point", "coordinates": [-82.90514142366877, 42.43305436485406]}}, {"type": "Feature", "properties": {"building": "yes", "source": "way"}, "geometry": {"type": "Point", "coordinates": [-82.9049475, 42.432997]}}, {"type": "Feature", "properties": {"building": "yes", "source": "way"}, "geometry": {"type": "Point", "coordinates": [-82.904772, 42.432922100000006]}}, {"type": "Feature", "properties": {"building": "yes", "source": "way"}, "geometry": {"type": "Point", "coordinates": [-82.90465910443197, 42.43305088147206]}}, {"type": "Feature", "properties": {"building": "yes", "source": "way"}, "geometry": {"type": "Point", "coordinates": [-82.90326110783583, 42.43384692984212]}}, {"type": "Feature", "properties": {"building": "yes", "source": "way"}, "geometry": {"type": "Point", "coordinates": [-82.90556425, 42.43422365]}}, {"type": "Feature", "properties": {"building": "yes", "source": "way"}, "geometry": {"type": "Point", "coordinates": [-82.90568748091998, 42.43421256383809]}}, {"type": "Feature", "properties": {"building": "yes", "source": "way"}, "geometry": {"type": "Point", "coordinates": [-82.9063840114657, 42.433582723840544]}}, {"type": "Feature", "properties": {"building": "yes", "source": "way"}, "geometry": {"type": "Point", "coordinates": [-82.90655716146672, 42.433643271617605]}}, {"type": "Feature", "properties": {"building": "yes", "source": "way"}, "geometry": {"type": "Point", "coordinates": [-82.90688404999999, 42.433777649999996]}}, {"type": "Feature", "properties": {"building": "yes", "source": "way"}, "geometry": {"type": "Point", "coordinates": [-82.9070538, 42.4338521]}}, {"type": "Feature", "properties": {"building": "yes", "source": "way"}, "geometry": {"type": "Point", "coordinates": [-82.90723426232118, 42.43391667592112]}}, {"type": "Feature", "properties": {"building": "yes", "source": "way"}, "geometry": {"type": "Point", "coordinates": [-82.90674429026635, 42.434515669669416]}}, {"type": "Feature", "properties": {"building": "yes", "source": "way"}, "geometry": {"type": "Point", "coordinates": [-82.90780185253051, 42.43482586031266]}}, {"type": "Feature", "properties": {"building": "yes", "source": "way"}, "geometry": {"type": "Point", "coordinates": [-82.90799756946231, 42.43430586343235]}}, {"type": "Feature", "properties": {"building": "yes", "source": "way"}, "geometry": {"type": "Point", "coordinates": [-82.90888200738938, 42.43391548090664]}}, {"type": "Feature", "properties": {"building": "yes", "source": "way"}, "geometry": {"type": "Point", "coordinates": [-82.90667144149413, 42.43218613240944]}}, {"type": "Feature", "properties": {"building": "yes", "source": "way"}, "geometry": {"type": "Point", "coordinates": [-82.9065034, 42.43209355]}}, {"type": "Feature", "properties": {"building": "yes", "source": "way"}, "geometry": {"type": "Point", "coordinates": [-82.90685617645202, 42.4322637630085]}}, {"type": "Feature", "properties": {"building": "yes", "source": "way"}, "geometry": {"type": "Point", "coordinates": [-82.9070091, 42.432312100000004]}}, {"type": "Feature", "properties": {"building": "yes", "source": "way"}, "geometry": {"type": "Point", "coordinates": [-82.90717574700004, 42.43239241784615]}}, {"type": "Feature", "properties": {"building": "yes", "source": "way"}, "geometry": {"type": "Point", "coordinates": [-82.90733039867767, 42.43245581682711]}}, {"type": "Feature", "properties": {"building": "yes", "source": "way"}, "geometry": {"type": "Point", "coordinates": [-82.907482, 42.432524349999994]}}, {"type": "Feature", "properties": {"building": "yes", "source": "way"}, "geometry": {"type": "Point", "coordinates": [-82.90764866692368, 42.43257026192975]}}, {"type": "Feature", "properties": {"building": "yes", "source": "way"}, "geometry": {"type": "Point", "coordinates": [-82.90782177469738, 42.4326493802567]}}, {"type": "Feature", "properties": {"building": "yes", "source": "way"}, "geometry": {"type": "Point", "coordinates": [-82.9079759206171, 42.43269518867325]}}, {"type": "Feature", "properties": {"building": "yes", "source": "way"}, "geometry": {"type": "Point", "coordinates": [-82.9081723738383, 42.432742776776834]}}, {"type": "Feature", "properties": {"building": "yes", "source": "way"}, "geometry": {"type": "Point", "coordinates": [-82.90812600069052, 42.433179206385695]}}, {"type": "Feature", "properties": {"building": "yes", "source": "way"}, "geometry": {"type": "Point", "coordinates": [-82.9078682, 42.43311979999999]}}, {"type": "Feature", "properties": {"building": "yes", "source": "way"}, "geometry": {"type": "Point", "coordinates": [-82.90770919295274, 42.43304670066381]}}, {"type": "Feature", "properties": {"building": "yes", "source": "way"}, "geometry": {"type": "Point", "coordinates": [-82.90751929999999, 42.432994449999995]}}, {"type": "Feature", "properties": {"building": "yes", "source": "way"}, "geometry": {"type": "Point", "coordinates": [-82.90735093190108, 42.43291940383488]}}, {"type": "Feature", "properties": {"building": "yes", "source": "way"}, "geometry": {"type": "Point", "coordinates": [-82.90718445154512, 42.43285048249586]}}, {"type": "Feature", "properties": {"building": "yes", "source": "way"}, "geometry": {"type": "Point", "coordinates": [-82.90687371038254, 42.43272875466442]}}, {"type": "Feature", "properties": {"building": "yes", "source": "way"}, "geometry": {"type": "Point", "coordinates": [-82.90654666778657, 42.43259030760698]}}, {"type": "Feature", "properties": {"building": "yes", "source": "way"}, "geometry": {"type": "Point", "coordinates": [-82.90637014999999, 42.4325167]}}, {"type": "Feature", "properties": {"building": "yes", "source": "way"}, "geometry": {"type": "Point", "coordinates": [-82.9061345297832, 42.432480446684]}}, {"type": "Feature", "properties": {"building": "yes", "source": "way"}, "geometry": {"type": "Point", "coordinates": [-82.90598252123094, 42.43233039122202]}}, {"type": "Feature", "properties": {"building": "yes", "source": "way"}, "geometry": {"type": "Point", "coordinates": [-82.90601780539377, 42.43210980026343]}}, {"type": "Feature", "properties": {"building": "yes", "source": "way"}, "geometry": {"type": "Point", "coordinates": [-82.90625323174699, 42.432009388662266]}}, {"type": "Feature", "properties": {"building": "yes", "source": "way"}, "geometry": {"type": "Point", "coordinates": [-82.90640399133953, 42.431966320578155]}}, {"type": "Feature", "properties": {"building": "yes", "source": "way"}, "geometry": {"type": "Point", "coordinates": [-82.90637280000001, 42.431542500000006]}}, {"type": "Feature", "properties": {"building": "yes", "source": "way"}, "geometry": {"type": "Point", "coordinates": [-82.9064867762434, 42.431717561980456]}}, {"type": "Feature", "properties": {"building": "yes", "source": "way"}, "geometry": {"type": "Point", "coordinates": [-82.90663045, 42.4318284]}}, {"type": "Feature", "properties": {"building": "yes", "source": "way"}, "geometry": {"type": "Point", "coordinates": [-82.90690105, 42.4318518]}}, {"type": "Feature", "properties": {"building": "yes", "source": "way"}, "geometry": {"type": "Point", "coordinates": [-82.90218445980246, 42.42998348151535]}}, {"type": "Feature", "properties": {"building": "yes", "source": "way"}, "geometry": {"type": "Point", "coordinates": [-82.90236457693312, 42.43005913384481]}}, {"type": "Feature", "properties": {"building": "yes", "source": "way"}, "geometry": {"type": "Point", "coordinates": [-82.90256306832082, 42.430145152691004]}}, {"type": "Feature", "properties": {"building": "yes", "source": "way"}, "geometry": {"type": "Point", "coordinates": [-82.90255302337363, 42.43026611520043]}}, {"type": "Feature", "properties": {"building": "yes", "source": "way"}, "geometry": {"type": "Point", "coordinates": [-82.90211475000001, 42.43029035000001]}}, {"type": "Feature", "properties": {"building": "yes", "source": "way"}, "geometry": {"type": "Point", "coordinates": [-82.90213414413955, 42.43046036694738]}}, {"type": "Feature", "properties": {"building": "yes", "source": "way"}, "geometry": {"type": "Point", "coordinates": [-82.90194213037135, 42.43062334322715]}}, {"type": "Feature", "properties": {"building": "yes", "source": "way"}, "geometry": {"type": "Point", "coordinates": [-82.90180731970318, 42.43077174381705]}}, {"type": "Feature", "properties": {"building": "yes", "source": "way"}, "geometry": {"type": "Point", "coordinates": [-82.90214812662461, 42.43114149412392]}}, {"type": "Feature", "properties": {"building": "yes", "source": "way"}, "geometry": {"type": "Point", "coordinates": [-82.90225728916187, 42.43095570243192]}}, {"type": "Feature", "properties": {"building": "yes", "source": "way"}, "geometry": {"type": "Point", "coordinates": [-82.9023489104088, 42.430791396393055]}}, {"type": "Feature", "properties": {"building": "yes", "source": "way"}, "geometry": {"type": "Point", "coordinates": [-82.90246094999999, 42.4306127]}}, {"type": "Feature", "properties": {"building": "yes", "source": "way"}, "geometry": {"type": "Point", "coordinates": [-82.90272573024431, 42.43052966618154]}}, {"type": "Feature", "properties": {"building": "yes", "source": "way"}, "geometry": {"type": "Point", "coordinates": [-82.90286445000001, 42.430503249999994]}}, {"type": "Feature", "properties": {"building": "yes", "source": "way"}, "geometry": {"type": "Point", "coordinates": [-82.9029927160165, 42.430651197334456]}}, {"type": "Feature", "properties": {"building": "yes", "source": "way"}, "geometry": {"type": "Point", "coordinates": [-82.90304252248325, 42.430861446714374]}}, {"type": "Feature", "properties": {"building": "yes", "source": "way"}, "geometry": {"type": "Point", "coordinates": [-82.90351195000001, 42.430968199999995]}}, {"type": "Feature", "properties": {"building": "yes", "source": "way"}, "geometry": {"type": "Point", "coordinates": [-82.90358442553158, 42.43083397961921]}}, {"type": "Feature", "properties": {"building": "yes", "source": "way"}, "geometry": {"type": "Point", "coordinates": [-82.90368923087748, 42.43069679573156]}}, {"type": "Feature", "properties": {"building": "yes", "source": "way"}, "geometry": {"type": "Point", "coordinates": [-82.90377357556468, 42.430557323251136]}}, {"type": "Feature", "properties": {"building": "yes", "source": "way"}, "geometry": {"type": "Point", "coordinates": [-82.9035561816177, 42.43058144626224]}}, {"type": "Feature", "properties": {"building": "yes", "source": "way"}, "geometry": {"type": "Point", "coordinates": [-82.90346188887477, 42.43072637997263]}}, {"type": "Feature", "properties": {"building": "yes", "source": "way"}, "geometry": {"type": "Point", "coordinates": [-82.90317526918714, 42.43111595357763]}}, {"type": "Feature", "properties": {"building": "yes", "source": "way"}, "geometry": {"type": "Point", "coordinates": [-82.90307994999999, 42.43124215]}}, {"type": "Feature", "properties": {"building": "yes", "source": "way"}, "geometry": {"type": "Point", "coordinates": [-82.90307460000001, 42.43142705]}}, {"type": "Feature", "properties": {"building": "yes", "source": "way"}, "geometry": {"type": "Point", "coordinates": [-82.90322805607956, 42.43135998221366]}}, {"type": "Feature", "properties": {"building": "yes", "source": "way"}, "geometry": {"type": "Point", "coordinates": [-82.90330467845814, 42.431224537401064]}}, {"type": "Feature", "properties": {"building": "yes", "source": "way"}, "geometry": {"type": "Point", "coordinates": [-82.90341645143467, 42.431095026293605]}}, {"type": "Feature", "properties": {"building": "yes", "source": "way"}, "geometry": {"type": "Point", "coordinates": [-82.90289320795901, 42.431036243365206]}}, {"type": "Feature", "properties": {"building": "yes", "source": "way"}, "geometry": {"type": "Point", "coordinates": [-82.90278577023692, 42.43114407048712]}}, {"type": "Feature", "properties": {"building": "yes", "source": "way"}, "geometry": {"type": "Point", "coordinates": [-82.90291804999998, 42.4312677]}}, {"type": "Feature", "properties": {"building": "yes", "source": "way"}, "geometry": {"type": "Point", "coordinates": [-82.90389920484554, 42.431295331850286]}}, {"type": "Feature", "properties": {"building": "yes", "source": "way"}, "geometry": {"type": "Point", "coordinates": [-82.90430133028492, 42.43076169362515]}}, {"type": "Feature", "properties": {"building": "yes", "source": "way"}, "geometry": {"type": "Point", "coordinates": [-82.904461, 42.43061005]}}, {"type": "Feature", "properties": {"building": "yes", "source": "way"}, "geometry": {"type": "Point", "coordinates": [-82.90459604823597, 42.43040545797227]}}, {"type": "Feature", "properties": {"building": "yes", "source": "way"}, "geometry": {"type": "Point", "coordinates": [-82.90482248105052, 42.43008382051071]}}, {"type": "Feature", "properties": {"building": "yes", "source": "way"}, "geometry": {"type": "Point", "coordinates": [-82.90429875000001, 42.431079]}}, {"type": "Feature", "properties": {"building": "yes", "source": "way"}, "geometry": {"type": "Point", "coordinates": [-82.90390548161541, 42.431584196791114]}}, {"type": "Feature", "properties": {"building": "yes", "source": "way"}, "geometry": {"type": "Point", "coordinates": [-82.90358662761349, 42.431771963847595]}}, {"type": "Feature", "properties": {"building": "yes", "source": "way"}, "geometry": {"type": "Point", "coordinates": [-82.90394559390529, 42.43178441798369]}}, {"type": "Feature", "properties": {"building": "yes", "source": "way"}, "geometry": {"type": "Point", "coordinates": [-82.90419170735184, 42.4315859848983]}}, {"type": "Feature", "properties": {"building": "yes", "source": "way"}, "geometry": {"type": "Point", "coordinates": [-82.90415470909322, 42.43171737005144]}}, {"type": "Feature", "properties": {"building": "yes", "source": "way"}, "geometry": {"type": "Point", "coordinates": [-82.90432159028347, 42.43141963394105]}}, {"type": "Feature", "properties": {"building": "yes", "source": "way"}, "geometry": {"type": "Point", "coordinates": [-82.90672315, 42.43264865000001]}}, {"type": "Feature", "properties": {"building": "yes", "source": "way"}, "geometry": {"type": "Point", "coordinates": [-82.90704891788508, 42.43192505365525]}}, {"type": "Feature", "properties": {"building": "yes", "source": "way"}, "geometry": {"type": "Point", "coordinates": [-82.9072065044696, 42.431994181892534]}}, {"type": "Feature", "properties": {"building": "yes", "source": "way"}, "geometry": {"type": "Point", "coordinates": [-82.9073771607769, 42.4320545224441]}}, {"type": "Feature", "properties": {"building": "yes", "source": "way"}, "geometry": {"type": "Point", "coordinates": [-82.90752928225797, 42.43212069543761]}}, {"type": "Feature", "properties": {"building": "yes", "source": "way"}, "geometry": {"type": "Point", "coordinates": [-82.90750649302458, 42.43223781810056]}}, {"type": "Feature", "properties": {"building": "yes", "source": "way"}, "geometry": {"type": "Point", "coordinates": [-82.90746401940555, 42.43236605527609]}}, {"type": "Feature", "properties": {"building": "yes", "source": "way"}, "geometry": {"type": "Point", "coordinates": [-82.90783011796245, 42.432408303393565]}}, {"type": "Feature", "properties": {"building": "yes", "source": "way"}, "geometry": {"type": "Point", "coordinates": [-82.90786273604324, 42.43225064539048]}}, {"type": "Feature", "properties": {"building": "yes", "source": "way"}, "geometry": {"type": "Point", "coordinates": [-82.90769605514318, 42.432190765889935]}}, {"type": "Feature", "properties": {"building": "yes", "source": "way"}, "geometry": {"type": "Point", "coordinates": [-82.90803589999999, 42.432314299999994]}}, {"type": "Feature", "properties": {"building": "yes", "source": "way"}, "geometry": {"type": "Point", "coordinates": [-82.90822632564429, 42.43235549201786]}}, {"type": "Feature", "properties": {"building": "yes", "source": "way"}, "geometry": {"type": "Point", "coordinates": [-82.9082758700594, 42.43194351302939]}}, {"type": "Feature", "properties": {"building": "yes", "source": "way"}, "geometry": {"type": "Point", "coordinates": [-82.90809925871781, 42.43190973775234]}}, {"type": "Feature", "properties": {"building": "yes", "source": "way"}, "geometry": {"type": "Point", "coordinates": [-82.90792674607194, 42.431859328088116]}}, {"type": "Feature", "properties": {"building": "yes", "source": "way"}, "geometry": {"type": "Point", "coordinates": [-82.90776709999999, 42.43179664999999]}}, {"type": "Feature", "properties": {"building": "yes", "source": "way"}, "geometry": {"type": "Point", "coordinates": [-82.90759036203991, 42.43173212054169]}}, {"type": "Feature", "properties": {"building": "yes", "source": "way"}, "geometry": {"type": "Point", "coordinates": [-82.9074569805412, 42.431649742312764]}}, {"type": "Feature", "properties": {"building": "yes", "source": "way"}, "geometry": {"type": "Point", "coordinates": [-82.90726662827461, 42.431578786124476]}}, {"type": "Feature", "properties": {"building": "yes", "source": "way"}, "geometry": {"type": "Point", "coordinates": [-82.90711663268067, 42.43149647975777]}}, {"type": "Feature", "properties": {"building": "yes", "source": "way"}, "geometry": {"type": "Point", "coordinates": [-82.90696062453723, 42.43140012538246]}}, {"type": "Feature", "properties": {"building": "yes", "source": "way"}, "geometry": {"type": "Point", "coordinates": [-82.90670664999999, 42.431359300000004]}}, {"type": "Feature", "properties": {"building": "yes", "source": "way"}, "geometry": {"type": "Point", "coordinates": [-82.90651844309015, 42.43147512013043]}}, {"type": "Feature", "properties": {"building": "yes", "source": "way"}, "geometry": {"type": "Point", "coordinates": [-82.90716272702613, 42.432133635946144]}}, {"type": "Feature", "properties": {"building": "yes", "source": "way"}, "geometry": {"type": "Point", "coordinates": [-82.90709825, 42.43135979999999]}}, {"type": "Feature", "properties": {"building": "yes", "source": "way"}, "geometry": {"type": "Point", "coordinates": [-82.9072417, 42.43146075000001]}}, {"type": "Feature", "properties": {"building": "yes", "source": "way"}, "geometry": {"type": "Point", "coordinates": [-82.90799449565141, 42.43171396771126]}}, {"type": "Feature", "properties": {"building": "yes", "source": "way"}, "geometry": {"type": "Point", "coordinates": [-82.90677535000002, 42.431236000000006]}}, {"type": "Feature", "properties": {"building": "yes", "source": "way"}, "geometry": {"type": "Point", "coordinates": [-82.90645844999999, 42.431126199999994]}}, {"type": "Feature", "properties": {"building": "yes", "source": "way"}, "geometry": {"type": "Point", "coordinates": [-82.90629546232529, 42.4310589180434]}}, {"type": "Feature", "properties": {"building": "yes", "source": "way"}, "geometry": {"type": "Point", "coordinates": [-82.90608341016632, 42.4311480243564]}}, {"type": "Feature", "properties": {"building": "yes", "source": "way"}, "geometry": {"type": "Point", "coordinates": [-82.90589032468912, 42.431124124864894]}}, {"type": "Feature", "properties": {"building": "yes", "source": "way"}, "geometry": {"type": "Point", "coordinates": [-82.90689910489182, 42.43106925088888]}}, {"type": "Feature", "properties": {"building": "yes", "source": "way"}, "geometry": {"type": "Point", "coordinates": [-82.90742983470041, 42.43117157950124]}}, {"type": "Feature", "properties": {"building": "yes", "source": "way"}, "geometry": {"type": "Point", "coordinates": [-82.90761493142037, 42.43103992649275]}}, {"type": "Feature", "properties": {"building": "yes", "source": "way"}, "geometry": {"type": "Point", "coordinates": [-82.90764204654248, 42.43086601781917]}}, {"type": "Feature", "properties": {"building": "yes", "source": "way"}, "geometry": {"type": "Point", "coordinates": [-82.9077971, 42.4306427]}}, {"type": "Feature", "properties": {"building": "yes", "source": "way"}, "geometry": {"type": "Point", "coordinates": [-82.90798177007595, 42.43067470502519]}}, {"type": "Feature", "properties": {"building": "yes", "source": "way"}, "geometry": {"type": "Point", "coordinates": [-82.907173, 42.430642500000005]}}, {"type": "Feature", "properties": {"building": "yes", "source": "way"}, "geometry": {"type": "Point", "coordinates": [-82.907000865956, 42.43080873036883]}}, {"type": "Feature", "properties": {"building": "yes", "source": "way"}, "geometry": {"type": "Point", "coordinates": [-82.90419590283219, 42.43089323220889]}}, {"type": "Feature", "properties": {"building": "yes", "source": "way"}, "geometry": {"type": "Point", "coordinates": [-82.90410060750948, 42.43105062355214]}}, {"type": "Feature", "properties": {"building": "yes", "source": "way"}, "geometry": {"type": "Point", "coordinates": [-82.90401030162494, 42.431203487405305]}}, {"type": "Feature", "properties": {"building": "yes", "source": "way"}, "geometry": {"type": "Point", "coordinates": [-82.90382153217826, 42.43143784053132]}}, {"type": "Feature", "properties": {"building": "yes", "source": "way"}, "geometry": {"type": "Point", "coordinates": [-82.90372305, 42.431564550000004]}}, {"type": "Feature", "properties": {"building": "yes", "source": "way"}, "geometry": {"type": "Point", "coordinates": [-82.90409765000001, 42.431333450000004]}}, {"type": "Feature", "properties": {"building": "yes", "source": "way"}, "geometry": {"type": "Point", "coordinates": [-82.90400258026325, 42.43145704530137]}}, {"type": "Feature", "properties": {"building": "yes", "source": "way"}, "geometry": {"type": "Point", "coordinates": [-82.90412771793011, 42.431476553093475]}}, {"type": "Feature", "properties": {"building": "yes", "source": "way"}, "geometry": {"type": "Point", "coordinates": [-82.90461618919737, 42.431453117743466]}}, {"type": "Feature", "properties": {"building": "yes", "source": "way"}, "geometry": {"type": "Point", "coordinates": [-82.9048142, 42.431444400000004]}}, {"type": "Feature", "properties": {"building": "yes", "source": "way"}, "geometry": {"type": "Point", "coordinates": [-82.9049054, 42.4314834]}}, {"type": "Feature", "properties": {"building": "yes", "source": "way"}, "geometry": {"type": "Point", "coordinates": [-82.90482813384257, 42.43161568279019]}}, {"type": "Feature", "properties": {"building": "yes", "source": "way"}, "geometry": {"type": "Point", "coordinates": [-82.90484360981623, 42.431740577978054]}}, {"type": "Feature", "properties": {"building": "yes", "source": "way"}, "geometry": {"type": "Point", "coordinates": [-82.90475985, 42.431812300000004]}}, {"type": "Feature", "properties": {"building": "yes", "source": "way"}, "geometry": {"type": "Point", "coordinates": [-82.90460866507242, 42.43191366557948]}}, {"type": "Feature", "properties": {"building": "yes", "source": "way"}, "geometry": {"type": "Point", "coordinates": [-82.9044595475455, 42.43208543505529]}}, {"type": "Feature", "properties": {"building": "yes", "source": "way"}, "geometry": {"type": "Point", "coordinates": [-82.90489695, 42.431976549999995]}}, {"type": "Feature", "properties": {"building": "yes", "source": "way"}, "geometry": {"type": "Point", "coordinates": [-82.904996117857, 42.432071830246265]}}, {"type": "Feature", "properties": {"building": "yes", "source": "way"}, "geometry": {"type": "Point", "coordinates": [-82.90488952892181, 42.432272328844576]}}, {"type": "Feature", "properties": {"building": "yes", "source": "way"}, "geometry": {"type": "Point", "coordinates": [-82.90476855, 42.43217565]}}, {"type": "Feature", "properties": {"building": "yes", "source": "way"}, "geometry": {"type": "Point", "coordinates": [-82.90478306896286, 42.43194255516933]}}, {"type": "Feature", "properties": {"building": "yes", "source": "way"}, "geometry": {"type": "Point", "coordinates": [-82.90506629999997, 42.431920899999994]}}, {"type": "Feature", "properties": {"building": "yes", "source": "way"}, "geometry": {"type": "Point", "coordinates": [-82.90506004148551, 42.43183086891698]}}, {"type": "Feature", "properties": {"building": "yes", "source": "way"}, "geometry": {"type": "Point", "coordinates": [-82.90524508888424, 42.431768477611065]}}, {"type": "Feature", "properties": {"building": "yes", "source": "way"}, "geometry": {"type": "Point", "coordinates": [-82.90555109654177, 42.43179934018458]}}, {"type": "Feature", "properties": {"building": "yes", "source": "way"}, "geometry": {"type": "Point", "coordinates": [-82.90571629343941, 42.43198435687436]}}, {"type": "Feature", "properties": {"building": "yes", "source": "way"}, "geometry": {"type": "Point", "coordinates": [-82.9056427479367, 42.43216972557895]}}, {"type": "Feature", "properties": {"building": "yes", "source": "way"}, "geometry": {"type": "Point", "coordinates": [-82.90552152356113, 42.4322681483016]}}, {"type": "Feature", "properties": {"building": "yes", "source": "way"}, "geometry": {"type": "Point", "coordinates": [-82.9053348, 42.432444249999996]}}, {"type": "Feature", "properties": {"building": "yes", "source": "way"}, "geometry": {"type": "Point", "coordinates": [-82.9055994, 42.43245735000001]}}, {"type": "Feature", "properties": {"building": "yes", "source": "way"}, "geometry": {"type": "Point", "coordinates": [-82.9057994, 42.43212905]}}, {"type": "Feature", "properties": {"building": "yes", "source": "way"}, "geometry": {"type": "Point", "coordinates": [-82.9061835046721, 42.432582331109586]}}, {"type": "Feature", "properties": {"building": "yes", "source": "way"}, "geometry": {"type": "Point", "coordinates": [-82.90751734962382, 42.43311851688866]}}, {"type": "Feature", "properties": {"building": "yes", "source": "way"}, "geometry": {"type": "Point", "coordinates": [-82.90771505415279, 42.43318693149803]}}, {"type": "Feature", "properties": {"building": "yes", "source": "way"}, "geometry": {"type": "Point", "coordinates": [-82.90793172955031, 42.43322818512754]}}, {"type": "Feature", "properties": {"building": "yes", "source": "way"}, "geometry": {"type": "Point", "coordinates": [-82.9079799888838, 42.433350522466924]}}, {"type": "Feature", "properties": {"building": "yes", "source": "way"}, "geometry": {"type": "Point", "coordinates": [-82.90808112583304, 42.43349887790801]}}, {"type": "Feature", "properties": {"building": "yes", "source": "way"}, "geometry": {"type": "Point", "coordinates": [-82.9078795110932, 42.433508079013635]}}, {"type": "Feature", "properties": {"building": "yes", "source": "way"}, "geometry": {"type": "Point", "coordinates": [-82.90625975660166, 42.43371738109578]}}, {"type": "Feature", "properties": {"building": "yes", "source": "way"}, "geometry": {"type": "Point", "coordinates": [-82.90580015830021, 42.43351582643653]}}, {"type": "Feature", "properties": {"building": "yes", "source": "way"}, "geometry": {"type": "Point", "coordinates": [-82.90807839935717, 42.4311877374743]}}, {"type": "Feature", "properties": {"building": "yes", "source": "way"}, "geometry": {"type": "Point", "coordinates": [-82.90467216437395, 42.42939276711486]}}, {"type": "Feature", "properties": {"building": "yes", "source": "way"}, "geometry": {"type": "Point", "coordinates": [-82.90452176918339, 42.429446354789384]}}, {"type": "Feature", "properties": {"building": "yes", "source": "way"}, "geometry": {"type": "Point", "coordinates": [-82.90542282947537, 42.426822605061915]}}, {"type": "Feature", "properties": {"building": "yes", "source": "way"}, "geometry": {"type": "Point", "coordinates": [-82.90535110788495, 42.42703170928846]}}, {"type": "Feature", "properties": {"building": "yes", "source": "way"}, "geometry": {"type": "Point", "coordinates": [-82.90531181003978, 42.4272392725174]}}, {"type": "Feature", "properties": {"building": "yes", "source": "way"}, "geometry": {"type": "Point", "coordinates": [-82.90525865, 42.427522249999996]}}, {"type": "Feature", "properties": {"building": "yes", "source": "way"}, "geometry": {"type": "Point", "coordinates": [-82.90523866921667, 42.42771224728496]}}, {"type": "Feature", "properties": {"building": "yes", "source": "way"}, "geometry": {"type": "Point", "coordinates": [-82.90520806666122, 42.42789606906503]}}, {"type": "Feature", "properties": {"building": "yes", "source": "way"}, "geometry": {"type": "Point", "coordinates": [-82.90515947705082, 42.42809491084193]}}, {"type": "Feature", "properties": {"building": "yes", "source": "way"}, "geometry": {"type": "Point", "coordinates": [-82.90512630259752, 42.42828645377739]}}, {"type": "Feature", "properties": {"building": "yes", "source": "way"}, "geometry": {"type": "Point", "coordinates": [-82.90510946322686, 42.42849507405635]}}, {"type": "Feature", "properties": {"building": "yes", "source": "way"}, "geometry": {"type": "Point", "coordinates": [-82.90507805, 42.428705550000004]}}, {"type": "Feature", "properties": {"building": "yes", "source": "way"}, "geometry": {"type": "Point", "coordinates": [-82.9024436445727, 42.427984050187746]}}, {"type": "Feature", "properties": {"building": "yes", "source": "way"}, "geometry": {"type": "Point", "coordinates": [-82.90264891602219, 42.42807216183929]}}, {"type": "Feature", "properties": {"building": "yes", "source": "way"}, "geometry": {"type": "Point", "coordinates": [-82.902836218671, 42.42813285390457]}}, {"type": "Feature", "properties": {"building": "yes", "source": "way"}, "geometry": {"type": "Point", "coordinates": [-82.90299075440178, 42.42821020428467]}}, {"type": "Feature", "properties": {"building": "yes", "source": "way"}, "geometry": {"type": "Point", "coordinates": [-82.9031761809227, 42.428284196252996]}}, {"type": "Feature", "properties": {"building": "yes", "source": "way"}, "geometry": {"type": "Point", "coordinates": [-82.90335570817652, 42.42835667290556]}}, {"type": "Feature", "properties": {"building": "yes", "source": "way"}, "geometry": {"type": "Point", "coordinates": [-82.90358753566169, 42.42841327710874]}}, {"type": "Feature", "properties": {"building": "yes", "source": "way"}, "geometry": {"type": "Point", "coordinates": [-82.90387338923745, 42.42854277704966]}}, {"type": "Feature", "properties": {"building": "yes", "source": "way"}, "geometry": {"type": "Point", "coordinates": [-82.90412359987597, 42.42860953864659]}}, {"type": "Feature", "properties": {"building": "yes", "source": "way"}, "geometry": {"type": "Point", "coordinates": [-82.90428649845727, 42.42869298878969]}}, {"type": "Feature", "properties": {"building": "yes", "source": "way"}, "geometry": {"type": "Point", "coordinates": [-82.90465374392438, 42.42885421476255]}}, {"type": "Feature", "properties": {"building": "yes", "source": "way"}, "geometry": {"type": "Point", "coordinates": [-82.90481853076302, 42.42893277469567]}}, {"type": "Feature", "properties": {"building": "yes", "source": "way"}, "geometry": {"type": "Point", "coordinates": [-82.9046046314651, 42.42868394643765]}}, {"type": "Feature", "properties": {"building": "yes", "source": "way"}, "geometry": {"type": "Point", "coordinates": [-82.90446409614154, 42.428766313220535]}}, {"type": "Feature", "properties": {"building": "yes", "source": "way"}, "geometry": {"type": "Point", "coordinates": [-82.90478428193124, 42.428760646103456]}}, {"type": "Feature", "properties": {"building": "yes", "source": "way"}, "geometry": {"type": "Point", "coordinates": [-82.9049689, 42.42883415000001]}}, {"type": "Feature", "properties": {"building": "yes", "source": "way"}, "geometry": {"type": "Point", "coordinates": [-82.90505688140287, 42.428871296874135]}}, {"type": "Feature", "properties": {"building": "yes", "source": "way"}, "geometry": {"type": "Point", "coordinates": [-82.90500529259405, 42.42899447985648]}}, {"type": "Feature", "properties": {"building": "yes", "source": "way"}, "geometry": {"type": "Point", "coordinates": [-82.9036942, 42.42848775]}}, {"type": "Feature", "properties": {"building": "yes", "source": "way"}, "geometry": {"type": "Point", "coordinates": [-82.9036393501811, 42.42804332263682]}}, {"type": "Feature", "properties": {"building": "yes", "source": "way"}, "geometry": {"type": "Point", "coordinates": [-82.90384214090419, 42.428121518497875]}}, {"type": "Feature", "properties": {"building": "yes", "source": "way"}, "geometry": {"type": "Point", "coordinates": [-82.90403870465919, 42.42820742085354]}}, {"type": "Feature", "properties": {"building": "yes", "source": "way"}, "geometry": {"type": "Point", "coordinates": [-82.9042183, 42.42831875]}}, {"type": "Feature", "properties": {"building": "yes", "source": "way"}, "geometry": {"type": "Point", "coordinates": [-82.9045372413243, 42.42841211147344]}}, {"type": "Feature", "properties": {"building": "yes", "source": "way"}, "geometry": {"type": "Point", "coordinates": [-82.90473389739134, 42.42825661854424]}}, {"type": "Feature", "properties": {"building": "yes", "source": "way"}, "geometry": {"type": "Point", "coordinates": [-82.90466897132808, 42.42795638095781]}}, {"type": "Feature", "properties": {"building": "yes", "source": "way"}, "geometry": {"type": "Point", "coordinates": [-82.90439139643709, 42.427820166455646]}}, {"type": "Feature", "properties": {"building": "yes", "source": "way"}, "geometry": {"type": "Point", "coordinates": [-82.90454893451482, 42.427664366278286]}}, {"type": "Feature", "properties": {"building": "yes", "source": "way"}, "geometry": {"type": "Point", "coordinates": [-82.90390175500369, 42.42760879684012]}}, {"type": "Feature", "properties": {"building": "yes", "source": "way"}, "geometry": {"type": "Point", "coordinates": [-82.90342204706164, 42.4279859237538]}}, {"type": "Feature", "properties": {"building": "yes", "source": "way"}, "geometry": {"type": "Point", "coordinates": [-82.90324254105515, 42.4279132685749]}}, {"type": "Feature", "properties": {"building": "yes", "source": "way"}, "geometry": {"type": "Point", "coordinates": [-82.90336819999999, 42.4282955]}}, {"type": "Feature", "properties": {"building": "yes", "source": "way"}, "geometry": {"type": "Point", "coordinates": [-82.9034919948388, 42.428297069315995]}}, {"type": "Feature", "properties": {"building": "yes", "source": "way"}, "geometry": {"type": "Point", "coordinates": [-82.90280058042909, 42.427952945058706]}}, {"type": "Feature", "properties": {"building": "yes", "source": "way"}, "geometry": {"type": "Point", "coordinates": [-82.90274908732343, 42.42752805393579]}}, {"type": "Feature", "properties": {"building": "yes", "source": "way"}, "geometry": {"type": "Point", "coordinates": [-82.90276883600215, 42.42733577878818]}}, {"type": "Feature", "properties": {"building": "yes", "source": "way"}, "geometry": {"type": "Point", "coordinates": [-82.90291365889915, 42.427739283806886]}}, {"type": "Feature", "properties": {"building": "yes", "source": "way"}, "geometry": {"type": "Point", "coordinates": [-82.90264089999998, 42.42764295]}}, {"type": "Feature", "properties": {"building": "yes", "source": "way"}, "geometry": {"type": "Point", "coordinates": [-82.90198299484516, 42.4278083669169]}}, {"type": "Feature", "properties": {"building": "yes", "source": "way"}, "geometry": {"type": "Point", "coordinates": [-82.90176784136844, 42.427743787586834]}}, {"type": "Feature", "properties": {"building": "yes", "source": "way"}, "geometry": {"type": "Point", "coordinates": [-82.90453093746424, 42.42639400391592]}}, {"type": "Feature", "properties": {"building": "yes", "source": "way"}, "geometry": {"type": "Point", "coordinates": [-82.9043998256486, 42.426561922115475]}}, {"type": "Feature", "properties": {"building": "yes", "source": "way"}, "geometry": {"type": "Point", "coordinates": [-82.90433297907748, 42.426749484945944]}}, {"type": "Feature", "properties": {"building": "yes", "source": "way"}, "geometry": {"type": "Point", "coordinates": [-82.90424543005251, 42.4268980258142]}}, {"type": "Feature", "properties": {"building": "yes", "source": "way"}, "geometry": {"type": "Point", "coordinates": [-82.9041482087525, 42.427055056971454]}}, {"type": "Feature", "properties": {"building": "yes", "source": "way"}, "geometry": {"type": "Point", "coordinates": [-82.90408136057194, 42.42722532973948]}}, {"type": "Feature", "properties": {"building": "yes", "source": "way"}, "geometry": {"type": "Point", "coordinates": [-82.90399716813204, 42.42740773332737]}}, {"type": "Feature", "properties": {"building": "yes", "source": "way"}, "geometry": {"type": "Point", "coordinates": [-82.90365826538044, 42.427569592295995]}}, {"type": "Feature", "properties": {"building": "yes", "source": "way"}, "geometry": {"type": "Point", "coordinates": [-82.90344404276846, 42.427420785440496]}}, {"type": "Feature", "properties": {"building": "yes", "source": "way"}, "geometry": {"type": "Point", "coordinates": [-82.90349059338438, 42.42720504769088]}}, {"type": "Feature", "properties": {"building": "yes", "source": "way"}, "geometry": {"type": "Point", "coordinates": [-82.90357001667893, 42.42699270720719]}}, {"type": "Feature", "properties": {"building": "yes", "source": "way"}, "geometry": {"type": "Point", "coordinates": [-82.90369979327612, 42.42676753336898]}}, {"type": "Feature", "properties": {"building": "yes", "source": "way"}, "geometry": {"type": "Point", "coordinates": [-82.9037879998978, 42.42654076602571]}}, {"type": "Feature", "properties": {"building": "yes", "source": "way"}, "geometry": {"type": "Point", "coordinates": [-82.90391386790644, 42.42637479196868]}}, {"type": "Feature", "properties": {"building": "yes", "source": "way"}, "geometry": {"type": "Point", "coordinates": [-82.90404745385428, 42.42617313581046]}}, {"type": "Feature", "properties": {"building": "yes", "source": "way"}, "geometry": {"type": "Point", "coordinates": [-82.90349001268856, 42.42594329452108]}}, {"type": "Feature", "properties": {"building": "yes", "source": "way"}, "geometry": {"type": "Point", "coordinates": [-82.9034091, 42.4260964]}}, {"type": "Feature", "properties": {"building": "yes", "source": "way"}, "geometry": {"type": "Point", "coordinates": [-82.90327546925174, 42.426239879681205]}}, {"type": "Feature", "properties": {"building": "yes", "source": "way"}, "geometry": {"type": "Point", "coordinates": [-82.90319559645827, 42.426393716902105]}}, {"type": "Feature", "properties": {"building": "yes", "source": "way"}, "geometry": {"type": "Point", "coordinates": [-82.90311240590796, 42.42656084105283]}}, {"type": "Feature", "properties": {"building": "yes", "source": "way"}, "geometry": {"type": "Point", "coordinates": [-82.90305669980351, 42.426726539200295]}}, {"type": "Feature", "properties": {"building": "yes", "source": "way"}, "geometry": {"type": "Point", "coordinates": [-82.90299867292696, 42.42688383614116]}}, {"type": "Feature", "properties": {"building": "yes", "source": "way"}, "geometry": {"type": "Point", "coordinates": [-82.90292184406046, 42.427034155145265]}}, {"type": "Feature", "properties": {"building": "yes", "source": "way"}, "geometry": {"type": "Point", "coordinates": [-82.90287099999998, 42.42719535]}}, {"type": "Feature", "properties": {"building": "yes", "source": "way"}, "geometry": {"type": "Point", "coordinates": [-82.90279175, 42.426933250000005]}}, {"type": "Feature", "properties": {"building": "yes", "source": "way"}, "geometry": {"type": "Point", "coordinates": [-82.90298207038937, 42.42639480407202]}}, {"type": "Feature", "properties": {"building": "yes", "source": "way"}, "geometry": {"type": "Point", "coordinates": [-82.90336992175861, 42.42584881542527]}}, {"type": "Feature", "properties": {"building": "yes", "source": "way"}, "geometry": {"type": "Point", "coordinates": [-82.90507895054452, 42.42660318978435]}}, {"type": "Feature", "properties": {"building": "yes", "source": "way"}, "geometry": {"type": "Point", "coordinates": [-82.90488878440695, 42.42693368193067]}}, {"type": "Feature", "properties": {"building": "yes", "source": "way"}, "geometry": {"type": "Point", "coordinates": [-82.90482310453926, 42.42707695128806]}}, {"type": "Feature", "properties": {"building": "yes", "source": "way"}, "geometry": {"type": "Point", "coordinates": [-82.90472939097072, 42.42723601070417]}}, {"type": "Feature", "properties": {"building": "yes", "source": "way"}, "geometry": {"type": "Point", "coordinates": [-82.90465554156881, 42.42742548532139]}}, {"type": "Feature", "properties": {"building": "yes", "source": "way"}, "geometry": {"type": "Point", "coordinates": [-82.90495772227592, 42.42677441058089]}}, {"type": "Feature", "properties": {"building": "yes", "source": "way"}, "geometry": {"type": "Point", "coordinates": [-82.90599706879946, 42.42700305675855]}}, {"type": "Feature", "properties": {"building": "yes", "source": "way"}, "geometry": {"type": "Point", "coordinates": [-82.905957707066, 42.42736855699536]}}, {"type": "Feature", "properties": {"building": "yes", "source": "way"}, "geometry": {"type": "Point", "coordinates": [-82.90597225151737, 42.42717927774429]}}, {"type": "Feature", "properties": {"building": "yes", "source": "way"}, "geometry": {"type": "Point", "coordinates": [-82.90592785289327, 42.42767218126426]}}, {"type": "Feature", "properties": {"building": "yes", "source": "way"}, "geometry": {"type": "Point", "coordinates": [-82.90587051259348, 42.42782665051838]}}, {"type": "Feature", "properties": {"building": "yes", "source": "way"}, "geometry": {"type": "Point", "coordinates": [-82.9058103850812, 42.4280232248997]}}, {"type": "Feature", "properties": {"building": "yes", "source": "way"}, "geometry": {"type": "Point", "coordinates": [-82.90579493579584, 42.42819826886729]}}, {"type": "Feature", "properties": {"building": "yes", "source": "way"}, "geometry": {"type": "Point", "coordinates": [-82.90576616545006, 42.42837035474183]}}, {"type": "Feature", "properties": {"building": "yes", "source": "way"}, "geometry": {"type": "Point", "coordinates": [-82.90594548990686, 42.42842112345841]}}, {"type": "Feature", "properties": {"building": "yes", "source": "way"}, "geometry": {"type": "Point", "coordinates": [-82.90596142689955, 42.42827454480825]}}, {"type": "Feature", "properties": {"building": "yes", "source": "way"}, "geometry": {"type": "Point", "coordinates": [-82.9059901254434, 42.42810634558651]}}, {"type": "Feature", "properties": {"building": "yes", "source": "way"}, "geometry": {"type": "Point", "coordinates": [-82.90619313778492, 42.427776260928376]}}, {"type": "Feature", "properties": {"building": "yes", "source": "way"}, "geometry": {"type": "Point", "coordinates": [-82.90633395984459, 42.4278607075315]}}, {"type": "Feature", "properties": {"building": "yes", "source": "way"}, "geometry": {"type": "Point", "coordinates": [-82.90654652480961, 42.427908159426714]}}, {"type": "Feature", "properties": {"building": "yes", "source": "way"}, "geometry": {"type": "Point", "coordinates": [-82.9065219728839, 42.42806301424171]}}, {"type": "Feature", "properties": {"building": "yes", "source": "way"}, "geometry": {"type": "Point", "coordinates": [-82.90660298660224, 42.42809902660638]}}, {"type": "Feature", "properties": {"building": "yes", "source": "way"}, "geometry": {"type": "Point", "coordinates": [-82.90678555, 42.4283933]}}, {"type": "Feature", "properties": {"building": "yes", "source": "way"}, "geometry": {"type": "Point", "coordinates": [-82.90621496479547, 42.42839306220147]}}, {"type": "Feature", "properties": {"building": "yes", "source": "way"}, "geometry": {"type": "Point", "coordinates": [-82.90673151022143, 42.428587444597696]}}, {"type": "Feature", "properties": {"building": "yes", "source": "way"}, "geometry": {"type": "Point", "coordinates": [-82.90698502681659, 42.428697392979586]}}, {"type": "Feature", "properties": {"building": "yes", "source": "way"}, "geometry": {"type": "Point", "coordinates": [-82.90718915828423, 42.42879615284495]}}, {"type": "Feature", "properties": {"building": "yes", "source": "way"}, "geometry": {"type": "Point", "coordinates": [-82.9075119145634, 42.428917545983595]}}, {"type": "Feature", "properties": {"building": "yes", "source": "way"}, "geometry": {"type": "Point", "coordinates": [-82.90784618332523, 42.429087849993245]}}, {"type": "Feature", "properties": {"building": "yes", "source": "way"}, "geometry": {"type": "Point", "coordinates": [-82.90722333749774, 42.428211978400284]}}, {"type": "Feature", "properties": {"building": "yes", "source": "way"}, "geometry": {"type": "Point", "coordinates": [-82.90737169924203, 42.42826768442334]}}, {"type": "Feature", "properties": {"building": "yes", "source": "way"}, "geometry": {"type": "Point", "coordinates": [-82.90765275000001, 42.428383600000004]}}, {"type": "Feature", "properties": {"building": "yes", "source": "way"}, "geometry": {"type": "Point", "coordinates": [-82.90784431043211, 42.42843560502331]}}, {"type": "Feature", "properties": {"building": "yes", "source": "way"}, "geometry": {"type": "Point", "coordinates": [-82.90770669466264, 42.42853436817962]}}, {"type": "Feature", "properties": {"building": "yes", "source": "way"}, "geometry": {"type": "Point", "coordinates": [-82.90735083173433, 42.4284436429953]}}, {"type": "Feature", "properties": {"building": "yes", "source": "way"}, "geometry": {"type": "Point", "coordinates": [-82.9070753784679, 42.42830711213937]}}, {"type": "Feature", "properties": {"building": "yes", "source": "way"}, "geometry": {"type": "Point", "coordinates": [-82.9075027010037, 42.42831715029924]}}, {"type": "Feature", "properties": {"building": "yes", "source": "way"}, "geometry": {"type": "Point", "coordinates": [-82.90803725, 42.42876175]}}, {"type": "Feature", "properties": {"building": "yes", "source": "way"}, "geometry": {"type": "Point", "coordinates": [-82.90836694999999, 42.4286547]}}, {"type": "Feature", "properties": {"building": "yes", "source": "way"}, "geometry": {"type": "Point", "coordinates": [-82.90857217892578, 42.42885939076281]}}, {"type": "Feature", "properties": {"building": "yes", "source": "way"}, "geometry": {"type": "Point", "coordinates": [-82.90827977701407, 42.42883546395004]}}, {"type": "Feature", "properties": {"building": "yes", "source": "way"}, "geometry": {"type": "Point", "coordinates": [-82.90842432534693, 42.42910483542188]}}, {"type": "Feature", "properties": {"building": "yes", "source": "way"}, "geometry": {"type": "Point", "coordinates": [-82.90851825, 42.42871145]}}, {"type": "Feature", "properties": {"building": "yes", "source": "way"}, "geometry": {"type": "Point", "coordinates": [-82.90570536106351, 42.42872522102295]}}, {"type": "Feature", "properties": {"building": "yes", "source": "way"}, "geometry": {"type": "Point", "coordinates": [-82.90567074135208, 42.42890778083088]}}, {"type": "Feature", "properties": {"building": "yes", "source": "way"}, "geometry": {"type": "Point", "coordinates": [-82.9057240577491, 42.42902533149962]}}, {"type": "Feature", "properties": {"building": "yes", "source": "way"}, "geometry": {"type": "Point", "coordinates": [-82.9054099944407, 42.4291593829941]}}, {"type": "Feature", "properties": {"building": "yes", "source": "way"}, "geometry": {"type": "Point", "coordinates": [-82.9055964408749, 42.429251515095764]}}, {"type": "Feature", "properties": {"building": "yes", "source": "way"}, "geometry": {"type": "Point", "coordinates": [-82.90586895178475, 42.429381065164236]}}, {"type": "Feature", "properties": {"building": "yes", "source": "way"}, "geometry": {"type": "Point", "coordinates": [-82.90610932216848, 42.4294809648876]}}, {"type": "Feature", "properties": {"building": "yes", "source": "way"}, "geometry": {"type": "Point", "coordinates": [-82.9062886319023, 42.42955564802103]}}, {"type": "Feature", "properties": {"building": "yes", "source": "way"}, "geometry": {"type": "Point", "coordinates": [-82.90646209388701, 42.429623303220204]}}, {"type": "Feature", "properties": {"building": "yes", "source": "way"}, "geometry": {"type": "Point", "coordinates": [-82.90666189999999, 42.42969075]}}, {"type": "Feature", "properties": {"building": "yes", "source": "way"}, "geometry": {"type": "Point", "coordinates": [-82.90682503196524, 42.42976053292493]}}, {"type": "Feature", "properties": {"building": "yes", "source": "way"}, "geometry": {"type": "Point", "coordinates": [-82.90698979040683, 42.42985226830874]}}, {"type": "Feature", "properties": {"building": "yes", "source": "way"}, "geometry": {"type": "Point", "coordinates": [-82.90718401797778, 42.429897340117854]}}, {"type": "Feature", "properties": {"building": "yes", "source": "way"}, "geometry": {"type": "Point", "coordinates": [-82.90713093345047, 42.42976493925765]}}, {"type": "Feature", "properties": {"building": "yes", "source": "way"}, "geometry": {"type": "Point", "coordinates": [-82.90736168933942, 42.42997273936395]}}, {"type": "Feature", "properties": {"building": "yes", "source": "way"}, "geometry": {"type": "Point", "coordinates": [-82.90754801968802, 42.43003669226802]}}, {"type": "Feature", "properties": {"building": "yes", "source": "way"}, "geometry": {"type": "Point", "coordinates": [-82.90769549999999, 42.429961649999996]}}, {"type": "Feature", "properties": {"building": "yes", "source": "way"}, "geometry": {"type": "Point", "coordinates": [-82.90777659999999, 42.4301097]}}, {"type": "Feature", "properties": {"building": "yes", "source": "way"}, "geometry": {"type": "Point", "coordinates": [-82.90787728879118, 42.430059919704846]}}, {"type": "Feature", "properties": {"building": "yes", "source": "way"}, "geometry": {"type": "Point", "coordinates": [-82.90840904280834, 42.429986118774224]}}, {"type": "Feature", "properties": {"building": "yes", "source": "way"}, "geometry": {"type": "Point", "coordinates": [-82.90836061783399, 42.42982445128489]}}, {"type": "Feature", "properties": {"building": "yes", "source": "way"}, "geometry": {"type": "Point", "coordinates": [-82.90813227842497, 42.42973663895526]}}, {"type": "Feature", "properties": {"building": "yes", "source": "way"}, "geometry": {"type": "Point", "coordinates": [-82.90789045, 42.4296202]}}, {"type": "Feature", "properties": {"building": "yes", "source": "way"}, "geometry": {"type": "Point", "coordinates": [-82.90767292956532, 42.42953967551558]}}, {"type": "Feature", "properties": {"building": "yes", "source": "way"}, "geometry": {"type": "Point", "coordinates": [-82.90746212992882, 42.429460826774765]}}, {"type": "Feature", "properties": {"building": "yes", "source": "way"}, "geometry": {"type": "Point", "coordinates": [-82.90731106814034, 42.42940925852193]}}, {"type": "Feature", "properties": {"building": "yes", "source": "way"}, "geometry": {"type": "Point", "coordinates": [-82.90717360629294, 42.429333123934]}}, {"type": "Feature", "properties": {"building": "yes", "source": "way"}, "geometry": {"type": "Point", "coordinates": [-82.90703827961329, 42.4294302932438]}}, {"type": "Feature", "properties": {"building": "yes", "source": "way"}, "geometry": {"type": "Point", "coordinates": [-82.9069392168291, 42.42927846147965]}}, {"type": "Feature", "properties": {"building": "yes", "source": "way"}, "geometry": {"type": "Point", "coordinates": [-82.90717545, 42.4295319]}}, {"type": "Feature", "properties": {"building": "yes", "source": "way"}, "geometry": {"type": "Point", "coordinates": [-82.90670747601622, 42.429163213238205]}}, {"type": "Feature", "properties": {"building": "yes", "source": "way"}, "geometry": {"type": "Point", "coordinates": [-82.90653144970001, 42.42906949821634]}}, {"type": "Feature", "properties": {"building": "yes", "source": "way"}, "geometry": {"type": "Point", "coordinates": [-82.90633007397398, 42.428998322484915]}}, {"type": "Feature", "properties": {"building": "yes", "source": "way"}, "geometry": {"type": "Point", "coordinates": [-82.90612899999999, 42.42916055]}}, {"type": "Feature", "properties": {"building": "yes", "source": "way"}, "geometry": {"type": "Point", "coordinates": [-82.9065445049232, 42.429253081603115]}}, {"type": "Feature", "properties": {"building": "yes", "source": "way"}, "geometry": {"type": "Point", "coordinates": [-82.90589471028267, 42.42870212570877]}}, {"type": "Feature", "properties": {"building": "yes", "source": "way"}, "geometry": {"type": "Point", "coordinates": [-82.90512413972392, 42.42958362697889]}}, {"type": "Feature", "properties": {"building": "yes", "source": "way"}, "geometry": {"type": "Point", "coordinates": [-82.90537201413956, 42.42969139582904]}}, {"type": "Feature", "properties": {"building": "yes", "source": "way"}, "geometry": {"type": "Point", "coordinates": [-82.90561944847003, 42.42978336931525]}}, {"type": "Feature", "properties": {"building": "yes", "source": "way"}, "geometry": {"type": "Point", "coordinates": [-82.9054221875243, 42.43000221856119]}}, {"type": "Feature", "properties": {"building": "yes", "source": "way"}, "geometry": {"type": "Point", "coordinates": [-82.90531441860185, 42.43013104126456]}}, {"type": "Feature", "properties": {"building": "yes", "source": "way"}, "geometry": {"type": "Point", "coordinates": [-82.9052252531197, 42.430269010788614]}}, {"type": "Feature", "properties": {"building": "yes", "source": "way"}, "geometry": {"type": "Point", "coordinates": [-82.90512604999999, 42.43040655]}}, {"type": "Feature", "properties": {"building": "yes", "source": "way"}, "geometry": {"type": "Point", "coordinates": [-82.9050287, 42.43030160000001]}}, {"type": "Feature", "properties": {"building": "yes", "source": "way"}, "geometry": {"type": "Point", "coordinates": [-82.9051084195144, 42.43015915427964]}}, {"type": "Feature", "properties": {"building": "yes", "source": "way"}, "geometry": {"type": "Point", "coordinates": [-82.90503722692972, 42.42982049674981]}}, {"type": "Feature", "properties": {"building": "yes", "source": "way"}, "geometry": {"type": "Point", "coordinates": [-82.90491320000001, 42.42996170000001]}}, {"type": "Feature", "properties": {"building": "yes", "source": "way"}, "geometry": {"type": "Point", "coordinates": [-82.90500044999999, 42.430110299999996]}}, {"type": "Feature", "properties": {"building": "yes", "source": "way"}, "geometry": {"type": "Point", "coordinates": [-82.90489880650595, 42.43024713144451]}}, {"type": "Feature", "properties": {"building": "yes", "source": "way"}, "geometry": {"type": "Point", "coordinates": [-82.90469730739679, 42.430231400617835]}}, {"type": "Feature", "properties": {"building": "yes", "source": "way"}, "geometry": {"type": "Point", "coordinates": [-82.90531155, 42.42988810000001]}}, {"type": "Feature", "properties": {"building": "yes", "source": "way"}, "geometry": {"type": "Point", "coordinates": [-82.90589151774192, 42.43019620384614]}}, {"type": "Feature", "properties": {"building": "yes", "source": "way"}, "geometry": {"type": "Point", "coordinates": [-82.90578675299705, 42.430324156586366]}}, {"type": "Feature", "properties": {"building": "yes", "source": "way"}, "geometry": {"type": "Point", "coordinates": [-82.90565273219536, 42.430464942814794]}}, {"type": "Feature", "properties": {"building": "yes", "source": "way"}, "geometry": {"type": "Point", "coordinates": [-82.90584655394593, 42.43068693836247]}}, {"type": "Feature", "properties": {"building": "yes", "source": "way"}, "geometry": {"type": "Point", "coordinates": [-82.9061056, 42.43063855000001]}}, {"type": "Feature", "properties": {"building": "yes", "source": "way"}, "geometry": {"type": "Point", "coordinates": [-82.90620890890015, 42.43050565435166]}}, {"type": "Feature", "properties": {"building": "yes", "source": "way"}, "geometry": {"type": "Point", "coordinates": [-82.90631943847472, 42.43036655598035]}}, {"type": "Feature", "properties": {"building": "yes", "source": "way"}, "geometry": {"type": "Point", "coordinates": [-82.90646781569838, 42.43015189927891]}}, {"type": "Feature", "properties": {"building": "yes", "source": "way"}, "geometry": {"type": "Point", "coordinates": [-82.90624359610324, 42.4300229146008]}}, {"type": "Feature", "properties": {"building": "yes", "source": "way"}, "geometry": {"type": "Point", "coordinates": [-82.90602984159747, 42.430003429792535]}}, {"type": "Feature", "properties": {"building": "yes", "source": "way"}, "geometry": {"type": "Point", "coordinates": [-82.90607354289621, 42.430197818226034]}}, {"type": "Feature", "properties": {"building": "yes", "source": "way"}, "geometry": {"type": "Point", "coordinates": [-82.90597369999999, 42.4303419]}}, {"type": "Feature", "properties": {"building": "yes", "source": "way"}, "geometry": {"type": "Point", "coordinates": [-82.90598022364836, 42.43052660581623]}}, {"type": "Feature", "properties": {"building": "yes", "source": "way"}, "geometry": {"type": "Point", "coordinates": [-82.90608224999998, 42.43038285]}}, {"type": "Feature", "properties": {"building": "yes", "source": "way"}, "geometry": {"type": "Point", "coordinates": [-82.90619132264355, 42.43024166532148]}}, {"type": "Feature", "properties": {"building": "yes", "source": "way"}, "geometry": {"type": "Point", "coordinates": [-82.90627085, 42.43016085000001]}}, {"type": "Feature", "properties": {"building": "yes", "source": "way"}, "geometry": {"type": "Point", "coordinates": [-82.90693911611626, 42.43030871655637]}}, {"type": "Feature", "properties": {"building": "yes", "source": "way"}, "geometry": {"type": "Point", "coordinates": [-82.9068437915785, 42.43039931945018]}}, {"type": "Feature", "properties": {"building": "yes", "source": "way"}, "geometry": {"type": "Point", "coordinates": [-82.90675817287466, 42.430549590882585]}}, {"type": "Feature", "properties": {"building": "yes", "source": "way"}, "geometry": {"type": "Point", "coordinates": [-82.90666972423536, 42.43068445850662]}}, {"type": "Feature", "properties": {"building": "yes", "source": "way"}, "geometry": {"type": "Point", "coordinates": [-82.90655580545119, 42.430805631332504]}}, {"type": "Feature", "properties": {"building": "yes", "source": "way"}, "geometry": {"type": "Point", "coordinates": [-82.90648373616074, 42.43092893100558]}}, {"type": "Feature", "properties": {"building": "yes", "source": "way"}, "geometry": {"type": "Point", "coordinates": [-82.90674821804178, 42.43082620327878]}}, {"type": "Feature", "properties": {"building": "yes", "source": "way"}, "geometry": {"type": "Point", "coordinates": [-82.9068476070293, 42.43069633172664]}}, {"type": "Feature", "properties": {"building": "yes", "source": "way"}, "geometry": {"type": "Point", "coordinates": [-82.90695953187603, 42.43054544695813]}}, {"type": "Feature", "properties": {"building": "yes", "source": "way"}, "geometry": {"type": "Point", "coordinates": [-82.90712309476262, 42.43036521864992]}}, {"type": "Feature", "properties": {"building": "yes", "source": "way"}, "geometry": {"type": "Point", "coordinates": [-82.90563632781662, 42.43108901079318]}}, {"type": "Feature", "properties": {"building": "yes", "source": "way"}, "geometry": {"type": "Point", "coordinates": [-82.90539039999999, 42.43098155]}}, {"type": "Feature", "properties": {"building": "yes", "source": "way"}, "geometry": {"type": "Point", "coordinates": [-82.90518033320544, 42.430991149490815]}}, {"type": "Feature", "properties": {"building": "yes", "source": "way"}, "geometry": {"type": "Point", "coordinates": [-82.90507760046187, 42.43074572268965]}}, {"type": "Feature", "properties": {"building": "yes", "source": "way"}, "geometry": {"type": "Point", "coordinates": [-82.90520068206504, 42.43087950634095]}}, {"type": "Feature", "properties": {"building": "yes", "source": "way"}, "geometry": {"type": "Point", "coordinates": [-82.90486027524365, 42.43070630557834]}}, {"type": "Feature", "properties": {"building": "yes", "source": "way"}, "geometry": {"type": "Point", "coordinates": [-82.9037249955997, 42.42979071808477]}}, {"type": "Feature", "properties": {"building": "yes", "source": "way"}, "geometry": {"type": "Point", "coordinates": [-82.90404854273912, 42.429893118621735]}}, {"type": "Feature", "properties": {"building": "yes", "source": "way"}, "geometry": {"type": "Point", "coordinates": [-82.90394591855983, 42.430023803901925]}}, {"type": "Feature", "properties": {"building": "yes", "source": "way"}, "geometry": {"type": "Point", "coordinates": [-82.90383904999999, 42.43016479999999]}}, {"type": "Feature", "properties": {"building": "yes", "source": "way"}, "geometry": {"type": "Point", "coordinates": [-82.90375225, 42.4302978]}}, {"type": "Feature", "properties": {"building": "yes", "source": "way"}, "geometry": {"type": "Point", "coordinates": [-82.90367365, 42.430448500000004]}}, {"type": "Feature", "properties": {"building": "yes", "source": "way"}, "geometry": {"type": "Point", "coordinates": [-82.90363214626262, 42.43024261724238]}}, {"type": "Feature", "properties": {"building": "yes", "source": "way"}, "geometry": {"type": "Point", "coordinates": [-82.90374814999998, 42.430091250000004]}}, {"type": "Feature", "properties": {"building": "yes", "source": "way"}, "geometry": {"type": "Point", "coordinates": [-82.90389123155556, 42.42988419703296]}}, {"type": "Feature", "properties": {"building": "yes", "source": "way"}, "geometry": {"type": "Point", "coordinates": [-82.90363546694512, 42.42992590145706]}}, {"type": "Feature", "properties": {"building": "yes", "source": "way"}, "geometry": {"type": "Point", "coordinates": [-82.9035344, 42.430056699999994]}}, {"type": "Feature", "properties": {"building": "yes", "source": "way"}, "geometry": {"type": "Point", "coordinates": [-82.90342507942961, 42.4302338895903]}}, {"type": "Feature", "properties": {"building": "yes", "source": "way"}, "geometry": {"type": "Point", "coordinates": [-82.90318944839326, 42.430275785437914]}}, {"type": "Feature", "properties": {"building": "yes", "source": "way"}, "geometry": {"type": "Point", "coordinates": [-82.90295573751413, 42.430288934240885]}}, {"type": "Feature", "properties": {"building": "yes", "source": "way"}, "geometry": {"type": "Point", "coordinates": [-82.90273788503526, 42.430222517041905]}}, {"type": "Feature", "properties": {"building": "yes", "source": "way"}, "geometry": {"type": "Point", "coordinates": [-82.90303736339254, 42.43043116865165]}}, {"type": "Feature", "properties": {"building": "yes", "source": "way"}, "geometry": {"type": "Point", "coordinates": [-82.9033717291959, 42.43038993920477]}}, {"type": "Feature", "properties": {"building": "yes", "source": "way"}, "geometry": {"type": "Point", "coordinates": [-82.90319195, 42.43064965000001]}}, {"type": "Feature", "properties": {"building": "yes", "source": "way"}, "geometry": {"type": "Point", "coordinates": [-82.90251521420771, 42.43046132222927]}}, {"type": "Feature", "properties": {"building": "yes", "source": "way"}, "geometry": {"type": "Point", "coordinates": [-82.90323673283213, 42.42960517974911]}}, {"type": "Feature", "properties": {"building": "yes", "source": "way"}, "geometry": {"type": "Point", "coordinates": [-82.90384365987921, 42.42962466624409]}}, {"type": "Feature", "properties": {"building": "yes", "source": "way"}, "geometry": {"type": "Point", "coordinates": [-82.90448711097397, 42.42960961748283]}}, {"type": "Feature", "properties": {"building": "yes", "source": "way"}, "geometry": {"type": "Point", "coordinates": [-82.90400083321974, 42.42943222167458]}}, {"type": "Feature", "properties": {"building": "yes", "source": "way"}, "geometry": {"type": "Point", "coordinates": [-82.90414236600982, 42.42917902939517]}}, {"type": "Feature", "properties": {"building": "yes", "source": "way"}, "geometry": {"type": "Point", "coordinates": [-82.90445024037942, 42.4292652822065]}}, {"type": "Feature", "properties": {"building": "yes", "source": "way"}, "geometry": {"type": "Point", "coordinates": [-82.90374105, 42.428986200000004]}}, {"type": "Feature", "properties": {"building": "yes", "source": "way"}, "geometry": {"type": "Point", "coordinates": [-82.9035205318779, 42.429198997690165]}}, {"type": "Feature", "properties": {"building": "yes", "source": "way"}, "geometry": {"type": "Point", "coordinates": [-82.90341787515256, 42.42932182092215]}}, {"type": "Feature", "properties": {"building": "yes", "source": "way"}, "geometry": {"type": "Point", "coordinates": [-82.90333115, 42.42946865]}}, {"type": "Feature", "properties": {"building": "yes", "source": "way"}, "geometry": {"type": "Point", "coordinates": [-82.90313834461764, 42.42977542419776]}}, {"type": "Feature", "properties": {"building": "yes", "source": "way"}, "geometry": {"type": "Point", "coordinates": [-82.90284213490423, 42.429820005552614]}}, {"type": "Feature", "properties": {"building": "yes", "source": "way"}, "geometry": {"type": "Point", "coordinates": [-82.90261037795311, 42.42971210313675]}}, {"type": "Feature", "properties": {"building": "yes", "source": "way"}, "geometry": {"type": "Point", "coordinates": [-82.9025281455872, 42.429505335452085]}}, {"type": "Feature", "properties": {"building": "yes", "source": "way"}, "geometry": {"type": "Point", "coordinates": [-82.9026744232821, 42.429383870042415]}}, {"type": "Feature", "properties": {"building": "yes", "source": "way"}, "geometry": {"type": "Point", "coordinates": [-82.90275529087403, 42.42922066233121]}}, {"type": "Feature", "properties": {"building": "yes", "source": "way"}, "geometry": {"type": "Point", "coordinates": [-82.90287314999999, 42.42906574999999]}}, {"type": "Feature", "properties": {"building": "yes", "source": "way"}, "geometry": {"type": "Point", "coordinates": [-82.90294395000001, 42.428964650000005]}}, {"type": "Feature", "properties": {"building": "yes", "source": "way"}, "geometry": {"type": "Point", "coordinates": [-82.90304754896685, 42.428756736426415]}}, {"type": "Feature", "properties": {"building": "yes", "source": "way"}, "geometry": {"type": "Point", "coordinates": [-82.90330781403627, 42.428800477264176]}}, {"type": "Feature", "properties": {"building": "yes", "source": "way"}, "geometry": {"type": "Point", "coordinates": [-82.90340021389592, 42.42893412524097]}}, {"type": "Feature", "properties": {"building": "yes", "source": "way"}, "geometry": {"type": "Point", "coordinates": [-82.9035474645325, 42.428901459448845]}}, {"type": "Feature", "properties": {"building": "yes", "source": "way"}, "geometry": {"type": "Point", "coordinates": [-82.90341634999999, 42.42908905]}}, {"type": "Feature", "properties": {"building": "yes", "source": "way"}, "geometry": {"type": "Point", "coordinates": [-82.90324346968204, 42.42920535574586]}}, {"type": "Feature", "properties": {"building": "yes", "source": "way"}, "geometry": {"type": "Point", "coordinates": [-82.90317895000001, 42.42935385]}}, {"type": "Feature", "properties": {"building": "yes", "source": "way"}, "geometry": {"type": "Point", "coordinates": [-82.90289080000001, 42.429398250000006]}}, {"type": "Feature", "properties": {"building": "yes", "source": "way"}, "geometry": {"type": "Point", "coordinates": [-82.9030067286632, 42.42927583492426]}}, {"type": "Feature", "properties": {"building": "yes", "source": "way"}, "geometry": {"type": "Point", "coordinates": [-82.90315027383366, 42.42889378607926]}}, {"type": "Feature", "properties": {"building": "yes", "source": "way"}, "geometry": {"type": "Point", "coordinates": [-82.90259968319504, 42.428585589140276]}}, {"type": "Feature", "properties": {"building": "yes", "source": "way"}, "geometry": {"type": "Point", "coordinates": [-82.9023628591397, 42.428903630508664]}}, {"type": "Feature", "properties": {"building": "yes", "source": "way"}, "geometry": {"type": "Point", "coordinates": [-82.90215420000001, 42.4291509]}}, {"type": "Feature", "properties": {"building": "yes", "source": "way"}, "geometry": {"type": "Point", "coordinates": [-82.9018919246249, 42.429399960168155]}}, {"type": "Feature", "properties": {"building": "yes", "source": "way"}, "geometry": {"type": "Point", "coordinates": [-82.90176869989057, 42.429547302227604]}}, {"type": "Feature", "properties": {"building": "yes", "source": "way"}, "geometry": {"type": "Point", "coordinates": [-82.90182611431429, 42.42976017325801]}}, {"type": "Feature", "properties": {"building": "yes", "source": "way"}, "geometry": {"type": "Point", "coordinates": [-82.90200792881106, 42.429887238701326]}}, {"type": "Feature", "properties": {"building": "yes", "source": "way"}, "geometry": {"type": "Point", "coordinates": [-82.90197218268747, 42.43002239686918]}}, {"type": "Feature", "properties": {"building": "yes", "source": "way"}, "geometry": {"type": "Point", "coordinates": [-82.90164997869353, 42.42943328439282]}}, {"type": "Feature", "properties": {"building": "yes", "source": "way"}, "geometry": {"type": "Point", "coordinates": [-82.90206381902591, 42.429298974157824]}}, {"type": "Feature", "properties": {"building": "yes", "source": "way"}, "geometry": {"type": "Point", "coordinates": [-82.90217430903127, 42.42899457120728]}}, {"type": "Feature", "properties": {"building": "yes", "source": "way"}, "geometry": {"type": "Point", "coordinates": [-82.90195879999999, 42.42901235]}}, {"type": "Feature", "properties": {"building": "yes", "source": "way"}, "geometry": {"type": "Point", "coordinates": [-82.90190175000001, 42.429165149999996]}}, {"type": "Feature", "properties": {"building": "yes", "source": "way"}, "geometry": {"type": "Point", "coordinates": [-82.9015282, 42.4290647]}}, {"type": "Feature", "properties": {"building": "yes", "source": "way"}, "geometry": {"type": "Point", "coordinates": [-82.90130190304812, 42.42915972796357]}}, {"type": "Feature", "properties": {"building": "yes", "source": "way"}, "geometry": {"type": "Point", "coordinates": [-82.90114369316498, 42.429240365667916]}}, {"type": "Feature", "properties": {"building": "yes", "source": "way"}, "geometry": {"type": "Point", "coordinates": [-82.90115538147089, 42.42941545808979]}}, {"type": "Feature", "properties": {"building": "yes", "source": "way"}, "geometry": {"type": "Point", "coordinates": [-82.90160770026336, 42.428521616496624]}}, {"type": "Feature", "properties": {"building": "yes", "source": "way"}, "geometry": {"type": "Point", "coordinates": [-82.90148150605992, 42.42875727039042]}}, {"type": "Feature", "properties": {"building": "yes", "source": "way"}, "geometry": {"type": "Point", "coordinates": [-82.90135183998353, 42.42894389174453]}}, {"type": "Feature", "properties": {"building": "yes", "source": "way"}, "geometry": {"type": "Point", "coordinates": [-82.90229235351897, 42.42847408093765]}}, {"type": "Feature", "properties": {"building": "yes", "source": "way"}, "geometry": {"type": "Point", "coordinates": [-82.90128064278358, 42.42807221489461]}}, {"type": "Feature", "properties": {"building": "yes", "source": "way"}, "geometry": {"type": "Point", "coordinates": [-82.90110921957968, 42.42833060622345]}}, {"type": "Feature", "properties": {"building": "yes", "source": "way"}, "geometry": {"type": "Point", "coordinates": [-82.90099347855285, 42.42847820813667]}}, {"type": "Feature", "properties": {"building": "yes", "source": "way"}, "geometry": {"type": "Point", "coordinates": [-82.90079571529493, 42.42883260354651]}}, {"type": "Feature", "properties": {"building": "yes", "source": "way"}, "geometry": {"type": "Point", "coordinates": [-82.90176248244939, 42.42828233621519]}}, {"type": "Feature", "properties": {"building": "yes", "source": "way"}, "geometry": {"type": "Point", "coordinates": [-82.90090902298805, 42.42860802190808]}}, {"type": "Feature", "properties": {"building": "yes", "source": "way"}, "geometry": {"type": "Point", "coordinates": [-82.90012817412108, 42.429117233945625]}}, {"type": "Feature", "properties": {"building": "yes", "source": "way"}, "geometry": {"type": "Point", "coordinates": [-82.90034853635379, 42.429207346088035]}}, {"type": "Feature", "properties": {"building": "yes", "source": "way"}, "geometry": {"type": "Point", "coordinates": [-82.9005806740629, 42.42928702945012]}}, {"type": "Feature", "properties": {"building": "yes", "source": "way"}, "geometry": {"type": "Point", "coordinates": [-82.90086082016278, 42.42935368855669]}}, {"type": "Feature", "properties": {"building": "yes", "source": "way"}, "geometry": {"type": "Point", "coordinates": [-82.9000333562671, 42.42948137637839]}}, {"type": "Feature", "properties": {"building": "yes", "source": "way"}, "geometry": {"type": "Point", "coordinates": [-82.9003212222273, 42.429603387922036]}}, {"type": "Feature", "properties": {"building": "yes", "source": "way"}, "geometry": {"type": "Point", "coordinates": [-82.90311585, 42.4294928]}}, {"type": "Feature", "properties": {"building": "yes", "source": "way"}, "geometry": {"type": "Point", "coordinates": [-82.90056198440217, 42.4296910970212]}}, {"type": "Feature", "properties": {"building": "yes", "source": "way"}, "geometry": {"type": "Point", "coordinates": [-82.90083695674147, 42.429824183685334]}}, {"type": "Feature", "properties": {"building": "yes", "source": "way"}, "geometry": {"type": "Point", "coordinates": [-82.90001493856843, 42.42803571953858]}}, {"type": "Feature", "properties": {"building": "yes", "source": "way"}, "geometry": {"type": "Point", "coordinates": [-82.90027508405446, 42.42810134905557]}}, {"type": "Feature", "properties": {"building": "yes", "source": "way"}, "geometry": {"type": "Point", "coordinates": [-82.90045112054807, 42.42825590891953]}}, {"type": "Feature", "properties": {"building": "yes", "source": "way"}, "geometry": {"type": "Point", "coordinates": [-82.90046792515415, 42.42847433424763]}}, {"type": "Feature", "properties": {"building": "yes", "source": "way"}, "geometry": {"type": "Point", "coordinates": [-82.90034140485949, 42.428686289553994]}}, {"type": "Feature", "properties": {"building": "yes", "source": "way"}, "geometry": {"type": "Point", "coordinates": [-82.90053448367841, 42.42878368695003]}}, {"type": "Feature", "properties": {"building": "yes", "source": "way"}, "geometry": {"type": "Point", "coordinates": [-82.90064628935676, 42.428380178036434]}}, {"type": "Feature", "properties": {"building": "yes", "source": "way"}, "geometry": {"type": "Point", "coordinates": [-82.90096659999999, 42.428206349999996]}}, {"type": "Feature", "properties": {"building": "yes", "source": "way"}, "geometry": {"type": "Point", "coordinates": [-82.90104488872574, 42.42814641994738]}}, {"type": "Feature", "properties": {"building": "yes", "source": "way"}, "geometry": {"type": "Point", "coordinates": [-82.90106478086518, 42.42798634516936]}}, {"type": "Feature", "properties": {"building": "yes", "source": "way"}, "geometry": {"type": "Point", "coordinates": [-82.90084312860752, 42.428072284818285]}}, {"type": "Feature", "properties": {"building": "yes", "source": "way"}, "geometry": {"type": "Point", "coordinates": [-82.90086106902599, 42.42791885397807]}}, {"type": "Feature", "properties": {"building": "yes", "source": "way"}, "geometry": {"type": "Point", "coordinates": [-82.90044263322199, 42.42792518336109]}}, {"type": "Feature", "properties": {"building": "yes", "source": "way"}, "geometry": {"type": "Point", "coordinates": [-82.90066930069183, 42.42784588377848]}}, {"type": "Feature", "properties": {"building": "yes", "source": "way"}, "geometry": {"type": "Point", "coordinates": [-82.90087134081521, 42.42836176833417]}}, {"type": "Feature", "properties": {"building": "yes", "source": "way"}, "geometry": {"type": "Point", "coordinates": [-82.90047707031644, 42.42776235329132]}}, {"type": "Feature", "properties": {"building": "yes", "source": "way"}, "geometry": {"type": "Point", "coordinates": [-82.9002777305578, 42.42767979654032]}}, {"type": "Feature", "properties": {"building": "yes", "source": "way"}, "geometry": {"type": "Point", "coordinates": [-82.90025448162297, 42.42785494678547]}}, {"type": "Feature", "properties": {"building": "yes", "source": "way"}, "geometry": {"type": "Point", "coordinates": [-82.9001895, 42.4279313]}}, {"type": "Feature", "properties": {"building": "yes", "source": "way"}, "geometry": {"type": "Point", "coordinates": [-82.90002039999999, 42.427954650000004]}}, {"type": "Feature", "properties": {"building": "yes", "source": "way"}, "geometry": {"type": "Point", "coordinates": [-82.90000933484549, 42.427695598641556]}}, {"type": "Feature", "properties": {"building": "yes", "source": "way"}, "geometry": {"type": "Point", "coordinates": [-82.90033928991014, 42.42722348764157]}}, {"type": "Feature", "properties": {"building": "yes", "source": "way"}, "geometry": {"type": "Point", "coordinates": [-82.90055312254536, 42.427304365896944]}}, {"type": "Feature", "properties": {"building": "yes", "source": "way"}, "geometry": {"type": "Point", "coordinates": [-82.90075999249727, 42.42736955209506]}}, {"type": "Feature", "properties": {"building": "yes", "source": "way"}, "geometry": {"type": "Point", "coordinates": [-82.90090586890145, 42.427280055646094]}}, {"type": "Feature", "properties": {"building": "yes", "source": "way"}, "geometry": {"type": "Point", "coordinates": [-82.90095914226517, 42.42745151849249]}}, {"type": "Feature", "properties": {"building": "yes", "source": "way"}, "geometry": {"type": "Point", "coordinates": [-82.90116674014199, 42.427537769398]}}, {"type": "Feature", "properties": {"building": "yes", "source": "way"}, "geometry": {"type": "Point", "coordinates": [-82.90130295000002, 42.42744165000001]}}, {"type": "Feature", "properties": {"building": "yes", "source": "way"}, "geometry": {"type": "Point", "coordinates": [-82.9013502088683, 42.427595080513306]}}, {"type": "Feature", "properties": {"building": "yes", "source": "way"}, "geometry": {"type": "Point", "coordinates": [-82.9015614, 42.42767154999999]}}, {"type": "Feature", "properties": {"building": "yes", "source": "way"}, "geometry": {"type": "Point", "coordinates": [-82.90192689999999, 42.427616900000004]}}, {"type": "Feature", "properties": {"building": "yes", "source": "way"}, "geometry": {"type": "Point", "coordinates": [-82.9000945346812, 42.42718673088055]}}, {"type": "Feature", "properties": {"building": "yes", "source": "way"}, "geometry": {"type": "Point", "coordinates": [-82.90020605000002, 42.427092650000006]}}, {"type": "Feature", "properties": {"building": "yes", "source": "way"}, "geometry": {"type": "Point", "coordinates": [-82.9000127080182, 42.43008548003033]}}, {"type": "Feature", "properties": {"building": "yes", "source": "way"}, "geometry": {"type": "Point", "coordinates": [-82.90022621432439, 42.43007809362063]}}, {"type": "Feature", "properties": {"building": "yes", "source": "way"}, "geometry": {"type": "Point", "coordinates": [-82.90009039457787, 42.430352325081095]}}, {"type": "Feature", "properties": {"building": "yes", "source": "way"}, "geometry": {"type": "Point", "coordinates": [-82.9000180104818, 42.42995728080225]}}, {"type": "Feature", "properties": {"building": "yes", "source": "way"}, "geometry": {"type": "Point", "coordinates": [-82.90088509468258, 42.43002564368304]}}, {"type": "Feature", "properties": {"building": "yes", "source": "way"}, "geometry": {"type": "Point", "coordinates": [-82.90079201477775, 42.430217755500614]}}, {"type": "Feature", "properties": {"building": "yes", "source": "way"}, "geometry": {"type": "Point", "coordinates": [-82.9007295712361, 42.430370673897364]}}, {"type": "Feature", "properties": {"building": "yes", "source": "way"}, "geometry": {"type": "Point", "coordinates": [-82.90066714999999, 42.430606700000006]}}, {"type": "Feature", "properties": {"building": "yes", "source": "way"}, "geometry": {"type": "Point", "coordinates": [-82.90117896281905, 42.430757719571695]}}, {"type": "Feature", "properties": {"building": "yes", "source": "way"}, "geometry": {"type": "Point", "coordinates": [-82.90082018819207, 42.43049086996688]}}, {"type": "Feature", "properties": {"building": "yes", "source": "way"}, "geometry": {"type": "Point", "coordinates": [-82.90121060761425, 42.430469781857646]}}, {"type": "Feature", "properties": {"building": "yes", "source": "way"}, "geometry": {"type": "Point", "coordinates": [-82.90139733867679, 42.43041005598139]}}, {"type": "Feature", "properties": {"building": "yes", "source": "way"}, "geometry": {"type": "Point", "coordinates": [-82.90150378997012, 42.43021412522551]}}, {"type": "Feature", "properties": {"building": "yes", "source": "way"}, "geometry": {"type": "Point", "coordinates": [-82.901789785897, 42.43017922303488]}}, {"type": "Feature", "properties": {"building": "yes", "source": "way"}, "geometry": {"type": "Point", "coordinates": [-82.9020190574353, 42.43023736663508]}}, {"type": "Feature", "properties": {"building": "yes", "source": "way"}, "geometry": {"type": "Point", "coordinates": [-82.90192565000001, 42.430125700000005]}}, {"type": "Feature", "properties": {"building": "yes", "source": "way"}, "geometry": {"type": "Point", "coordinates": [-82.90132954155689, 42.43058576871746]}}, {"type": "Feature", "properties": {"building": "yes", "source": "way"}, "geometry": {"type": "Point", "coordinates": [-82.90167132110825, 42.43096856748512]}}, {"type": "Feature", "properties": {"building": "yes", "source": "way"}, "geometry": {"type": "Point", "coordinates": [-82.90184353352775, 42.43107176212779]}}, {"type": "Feature", "properties": {"building": "yes", "source": "way"}, "geometry": {"type": "Point", "coordinates": [-82.90288805, 42.431352849999996]}}, {"type": "Feature", "properties": {"building": "yes", "source": "way"}, "geometry": {"type": "Point", "coordinates": [-82.90573984418585, 42.42644719130567]}}, {"type": "Feature", "properties": {"building": "yes", "source": "way"}, "geometry": {"type": "Point", "coordinates": [-82.90585203944185, 42.42630469326111]}}, {"type": "Feature", "properties": {"building": "yes", "source": "way"}, "geometry": {"type": "Point", "coordinates": [-82.90596679668383, 42.42616358408087]}}, {"type": "Feature", "properties": {"building": "yes", "source": "way"}, "geometry": {"type": "Point", "coordinates": [-82.90636951828063, 42.42557795273031]}}, {"type": "Feature", "properties": {"building": "yes", "source": "way"}, "geometry": {"type": "Point", "coordinates": [-82.90628821191713, 42.425727384235785]}}, {"type": "Feature", "properties": {"building": "yes", "source": "way"}, "geometry": {"type": "Point", "coordinates": [-82.90616973578774, 42.42587465252401]}}, {"type": "Feature", "properties": {"building": "yes", "source": "way"}, "geometry": {"type": "Point", "coordinates": [-82.90606910689888, 42.426019781400235]}}, {"type": "Feature", "properties": {"building": "yes", "source": "way"}, "geometry": {"type": "Point", "coordinates": [-82.90633308387982, 42.426698093142406]}}, {"type": "Feature", "properties": {"building": "yes", "source": "way"}, "geometry": {"type": "Point", "coordinates": [-82.90643608026062, 42.426532558377026]}}, {"type": "Feature", "properties": {"building": "yes", "source": "way"}, "geometry": {"type": "Point", "coordinates": [-82.90658787505117, 42.426345023471185]}}, {"type": "Feature", "properties": {"building": "yes", "source": "way"}, "geometry": {"type": "Point", "coordinates": [-82.90681388755624, 42.42599995724258]}}, {"type": "Feature", "properties": {"building": "yes", "source": "way"}, "geometry": {"type": "Point", "coordinates": [-82.90694016608859, 42.425852124096075]}}, {"type": "Feature", "properties": {"building": "yes", "source": "way"}, "geometry": {"type": "Point", "coordinates": [-82.9073316820782, 42.42601264882567]}}, {"type": "Feature", "properties": {"building": "yes", "source": "way"}, "geometry": {"type": "Point", "coordinates": [-82.90720633846219, 42.426192683246995]}}, {"type": "Feature", "properties": {"building": "yes", "source": "way"}, "geometry": {"type": "Point", "coordinates": [-82.90708097539779, 42.42635579703318]}}, {"type": "Feature", "properties": {"building": "yes", "source": "way"}, "geometry": {"type": "Point", "coordinates": [-82.90695911462969, 42.426531704457496]}}, {"type": "Feature", "properties": {"building": "yes", "source": "way"}, "geometry": {"type": "Point", "coordinates": [-82.90683669999999, 42.4266898]}}, {"type": "Feature", "properties": {"building": "yes", "source": "way"}, "geometry": {"type": "Point", "coordinates": [-82.90669167325795, 42.42684798622006]}}, {"type": "Feature", "properties": {"building": "yes", "source": "way"}, "geometry": {"type": "Point", "coordinates": [-82.90731056645788, 42.42709430211571]}}, {"type": "Feature", "properties": {"building": "yes", "source": "way"}, "geometry": {"type": "Point", "coordinates": [-82.90771736676332, 42.42720847861456]}}, {"type": "Feature", "properties": {"building": "yes", "source": "way"}, "geometry": {"type": "Point", "coordinates": [-82.90787679151424, 42.42696903172476]}}, {"type": "Feature", "properties": {"building": "yes", "source": "way"}, "geometry": {"type": "Point", "coordinates": [-82.9080357, 42.4267462]}}, {"type": "Feature", "properties": {"building": "yes", "source": "way"}, "geometry": {"type": "Point", "coordinates": [-82.90741087623549, 42.42691754222982]}}, {"type": "Feature", "properties": {"building": "yes", "source": "way"}, "geometry": {"type": "Point", "coordinates": [-82.90753158709215, 42.42674225637116]}}, {"type": "Feature", "properties": {"building": "yes", "source": "way"}, "geometry": {"type": "Point", "coordinates": [-82.90766603061796, 42.42659001870757]}}, {"type": "Feature", "properties": {"building": "yes", "source": "way"}, "geometry": {"type": "Point", "coordinates": [-82.90778578492021, 42.42641342588257]}}, {"type": "Feature", "properties": {"building": "yes", "source": "way"}, "geometry": {"type": "Point", "coordinates": [-82.90791546274833, 42.426243756113735]}}, {"type": "Feature", "properties": {"building": "yes", "source": "way"}, "geometry": {"type": "Point", "coordinates": [-82.90796164999999, 42.4260211]}}, {"type": "Feature", "properties": {"building": "yes", "source": "way"}, "geometry": {"type": "Point", "coordinates": [-82.90669135418636, 42.42617828139559]}}, {"type": "Feature", "properties": {"building": "yes", "source": "way"}, "geometry": {"type": "Point", "coordinates": [-82.9066061058626, 42.425454734050824]}}, {"type": "Feature", "properties": {"building": "yes", "source": "way"}, "geometry": {"type": "Point", "coordinates": [-82.90684112688639, 42.42541804098593]}}, {"type": "Feature", "properties": {"building": "yes", "source": "way"}, "geometry": {"type": "Point", "coordinates": [-82.90695475, 42.4253066]}}, {"type": "Feature", "properties": {"building": "yes", "source": "way"}, "geometry": {"type": "Point", "coordinates": [-82.9070911378443, 42.4254443749555]}}, {"type": "Feature", "properties": {"building": "yes", "source": "way"}, "geometry": {"type": "Point", "coordinates": [-82.90728944033408, 42.425533507269236]}}, {"type": "Feature", "properties": {"building": "yes", "source": "way"}, "geometry": {"type": "Point", "coordinates": [-82.90749053085105, 42.425606600552335]}}, {"type": "Feature", "properties": {"building": "yes", "source": "way"}, "geometry": {"type": "Point", "coordinates": [-82.9076890774047, 42.425692495834724]}}, {"type": "Feature", "properties": {"building": "yes", "source": "way"}, "geometry": {"type": "Point", "coordinates": [-82.90785215, 42.4258338]}}, {"type": "Feature", "properties": {"building": "yes", "source": "way"}, "geometry": {"type": "Point", "coordinates": [-82.9078562923505, 42.42565416808747]}}, {"type": "Feature", "properties": {"building": "yes", "source": "way"}, "geometry": {"type": "Point", "coordinates": [-82.90345767883062, 42.42409690283173]}}, {"type": "Feature", "properties": {"building": "yes", "source": "way"}, "geometry": {"type": "Point", "coordinates": [-82.90355964829567, 42.424194217353154]}}, {"type": "Feature", "properties": {"building": "yes", "source": "way"}, "geometry": {"type": "Point", "coordinates": [-82.91135071000151, 42.42496104764064]}}, {"type": "Feature", "properties": {"building": "yes", "source": "way"}, "geometry": {"type": "Point", "coordinates": [-82.91205626646102, 42.42525946129333]}}, {"type": "Feature", "properties": {"building": "yes", "source": "way"}, "geometry": {"type": "Point", "coordinates": [-82.91217549137043, 42.42534131705903]}}, {"type": "Feature", "properties": {"building": "yes", "source": "way"}, "geometry": {"type": "Point", "coordinates": [-82.91231045, 42.425153800000004]}}, {"type": "Feature", "properties": {"building": "yes", "source": "way"}, "geometry": {"type": "Point", "coordinates": [-82.91079592216742, 42.424702256329006]}}, {"type": "Feature", "properties": {"building": "yes", "source": "way"}, "geometry": {"type": "Point", "coordinates": [-82.88593013971399, 42.434396155692646]}}, {"type": "Feature", "properties": {"building": "yes", "source": "way"}, "geometry": {"type": "Point", "coordinates": [-82.88565720204436, 42.43432029497054]}}, {"type": "Feature", "properties": {"building": "yes", "source": "way"}, "geometry": {"type": "Point", "coordinates": [-82.88506746233575, 42.434157618897046]}}, {"type": "Feature", "properties": {"building": "yes", "source": "way"}, "geometry": {"type": "Point", "coordinates": [-82.88598632921541, 42.433823662351884]}}, {"type": "Feature", "properties": {"building": "yes", "source": "way"}, "geometry": {"type": "Point", "coordinates": [-82.88546184702922, 42.434782800286435]}}, {"type": "Feature", "properties": {"building": "yes", "source": "way"}, "geometry": {"type": "Point", "coordinates": [-82.88882064553239, 42.4270434485827]}}, {"type": "Feature", "properties": {"building": "yes", "source": "way"}, "geometry": {"type": "Point", "coordinates": [-82.8877072875823, 42.426761191460265]}}, {"type": "Feature", "properties": {"building": "yes", "source": "way"}, "geometry": {"type": "Point", "coordinates": [-82.88742950594106, 42.42668469293796]}}, {"type": "Feature", "properties": {"building": "yes", "source": "way"}, "geometry": {"type": "Point", "coordinates": [-82.89711791096535, 42.42429704557964]}}, {"type": "Feature", "properties": {"building": "roof", "source": "way"}, "geometry": {"type": "Point", "coordinates": [-82.89752451119543, 42.42379956744154]}}, {"type": "Feature", "properties": {"building": "yes", "source": "way"}, "geometry": {"type": "Point", "coordinates": [-82.89677222708083, 42.424786685829716]}}, {"type": "Feature", "properties": {"building": "apartments", "source": "way"}, "geometry": {"type": "Point", "coordinates": [-82.89629512168123, 42.42323000171211]}}, {"type": "Feature", "properties": {"building": "yes", "source": "way"}, "geometry": {"type": "Point", "coordinates": [-82.89604292778851, 42.423549807623914]}}, {"type": "Feature", "properties": {"building": "apartments", "source": "way"}, "geometry": {"type": "Point", "coordinates": [-82.89588678788229, 42.4237614158424]}}, {"type": "Feature", "properties": {"building": "apartments", "source": "way"}, "geometry": {"type": "Point", "coordinates": [-82.89539095169137, 42.4237635662365]}}, {"type": "Feature", "properties": {"building": "yes", "source": "way"}, "geometry": {"type": "Point", "coordinates": [-82.8949914188974, 42.42430315517423]}}, {"type": "Feature", "properties": {"building": "yes", "source": "way"}, "geometry": {"type": "Point", "coordinates": [-82.89524530790509, 42.42462372689415]}}, {"type": "Feature", "properties": {"building": "apartments", "source": "way"}, "geometry": {"type": "Point", "coordinates": [-82.89550106167911, 42.424307895934106]}}, {"type": "Feature", "properties": {"building": "apartments", "source": "way"}, "geometry": {"type": "Point", "coordinates": [-82.89563893421384, 42.424078059301195]}}, {"type": "Feature", "properties": {"building": "apartments", "source": "way"}, "geometry": {"type": "Point", "coordinates": [-82.89578575566762, 42.42323567561734]}}, {"type": "Feature", "properties": {"building": "yes", "source": "way"}, "geometry": {"type": "Point", "coordinates": [-82.89698881152509, 42.42534080083568]}}, {"type": "Feature", "properties": {"building": "yes", "source": "way"}, "geometry": {"type": "Point", "coordinates": [-82.896454923488, 42.42513435371736]}}, {"type": "Feature", "properties": {"building": "yes", "source": "way"}, "geometry": {"type": "Point", "coordinates": [-82.89592028238378, 42.424897799651205]}}, {"type": "Feature", "properties": {"building": "yes", "source": "way"}, "geometry": {"type": "Point", "coordinates": [-82.89617790246979, 42.430212557285294]}}, {"type": "Feature", "properties": {"building": "yes", "source": "way"}, "geometry": {"type": "Point", "coordinates": [-82.88944095915227, 42.42428822042322]}}, {"type": "Feature", "properties": {"building": "school", "source": "way"}, "geometry": {"type": "Point", "coordinates": [-82.88888853144825, 42.42351529927275]}}, {"type": "Feature", "properties": {"building": "yes", "source": "way"}, "geometry": {"type": "Point", "coordinates": [-82.88976629073505, 42.42351611707271]}}, {"type": "Feature", "properties": {"building": "yes", "source": "way"}, "geometry": {"type": "Point", "coordinates": [-82.89376584801757, 42.420347849974135]}}, {"type": "Feature", "properties": {"building": "yes", "source": "way"}, "geometry": {"type": "Point", "coordinates": [-82.89333640858537, 42.420090778514954]}}, {"type": "Feature", "properties": {"building": "yes", "source": "way"}, "geometry": {"type": "Point", "coordinates": [-82.89428633273145, 42.42049841151509]}}, {"type": "Feature", "properties": {"building": "yes", "source": "way"}, "geometry": {"type": "Point", "coordinates": [-82.8948843149035, 42.4204883112957]}}, {"type": "Feature", "properties": {"building": "yes", "source": "way"}, "geometry": {"type": "Point", "coordinates": [-82.89272261073891, 42.42059266942504]}}, {"type": "Feature", "properties": {"building": "house", "source": "way"}, "geometry": {"type": "Point", "coordinates": [-82.89713036969967, 42.43120700272352]}}, {"type": "Feature", "properties": {"building": "house", "source": "way"}, "geometry": {"type": "Point", "coordinates": [-82.89676063030035, 42.43114469727649]}}, {"type": "Feature", "properties": {"building": "house", "source": "way"}, "geometry": {"type": "Point", "coordinates": [-82.89629796516721, 42.43141493030349]}}, {"type": "Feature", "properties": {"building": "house", "source": "way"}, "geometry": {"type": "Point", "coordinates": [-82.89737920000002, 42.43128135]}}, {"type": "Feature", "properties": {"building": "house", "source": "way"}, "geometry": {"type": "Point", "coordinates": [-82.8979165302971, 42.43139484727176]}}, {"type": "Feature", "properties": {"building": "house", "source": "way"}, "geometry": {"type": "Point", "coordinates": [-82.89765376970288, 42.43132625272823]}}, {"type": "Feature", "properties": {"building": "house", "source": "way"}, "geometry": {"type": "Point", "coordinates": [-82.89819701517355, 42.43145533030103]}}, {"type": "Feature", "properties": {"building": "house", "source": "way"}, "geometry": {"type": "Point", "coordinates": [-82.89847326969968, 42.43152330272351]}}, {"type": "Feature", "properties": {"building": "house", "source": "way"}, "geometry": {"type": "Point", "coordinates": [-82.89898447028476, 42.43165966582965]}}, {"type": "Feature", "properties": {"building": "house", "source": "way"}, "geometry": {"type": "Point", "coordinates": [-82.89872931994759, 42.43157360332013]}}, {"type": "Feature", "properties": {"building": "house", "source": "way"}, "geometry": {"type": "Point", "coordinates": [-82.8986948800524, 42.43112449667986]}}, {"type": "Feature", "properties": {"building": "house", "source": "way"}, "geometry": {"type": "Point", "coordinates": [-82.89902439327456, 42.43118932673364]}}, {"type": "Feature", "properties": {"building": "house", "source": "way"}, "geometry": {"type": "Point", "coordinates": [-82.89924911994761, 42.43125420332013]}}, {"type": "Feature", "properties": {"building": "house", "source": "way"}, "geometry": {"type": "Point", "coordinates": [-82.89953216321919, 42.43132403005308]}}, {"type": "Feature", "properties": {"building": "house", "source": "way"}, "geometry": {"type": "Point", "coordinates": [-82.8998007668339, 42.43138576662519]}}, {"type": "Feature", "properties": {"building": "house", "source": "way"}, "geometry": {"type": "Point", "coordinates": [-82.89973538678713, 42.43223996994393]}}, {"type": "Feature", "properties": {"building": "house", "source": "way"}, "geometry": {"type": "Point", "coordinates": [-82.8995106367808, 42.43218106994692]}}, {"type": "Feature", "properties": {"building": "house", "source": "way"}, "geometry": {"type": "Point", "coordinates": [-82.89896305, 42.432051900000005]}}, {"type": "Feature", "properties": {"building": "house", "source": "way"}, "geometry": {"type": "Point", "coordinates": [-82.89889167412437, 42.43249101117899]}}, {"type": "Feature", "properties": {"building": "house", "source": "way"}, "geometry": {"type": "Point", "coordinates": [-82.89912503678082, 42.43254426994693]}}, {"type": "Feature", "properties": {"building": "house", "source": "way"}, "geometry": {"type": "Point", "coordinates": [-82.89976489327456, 42.43272202673365]}}, {"type": "Feature", "properties": {"building": "house", "source": "way"}, "geometry": {"type": "Point", "coordinates": [-82.8959471, 42.432262699999995]}}, {"type": "Feature", "properties": {"building": "house", "source": "way"}, "geometry": {"type": "Point", "coordinates": [-82.89534775000001, 42.43211295]}}, {"type": "Feature", "properties": {"building": "house", "source": "way"}, "geometry": {"type": "Point", "coordinates": [-82.89495385423656, 42.43202164667959]}}, {"type": "Feature", "properties": {"building": "house", "source": "way"}, "geometry": {"type": "Point", "coordinates": [-82.89735886578775, 42.43165873101807]}}, {"type": "Feature", "properties": {"building": "house", "source": "way"}, "geometry": {"type": "Point", "coordinates": [-82.89765304285079, 42.43172983600739]}}, {"type": "Feature", "properties": {"building": "house", "source": "way"}, "geometry": {"type": "Point", "coordinates": [-82.89986339167324, 42.430772980587584]}}, {"type": "Feature", "properties": {"building": "house", "source": "way"}, "geometry": {"type": "Point", "coordinates": [-82.89965479167321, 42.43068738058757]}}, {"type": "Feature", "properties": {"building": "house", "source": "way"}, "geometry": {"type": "Point", "coordinates": [-82.89947809167322, 42.43060488058758]}}, {"type": "Feature", "properties": {"building": "house", "source": "way"}, "geometry": {"type": "Point", "coordinates": [-82.89927509167323, 42.43051968058758]}}, {"type": "Feature", "properties": {"building": "house", "source": "way"}, "geometry": {"type": "Point", "coordinates": [-82.89907609167324, 42.43044768058757]}}, {"type": "Feature", "properties": {"building": "house", "source": "way"}, "geometry": {"type": "Point", "coordinates": [-82.89888072782799, 42.43036908387012]}}, {"type": "Feature", "properties": {"building": "house", "source": "way"}, "geometry": {"type": "Point", "coordinates": [-82.89867330898552, 42.43028993210243]}}, {"type": "Feature", "properties": {"building": "house", "source": "way"}, "geometry": {"type": "Point", "coordinates": [-82.89848688216334, 42.430203798088584]}}, {"type": "Feature", "properties": {"building": "house", "source": "way"}, "geometry": {"type": "Point", "coordinates": [-82.89621368525899, 42.42730837255125]}}, {"type": "Feature", "properties": {"building": "house", "source": "way"}, "geometry": {"type": "Point", "coordinates": [-82.89639205481656, 42.42692928192887]}}, {"type": "Feature", "properties": {"building": "house", "source": "way"}, "geometry": {"type": "Point", "coordinates": [-82.89653867830629, 42.42674758387508]}}, {"type": "Feature", "properties": {"building": "house", "source": "way"}, "geometry": {"type": "Point", "coordinates": [-82.89671200161538, 42.426547977285146]}}, {"type": "Feature", "properties": {"building": "house", "source": "way"}, "geometry": {"type": "Point", "coordinates": [-82.89682813447966, 42.426347707290745]}}, {"type": "Feature", "properties": {"building": "house", "source": "way"}, "geometry": {"type": "Point", "coordinates": [-82.89708228868362, 42.42619815745065]}}, {"type": "Feature", "properties": {"building": "house", "source": "way"}, "geometry": {"type": "Point", "coordinates": [-82.89589263823275, 42.42675285086961]}}, {"type": "Feature", "properties": {"building": "house", "source": "way"}, "geometry": {"type": "Point", "coordinates": [-82.89596010869222, 42.426591787152994]}}, {"type": "Feature", "properties": {"building": "house", "source": "way"}, "geometry": {"type": "Point", "coordinates": [-82.89613958243562, 42.42644936874262]}}, {"type": "Feature", "properties": {"building": "yes", "source": "way"}, "geometry": {"type": "Point", "coordinates": [-82.89585145000001, 42.426388200000005]}}, {"type": "Feature", "properties": {"building": "house", "source": "way"}, "geometry": {"type": "Point", "coordinates": [-82.89623938741366, 42.42628282928116]}}, {"type": "Feature", "properties": {"building": "yes", "source": "way"}, "geometry": {"type": "Point", "coordinates": [-82.89608080000001, 42.4261483]}}, {"type": "Feature", "properties": {"building": "house", "source": "way"}, "geometry": {"type": "Point", "coordinates": [-82.8963565260165, 42.42613295467746]}}, {"type": "Feature", "properties": {"building": "house", "source": "way"}, "geometry": {"type": "Point", "coordinates": [-82.89647097625537, 42.42596663462967]}}, {"type": "Feature", "properties": {"building": "house", "source": "way"}, "geometry": {"type": "Point", "coordinates": [-82.89661460063171, 42.42578513408233]}}, {"type": "Feature", "properties": {"building": "house", "source": "way"}, "geometry": {"type": "Point", "coordinates": [-82.89691445943062, 42.425697696845205]}}, {"type": "Feature", "properties": {"building": "yes", "source": "way"}, "geometry": {"type": "Point", "coordinates": [-82.89918053741523, 42.433065667928275]}}, {"type": "Feature", "properties": {"building": "yes", "source": "way"}, "geometry": {"type": "Point", "coordinates": [-82.89950278809262, 42.4331789697713]}}, {"type": "Feature", "properties": {"building": "yes", "source": "way"}, "geometry": {"type": "Point", "coordinates": [-82.89980586886452, 42.43393729291776]}}, {"type": "Feature", "properties": {"building": "yes", "source": "way"}, "geometry": {"type": "Point", "coordinates": [-82.89904696896848, 42.4339005811233]}}, {"type": "Feature", "properties": {"building": "yes", "source": "way"}, "geometry": {"type": "Point", "coordinates": [-82.89881126720283, 42.43412021498864]}}, {"type": "Feature", "properties": {"building": "yes", "source": "way"}, "geometry": {"type": "Point", "coordinates": [-82.89841897108958, 42.434284858614596]}}, {"type": "Feature", "properties": {"building": "yes", "source": "way"}, "geometry": {"type": "Point", "coordinates": [-82.89926039404315, 42.43370398472992]}}, {"type": "Feature", "properties": {"building": "yes", "source": "way"}, "geometry": {"type": "Point", "coordinates": [-82.89591729478968, 42.43324082468684]}}, {"type": "Feature", "properties": {"building": "yes", "source": "way"}, "geometry": {"type": "Point", "coordinates": [-82.89528694009465, 42.433620439982406]}}, {"type": "Feature", "properties": {"building": "yes", "source": "way"}, "geometry": {"type": "Point", "coordinates": [-82.89557987377566, 42.4336642211989]}}, {"type": "Feature", "properties": {"building": "yes", "source": "way"}, "geometry": {"type": "Point", "coordinates": [-82.89589992271955, 42.433783927723624]}}, {"type": "Feature", "properties": {"building": "yes", "source": "way"}, "geometry": {"type": "Point", "coordinates": [-82.89627460000042, 42.43384915156005]}}, {"type": "Feature", "properties": {"building": "yes", "source": "way"}, "geometry": {"type": "Point", "coordinates": [-82.89662339717891, 42.43392262047891]}}, {"type": "Feature", "properties": {"building": "yes", "source": "way"}, "geometry": {"type": "Point", "coordinates": [-82.89692588055223, 42.4339842966587]}}, {"type": "Feature", "properties": {"building": "yes", "source": "way"}, "geometry": {"type": "Point", "coordinates": [-82.89722205955836, 42.43407610574014]}}, {"type": "Feature", "properties": {"building": "yes", "source": "way"}, "geometry": {"type": "Point", "coordinates": [-82.89738127974215, 42.43422623519707]}}, {"type": "Feature", "properties": {"building": "yes", "source": "way"}, "geometry": {"type": "Point", "coordinates": [-82.89750875, 42.4341175]}}, {"type": "Feature", "properties": {"building": "yes", "source": "way"}, "geometry": {"type": "Point", "coordinates": [-82.8977362317613, 42.434210301242516]}}, {"type": "Feature", "properties": {"building": "yes", "source": "way"}, "geometry": {"type": "Point", "coordinates": [-82.89800539152188, 42.434273045080616]}}, {"type": "Feature", "properties": {"building": "yes", "source": "way"}, "geometry": {"type": "Point", "coordinates": [-82.89821313589164, 42.43378853907011]}}, {"type": "Feature", "properties": {"building": "yes", "source": "way"}, "geometry": {"type": "Point", "coordinates": [-82.89787741823075, 42.43373222962847]}}, {"type": "Feature", "properties": {"building": "yes", "source": "way"}, "geometry": {"type": "Point", "coordinates": [-82.89760469732082, 42.433689078172335]}}, {"type": "Feature", "properties": {"building": "yes", "source": "way"}, "geometry": {"type": "Point", "coordinates": [-82.89730857626506, 42.43359737711006]}}, {"type": "Feature", "properties": {"building": "yes", "source": "way"}, "geometry": {"type": "Point", "coordinates": [-82.89696104405826, 42.433476628223545]}}, {"type": "Feature", "properties": {"building": "yes", "source": "way"}, "geometry": {"type": "Point", "coordinates": [-82.89662616474621, 42.433400520730686]}}, {"type": "Feature", "properties": {"building": "yes", "source": "way"}, "geometry": {"type": "Point", "coordinates": [-82.89628071050083, 42.43332679690033]}}, {"type": "Feature", "properties": {"building": "yes", "source": "way"}, "geometry": {"type": "Point", "coordinates": [-82.89556699941363, 42.433157947668626]}}, {"type": "Feature", "properties": {"building": "yes", "source": "way"}, "geometry": {"type": "Point", "coordinates": [-82.89481164178176, 42.43351879650121]}}, {"type": "Feature", "properties": {"building": "yes", "source": "way"}, "geometry": {"type": "Point", "coordinates": [-82.89577859161058, 42.43272451427282]}}, {"type": "Feature", "properties": {"building": "yes", "source": "way"}, "geometry": {"type": "Point", "coordinates": [-82.89615817093657, 42.4327927891569]}}, {"type": "Feature", "properties": {"building": "yes", "source": "way"}, "geometry": {"type": "Point", "coordinates": [-82.89645769965632, 42.43288511869645]}}, {"type": "Feature", "properties": {"building": "yes", "source": "way"}, "geometry": {"type": "Point", "coordinates": [-82.89680351717845, 42.43296738336861]}}, {"type": "Feature", "properties": {"building": "yes", "source": "way"}, "geometry": {"type": "Point", "coordinates": [-82.89698782660363, 42.432514322715065]}}, {"type": "Feature", "properties": {"building": "yes", "source": "way"}, "geometry": {"type": "Point", "coordinates": [-82.89726035000001, 42.4325939]}}, {"type": "Feature", "properties": {"building": "yes", "source": "way"}, "geometry": {"type": "Point", "coordinates": [-82.89755632118954, 42.432658535461265]}}, {"type": "Feature", "properties": {"building": "yes", "source": "way"}, "geometry": {"type": "Point", "coordinates": [-82.89784848701841, 42.43272313852858]}}, {"type": "Feature", "properties": {"building": "yes", "source": "way"}, "geometry": {"type": "Point", "coordinates": [-82.89816855287678, 42.43278276983643]}}, {"type": "Feature", "properties": {"building": "yes", "source": "way"}, "geometry": {"type": "Point", "coordinates": [-82.89850985137932, 42.43283522342124]}}, {"type": "Feature", "properties": {"building": "yes", "source": "way"}, "geometry": {"type": "Point", "coordinates": [-82.89885081699765, 42.43295465239736]}}, {"type": "Feature", "properties": {"building": "yes", "source": "way"}, "geometry": {"type": "Point", "coordinates": [-82.89871449151322, 42.43343738763772]}}, {"type": "Feature", "properties": {"building": "yes", "source": "way"}, "geometry": {"type": "Point", "coordinates": [-82.89852056987147, 42.43364270303726]}}, {"type": "Feature", "properties": {"building": "yes", "source": "way"}, "geometry": {"type": "Point", "coordinates": [-82.8983864887947, 42.43332998109794]}}, {"type": "Feature", "properties": {"building": "yes", "source": "way"}, "geometry": {"type": "Point", "coordinates": [-82.89807255168414, 42.43326824864323]}}, {"type": "Feature", "properties": {"building": "yes", "source": "way"}, "geometry": {"type": "Point", "coordinates": [-82.89774348741487, 42.433179176913384]}}, {"type": "Feature", "properties": {"building": "yes", "source": "way"}, "geometry": {"type": "Point", "coordinates": [-82.89743904752918, 42.43309977840051]}}, {"type": "Feature", "properties": {"building": "yes", "source": "way"}, "geometry": {"type": "Point", "coordinates": [-82.8971355763955, 42.433007221796444]}}, {"type": "Feature", "properties": {"building": "yes", "source": "way"}, "geometry": {"type": "Point", "coordinates": [-82.89607895611285, 42.43182078786719]}}, {"type": "Feature", "properties": {"building": "yes", "source": "way"}, "geometry": {"type": "Point", "coordinates": [-82.89628357680222, 42.43189404128392]}}, {"type": "Feature", "properties": {"building": "yes", "source": "way"}, "geometry": {"type": "Point", "coordinates": [-82.89653405805724, 42.43193426862997]}}, {"type": "Feature", "properties": {"building": "yes", "source": "way"}, "geometry": {"type": "Point", "coordinates": [-82.8967626011301, 42.43199937071753]}}, {"type": "Feature", "properties": {"building": "yes", "source": "way"}, "geometry": {"type": "Point", "coordinates": [-82.89703028361892, 42.43205460235801]}}, {"type": "Feature", "properties": {"building": "yes", "source": "way"}, "geometry": {"type": "Point", "coordinates": [-82.89731644041449, 42.4321371279639]}}, {"type": "Feature", "properties": {"building": "yes", "source": "way"}, "geometry": {"type": "Point", "coordinates": [-82.89763169524231, 42.432218322158256]}}, {"type": "Feature", "properties": {"building": "yes", "source": "way"}, "geometry": {"type": "Point", "coordinates": [-82.89795050976926, 42.43226572804573]}}, {"type": "Feature", "properties": {"building": "yes", "source": "way"}, "geometry": {"type": "Point", "coordinates": [-82.89820630965181, 42.432334754826904]}}, {"type": "Feature", "properties": {"building": "yes", "source": "way"}, "geometry": {"type": "Point", "coordinates": [-82.89843064996701, 42.43239180587895]}}, {"type": "Feature", "properties": {"building": "yes", "source": "way"}, "geometry": {"type": "Point", "coordinates": [-82.89866223741276, 42.432444443943176]}}, {"type": "Feature", "properties": {"building": "yes", "source": "way"}, "geometry": {"type": "Point", "coordinates": [-82.89934587734281, 42.43258265280832]}}, {"type": "Feature", "properties": {"building": "yes", "source": "way"}, "geometry": {"type": "Point", "coordinates": [-82.89954361059249, 42.43266780980258]}}, {"type": "Feature", "properties": {"building": "yes", "source": "way"}, "geometry": {"type": "Point", "coordinates": [-82.89519541849477, 42.434139550994104]}}, {"type": "Feature", "properties": {"building": "yes", "source": "way"}, "geometry": {"type": "Point", "coordinates": [-82.89558626683149, 42.434224817185665]}}, {"type": "Feature", "properties": {"building": "yes", "source": "way"}, "geometry": {"type": "Point", "coordinates": [-82.8959685822554, 42.4342883956335]}}, {"type": "Feature", "properties": {"building": "yes", "source": "way"}, "geometry": {"type": "Point", "coordinates": [-82.89628467775734, 42.434395808070704]}}, {"type": "Feature", "properties": {"building": "yes", "source": "way"}, "geometry": {"type": "Point", "coordinates": [-82.89670849999999, 42.434481250000005]}}, {"type": "Feature", "properties": {"building": "yes", "source": "way"}, "geometry": {"type": "Point", "coordinates": [-82.8970819255498, 42.43455247649225]}}, {"type": "Feature", "properties": {"building": "yes", "source": "way"}, "geometry": {"type": "Point", "coordinates": [-82.89746166958956, 42.43462784990815]}}, {"type": "Feature", "properties": {"building": "yes", "source": "way"}, "geometry": {"type": "Point", "coordinates": [-82.89783637473666, 42.43470581156968]}}, {"type": "Feature", "properties": {"building": "yes", "source": "way"}, "geometry": {"type": "Point", "coordinates": [-82.89490209517061, 42.43471758500403]}}, {"type": "Feature", "properties": {"building": "yes", "source": "way"}, "geometry": {"type": "Point", "coordinates": [-82.89328152863291, 42.434839261079226]}}, {"type": "Feature", "properties": {"building": "yes", "source": "way"}, "geometry": {"type": "Point", "coordinates": [-82.89212809972665, 42.43460005974107]}}, {"type": "Feature", "properties": {"building": "yes", "source": "way"}, "geometry": {"type": "Point", "coordinates": [-82.89246194182184, 42.43466299649944]}}, {"type": "Feature", "properties": {"building": "yes", "source": "way"}, "geometry": {"type": "Point", "coordinates": [-82.89272601964251, 42.434182805425046]}}, {"type": "Feature", "properties": {"building": "yes", "source": "way"}, "geometry": {"type": "Point", "coordinates": [-82.89308198293313, 42.434292803588825]}}, {"type": "Feature", "properties": {"building": "yes", "source": "way"}, "geometry": {"type": "Point", "coordinates": [-82.8934993984381, 42.43439637378985]}}, {"type": "Feature", "properties": {"building": "yes", "source": "way"}, "geometry": {"type": "Point", "coordinates": [-82.89400189732409, 42.4345219096803]}}, {"type": "Feature", "properties": {"building": "yes", "source": "way"}, "geometry": {"type": "Point", "coordinates": [-82.8939873, 42.434719750000006]}}, {"type": "Feature", "properties": {"building": "yes", "source": "way"}, "geometry": {"type": "Point", "coordinates": [-82.89431046949923, 42.434552436253256]}}, {"type": "Feature", "properties": {"building": "yes", "source": "way"}, "geometry": {"type": "Point", "coordinates": [-82.89054368440003, 42.433665199973504]}}, {"type": "Feature", "properties": {"building": "yes", "source": "way"}, "geometry": {"type": "Point", "coordinates": [-82.89092805265942, 42.43375608076636]}}, {"type": "Feature", "properties": {"building": "yes", "source": "way"}, "geometry": {"type": "Point", "coordinates": [-82.89130386495827, 42.43383554792258]}}, {"type": "Feature", "properties": {"building": "yes", "source": "way"}, "geometry": {"type": "Point", "coordinates": [-82.89165166405343, 42.43392477364161]}}, {"type": "Feature", "properties": {"building": "yes", "source": "way"}, "geometry": {"type": "Point", "coordinates": [-82.8920051753786, 42.433995315102216]}}, {"type": "Feature", "properties": {"building": "yes", "source": "way"}, "geometry": {"type": "Point", "coordinates": [-82.89235429112756, 42.434109836815864]}}, {"type": "Feature", "properties": {"building": "yes", "source": "way"}, "geometry": {"type": "Point", "coordinates": [-82.89238095, 42.4343246]}}, {"type": "Feature", "properties": {"building": "yes", "source": "way"}, "geometry": {"type": "Point", "coordinates": [-82.89185112469356, 42.43451953887518]}}, {"type": "Feature", "properties": {"building": "yes", "source": "way"}, "geometry": {"type": "Point", "coordinates": [-82.89140378537697, 42.43444266373753]}}, {"type": "Feature", "properties": {"building": "yes", "source": "way"}, "geometry": {"type": "Point", "coordinates": [-82.89104620632298, 42.43432847095167]}}, {"type": "Feature", "properties": {"building": "yes", "source": "way"}, "geometry": {"type": "Point", "coordinates": [-82.89071148750887, 42.43426255888226]}}, {"type": "Feature", "properties": {"building": "yes", "source": "way"}, "geometry": {"type": "Point", "coordinates": [-82.89036680383867, 42.43416071165983]}}, {"type": "Feature", "properties": {"building": "yes", "source": "way"}, "geometry": {"type": "Point", "coordinates": [-82.89173669563664, 42.43450252819724]}}, {"type": "Feature", "properties": {"building": "yes", "source": "way"}, "geometry": {"type": "Point", "coordinates": [-82.8910085385135, 42.43258935954958]}}, {"type": "Feature", "properties": {"building": "yes", "source": "way"}, "geometry": {"type": "Point", "coordinates": [-82.89133784506946, 42.4326736457672]}}, {"type": "Feature", "properties": {"building": "yes", "source": "way"}, "geometry": {"type": "Point", "coordinates": [-82.89168200698133, 42.43274238040661]}}, {"type": "Feature", "properties": {"building": "yes", "source": "way"}, "geometry": {"type": "Point", "coordinates": [-82.89203844999999, 42.432823049999996]}}, {"type": "Feature", "properties": {"building": "yes", "source": "way"}, "geometry": {"type": "Point", "coordinates": [-82.89229617115467, 42.432916442761375]}}, {"type": "Feature", "properties": {"building": "yes", "source": "way"}, "geometry": {"type": "Point", "coordinates": [-82.89256798760199, 42.432956854214275]}}, {"type": "Feature", "properties": {"building": "yes", "source": "way"}, "geometry": {"type": "Point", "coordinates": [-82.89287421343822, 42.43302405363317]}}, {"type": "Feature", "properties": {"building": "yes", "source": "way"}, "geometry": {"type": "Point", "coordinates": [-82.8931686049354, 42.433104223776006]}}, {"type": "Feature", "properties": {"building": "yes", "source": "way"}, "geometry": {"type": "Point", "coordinates": [-82.89343669241727, 42.433156521870764]}}, {"type": "Feature", "properties": {"building": "yes", "source": "way"}, "geometry": {"type": "Point", "coordinates": [-82.89372895478058, 42.43323380687971]}}, {"type": "Feature", "properties": {"building": "yes", "source": "way"}, "geometry": {"type": "Point", "coordinates": [-82.89401230647161, 42.43329781431402]}}, {"type": "Feature", "properties": {"building": "yes", "source": "way"}, "geometry": {"type": "Point", "coordinates": [-82.89425644706574, 42.433374211467246]}}, {"type": "Feature", "properties": {"building": "yes", "source": "way"}, "geometry": {"type": "Point", "coordinates": [-82.89453007910215, 42.43341762999237]}}, {"type": "Feature", "properties": {"building": "yes", "source": "way"}, "geometry": {"type": "Point", "coordinates": [-82.8945417858294, 42.43395627123762]}}, {"type": "Feature", "properties": {"building": "yes", "source": "way"}, "geometry": {"type": "Point", "coordinates": [-82.894352829873, 42.43372979306384]}}, {"type": "Feature", "properties": {"building": "yes", "source": "way"}, "geometry": {"type": "Point", "coordinates": [-82.89411435463667, 42.433824534173176]}}, {"type": "Feature", "properties": {"building": "yes", "source": "way"}, "geometry": {"type": "Point", "coordinates": [-82.89376709413962, 42.43376483139194]}}, {"type": "Feature", "properties": {"building": "yes", "source": "way"}, "geometry": {"type": "Point", "coordinates": [-82.89334967728831, 42.433664683713694]}}, {"type": "Feature", "properties": {"building": "yes", "source": "way"}, "geometry": {"type": "Point", "coordinates": [-82.89299813889122, 42.433547790705525]}}, {"type": "Feature", "properties": {"building": "yes", "source": "way"}, "geometry": {"type": "Point", "coordinates": [-82.892582096239, 42.433503673005056]}}, {"type": "Feature", "properties": {"building": "yes", "source": "way"}, "geometry": {"type": "Point", "coordinates": [-82.8921784113868, 42.433378060121676]}}, {"type": "Feature", "properties": {"building": "yes", "source": "way"}, "geometry": {"type": "Point", "coordinates": [-82.8924473, 42.43321475]}}, {"type": "Feature", "properties": {"building": "yes", "source": "way"}, "geometry": {"type": "Point", "coordinates": [-82.89154300183809, 42.43322767992316]}}, {"type": "Feature", "properties": {"building": "yes", "source": "way"}, "geometry": {"type": "Point", "coordinates": [-82.89118689600122, 42.433145660587364]}}, {"type": "Feature", "properties": {"building": "yes", "source": "way"}, "geometry": {"type": "Point", "coordinates": [-82.8908393526057, 42.433053067639044]}}, {"type": "Feature", "properties": {"building": "yes", "source": "way"}, "geometry": {"type": "Point", "coordinates": [-82.89114767827333, 42.43291969364049]}}, {"type": "Feature", "properties": {"building": "yes", "source": "way"}, "geometry": {"type": "Point", "coordinates": [-82.89001089248235, 42.433540517312515]}}, {"type": "Feature", "properties": {"building": "yes", "source": "way"}, "geometry": {"type": "Point", "coordinates": [-82.88977241882979, 42.43402132165185]}}, {"type": "Feature", "properties": {"building": "yes", "source": "way"}, "geometry": {"type": "Point", "coordinates": [-82.89407012798092, 42.43231933481835]}}, {"type": "Feature", "properties": {"building": "yes", "source": "way"}, "geometry": {"type": "Point", "coordinates": [-82.89381232880112, 42.4324864771858]}}, {"type": "Feature", "properties": {"building": "yes", "source": "way"}, "geometry": {"type": "Point", "coordinates": [-82.8935906957293, 42.43270686257394]}}, {"type": "Feature", "properties": {"building": "yes", "source": "way"}, "geometry": {"type": "Point", "coordinates": [-82.89420001172762, 42.432838797748985]}}, {"type": "Feature", "properties": {"building": "yes", "source": "way"}, "geometry": {"type": "Point", "coordinates": [-82.89449785343989, 42.43291333991353]}}, {"type": "Feature", "properties": {"building": "yes", "source": "way"}, "geometry": {"type": "Point", "coordinates": [-82.89477546342708, 42.432984229180214]}}, {"type": "Feature", "properties": {"building": "yes", "source": "way"}, "geometry": {"type": "Point", "coordinates": [-82.8951637659003, 42.432615156978514]}}, {"type": "Feature", "properties": {"building": "yes", "source": "way"}, "geometry": {"type": "Point", "coordinates": [-82.89446585413027, 42.43240378788809]}}, {"type": "Feature", "properties": {"building": "yes", "source": "way"}, "geometry": {"type": "Point", "coordinates": [-82.89390501715226, 42.432773965274585]}}, {"type": "Feature", "properties": {"building": "yes", "source": "way"}, "geometry": {"type": "Point", "coordinates": [-82.89505951877358, 42.433037724485494]}}, {"type": "Feature", "properties": {"building": "yes", "source": "way"}, "geometry": {"type": "Point", "coordinates": [-82.89478765716748, 42.432493880706154]}}, {"type": "Feature", "properties": {"building": "yes", "source": "way"}, "geometry": {"type": "Point", "coordinates": [-82.89632802610448, 42.432331855772254]}}, {"type": "Feature", "properties": {"building": "yes", "source": "way"}, "geometry": {"type": "Point", "coordinates": [-82.89665648906103, 42.43242014394515]}}, {"type": "Feature", "properties": {"building": "yes", "source": "way"}, "geometry": {"type": "Point", "coordinates": [-82.89412361443271, 42.43180811492173]}}, {"type": "Feature", "properties": {"building": "yes", "source": "way"}, "geometry": {"type": "Point", "coordinates": [-82.89457659506726, 42.431906839700034]}}, {"type": "Feature", "properties": {"building": "yes", "source": "way"}, "geometry": {"type": "Point", "coordinates": [-82.89370078238458, 42.431744847438644]}}, {"type": "Feature", "properties": {"building": "yes", "source": "way"}, "geometry": {"type": "Point", "coordinates": [-82.89341384738083, 42.43210855857342]}}, {"type": "Feature", "properties": {"building": "yes", "source": "way"}, "geometry": {"type": "Point", "coordinates": [-82.89315241137707, 42.432317101714176]}}, {"type": "Feature", "properties": {"building": "yes", "source": "way"}, "geometry": {"type": "Point", "coordinates": [-82.89287342034876, 42.432493814962264]}}, {"type": "Feature", "properties": {"building": "yes", "source": "way"}, "geometry": {"type": "Point", "coordinates": [-82.8920980296729, 42.43003029024314]}}, {"type": "Feature", "properties": {"building": "yes", "source": "way"}, "geometry": {"type": "Point", "coordinates": [-82.89236566860028, 42.43012261031632]}}, {"type": "Feature", "properties": {"building": "yes", "source": "way"}, "geometry": {"type": "Point", "coordinates": [-82.89264106312076, 42.43014969585106]}}, {"type": "Feature", "properties": {"building": "yes", "source": "way"}, "geometry": {"type": "Point", "coordinates": [-82.89314066753647, 42.43026686168009]}}, {"type": "Feature", "properties": {"building": "yes", "source": "way"}, "geometry": {"type": "Point", "coordinates": [-82.89372306143433, 42.43040663854625]}}, {"type": "Feature", "properties": {"building": "yes", "source": "way"}, "geometry": {"type": "Point", "coordinates": [-82.89433168078757, 42.430551117715105]}}, {"type": "Feature", "properties": {"building": "yes", "source": "way"}, "geometry": {"type": "Point", "coordinates": [-82.89342321680236, 42.430324323482004]}}, {"type": "Feature", "properties": {"building": "yes", "source": "way"}, "geometry": {"type": "Point", "coordinates": [-82.89289498887585, 42.43021005048497]}}, {"type": "Feature", "properties": {"building": "yes", "source": "way"}, "geometry": {"type": "Point", "coordinates": [-82.89406394591953, 42.43047191641458]}}, {"type": "Feature", "properties": {"building": "yes", "source": "way"}, "geometry": {"type": "Point", "coordinates": [-82.8945927979098, 42.43061075035137]}}, {"type": "Feature", "properties": {"building": "yes", "source": "way"}, "geometry": {"type": "Point", "coordinates": [-82.89482770424121, 42.4306850373684]}}, {"type": "Feature", "properties": {"building": "yes", "source": "way"}, "geometry": {"type": "Point", "coordinates": [-82.89507287848691, 42.43069804550382]}}, {"type": "Feature", "properties": {"building": "yes", "source": "way"}, "geometry": {"type": "Point", "coordinates": [-82.89526845732271, 42.43078664346824]}}, {"type": "Feature", "properties": {"building": "yes", "source": "way"}, "geometry": {"type": "Point", "coordinates": [-82.89552321564332, 42.430847839495414]}}, {"type": "Feature", "properties": {"building": "yes", "source": "way"}, "geometry": {"type": "Point", "coordinates": [-82.8957515666388, 42.430886150026225]}}, {"type": "Feature", "properties": {"building": "yes", "source": "way"}, "geometry": {"type": "Point", "coordinates": [-82.89596739051272, 42.43095086411467]}}, {"type": "Feature", "properties": {"building": "yes", "source": "way"}, "geometry": {"type": "Point", "coordinates": [-82.89580859387198, 42.431257122716694]}}, {"type": "Feature", "properties": {"building": "yes", "source": "way"}, "geometry": {"type": "Point", "coordinates": [-82.8955332140716, 42.4312226515237]}}, {"type": "Feature", "properties": {"building": "yes", "source": "way"}, "geometry": {"type": "Point", "coordinates": [-82.89525947113812, 42.43115747896264]}}, {"type": "Feature", "properties": {"building": "yes", "source": "way"}, "geometry": {"type": "Point", "coordinates": [-82.89497286540096, 42.43108647444313]}}, {"type": "Feature", "properties": {"building": "yes", "source": "way"}, "geometry": {"type": "Point", "coordinates": [-82.89472238840209, 42.43103258850235]}}, {"type": "Feature", "properties": {"building": "yes", "source": "way"}, "geometry": {"type": "Point", "coordinates": [-82.8944420241608, 42.43097032041056]}}, {"type": "Feature", "properties": {"building": "yes", "source": "way"}, "geometry": {"type": "Point", "coordinates": [-82.8941773696239, 42.430906181436015]}}, {"type": "Feature", "properties": {"building": "yes", "source": "way"}, "geometry": {"type": "Point", "coordinates": [-82.89394375813015, 42.43085585187661]}}, {"type": "Feature", "properties": {"building": "yes", "source": "way"}, "geometry": {"type": "Point", "coordinates": [-82.89370219803034, 42.43077853075008]}}, {"type": "Feature", "properties": {"building": "yes", "source": "way"}, "geometry": {"type": "Point", "coordinates": [-82.89339574999998, 42.43074545]}}, {"type": "Feature", "properties": {"building": "yes", "source": "way"}, "geometry": {"type": "Point", "coordinates": [-82.89317714412412, 42.430674255065696]}}, {"type": "Feature", "properties": {"building": "yes", "source": "way"}, "geometry": {"type": "Point", "coordinates": [-82.89287359112724, 42.43059715513232]}}, {"type": "Feature", "properties": {"building": "yes", "source": "way"}, "geometry": {"type": "Point", "coordinates": [-82.89221862158804, 42.43045000829384]}}, {"type": "Feature", "properties": {"building": "yes", "source": "way"}, "geometry": {"type": "Point", "coordinates": [-82.89189822817185, 42.430353769303416]}}, {"type": "Feature", "properties": {"building": "yes", "source": "way"}, "geometry": {"type": "Point", "coordinates": [-82.89174166273192, 42.430803959266946]}}, {"type": "Feature", "properties": {"building": "yes", "source": "way"}, "geometry": {"type": "Point", "coordinates": [-82.89224506818081, 42.43091765144676]}}, {"type": "Feature", "properties": {"building": "yes", "source": "way"}, "geometry": {"type": "Point", "coordinates": [-82.89274015045595, 42.43103552571842]}}, {"type": "Feature", "properties": {"building": "yes", "source": "way"}, "geometry": {"type": "Point", "coordinates": [-82.89295222876493, 42.43108679183679]}}, {"type": "Feature", "properties": {"building": "yes", "source": "way"}, "geometry": {"type": "Point", "coordinates": [-82.89321507052405, 42.431140969329775]}}, {"type": "Feature", "properties": {"building": "yes", "source": "way"}, "geometry": {"type": "Point", "coordinates": [-82.89347185785982, 42.431190224063826]}}, {"type": "Feature", "properties": {"building": "yes", "source": "way"}, "geometry": {"type": "Point", "coordinates": [-82.89379133081873, 42.43126029789416]}}, {"type": "Feature", "properties": {"building": "yes", "source": "way"}, "geometry": {"type": "Point", "coordinates": [-82.89403761770004, 42.43133467999656]}}, {"type": "Feature", "properties": {"building": "yes", "source": "way"}, "geometry": {"type": "Point", "coordinates": [-82.89434718046077, 42.431426207141556]}}, {"type": "Feature", "properties": {"building": "yes", "source": "way"}, "geometry": {"type": "Point", "coordinates": [-82.89463066441792, 42.43149026422343]}}, {"type": "Feature", "properties": {"building": "yes", "source": "way"}, "geometry": {"type": "Point", "coordinates": [-82.89490286813034, 42.43155047957011]}}, {"type": "Feature", "properties": {"building": "yes", "source": "way"}, "geometry": {"type": "Point", "coordinates": [-82.8952023, 42.43162025]}}, {"type": "Feature", "properties": {"building": "yes", "source": "way"}, "geometry": {"type": "Point", "coordinates": [-82.89551285800596, 42.43170104320875]}}, {"type": "Feature", "properties": {"building": "yes", "source": "way"}, "geometry": {"type": "Point", "coordinates": [-82.89261257331628, 42.43141009996188]}}, {"type": "Feature", "properties": {"building": "yes", "source": "way"}, "geometry": {"type": "Point", "coordinates": [-82.89228750684445, 42.431387043419974]}}, {"type": "Feature", "properties": {"building": "yes", "source": "way"}, "geometry": {"type": "Point", "coordinates": [-82.89193439508647, 42.43131999894247]}}, {"type": "Feature", "properties": {"building": "yes", "source": "way"}, "geometry": {"type": "Point", "coordinates": [-82.89160338566364, 42.43124990951145]}}, {"type": "Feature", "properties": {"building": "yes", "source": "way"}, "geometry": {"type": "Point", "coordinates": [-82.89138366410623, 42.43167026505185]}}, {"type": "Feature", "properties": {"building": "yes", "source": "way"}, "geometry": {"type": "Point", "coordinates": [-82.89172844342504, 42.431734080926674]}}, {"type": "Feature", "properties": {"building": "yes", "source": "way"}, "geometry": {"type": "Point", "coordinates": [-82.89203468409231, 42.43179797173716]}}, {"type": "Feature", "properties": {"building": "yes", "source": "way"}, "geometry": {"type": "Point", "coordinates": [-82.89232640686785, 42.43192544031486]}}, {"type": "Feature", "properties": {"building": "yes", "source": "way"}, "geometry": {"type": "Point", "coordinates": [-82.89269351480645, 42.43200361979276]}}, {"type": "Feature", "properties": {"building": "yes", "source": "way"}, "geometry": {"type": "Point", "coordinates": [-82.89299457928567, 42.43180921028815]}}, {"type": "Feature", "properties": {"building": "yes", "source": "way"}, "geometry": {"type": "Point", "coordinates": [-82.89299971614632, 42.43159847476673]}}, {"type": "Feature", "properties": {"building": "yes", "source": "way"}, "geometry": {"type": "Point", "coordinates": [-82.89123331283912, 42.4321131002277]}}, {"type": "Feature", "properties": {"building": "yes", "source": "way"}, "geometry": {"type": "Point", "coordinates": [-82.89156510518072, 42.43220529293886]}}, {"type": "Feature", "properties": {"building": "yes", "source": "way"}, "geometry": {"type": "Point", "coordinates": [-82.89189501547204, 42.432279724279226]}}, {"type": "Feature", "properties": {"building": "yes", "source": "way"}, "geometry": {"type": "Point", "coordinates": [-82.89220791911868, 42.43236970131109]}}, {"type": "Feature", "properties": {"building": "yes", "source": "way"}, "geometry": {"type": "Point", "coordinates": [-82.89252528754344, 42.43243218714199]}}, {"type": "Feature", "properties": {"building": "yes", "source": "way"}, "geometry": {"type": "Point", "coordinates": [-82.89196324999999, 42.4308312]}}, {"type": "Feature", "properties": {"building": "yes", "source": "way"}, "geometry": {"type": "Point", "coordinates": [-82.89256688395156, 42.43050880009161]}}, {"type": "Feature", "properties": {"building": "yes", "source": "way"}, "geometry": {"type": "Point", "coordinates": [-82.89227586970216, 42.42960485176288]}}, {"type": "Feature", "properties": {"building": "yes", "source": "way"}, "geometry": {"type": "Point", "coordinates": [-82.8925883784399, 42.429645531397384]}}, {"type": "Feature", "properties": {"building": "yes", "source": "way"}, "geometry": {"type": "Point", "coordinates": [-82.89292108219784, 42.42973397994381]}}, {"type": "Feature", "properties": {"building": "yes", "source": "way"}, "geometry": {"type": "Point", "coordinates": [-82.89314703174733, 42.429795291273784]}}, {"type": "Feature", "properties": {"building": "yes", "source": "way"}, "geometry": {"type": "Point", "coordinates": [-82.89334225586633, 42.42986161330995]}}, {"type": "Feature", "properties": {"building": "yes", "source": "way"}, "geometry": {"type": "Point", "coordinates": [-82.89358867589135, 42.429916775275125]}}, {"type": "Feature", "properties": {"building": "yes", "source": "way"}, "geometry": {"type": "Point", "coordinates": [-82.89381711421711, 42.42981887940008]}}, {"type": "Feature", "properties": {"building": "yes", "source": "way"}, "geometry": {"type": "Point", "coordinates": [-82.89406187285063, 42.42998700581929]}}, {"type": "Feature", "properties": {"building": "yes", "source": "way"}, "geometry": {"type": "Point", "coordinates": [-82.89434760267088, 42.43008327642599]}}, {"type": "Feature", "properties": {"building": "yes", "source": "way"}, "geometry": {"type": "Point", "coordinates": [-82.89481608158462, 42.43020366395526]}}, {"type": "Feature", "properties": {"building": "yes", "source": "way"}, "geometry": {"type": "Point", "coordinates": [-82.89515359147057, 42.430283775533916]}}, {"type": "Feature", "properties": {"building": "yes", "source": "way"}, "geometry": {"type": "Point", "coordinates": [-82.89384175522373, 42.429951180515594]}}, {"type": "Feature", "properties": {"building": "yes", "source": "way"}, "geometry": {"type": "Point", "coordinates": [-82.8955602770031, 42.43037254128878]}}, {"type": "Feature", "properties": {"building": "yes", "source": "way"}, "geometry": {"type": "Point", "coordinates": [-82.89580035803228, 42.43040896379763]}}, {"type": "Feature", "properties": {"building": "yes", "source": "way"}, "geometry": {"type": "Point", "coordinates": [-82.89613433112692, 42.43049146413039]}}, {"type": "Feature", "properties": {"building": "yes", "source": "way"}, "geometry": {"type": "Point", "coordinates": [-82.89660677601194, 42.43060309785077]}}, {"type": "Feature", "properties": {"building": "yes", "source": "way"}, "geometry": {"type": "Point", "coordinates": [-82.89683700237273, 42.430651781532035]}}, {"type": "Feature", "properties": {"building": "yes", "source": "way"}, "geometry": {"type": "Point", "coordinates": [-82.89708714139402, 42.430737194159484]}}, {"type": "Feature", "properties": {"building": "yes", "source": "way"}, "geometry": {"type": "Point", "coordinates": [-82.89735183673893, 42.43079090828941]}}, {"type": "Feature", "properties": {"building": "yes", "source": "way"}, "geometry": {"type": "Point", "coordinates": [-82.89761071344289, 42.4308511401663]}}, {"type": "Feature", "properties": {"building": "yes", "source": "way"}, "geometry": {"type": "Point", "coordinates": [-82.89783481010521, 42.43089574021509]}}, {"type": "Feature", "properties": {"building": "yes", "source": "way"}, "geometry": {"type": "Point", "coordinates": [-82.898111636815, 42.43098955258664]}}, {"type": "Feature", "properties": {"building": "yes", "source": "way"}, "geometry": {"type": "Point", "coordinates": [-82.89842482950822, 42.431049485109504]}}, {"type": "Feature", "properties": {"building": "yes", "source": "way"}, "geometry": {"type": "Point", "coordinates": [-82.89640889294589, 42.431034860517876]}}, {"type": "Feature", "properties": {"building": "yes", "source": "way"}, "geometry": {"type": "Point", "coordinates": [-82.89656920926554, 42.431447986279096]}}, {"type": "Feature", "properties": {"building": "yes", "source": "way"}, "geometry": {"type": "Point", "coordinates": [-82.89682781935299, 42.431561689609076]}}, {"type": "Feature", "properties": {"building": "yes", "source": "way"}, "geometry": {"type": "Point", "coordinates": [-82.8979092, 42.43180205]}}, {"type": "Feature", "properties": {"building": "yes", "source": "way"}, "geometry": {"type": "Point", "coordinates": [-82.8981859593035, 42.431847240268]}}, {"type": "Feature", "properties": {"building": "yes", "source": "way"}, "geometry": {"type": "Point", "coordinates": [-82.898451145301, 42.43193447647195]}}, {"type": "Feature", "properties": {"building": "yes", "source": "way"}, "geometry": {"type": "Point", "coordinates": [-82.89868864999998, 42.43199145]}}, {"type": "Feature", "properties": {"building": "yes", "source": "way"}, "geometry": {"type": "Point", "coordinates": [-82.89929652891239, 42.432135745580865]}}, {"type": "Feature", "properties": {"building": "yes", "source": "way"}, "geometry": {"type": "Point", "coordinates": [-82.89930536124646, 42.43173772123641]}}, {"type": "Feature", "properties": {"building": "yes", "source": "way"}, "geometry": {"type": "Point", "coordinates": [-82.8996072, 42.4317967]}}, {"type": "Feature", "properties": {"building": "yes", "source": "way"}, "geometry": {"type": "Point", "coordinates": [-82.89985281718651, 42.4318685318602]}}, {"type": "Feature", "properties": {"building": "yes", "source": "way"}, "geometry": {"type": "Point", "coordinates": [-82.8992256705763, 42.4320326053313]}}, {"type": "Feature", "properties": {"building": "yes", "source": "way"}, "geometry": {"type": "Point", "coordinates": [-82.89710235000001, 42.4316231]}}, {"type": "Feature", "properties": {"building": "yes", "source": "way"}, "geometry": {"type": "Point", "coordinates": [-82.89905081412083, 42.430601322126066]}}, {"type": "Feature", "properties": {"building": "yes", "source": "way"}, "geometry": {"type": "Point", "coordinates": [-82.89865559703067, 42.43043711763827]}}, {"type": "Feature", "properties": {"building": "yes", "source": "way"}, "geometry": {"type": "Point", "coordinates": [-82.89847556855328, 42.430352004995314]}}, {"type": "Feature", "properties": {"building": "yes", "source": "way"}, "geometry": {"type": "Point", "coordinates": [-82.89827366701653, 42.43011389281151]}}, {"type": "Feature", "properties": {"building": "yes", "source": "way"}, "geometry": {"type": "Point", "coordinates": [-82.89924908129228, 42.430675345853025]}}, {"type": "Feature", "properties": {"building": "yes", "source": "way"}, "geometry": {"type": "Point", "coordinates": [-82.899906036778, 42.42900167005146]}}, {"type": "Feature", "properties": {"building": "yes", "source": "way"}, "geometry": {"type": "Point", "coordinates": [-82.89974859052609, 42.428868346600765]}}, {"type": "Feature", "properties": {"building": "yes", "source": "way"}, "geometry": {"type": "Point", "coordinates": [-82.89972428208733, 42.42866281784289]}}, {"type": "Feature", "properties": {"building": "yes", "source": "way"}, "geometry": {"type": "Point", "coordinates": [-82.89981180342217, 42.428464031529735]}}, {"type": "Feature", "properties": {"building": "yes", "source": "way"}, "geometry": {"type": "Point", "coordinates": [-82.89971716847373, 42.42836135497708]}}, {"type": "Feature", "properties": {"building": "yes", "source": "way"}, "geometry": {"type": "Point", "coordinates": [-82.8995813362956, 42.42829448643712]}}, {"type": "Feature", "properties": {"building": "yes", "source": "way"}, "geometry": {"type": "Point", "coordinates": [-82.89945276752648, 42.42822075434074]}}, {"type": "Feature", "properties": {"building": "yes", "source": "way"}, "geometry": {"type": "Point", "coordinates": [-82.89929690068246, 42.4283974441673]}}, {"type": "Feature", "properties": {"building": "yes", "source": "way"}, "geometry": {"type": "Point", "coordinates": [-82.89912535096927, 42.42852761644042]}}, {"type": "Feature", "properties": {"building": "yes", "source": "way"}, "geometry": {"type": "Point", "coordinates": [-82.89900170613136, 42.428702607305276]}}, {"type": "Feature", "properties": {"building": "yes", "source": "way"}, "geometry": {"type": "Point", "coordinates": [-82.89889233999702, 42.42894485321408]}}, {"type": "Feature", "properties": {"building": "yes", "source": "way"}, "geometry": {"type": "Point", "coordinates": [-82.89909748619446, 42.42908796095393]}}, {"type": "Feature", "properties": {"building": "yes", "source": "way"}, "geometry": {"type": "Point", "coordinates": [-82.89922058150356, 42.42901914632787]}}, {"type": "Feature", "properties": {"building": "yes", "source": "way"}, "geometry": {"type": "Point", "coordinates": [-82.89927607312704, 42.429171788292436]}}, {"type": "Feature", "properties": {"building": "yes", "source": "way"}, "geometry": {"type": "Point", "coordinates": [-82.89941563169263, 42.42909814649522]}}, {"type": "Feature", "properties": {"building": "yes", "source": "way"}, "geometry": {"type": "Point", "coordinates": [-82.8996593, 42.429195299999996]}}, {"type": "Feature", "properties": {"building": "yes", "source": "way"}, "geometry": {"type": "Point", "coordinates": [-82.89980365, 42.4294089]}}, {"type": "Feature", "properties": {"building": "yes", "source": "way"}, "geometry": {"type": "Point", "coordinates": [-82.8994261, 42.428544200000005]}}, {"type": "Feature", "properties": {"building": "yes", "source": "way"}, "geometry": {"type": "Point", "coordinates": [-82.89959398793727, 42.42855882231954]}}, {"type": "Feature", "properties": {"building": "yes", "source": "way"}, "geometry": {"type": "Point", "coordinates": [-82.89947885, 42.429241749999996]}}, {"type": "Feature", "properties": {"building": "yes", "source": "way"}, "geometry": {"type": "Point", "coordinates": [-82.89977818071151, 42.42789419704336]}}, {"type": "Feature", "properties": {"building": "yes", "source": "way"}, "geometry": {"type": "Point", "coordinates": [-82.89982502254118, 42.42718640613718]}}, {"type": "Feature", "properties": {"building": "yes", "source": "way"}, "geometry": {"type": "Point", "coordinates": [-82.89986676964334, 42.42699839340306]}}, {"type": "Feature", "properties": {"building": "yes", "source": "way"}, "geometry": {"type": "Point", "coordinates": [-82.89964538275267, 42.42734765099494]}}, {"type": "Feature", "properties": {"building": "yes", "source": "way"}, "geometry": {"type": "Point", "coordinates": [-82.89945553440143, 42.42747238085464]}}, {"type": "Feature", "properties": {"building": "yes", "source": "way"}, "geometry": {"type": "Point", "coordinates": [-82.89937541964593, 42.4273131838972]}}, {"type": "Feature", "properties": {"building": "yes", "source": "way"}, "geometry": {"type": "Point", "coordinates": [-82.8992058, 42.427743]}}, {"type": "Feature", "properties": {"building": "yes", "source": "way"}, "geometry": {"type": "Point", "coordinates": [-82.89907459999999, 42.427598849999995]}}, {"type": "Feature", "properties": {"building": "yes", "source": "way"}, "geometry": {"type": "Point", "coordinates": [-82.8989535, 42.4277453]}}, {"type": "Feature", "properties": {"building": "yes", "source": "way"}, "geometry": {"type": "Point", "coordinates": [-82.89904641348137, 42.4278583899194]}}, {"type": "Feature", "properties": {"building": "yes", "source": "way"}, "geometry": {"type": "Point", "coordinates": [-82.89892760746835, 42.427986503213276]}}, {"type": "Feature", "properties": {"building": "yes", "source": "way"}, "geometry": {"type": "Point", "coordinates": [-82.89874403666015, 42.428142151190244]}}, {"type": "Feature", "properties": {"building": "yes", "source": "way"}, "geometry": {"type": "Point", "coordinates": [-82.89860880369666, 42.42829738657956]}}, {"type": "Feature", "properties": {"building": "yes", "source": "way"}, "geometry": {"type": "Point", "coordinates": [-82.89937305381062, 42.42663458177943]}}, {"type": "Feature", "properties": {"building": "yes", "source": "way"}, "geometry": {"type": "Point", "coordinates": [-82.89921761151875, 42.426838481845586]}}, {"type": "Feature", "properties": {"building": "yes", "source": "way"}, "geometry": {"type": "Point", "coordinates": [-82.89906685344401, 42.42701731475115]}}, {"type": "Feature", "properties": {"building": "yes", "source": "way"}, "geometry": {"type": "Point", "coordinates": [-82.89893235, 42.42719285]}}, {"type": "Feature", "properties": {"building": "yes", "source": "way"}, "geometry": {"type": "Point", "coordinates": [-82.89880980476197, 42.42737743505381]}}, {"type": "Feature", "properties": {"building": "yes", "source": "way"}, "geometry": {"type": "Point", "coordinates": [-82.89869787323671, 42.427539656601965]}}, {"type": "Feature", "properties": {"building": "yes", "source": "way"}, "geometry": {"type": "Point", "coordinates": [-82.89855635329906, 42.42772464007567]}}, {"type": "Feature", "properties": {"building": "yes", "source": "way"}, "geometry": {"type": "Point", "coordinates": [-82.89829478365549, 42.42815905774879]}}, {"type": "Feature", "properties": {"building": "yes", "source": "way"}, "geometry": {"type": "Point", "coordinates": [-82.89768432582886, 42.427906216135995]}}, {"type": "Feature", "properties": {"building": "yes", "source": "way"}, "geometry": {"type": "Point", "coordinates": [-82.89785470503168, 42.42775688198044]}}, {"type": "Feature", "properties": {"building": "yes", "source": "way"}, "geometry": {"type": "Point", "coordinates": [-82.89841507575213, 42.42793765721792]}}, {"type": "Feature", "properties": {"building": "yes", "source": "way"}, "geometry": {"type": "Point", "coordinates": [-82.89720730303563, 42.42771524707002]}}, {"type": "Feature", "properties": {"building": "yes", "source": "way"}, "geometry": {"type": "Point", "coordinates": [-82.89730405, 42.42753195]}}, {"type": "Feature", "properties": {"building": "yes", "source": "way"}, "geometry": {"type": "Point", "coordinates": [-82.89743081366483, 42.42737544953781]}}, {"type": "Feature", "properties": {"building": "yes", "source": "way"}, "geometry": {"type": "Point", "coordinates": [-82.89754504477818, 42.42722300470605]}}, {"type": "Feature", "properties": {"building": "yes", "source": "way"}, "geometry": {"type": "Point", "coordinates": [-82.89775561448486, 42.42690957597681]}}, {"type": "Feature", "properties": {"building": "yes", "source": "way"}, "geometry": {"type": "Point", "coordinates": [-82.89764599346093, 42.427064584171134]}}, {"type": "Feature", "properties": {"building": "yes", "source": "way"}, "geometry": {"type": "Point", "coordinates": [-82.89788235, 42.427101050000005]}}, {"type": "Feature", "properties": {"building": "yes", "source": "way"}, "geometry": {"type": "Point", "coordinates": [-82.89776659076617, 42.42724156899105]}}, {"type": "Feature", "properties": {"building": "yes", "source": "way"}, "geometry": {"type": "Point", "coordinates": [-82.89768183211999, 42.4274147464782]}}, {"type": "Feature", "properties": {"building": "yes", "source": "way"}, "geometry": {"type": "Point", "coordinates": [-82.8975279582399, 42.4275563798505]}}, {"type": "Feature", "properties": {"building": "yes", "source": "way"}, "geometry": {"type": "Point", "coordinates": [-82.89796163294078, 42.427608448296475]}}, {"type": "Feature", "properties": {"building": "yes", "source": "way"}, "geometry": {"type": "Point", "coordinates": [-82.89820803205146, 42.42728784461425]}}, {"type": "Feature", "properties": {"building": "yes", "source": "way"}, "geometry": {"type": "Point", "coordinates": [-82.89832283661256, 42.4271275079525]}}, {"type": "Feature", "properties": {"building": "yes", "source": "way"}, "geometry": {"type": "Point", "coordinates": [-82.89857085909114, 42.42681086398541]}}, {"type": "Feature", "properties": {"building": "yes", "source": "way"}, "geometry": {"type": "Point", "coordinates": [-82.89869538257977, 42.426624050410275]}}, {"type": "Feature", "properties": {"building": "yes", "source": "way"}, "geometry": {"type": "Point", "coordinates": [-82.8988293158277, 42.426412657966374]}}, {"type": "Feature", "properties": {"building": "yes", "source": "way"}, "geometry": {"type": "Point", "coordinates": [-82.89844891291006, 42.42697528956416]}}, {"type": "Feature", "properties": {"building": "yes", "source": "way"}, "geometry": {"type": "Point", "coordinates": [-82.89802345, 42.42714804999999]}}, {"type": "Feature", "properties": {"building": "yes", "source": "way"}, "geometry": {"type": "Point", "coordinates": [-82.89791099586667, 42.42675561827758]}}, {"type": "Feature", "properties": {"building": "yes", "source": "way"}, "geometry": {"type": "Point", "coordinates": [-82.89800553492908, 42.42659345666771]}}, {"type": "Feature", "properties": {"building": "yes", "source": "way"}, "geometry": {"type": "Point", "coordinates": [-82.89820885, 42.426578250000006]}}, {"type": "Feature", "properties": {"building": "yes", "source": "way"}, "geometry": {"type": "Point", "coordinates": [-82.89817238881369, 42.426383897437454]}}, {"type": "Feature", "properties": {"building": "yes", "source": "way"}, "geometry": {"type": "Point", "coordinates": [-82.89806026258175, 42.42616471218514]}}, {"type": "Feature", "properties": {"building": "yes", "source": "way"}, "geometry": {"type": "Point", "coordinates": [-82.89777948476242, 42.42602324750945]}}, {"type": "Feature", "properties": {"building": "yes", "source": "way"}, "geometry": {"type": "Point", "coordinates": [-82.89751031720431, 42.42592598256321]}}, {"type": "Feature", "properties": {"building": "yes", "source": "way"}, "geometry": {"type": "Point", "coordinates": [-82.8974708941962, 42.42636162194986]}}, {"type": "Feature", "properties": {"building": "yes", "source": "way"}, "geometry": {"type": "Point", "coordinates": [-82.8972218, 42.42642905]}}, {"type": "Feature", "properties": {"building": "yes", "source": "way"}, "geometry": {"type": "Point", "coordinates": [-82.8970904, 42.426587700000006]}}, {"type": "Feature", "properties": {"building": "yes", "source": "way"}, "geometry": {"type": "Point", "coordinates": [-82.89697663042546, 42.42674149486785]}}, {"type": "Feature", "properties": {"building": "yes", "source": "way"}, "geometry": {"type": "Point", "coordinates": [-82.89686735, 42.4268859]}}, {"type": "Feature", "properties": {"building": "yes", "source": "way"}, "geometry": {"type": "Point", "coordinates": [-82.89675516958438, 42.42704205395004]}}, {"type": "Feature", "properties": {"building": "yes", "source": "way"}, "geometry": {"type": "Point", "coordinates": [-82.89690123188217, 42.427178842044825]}}, {"type": "Feature", "properties": {"building": "yes", "source": "way"}, "geometry": {"type": "Point", "coordinates": [-82.8968218371789, 42.42733285986707]}}, {"type": "Feature", "properties": {"building": "yes", "source": "way"}, "geometry": {"type": "Point", "coordinates": [-82.89668488716967, 42.42748701197787]}}, {"type": "Feature", "properties": {"building": "yes", "source": "way"}, "geometry": {"type": "Point", "coordinates": [-82.89627205000001, 42.427092599999995]}}, {"type": "Feature", "properties": {"building": "yes", "source": "way"}, "geometry": {"type": "Point", "coordinates": [-82.896653025855, 42.426961916572836]}}, {"type": "Feature", "properties": {"building": "yes", "source": "way"}, "geometry": {"type": "Point", "coordinates": [-82.897015369597, 42.427021092938695]}}, {"type": "Feature", "properties": {"building": "yes", "source": "way"}, "geometry": {"type": "Point", "coordinates": [-82.89725774723293, 42.42671422953395]}}, {"type": "Feature", "properties": {"building": "yes", "source": "way"}, "geometry": {"type": "Point", "coordinates": [-82.89715837926946, 42.42688057070029]}}, {"type": "Feature", "properties": {"building": "yes", "source": "way"}, "geometry": {"type": "Point", "coordinates": [-82.89737503505123, 42.426566196613265]}}, {"type": "Feature", "properties": {"building": "yes", "source": "way"}, "geometry": {"type": "Point", "coordinates": [-82.89560053213187, 42.42706191747236]}}, {"type": "Feature", "properties": {"building": "yes", "source": "way"}, "geometry": {"type": "Point", "coordinates": [-82.89516724101837, 42.426882009975984]}}, {"type": "Feature", "properties": {"building": "yes", "source": "way"}, "geometry": {"type": "Point", "coordinates": [-82.89526858224005, 42.426677795509434]}}, {"type": "Feature", "properties": {"building": "yes", "source": "way"}, "geometry": {"type": "Point", "coordinates": [-82.89598786214151, 42.425422115863825]}}, {"type": "Feature", "properties": {"building": "yes", "source": "way"}, "geometry": {"type": "Point", "coordinates": [-82.89722059930625, 42.42579526744108]}}, {"type": "Feature", "properties": {"building": "yes", "source": "way"}, "geometry": {"type": "Point", "coordinates": [-82.89598587273544, 42.42569575007498]}}, {"type": "Feature", "properties": {"building": "yes", "source": "way"}, "geometry": {"type": "Point", "coordinates": [-82.8958583, 42.425891150000005]}}, {"type": "Feature", "properties": {"building": "yes", "source": "way"}, "geometry": {"type": "Point", "coordinates": [-82.89573869160044, 42.42605695435048]}}, {"type": "Feature", "properties": {"building": "yes", "source": "way"}, "geometry": {"type": "Point", "coordinates": [-82.89538997928328, 42.42652739064019]}}, {"type": "Feature", "properties": {"building": "yes", "source": "way"}, "geometry": {"type": "Point", "coordinates": [-82.89549667529701, 42.426696213544176]}}, {"type": "Feature", "properties": {"building": "yes", "source": "way"}, "geometry": {"type": "Point", "coordinates": [-82.89565302726429, 42.426795935086844]}}, {"type": "Feature", "properties": {"building": "yes", "source": "way"}, "geometry": {"type": "Point", "coordinates": [-82.89577935, 42.4269145]}}, {"type": "Feature", "properties": {"building": "yes", "source": "way"}, "geometry": {"type": "Point", "coordinates": [-82.8957291, 42.42639570000001]}}, {"type": "Feature", "properties": {"building": "yes", "source": "way"}, "geometry": {"type": "Point", "coordinates": [-82.89562296952687, 42.42654120384485]}}, {"type": "Feature", "properties": {"building": "yes", "source": "way"}, "geometry": {"type": "Point", "coordinates": [-82.89553748447055, 42.42637806888935]}}, {"type": "Feature", "properties": {"building": "yes", "source": "way"}, "geometry": {"type": "Point", "coordinates": [-82.89563771508095, 42.42620437024443]}}, {"type": "Feature", "properties": {"building": "yes", "source": "way"}, "geometry": {"type": "Point", "coordinates": [-82.89596024070687, 42.42607851796726]}}, {"type": "Feature", "properties": {"building": "yes", "source": "way"}, "geometry": {"type": "Point", "coordinates": [-82.89418210728769, 42.42646683442934]}}, {"type": "Feature", "properties": {"building": "yes", "source": "way"}, "geometry": {"type": "Point", "coordinates": [-82.8945447, 42.42663715]}}, {"type": "Feature", "properties": {"building": "yes", "source": "way"}, "geometry": {"type": "Point", "coordinates": [-82.89423650842481, 42.42623920676441]}}, {"type": "Feature", "properties": {"building": "yes", "source": "way"}, "geometry": {"type": "Point", "coordinates": [-82.89433716437026, 42.426085913430065]}}, {"type": "Feature", "properties": {"building": "yes", "source": "way"}, "geometry": {"type": "Point", "coordinates": [-82.89485271507091, 42.42629192047423]}}, {"type": "Feature", "properties": {"building": "yes", "source": "way"}, "geometry": {"type": "Point", "coordinates": [-82.89497159999999, 42.42613755]}}, {"type": "Feature", "properties": {"building": "yes", "source": "way"}, "geometry": {"type": "Point", "coordinates": [-82.89503840425365, 42.42597593388009]}}, {"type": "Feature", "properties": {"building": "yes", "source": "way"}, "geometry": {"type": "Point", "coordinates": [-82.89473665760806, 42.42644897303994]}}, {"type": "Feature", "properties": {"building": "yes", "source": "way"}, "geometry": {"type": "Point", "coordinates": [-82.89468480849622, 42.425959130970234]}}, {"type": "Feature", "properties": {"building": "yes", "source": "way"}, "geometry": {"type": "Point", "coordinates": [-82.8944513141153, 42.42593441901946]}}, {"type": "Feature", "properties": {"building": "yes", "source": "way"}, "geometry": {"type": "Point", "coordinates": [-82.8945792, 42.426119750000005]}}, {"type": "Feature", "properties": {"building": "yes", "source": "way"}, "geometry": {"type": "Point", "coordinates": [-82.89457398792925, 42.42577104329911]}}, {"type": "Feature", "properties": {"building": "yes", "source": "way"}, "geometry": {"type": "Point", "coordinates": [-82.89470725215878, 42.42561900252522]}}, {"type": "Feature", "properties": {"building": "yes", "source": "way"}, "geometry": {"type": "Point", "coordinates": [-82.89469041863052, 42.42546350381097]}}, {"type": "Feature", "properties": {"building": "yes", "source": "way"}, "geometry": {"type": "Point", "coordinates": [-82.89478127960035, 42.42535841261507]}}, {"type": "Feature", "properties": {"building": "yes", "source": "way"}, "geometry": {"type": "Point", "coordinates": [-82.89502198972195, 42.425443967946855]}}, {"type": "Feature", "properties": {"building": "yes", "source": "way"}, "geometry": {"type": "Point", "coordinates": [-82.89533465669341, 42.42563885737375]}}, {"type": "Feature", "properties": {"building": "yes", "source": "way"}, "geometry": {"type": "Point", "coordinates": [-82.89518315623721, 42.425830919917765]}}, {"type": "Feature", "properties": {"building": "yes", "source": "way"}, "geometry": {"type": "Point", "coordinates": [-82.89464134793857, 42.42480978023548]}}, {"type": "Feature", "properties": {"building": "yes", "source": "way"}, "geometry": {"type": "Point", "coordinates": [-82.89486847869958, 42.424904235822424]}}, {"type": "Feature", "properties": {"building": "yes", "source": "way"}, "geometry": {"type": "Point", "coordinates": [-82.89508714185558, 42.42494913846877]}}, {"type": "Feature", "properties": {"building": "yes", "source": "way"}, "geometry": {"type": "Point", "coordinates": [-82.89529118366163, 42.425046459011355]}}, {"type": "Feature", "properties": {"building": "yes", "source": "way"}, "geometry": {"type": "Point", "coordinates": [-82.89545938133396, 42.42495199571639]}}, {"type": "Feature", "properties": {"building": "yes", "source": "way"}, "geometry": {"type": "Point", "coordinates": [-82.89548399237007, 42.42514659492867]}}, {"type": "Feature", "properties": {"building": "yes", "source": "way"}, "geometry": {"type": "Point", "coordinates": [-82.8957346827012, 42.42522662970341]}}, {"type": "Feature", "properties": {"building": "yes", "source": "way"}, "geometry": {"type": "Point", "coordinates": [-82.89411191663208, 42.42507639957767]}}, {"type": "Feature", "properties": {"building": "yes", "source": "way"}, "geometry": {"type": "Point", "coordinates": [-82.89413595740929, 42.42532928833979]}}, {"type": "Feature", "properties": {"building": "yes", "source": "way"}, "geometry": {"type": "Point", "coordinates": [-82.89403880183002, 42.42552684263735]}}, {"type": "Feature", "properties": {"building": "yes", "source": "way"}, "geometry": {"type": "Point", "coordinates": [-82.89395200000001, 42.425727699999996]}}, {"type": "Feature", "properties": {"building": "yes", "source": "way"}, "geometry": {"type": "Point", "coordinates": [-82.8938209406515, 42.425887360382]}}, {"type": "Feature", "properties": {"building": "yes", "source": "way"}, "geometry": {"type": "Point", "coordinates": [-82.8921214594377, 42.4256589463934]}}, {"type": "Feature", "properties": {"building": "yes", "source": "way"}, "geometry": {"type": "Point", "coordinates": [-82.89221265270267, 42.42542268234761]}}, {"type": "Feature", "properties": {"building": "yes", "source": "way"}, "geometry": {"type": "Point", "coordinates": [-82.89233693240601, 42.42527133999963]}}, {"type": "Feature", "properties": {"building": "yes", "source": "way"}, "geometry": {"type": "Point", "coordinates": [-82.89246795781312, 42.425112770282546]}}, {"type": "Feature", "properties": {"building": "yes", "source": "way"}, "geometry": {"type": "Point", "coordinates": [-82.89256715036274, 42.42495909468632]}}, {"type": "Feature", "properties": {"building": "yes", "source": "way"}, "geometry": {"type": "Point", "coordinates": [-82.8926904063769, 42.42479971552404]}}, {"type": "Feature", "properties": {"building": "yes", "source": "way"}, "geometry": {"type": "Point", "coordinates": [-82.89290605, 42.4245892]}}, {"type": "Feature", "properties": {"building": "yes", "source": "way"}, "geometry": {"type": "Point", "coordinates": [-82.89316418509217, 42.42473982262937]}}, {"type": "Feature", "properties": {"building": "yes", "source": "way"}, "geometry": {"type": "Point", "coordinates": [-82.89327664999999, 42.424898899999995]}}, {"type": "Feature", "properties": {"building": "yes", "source": "way"}, "geometry": {"type": "Point", "coordinates": [-82.89342964180518, 42.424794769065095]}}, {"type": "Feature", "properties": {"building": "yes", "source": "way"}, "geometry": {"type": "Point", "coordinates": [-82.8936103, 42.4250389]}}, {"type": "Feature", "properties": {"building": "yes", "source": "way"}, "geometry": {"type": "Point", "coordinates": [-82.89362606210338, 42.424887537623306]}}, {"type": "Feature", "properties": {"building": "yes", "source": "way"}, "geometry": {"type": "Point", "coordinates": [-82.89384091790483, 42.42497772317715]}}, {"type": "Feature", "properties": {"building": "yes", "source": "way"}, "geometry": {"type": "Point", "coordinates": [-82.8933779741299, 42.425163240766736]}}, {"type": "Feature", "properties": {"building": "yes", "source": "way"}, "geometry": {"type": "Point", "coordinates": [-82.8928229756599, 42.425371468510676]}}, {"type": "Feature", "properties": {"building": "yes", "source": "way"}, "geometry": {"type": "Point", "coordinates": [-82.89271265619338, 42.42559975219677]}}, {"type": "Feature", "properties": {"building": "yes", "source": "way"}, "geometry": {"type": "Point", "coordinates": [-82.89250829070275, 42.42579744380451]}}, {"type": "Feature", "properties": {"building": "yes", "source": "way"}, "geometry": {"type": "Point", "coordinates": [-82.89312293439197, 42.42605425080393]}}, {"type": "Feature", "properties": {"building": "yes", "source": "way"}, "geometry": {"type": "Point", "coordinates": [-82.89350650658093, 42.42621442756641]}}, {"type": "Feature", "properties": {"building": "yes", "source": "way"}, "geometry": {"type": "Point", "coordinates": [-82.89369850000001, 42.4260415]}}, {"type": "Feature", "properties": {"building": "yes", "source": "way"}, "geometry": {"type": "Point", "coordinates": [-82.89354322543622, 42.42589883534962]}}, {"type": "Feature", "properties": {"building": "yes", "source": "way"}, "geometry": {"type": "Point", "coordinates": [-82.89323789919658, 42.42581122328265]}}, {"type": "Feature", "properties": {"building": "yes", "source": "way"}, "geometry": {"type": "Point", "coordinates": [-82.89344719502482, 42.42560593684273]}}, {"type": "Feature", "properties": {"building": "yes", "source": "way"}, "geometry": {"type": "Point", "coordinates": [-82.8936094830558, 42.425358687173464]}}, {"type": "Feature", "properties": {"building": "yes", "source": "way"}, "geometry": {"type": "Point", "coordinates": [-82.89257024059452, 42.42529831857678]}}, {"type": "Feature", "properties": {"building": "yes", "source": "way"}, "geometry": {"type": "Point", "coordinates": [-82.89329333430013, 42.42424286726504]}}, {"type": "Feature", "properties": {"building": "yes", "source": "way"}, "geometry": {"type": "Point", "coordinates": [-82.89379104852742, 42.42442579508302]}}, {"type": "Feature", "properties": {"building": "yes", "source": "way"}, "geometry": {"type": "Point", "coordinates": [-82.8940088894902, 42.42454077992909]}}, {"type": "Feature", "properties": {"building": "yes", "source": "way"}, "geometry": {"type": "Point", "coordinates": [-82.8941892, 42.424610300000005]}}, {"type": "Feature", "properties": {"building": "yes", "source": "way"}, "geometry": {"type": "Point", "coordinates": [-82.89444913133167, 42.42470999688589]}}, {"type": "Feature", "properties": {"building": "yes", "source": "way"}, "geometry": {"type": "Point", "coordinates": [-82.8926754, 42.4241135]}}, {"type": "Feature", "properties": {"building": "yes", "source": "way"}, "geometry": {"type": "Point", "coordinates": [-82.89241342116111, 42.42427690713408]}}, {"type": "Feature", "properties": {"building": "yes", "source": "way"}, "geometry": {"type": "Point", "coordinates": [-82.89221135495895, 42.4244767641639]}}, {"type": "Feature", "properties": {"building": "yes", "source": "way"}, "geometry": {"type": "Point", "coordinates": [-82.89206898037352, 42.424715312363226]}}, {"type": "Feature", "properties": {"building": "yes", "source": "way"}, "geometry": {"type": "Point", "coordinates": [-82.89189498331243, 42.42491278816016]}}, {"type": "Feature", "properties": {"building": "yes", "source": "way"}, "geometry": {"type": "Point", "coordinates": [-82.89173520351052, 42.4251440035511]}}, {"type": "Feature", "properties": {"building": "yes", "source": "way"}, "geometry": {"type": "Point", "coordinates": [-82.89151815, 42.4253977]}}, {"type": "Feature", "properties": {"building": "yes", "source": "way"}, "geometry": {"type": "Point", "coordinates": [-82.89301767458257, 42.42411752061307]}}, {"type": "Feature", "properties": {"building": "yes", "source": "way"}, "geometry": {"type": "Point", "coordinates": [-82.89041432801172, 42.42492687386638]}}, {"type": "Feature", "properties": {"building": "yes", "source": "way"}, "geometry": {"type": "Point", "coordinates": [-82.8907072752764, 42.42505705309958]}}, {"type": "Feature", "properties": {"building": "yes", "source": "way"}, "geometry": {"type": "Point", "coordinates": [-82.89096851346065, 42.42516899717856]}}, {"type": "Feature", "properties": {"building": "yes", "source": "way"}, "geometry": {"type": "Point", "coordinates": [-82.89124699952468, 42.42527584170501]}}, {"type": "Feature", "properties": {"building": "yes", "source": "way"}, "geometry": {"type": "Point", "coordinates": [-82.89035198846457, 42.42559381249967]}}, {"type": "Feature", "properties": {"building": "yes", "source": "way"}, "geometry": {"type": "Point", "coordinates": [-82.89064036034242, 42.42569542498017]}}, {"type": "Feature", "properties": {"building": "yes", "source": "way"}, "geometry": {"type": "Point", "coordinates": [-82.89091358043342, 42.42579641006441]}}, {"type": "Feature", "properties": {"building": "yes", "source": "way"}, "geometry": {"type": "Point", "coordinates": [-82.89119461621551, 42.42592300134156]}}, {"type": "Feature", "properties": {"building": "yes", "source": "way"}, "geometry": {"type": "Point", "coordinates": [-82.89148246876503, 42.42602635815377]}}, {"type": "Feature", "properties": {"building": "yes", "source": "way"}, "geometry": {"type": "Point", "coordinates": [-82.89176404848286, 42.42612871661213]}}, {"type": "Feature", "properties": {"building": "yes", "source": "way"}, "geometry": {"type": "Point", "coordinates": [-82.89207693446538, 42.42624555100886]}}, {"type": "Feature", "properties": {"building": "yes", "source": "way"}, "geometry": {"type": "Point", "coordinates": [-82.89197473091183, 42.42651094248985]}}, {"type": "Feature", "properties": {"building": "yes", "source": "way"}, "geometry": {"type": "Point", "coordinates": [-82.8902961073681, 42.426034014065735]}}, {"type": "Feature", "properties": {"building": "yes", "source": "way"}, "geometry": {"type": "Point", "coordinates": [-82.89061931967383, 42.42610408895031]}}, {"type": "Feature", "properties": {"building": "yes", "source": "way"}, "geometry": {"type": "Point", "coordinates": [-82.89089915754921, 42.426221404562625]}}, {"type": "Feature", "properties": {"building": "yes", "source": "way"}, "geometry": {"type": "Point", "coordinates": [-82.89123620753476, 42.426376516877625]}}, {"type": "Feature", "properties": {"building": "yes", "source": "way"}, "geometry": {"type": "Point", "coordinates": [-82.89130572132295, 42.42666389665264]}}, {"type": "Feature", "properties": {"building": "yes", "source": "way"}, "geometry": {"type": "Point", "coordinates": [-82.89158567345686, 42.42690639238373]}}, {"type": "Feature", "properties": {"building": "yes", "source": "way"}, "geometry": {"type": "Point", "coordinates": [-82.89183499342846, 42.42670138311427]}}, {"type": "Feature", "properties": {"building": "yes", "source": "way"}, "geometry": {"type": "Point", "coordinates": [-82.89275379235619, 42.426542557186835]}}, {"type": "Feature", "properties": {"building": "yes", "source": "way"}, "geometry": {"type": "Point", "coordinates": [-82.89254616748215, 42.426704142884034]}}, {"type": "Feature", "properties": {"building": "yes", "source": "way"}, "geometry": {"type": "Point", "coordinates": [-82.8924406989394, 42.426848669557266]}}, {"type": "Feature", "properties": {"building": "yes", "source": "way"}, "geometry": {"type": "Point", "coordinates": [-82.89234345915798, 42.427003654863114]}}, {"type": "Feature", "properties": {"building": "yes", "source": "way"}, "geometry": {"type": "Point", "coordinates": [-82.89225052637155, 42.42719165217049]}}, {"type": "Feature", "properties": {"building": "yes", "source": "way"}, "geometry": {"type": "Point", "coordinates": [-82.89198970173356, 42.42739041901022]}}, {"type": "Feature", "properties": {"building": "yes", "source": "way"}, "geometry": {"type": "Point", "coordinates": [-82.89157771377391, 42.427417193153936]}}, {"type": "Feature", "properties": {"building": "yes", "source": "way"}, "geometry": {"type": "Point", "coordinates": [-82.89128457103799, 42.42731366147089]}}, {"type": "Feature", "properties": {"building": "yes", "source": "way"}, "geometry": {"type": "Point", "coordinates": [-82.89104096338087, 42.427207467278826]}}, {"type": "Feature", "properties": {"building": "yes", "source": "way"}, "geometry": {"type": "Point", "coordinates": [-82.89077236683465, 42.42706030140511]}}, {"type": "Feature", "properties": {"building": "yes", "source": "way"}, "geometry": {"type": "Point", "coordinates": [-82.89065384252315, 42.42686875144754]}}, {"type": "Feature", "properties": {"building": "yes", "source": "way"}, "geometry": {"type": "Point", "coordinates": [-82.89053184672663, 42.42669320232348]}}, {"type": "Feature", "properties": {"building": "yes", "source": "way"}, "geometry": {"type": "Point", "coordinates": [-82.89029413395603, 42.42650386384366]}}, {"type": "Feature", "properties": {"building": "yes", "source": "way"}, "geometry": {"type": "Point", "coordinates": [-82.89015651335593, 42.42685284109634]}}, {"type": "Feature", "properties": {"building": "yes", "source": "way"}, "geometry": {"type": "Point", "coordinates": [-82.89014755464054, 42.42709603573679]}}, {"type": "Feature", "properties": {"building": "yes", "source": "way"}, "geometry": {"type": "Point", "coordinates": [-82.89268169044836, 42.427401902821]}}, {"type": "Feature", "properties": {"building": "yes", "source": "way"}, "geometry": {"type": "Point", "coordinates": [-82.89255593397219, 42.427618501166044]}}, {"type": "Feature", "properties": {"building": "yes", "source": "way"}, "geometry": {"type": "Point", "coordinates": [-82.89247809944231, 42.42784489348308]}}, {"type": "Feature", "properties": {"building": "yes", "source": "way"}, "geometry": {"type": "Point", "coordinates": [-82.89193154999998, 42.4276049]}}, {"type": "Feature", "properties": {"building": "yes", "source": "way"}, "geometry": {"type": "Point", "coordinates": [-82.89283387275168, 42.42721703828923]}}, {"type": "Feature", "properties": {"building": "yes", "source": "way"}, "geometry": {"type": "Point", "coordinates": [-82.89292971218882, 42.42705791049388]}}, {"type": "Feature", "properties": {"building": "yes", "source": "way"}, "geometry": {"type": "Point", "coordinates": [-82.89282594187058, 42.42687701793212]}}, {"type": "Feature", "properties": {"building": "yes", "source": "way"}, "geometry": {"type": "Point", "coordinates": [-82.89306333925677, 42.426902942789376]}}, {"type": "Feature", "properties": {"building": "yes", "source": "way"}, "geometry": {"type": "Point", "coordinates": [-82.89316054999999, 42.426682650000004]}}, {"type": "Feature", "properties": {"building": "yes", "source": "way"}, "geometry": {"type": "Point", "coordinates": [-82.89376899790105, 42.42693860408722]}}, {"type": "Feature", "properties": {"building": "yes", "source": "way"}, "geometry": {"type": "Point", "coordinates": [-82.89358524725776, 42.42711675414604]}}, {"type": "Feature", "properties": {"building": "yes", "source": "way"}, "geometry": {"type": "Point", "coordinates": [-82.89347184291219, 42.427268229828215]}}, {"type": "Feature", "properties": {"building": "yes", "source": "way"}, "geometry": {"type": "Point", "coordinates": [-82.89336507535909, 42.427429918625016]}}, {"type": "Feature", "properties": {"building": "yes", "source": "way"}, "geometry": {"type": "Point", "coordinates": [-82.89323924919877, 42.42760860288509]}}, {"type": "Feature", "properties": {"building": "yes", "source": "way"}, "geometry": {"type": "Point", "coordinates": [-82.89313404795791, 42.42783799335132]}}, {"type": "Feature", "properties": {"building": "yes", "source": "way"}, "geometry": {"type": "Point", "coordinates": [-82.89302858429795, 42.428052920375436]}}, {"type": "Feature", "properties": {"building": "yes", "source": "way"}, "geometry": {"type": "Point", "coordinates": [-82.89352120000002, 42.427753450000004]}}, {"type": "Feature", "properties": {"building": "yes", "source": "way"}, "geometry": {"type": "Point", "coordinates": [-82.89362592442498, 42.42760986509143]}}, {"type": "Feature", "properties": {"building": "yes", "source": "way"}, "geometry": {"type": "Point", "coordinates": [-82.89351725, 42.42756365]}}, {"type": "Feature", "properties": {"building": "yes", "source": "way"}, "geometry": {"type": "Point", "coordinates": [-82.89363208954417, 42.42740672804244]}}, {"type": "Feature", "properties": {"building": "yes", "source": "way"}, "geometry": {"type": "Point", "coordinates": [-82.89374985000002, 42.427247050000005]}}, {"type": "Feature", "properties": {"building": "yes", "source": "way"}, "geometry": {"type": "Point", "coordinates": [-82.89408162225635, 42.4273243008886]}}, {"type": "Feature", "properties": {"building": "yes", "source": "way"}, "geometry": {"type": "Point", "coordinates": [-82.8939716630818, 42.4274796736929]}}, {"type": "Feature", "properties": {"building": "yes", "source": "way"}, "geometry": {"type": "Point", "coordinates": [-82.89386552142628, 42.427632169596656]}}, {"type": "Feature", "properties": {"building": "yes", "source": "way"}, "geometry": {"type": "Point", "coordinates": [-82.89373481559876, 42.42778046301019]}}, {"type": "Feature", "properties": {"building": "yes", "source": "way"}, "geometry": {"type": "Point", "coordinates": [-82.89354856582489, 42.427948154274425]}}, {"type": "Feature", "properties": {"building": "yes", "source": "way"}, "geometry": {"type": "Point", "coordinates": [-82.89419573776867, 42.427114890667525]}}, {"type": "Feature", "properties": {"building": "yes", "source": "way"}, "geometry": {"type": "Point", "coordinates": [-82.89355775917247, 42.42821789091259]}}, {"type": "Feature", "properties": {"building": "yes", "source": "way"}, "geometry": {"type": "Point", "coordinates": [-82.88962803796541, 42.42798860265989]}}, {"type": "Feature", "properties": {"building": "yes", "source": "way"}, "geometry": {"type": "Point", "coordinates": [-82.88994690186273, 42.42800896070795]}}, {"type": "Feature", "properties": {"building": "yes", "source": "way"}, "geometry": {"type": "Point", "coordinates": [-82.89020862814539, 42.428131869245156]}}, {"type": "Feature", "properties": {"building": "yes", "source": "way"}, "geometry": {"type": "Point", "coordinates": [-82.89050896974084, 42.42816229206338]}}, {"type": "Feature", "properties": {"building": "yes", "source": "way"}, "geometry": {"type": "Point", "coordinates": [-82.89079238506666, 42.42824943888766]}}, {"type": "Feature", "properties": {"building": "yes", "source": "way"}, "geometry": {"type": "Point", "coordinates": [-82.89106412728816, 42.428321349775196]}}, {"type": "Feature", "properties": {"building": "yes", "source": "way"}, "geometry": {"type": "Point", "coordinates": [-82.89132934935454, 42.42839498264837]}}, {"type": "Feature", "properties": {"building": "yes", "source": "way"}, "geometry": {"type": "Point", "coordinates": [-82.89160197396768, 42.428463480992995]}}, {"type": "Feature", "properties": {"building": "yes", "source": "way"}, "geometry": {"type": "Point", "coordinates": [-82.89191160116337, 42.428561402748464]}}, {"type": "Feature", "properties": {"building": "yes", "source": "way"}, "geometry": {"type": "Point", "coordinates": [-82.89217084216357, 42.4286542604216]}}, {"type": "Feature", "properties": {"building": "yes", "source": "way"}, "geometry": {"type": "Point", "coordinates": [-82.89262039497986, 42.42882080043376]}}, {"type": "Feature", "properties": {"building": "yes", "source": "way"}, "geometry": {"type": "Point", "coordinates": [-82.89289213289481, 42.4288721609504]}}, {"type": "Feature", "properties": {"building": "yes", "source": "way"}, "geometry": {"type": "Point", "coordinates": [-82.89314732899618, 42.428952323354956]}}, {"type": "Feature", "properties": {"building": "yes", "source": "way"}, "geometry": {"type": "Point", "coordinates": [-82.89339372415084, 42.42902010463915]}}, {"type": "Feature", "properties": {"building": "yes", "source": "way"}, "geometry": {"type": "Point", "coordinates": [-82.89362985000001, 42.42908979999999]}}, {"type": "Feature", "properties": {"building": "yes", "source": "way"}, "geometry": {"type": "Point", "coordinates": [-82.89387343169244, 42.429153448601376]}}, {"type": "Feature", "properties": {"building": "yes", "source": "way"}, "geometry": {"type": "Point", "coordinates": [-82.89415084958463, 42.42923682253029]}}, {"type": "Feature", "properties": {"building": "yes", "source": "way"}, "geometry": {"type": "Point", "coordinates": [-82.89443364154339, 42.42934298969773]}}, {"type": "Feature", "properties": {"building": "yes", "source": "way"}, "geometry": {"type": "Point", "coordinates": [-82.8948967293096, 42.42948388102094]}}, {"type": "Feature", "properties": {"building": "yes", "source": "way"}, "geometry": {"type": "Point", "coordinates": [-82.89528033899003, 42.42959555812061]}}, {"type": "Feature", "properties": {"building": "yes", "source": "way"}, "geometry": {"type": "Point", "coordinates": [-82.89578612459499, 42.42970103209914]}}, {"type": "Feature", "properties": {"building": "yes", "source": "way"}, "geometry": {"type": "Point", "coordinates": [-82.890159765717, 42.42754642422287]}}, {"type": "Feature", "properties": {"building": "yes", "source": "way"}, "geometry": {"type": "Point", "coordinates": [-82.88990514719906, 42.42741281432357]}}, {"type": "Feature", "properties": {"building": "yes", "source": "way"}, "geometry": {"type": "Point", "coordinates": [-82.8904113804609, 42.42765589769847]}}, {"type": "Feature", "properties": {"building": "yes", "source": "way"}, "geometry": {"type": "Point", "coordinates": [-82.89070154263182, 42.427686174835955]}}, {"type": "Feature", "properties": {"building": "yes", "source": "way"}, "geometry": {"type": "Point", "coordinates": [-82.89100928827206, 42.4277447585341]}}, {"type": "Feature", "properties": {"building": "yes", "source": "way"}, "geometry": {"type": "Point", "coordinates": [-82.89126736833333, 42.42786336087751]}}, {"type": "Feature", "properties": {"building": "yes", "source": "way"}, "geometry": {"type": "Point", "coordinates": [-82.8918303267367, 42.42800612430539]}}, {"type": "Feature", "properties": {"building": "yes", "source": "way"}, "geometry": {"type": "Point", "coordinates": [-82.89210650752703, 42.4281053887923]}}, {"type": "Feature", "properties": {"building": "yes", "source": "way"}, "geometry": {"type": "Point", "coordinates": [-82.89237014876282, 42.428203621256884]}}, {"type": "Feature", "properties": {"building": "yes", "source": "way"}, "geometry": {"type": "Point", "coordinates": [-82.89282539428557, 42.42838425108735]}}, {"type": "Feature", "properties": {"building": "yes", "source": "way"}, "geometry": {"type": "Point", "coordinates": [-82.89308709712755, 42.42845472693652]}}, {"type": "Feature", "properties": {"building": "yes", "source": "way"}, "geometry": {"type": "Point", "coordinates": [-82.8933314861158, 42.42852095584211]}}, {"type": "Feature", "properties": {"building": "yes", "source": "way"}, "geometry": {"type": "Point", "coordinates": [-82.89355620121388, 42.42861859516489]}}, {"type": "Feature", "properties": {"building": "yes", "source": "way"}, "geometry": {"type": "Point", "coordinates": [-82.89377517755209, 42.428685904394655]}}, {"type": "Feature", "properties": {"building": "yes", "source": "way"}, "geometry": {"type": "Point", "coordinates": [-82.8942855821456, 42.42887829897779]}}, {"type": "Feature", "properties": {"building": "yes", "source": "way"}, "geometry": {"type": "Point", "coordinates": [-82.89403540492661, 42.42877770371502]}}, {"type": "Feature", "properties": {"building": "yes", "source": "way"}, "geometry": {"type": "Point", "coordinates": [-82.89389198252456, 42.4283796224511]}}, {"type": "Feature", "properties": {"building": "yes", "source": "way"}, "geometry": {"type": "Point", "coordinates": [-82.89464120413186, 42.42897837665154]}}, {"type": "Feature", "properties": {"building": "yes", "source": "way"}, "geometry": {"type": "Point", "coordinates": [-82.89496732939163, 42.42909055304206]}}, {"type": "Feature", "properties": {"building": "yes", "source": "way"}, "geometry": {"type": "Point", "coordinates": [-82.89470543203598, 42.428796945191195]}}, {"type": "Feature", "properties": {"building": "yes", "source": "way"}, "geometry": {"type": "Point", "coordinates": [-82.89465126123457, 42.42858530608533]}}, {"type": "Feature", "properties": {"building": "yes", "source": "way"}, "geometry": {"type": "Point", "coordinates": [-82.89469671683332, 42.428355425148325]}}, {"type": "Feature", "properties": {"building": "yes", "source": "way"}, "geometry": {"type": "Point", "coordinates": [-82.89421225000001, 42.4282103]}}, {"type": "Feature", "properties": {"building": "yes", "source": "way"}, "geometry": {"type": "Point", "coordinates": [-82.89428343760241, 42.42801222708919]}}, {"type": "Feature", "properties": {"building": "yes", "source": "way"}, "geometry": {"type": "Point", "coordinates": [-82.8944137016175, 42.42784984630874]}}, {"type": "Feature", "properties": {"building": "yes", "source": "way"}, "geometry": {"type": "Point", "coordinates": [-82.89453910647853, 42.427703381450165]}}, {"type": "Feature", "properties": {"building": "yes", "source": "way"}, "geometry": {"type": "Point", "coordinates": [-82.89462967406828, 42.427537771011814]}}, {"type": "Feature", "properties": {"building": "yes", "source": "way"}, "geometry": {"type": "Point", "coordinates": [-82.89483087788818, 42.42736885470608]}}, {"type": "Feature", "properties": {"building": "yes", "source": "way"}, "geometry": {"type": "Point", "coordinates": [-82.89478405926101, 42.42767108024124]}}, {"type": "Feature", "properties": {"building": "yes", "source": "way"}, "geometry": {"type": "Point", "coordinates": [-82.88940821821276, 42.42854341346775]}}, {"type": "Feature", "properties": {"building": "yes", "source": "way"}, "geometry": {"type": "Point", "coordinates": [-82.88928998988554, 42.428838073090255]}}, {"type": "Feature", "properties": {"building": "yes", "source": "way"}, "geometry": {"type": "Point", "coordinates": [-82.88955264948343, 42.428947079808424]}}, {"type": "Feature", "properties": {"building": "yes", "source": "way"}, "geometry": {"type": "Point", "coordinates": [-82.8898337033401, 42.42899698688951]}}, {"type": "Feature", "properties": {"building": "yes", "source": "way"}, "geometry": {"type": "Point", "coordinates": [-82.89009898277182, 42.429052634474175]}}, {"type": "Feature", "properties": {"building": "yes", "source": "way"}, "geometry": {"type": "Point", "coordinates": [-82.89044961835596, 42.4291142390356]}}, {"type": "Feature", "properties": {"building": "yes", "source": "way"}, "geometry": {"type": "Point", "coordinates": [-82.89078690534193, 42.42921325566773]}}, {"type": "Feature", "properties": {"building": "yes", "source": "way"}, "geometry": {"type": "Point", "coordinates": [-82.89123609223971, 42.42935523709541]}}, {"type": "Feature", "properties": {"building": "yes", "source": "way"}, "geometry": {"type": "Point", "coordinates": [-82.89154514151625, 42.429397429444315]}}, {"type": "Feature", "properties": {"building": "yes", "source": "way"}, "geometry": {"type": "Point", "coordinates": [-82.89181250955433, 42.429471540765924]}}, {"type": "Feature", "properties": {"building": "yes", "source": "way"}, "geometry": {"type": "Point", "coordinates": [-82.89189369500515, 42.4291798746735]}}, {"type": "Feature", "properties": {"building": "yes", "source": "way"}, "geometry": {"type": "Point", "coordinates": [-82.89198215022338, 42.42897582336719]}}, {"type": "Feature", "properties": {"building": "yes", "source": "way"}, "geometry": {"type": "Point", "coordinates": [-82.8924327183419, 42.42923041785013]}}, {"type": "Feature", "properties": {"building": "yes", "source": "way"}, "geometry": {"type": "Point", "coordinates": [-82.8913400035732, 42.42986171416846]}}, {"type": "Feature", "properties": {"building": "yes", "source": "way"}, "geometry": {"type": "Point", "coordinates": [-82.89161678104695, 42.429921138461935]}}, {"type": "Feature", "properties": {"building": "yes", "source": "way"}, "geometry": {"type": "Point", "coordinates": [-82.89104098938, 42.42977218230469]}}, {"type": "Feature", "properties": {"building": "yes", "source": "way"}, "geometry": {"type": "Point", "coordinates": [-82.89078198472362, 42.42970717204271]}}, {"type": "Feature", "properties": {"building": "yes", "source": "way"}, "geometry": {"type": "Point", "coordinates": [-82.8904982988924, 42.429634038990486]}}, {"type": "Feature", "properties": {"building": "yes", "source": "way"}, "geometry": {"type": "Point", "coordinates": [-82.89020933027948, 42.429561997798984]}}, {"type": "Feature", "properties": {"building": "yes", "source": "way"}, "geometry": {"type": "Point", "coordinates": [-82.8899059, 42.42951134999999]}}, {"type": "Feature", "properties": {"building": "yes", "source": "way"}, "geometry": {"type": "Point", "coordinates": [-82.88965247217743, 42.42943215193686]}}, {"type": "Feature", "properties": {"building": "yes", "source": "way"}, "geometry": {"type": "Point", "coordinates": [-82.88937087796214, 42.42936019478411]}}, {"type": "Feature", "properties": {"building": "yes", "source": "way"}, "geometry": {"type": "Point", "coordinates": [-82.88907355000002, 42.4292897]}}, {"type": "Feature", "properties": {"building": "yes", "source": "way"}, "geometry": {"type": "Point", "coordinates": [-82.88894212956065, 42.42961812124859]}}, {"type": "Feature", "properties": {"building": "yes", "source": "way"}, "geometry": {"type": "Point", "coordinates": [-82.8892371357735, 42.429734532824185]}}, {"type": "Feature", "properties": {"building": "yes", "source": "way"}, "geometry": {"type": "Point", "coordinates": [-82.88948460828352, 42.42979328813685]}}, {"type": "Feature", "properties": {"building": "yes", "source": "way"}, "geometry": {"type": "Point", "coordinates": [-82.88892082923385, 42.42977174304899]}}, {"type": "Feature", "properties": {"building": "yes", "source": "way"}, "geometry": {"type": "Point", "coordinates": [-82.88976048787644, 42.42984463334428]}}, {"type": "Feature", "properties": {"building": "yes", "source": "way"}, "geometry": {"type": "Point", "coordinates": [-82.89034133814492, 42.4299946031785]}}, {"type": "Feature", "properties": {"building": "yes", "source": "way"}, "geometry": {"type": "Point", "coordinates": [-82.89004205374343, 42.429918787631976]}}, {"type": "Feature", "properties": {"building": "yes", "source": "way"}, "geometry": {"type": "Point", "coordinates": [-82.89061836739228, 42.430058753103815]}}, {"type": "Feature", "properties": {"building": "yes", "source": "way"}, "geometry": {"type": "Point", "coordinates": [-82.8908831902929, 42.43013953125455]}}, {"type": "Feature", "properties": {"building": "yes", "source": "way"}, "geometry": {"type": "Point", "coordinates": [-82.8914627541803, 42.43024871445314]}}, {"type": "Feature", "properties": {"building": "yes", "source": "way"}, "geometry": {"type": "Point", "coordinates": [-82.8911882516018, 42.43018706360904]}}, {"type": "Feature", "properties": {"building": "yes", "source": "way"}, "geometry": {"type": "Point", "coordinates": [-82.89082370000001, 42.430573499999994]}}, {"type": "Feature", "properties": {"building": "yes", "source": "way"}, "geometry": {"type": "Point", "coordinates": [-82.89124884046117, 42.43068801743593]}}, {"type": "Feature", "properties": {"building": "yes", "source": "way"}, "geometry": {"type": "Point", "coordinates": [-82.88855197534745, 42.43063209961646]}}, {"type": "Feature", "properties": {"building": "yes", "source": "way"}, "geometry": {"type": "Point", "coordinates": [-82.88845877373531, 42.430934361150605]}}, {"type": "Feature", "properties": {"building": "yes", "source": "way"}, "geometry": {"type": "Point", "coordinates": [-82.8887936373053, 42.431092175432795]}}, {"type": "Feature", "properties": {"building": "yes", "source": "way"}, "geometry": {"type": "Point", "coordinates": [-82.88907250787952, 42.4308351352613]}}, {"type": "Feature", "properties": {"building": "yes", "source": "way"}, "geometry": {"type": "Point", "coordinates": [-82.88946396784169, 42.43070205144892]}}, {"type": "Feature", "properties": {"building": "yes", "source": "way"}, "geometry": {"type": "Point", "coordinates": [-82.88984594588506, 42.43080058177811]}}, {"type": "Feature", "properties": {"building": "yes", "source": "way"}, "geometry": {"type": "Point", "coordinates": [-82.89044188954975, 42.43093477662182]}}, {"type": "Feature", "properties": {"building": "yes", "source": "way"}, "geometry": {"type": "Point", "coordinates": [-82.8907751184146, 42.43100431499597]}}, {"type": "Feature", "properties": {"building": "yes", "source": "way"}, "geometry": {"type": "Point", "coordinates": [-82.89111952979964, 42.43108713283657]}}, {"type": "Feature", "properties": {"building": "yes", "source": "way"}, "geometry": {"type": "Point", "coordinates": [-82.89017001700888, 42.43087091818599]}}, {"type": "Feature", "properties": {"building": "yes", "source": "way"}, "geometry": {"type": "Point", "coordinates": [-82.89039473711836, 42.43047826495494]}}, {"type": "Feature", "properties": {"building": "yes", "source": "way"}, "geometry": {"type": "Point", "coordinates": [-82.89006259435259, 42.43041005435776]}}, {"type": "Feature", "properties": {"building": "yes", "source": "way"}, "geometry": {"type": "Point", "coordinates": [-82.88969078797247, 42.430322467620755]}}, {"type": "Feature", "properties": {"building": "yes", "source": "way"}, "geometry": {"type": "Point", "coordinates": [-82.88936219616244, 42.430236295895405]}}, {"type": "Feature", "properties": {"building": "yes", "source": "way"}, "geometry": {"type": "Point", "coordinates": [-82.88723053534669, 42.42713260736181]}}, {"type": "Feature", "properties": {"building": "yes", "source": "way"}, "geometry": {"type": "Point", "coordinates": [-82.88751896426983, 42.42721937077818]}}, {"type": "Feature", "properties": {"building": "yes", "source": "way"}, "geometry": {"type": "Point", "coordinates": [-82.88779740000001, 42.427274700000005]}}, {"type": "Feature", "properties": {"building": "yes", "source": "way"}, "geometry": {"type": "Point", "coordinates": [-82.88808401101359, 42.42732007825358]}}, {"type": "Feature", "properties": {"building": "yes", "source": "way"}, "geometry": {"type": "Point", "coordinates": [-82.88838708782396, 42.427410870913036]}}, {"type": "Feature", "properties": {"building": "yes", "source": "way"}, "geometry": {"type": "Point", "coordinates": [-82.88862819488435, 42.42747223059653]}}, {"type": "Feature", "properties": {"building": "yes", "source": "way"}, "geometry": {"type": "Point", "coordinates": [-82.88887205000002, 42.42752625]}}, {"type": "Feature", "properties": {"building": "yes", "source": "way"}, "geometry": {"type": "Point", "coordinates": [-82.88920152070249, 42.42763140434077]}}, {"type": "Feature", "properties": {"building": "yes", "source": "way"}, "geometry": {"type": "Point", "coordinates": [-82.88696338521403, 42.42706287439116]}}, {"type": "Feature", "properties": {"building": "yes", "source": "way"}, "geometry": {"type": "Point", "coordinates": [-82.88686353883945, 42.42743977528845]}}, {"type": "Feature", "properties": {"building": "yes", "source": "way"}, "geometry": {"type": "Point", "coordinates": [-82.88720808912522, 42.42753077595267]}}, {"type": "Feature", "properties": {"building": "yes", "source": "way"}, "geometry": {"type": "Point", "coordinates": [-82.88748832310526, 42.42758502521398]}}, {"type": "Feature", "properties": {"building": "yes", "source": "way"}, "geometry": {"type": "Point", "coordinates": [-82.88776473900303, 42.42765575792253]}}, {"type": "Feature", "properties": {"building": "yes", "source": "way"}, "geometry": {"type": "Point", "coordinates": [-82.88808151860516, 42.42772462653363]}}, {"type": "Feature", "properties": {"building": "yes", "source": "way"}, "geometry": {"type": "Point", "coordinates": [-82.88843868670716, 42.42781165442109]}}, {"type": "Feature", "properties": {"building": "yes", "source": "way"}, "geometry": {"type": "Point", "coordinates": [-82.88903564027537, 42.427979982171934]}}, {"type": "Feature", "properties": {"building": "yes", "source": "way"}, "geometry": {"type": "Point", "coordinates": [-82.88877225000002, 42.427906750000005]}}, {"type": "Feature", "properties": {"building": "yes", "source": "way"}, "geometry": {"type": "Point", "coordinates": [-82.88884014999998, 42.428367949999995]}}, {"type": "Feature", "properties": {"building": "yes", "source": "way"}, "geometry": {"type": "Point", "coordinates": [-82.88852068523006, 42.42831288358522]}}, {"type": "Feature", "properties": {"building": "yes", "source": "way"}, "geometry": {"type": "Point", "coordinates": [-82.88823020000001, 42.4282535]}}, {"type": "Feature", "properties": {"building": "yes", "source": "way"}, "geometry": {"type": "Point", "coordinates": [-82.88793309886137, 42.42819766172681]}}, {"type": "Feature", "properties": {"building": "yes", "source": "way"}, "geometry": {"type": "Point", "coordinates": [-82.88765581509583, 42.428141640457525]}}, {"type": "Feature", "properties": {"building": "yes", "source": "way"}, "geometry": {"type": "Point", "coordinates": [-82.8873182, 42.428024449999995]}}, {"type": "Feature", "properties": {"building": "yes", "source": "way"}, "geometry": {"type": "Point", "coordinates": [-82.88701983771514, 42.42796232731903]}}, {"type": "Feature", "properties": {"building": "yes", "source": "way"}, "geometry": {"type": "Point", "coordinates": [-82.88666544726001, 42.427869081215626]}}, {"type": "Feature", "properties": {"building": "yes", "source": "way"}, "geometry": {"type": "Point", "coordinates": [-82.88939368164765, 42.42716218507766]}}, {"type": "Feature", "properties": {"building": "yes", "source": "way"}, "geometry": {"type": "Point", "coordinates": [-82.88910287443775, 42.42711964738436]}}, {"type": "Feature", "properties": {"building": "yes", "source": "way"}, "geometry": {"type": "Point", "coordinates": [-82.88828884164379, 42.42688607217206]}}, {"type": "Feature", "properties": {"building": "yes", "source": "way"}, "geometry": {"type": "Point", "coordinates": [-82.88798072464513, 42.42685116913338]}}, {"type": "Feature", "properties": {"building": "yes", "source": "way"}, "geometry": {"type": "Point", "coordinates": [-82.88855504592304, 42.42697081198528]}}, {"type": "Feature", "properties": {"building": "yes", "source": "way"}, "geometry": {"type": "Point", "coordinates": [-82.88712978105315, 42.42662100595877]}}, {"type": "Feature", "properties": {"building": "yes", "source": "way"}, "geometry": {"type": "Point", "coordinates": [-82.89863982520389, 42.42940497649786]}}, {"type": "Feature", "properties": {"building": "yes", "source": "way"}, "geometry": {"type": "Point", "coordinates": [-82.89860541915768, 42.429696899291976]}}, {"type": "Feature", "properties": {"building": "yes", "source": "way"}, "geometry": {"type": "Point", "coordinates": [-82.89885711659011, 42.429856312752925]}}, {"type": "Feature", "properties": {"building": "yes", "source": "way"}, "geometry": {"type": "Point", "coordinates": [-82.89884082524247, 42.42961756396793]}}, {"type": "Feature", "properties": {"building": "yes", "source": "way"}, "geometry": {"type": "Point", "coordinates": [-82.89858058025708, 42.429501895305556]}}, {"type": "Feature", "properties": {"building": "yes", "source": "way"}, "geometry": {"type": "Point", "coordinates": [-82.89884504661622, 42.42948629283927]}}, {"type": "Feature", "properties": {"building": "yes", "source": "way"}, "geometry": {"type": "Point", "coordinates": [-82.899037141427, 42.42956322061151]}}, {"type": "Feature", "properties": {"building": "yes", "source": "way"}, "geometry": {"type": "Point", "coordinates": [-82.89903595, 42.4296996]}}, {"type": "Feature", "properties": {"building": "yes", "source": "way"}, "geometry": {"type": "Point", "coordinates": [-82.8992210080772, 42.42965670439951]}}, {"type": "Feature", "properties": {"building": "yes", "source": "way"}, "geometry": {"type": "Point", "coordinates": [-82.89907174635765, 42.429958045661984]}}, {"type": "Feature", "properties": {"building": "yes", "source": "way"}, "geometry": {"type": "Point", "coordinates": [-82.89927049532415, 42.430028641028215]}}, {"type": "Feature", "properties": {"building": "yes", "source": "way"}, "geometry": {"type": "Point", "coordinates": [-82.89942079999999, 42.429734599999996]}}, {"type": "Feature", "properties": {"building": "yes", "source": "way"}, "geometry": {"type": "Point", "coordinates": [-82.89961905000001, 42.42993395]}}, {"type": "Feature", "properties": {"building": "yes", "source": "way"}, "geometry": {"type": "Point", "coordinates": [-82.89981605, 42.430010849999995]}}, {"type": "Feature", "properties": {"building": "yes", "source": "way"}, "geometry": {"type": "Point", "coordinates": [-82.89985407107226, 42.43027080940551]}}, {"type": "Feature", "properties": {"building": "yes", "source": "way"}, "geometry": {"type": "Point", "coordinates": [-82.89966733756702, 42.430190525126676]}}, {"type": "Feature", "properties": {"building": "yes", "source": "way"}, "geometry": {"type": "Point", "coordinates": [-82.89945831490753, 42.4301006226827]}}, {"type": "Feature", "properties": {"building": "yes", "source": "way"}, "geometry": {"type": "Point", "coordinates": [-82.8992179817528, 42.429880395540025]}}, {"type": "Feature", "properties": {"building": "yes", "source": "way"}, "geometry": {"type": "Point", "coordinates": [-82.89943033128877, 42.42986004552753]}}, {"type": "Feature", "properties": {"building": "yes", "source": "way"}, "geometry": {"type": "Point", "coordinates": [-82.89961250522332, 42.42981138412332]}}, {"type": "Feature", "properties": {"building": "yes", "source": "way"}, "geometry": {"type": "Point", "coordinates": [-82.89982575953142, 42.42988356126504]}}, {"type": "Feature", "properties": {"building": "yes", "source": "way"}, "geometry": {"type": "Point", "coordinates": [-82.90799170378186, 42.44037705201631]}}, {"type": "Feature", "properties": {"building": "house", "source": "way"}, "geometry": {"type": "Point", "coordinates": [-82.91378681239402, 42.436587256298075]}}, {"type": "Feature", "properties": {"building": "house", "source": "way"}, "geometry": {"type": "Point", "coordinates": [-82.9132088058887, 42.43646189615778]}}, {"type": "Feature", "properties": {"building": "house", "source": "way"}, "geometry": {"type": "Point", "coordinates": [-82.91334743533022, 42.43649623097311]}}, {"type": "Feature", "properties": {"building": "house", "source": "way"}, "geometry": {"type": "Point", "coordinates": [-82.91349578521212, 42.43652098097838]}}, {"type": "Feature", "properties": {"building": "house", "source": "way"}, "geometry": {"type": "Point", "coordinates": [-82.91363190588869, 42.43656569615777]}}, {"type": "Feature", "properties": {"building": "house", "source": "way"}, "geometry": {"type": "Point", "coordinates": [-82.91336692120015, 42.43604698271393]}}, {"type": "Feature", "properties": {"building": "house", "source": "way"}, "geometry": {"type": "Point", "coordinates": [-82.91353170530786, 42.436093239760325]}}, {"type": "Feature", "properties": {"building": "house", "source": "way"}, "geometry": {"type": "Point", "coordinates": [-82.91039509206664, 42.43623204503598]}}, {"type": "Feature", "properties": {"building": "house", "source": "way"}, "geometry": {"type": "Point", "coordinates": [-82.910538549573, 42.436265850465546]}}, {"type": "Feature", "properties": {"building": "house", "source": "way"}, "geometry": {"type": "Point", "coordinates": [-82.91067359535788, 42.43629854807796]}}, {"type": "Feature", "properties": {"building": "house", "source": "way"}, "geometry": {"type": "Point", "coordinates": [-82.91081329535785, 42.43633444807795]}}, {"type": "Feature", "properties": {"building": "house", "source": "way"}, "geometry": {"type": "Point", "coordinates": [-82.910960749573, 42.436364250465545]}}, {"type": "Feature", "properties": {"building": "house", "source": "way"}, "geometry": {"type": "Point", "coordinates": [-82.91109765594139, 42.43638484278558]}}, {"type": "Feature", "properties": {"building": "garage", "source": "way"}, "geometry": {"type": "Point", "coordinates": [-82.91085262844169, 42.436509072586766]}}, {"type": "Feature", "properties": {"building": "garage", "source": "way"}, "geometry": {"type": "Point", "coordinates": [-82.91071542844169, 42.43647607258677]}}, {"type": "Feature", "properties": {"building": "garage", "source": "way"}, "geometry": {"type": "Point", "coordinates": [-82.91056990963035, 42.436440759596266]}}, {"type": "Feature", "properties": {"building": "garage", "source": "way"}, "geometry": {"type": "Point", "coordinates": [-82.91028645531856, 42.4363770435306]}}, {"type": "Feature", "properties": {"building": "garage", "source": "way"}, "geometry": {"type": "Point", "coordinates": [-82.91016587788536, 42.4364368287805]}}, {"type": "Feature", "properties": {"building": "garage", "source": "way"}, "geometry": {"type": "Point", "coordinates": [-82.91030558131706, 42.43647577424867]}}, {"type": "Feature", "properties": {"building": "garage", "source": "way"}, "geometry": {"type": "Point", "coordinates": [-82.91044780174913, 42.43651234814219]}}, {"type": "Feature", "properties": {"building": "garage", "source": "way"}, "geometry": {"type": "Point", "coordinates": [-82.9111446040497, 42.4366803862273]}}, {"type": "Feature", "properties": {"building": "garage", "source": "way"}, "geometry": {"type": "Point", "coordinates": [-82.91086811638853, 42.436612857475666]}}, {"type": "Feature", "properties": {"building": "yes", "source": "way"}, "geometry": {"type": "Point", "coordinates": [-82.90861031112127, 42.43602572612578]}}, {"type": "Feature", "properties": {"building": "house", "source": "way"}, "geometry": {"type": "Point", "coordinates": [-82.90996892770416, 42.43613448226934]}}, {"type": "Feature", "properties": {"building": "house", "source": "way"}, "geometry": {"type": "Point", "coordinates": [-82.91347640293442, 42.435641341763514]}}, {"type": "Feature", "properties": {"building": "house", "source": "way"}, "geometry": {"type": "Point", "coordinates": [-82.91325123152552, 42.43559492418363]}}, {"type": "Feature", "properties": {"building": "house", "source": "way"}, "geometry": {"type": "Point", "coordinates": [-82.9130309494186, 42.4355269674549]}}, {"type": "Feature", "properties": {"building": "house", "source": "way"}, "geometry": {"type": "Point", "coordinates": [-82.9139505482615, 42.435756768648275]}}, {"type": "Feature", "properties": {"building": "school", "source": "way"}, "geometry": {"type": "Point", "coordinates": [-82.90157211147068, 42.442905481223555]}}, {"type": "Feature", "properties": {"building": "retail", "source": "way"}, "geometry": {"type": "Point", "coordinates": [-82.90705887466302, 42.439167481151785]}}, {"type": "Feature", "properties": {"building": "retail", "source": "way"}, "geometry": {"type": "Point", "coordinates": [-82.90712282790109, 42.43956455182073]}}, {"type": "Feature", "properties": {"building": "retail", "source": "way"}, "geometry": {"type": "Point", "coordinates": [-82.90615342191948, 42.44388286256813]}}, {"type": "Feature", "properties": {"building": "roof", "source": "way"}, "geometry": {"type": "Point", "coordinates": [-82.9064074199231, 42.44384757222991]}}, {"type": "Feature", "properties": {"building": "yes", "source": "way"}, "geometry": {"type": "Point", "coordinates": [-82.90617854891639, 42.445011624115615]}}, {"type": "Feature", "properties": {"building": "house", "source": "way"}, "geometry": {"type": "Point", "coordinates": [-82.91396525585024, 42.43888898986421]}}, {"type": "Feature", "properties": {"building": "house", "source": "way"}, "geometry": {"type": "Point", "coordinates": [-82.91368104472652, 42.43882691984041]}}, {"type": "Feature", "properties": {"building": "house", "source": "way"}, "geometry": {"type": "Point", "coordinates": [-82.91381882042185, 42.43885302386606]}}, {"type": "Feature", "properties": {"building": "house", "source": "way"}, "geometry": {"type": "Point", "coordinates": [-82.91410150528334, 42.43892318015608]}}, {"type": "Feature", "properties": {"building": "house", "source": "way"}, "geometry": {"type": "Point", "coordinates": [-82.91424634999998, 42.438954849999995]}}, {"type": "Feature", "properties": {"building": "house", "source": "way"}, "geometry": {"type": "Point", "coordinates": [-82.91415682487153, 42.438451311728734]}}, {"type": "Feature", "properties": {"building": "house", "source": "way"}, "geometry": {"type": "Point", "coordinates": [-82.91402105000002, 42.438404549999994]}}, {"type": "Feature", "properties": {"building": "house", "source": "way"}, "geometry": {"type": "Point", "coordinates": [-82.91430196812962, 42.43848810739686]}}, {"type": "Feature", "properties": {"building": "yes", "source": "way"}, "geometry": {"type": "Point", "coordinates": [-82.90713767276033, 42.437830909724624]}}, {"type": "Feature", "properties": {"building": "school", "source": "way"}, "geometry": {"type": "Point", "coordinates": [-82.90606160109577, 42.44221160785015]}}, {"type": "Feature", "properties": {"building": "school", "source": "way"}, "geometry": {"type": "Point", "coordinates": [-82.90656191259235, 42.4429417332259]}}, {"type": "Feature", "properties": {"building": "service", "source": "way"}, "geometry": {"type": "Point", "coordinates": [-82.90590590591782, 42.44162318661434]}}, {"type": "Feature", "properties": {"building": "service", "source": "way"}, "geometry": {"type": "Point", "coordinates": [-82.90567333734312, 42.4415714486615]}}, {"type": "Feature", "properties": {"building": "retail", "source": "way"}, "geometry": {"type": "Point", "coordinates": [-82.90750710699332, 42.44422476805198]}}, {"type": "Feature", "properties": {"building": "yes", "source": "way"}, "geometry": {"type": "Point", "coordinates": [-82.90274989621675, 42.450363685579]}}, {"type": "Feature", "properties": {"building": "house", "source": "way"}, "geometry": {"type": "Point", "coordinates": [-82.9015948940102, 42.44395531978266]}}, {"type": "Feature", "properties": {"building": "house", "source": "way"}, "geometry": {"type": "Point", "coordinates": [-82.9014558940102, 42.44391801978265]}}, {"type": "Feature", "properties": {"building": "house", "source": "way"}, "geometry": {"type": "Point", "coordinates": [-82.90131147577138, 42.443887487264156]}}, {"type": "Feature", "properties": {"building": "house", "source": "way"}, "geometry": {"type": "Point", "coordinates": [-82.9017363940102, 42.44398531978266]}}, {"type": "Feature", "properties": {"building": "house", "source": "way"}, "geometry": {"type": "Point", "coordinates": [-82.90187749401021, 42.44402711978265]}}, {"type": "Feature", "properties": {"building": "house", "source": "way"}, "geometry": {"type": "Point", "coordinates": [-82.90117130000002, 42.44386155000001]}}, {"type": "Feature", "properties": {"building": "house", "source": "way"}, "geometry": {"type": "Point", "coordinates": [-82.90075386379003, 42.44375092682553]}}, {"type": "Feature", "properties": {"building": "house", "source": "way"}, "geometry": {"type": "Point", "coordinates": [-82.90089326379005, 42.44377522682554]}}, {"type": "Feature", "properties": {"building": "house", "source": "way"}, "geometry": {"type": "Point", "coordinates": [-82.90061360598979, 42.44371978021734]}}, {"type": "Feature", "properties": {"building": "house", "source": "way"}, "geometry": {"type": "Point", "coordinates": [-82.90018867577135, 42.44362438726415]}}, {"type": "Feature", "properties": {"building": "house", "source": "way"}, "geometry": {"type": "Point", "coordinates": [-82.9006245940102, 42.44330971978266]}}, {"type": "Feature", "properties": {"building": "house", "source": "way"}, "geometry": {"type": "Point", "coordinates": [-82.90049584999997, 42.44327335]}}, {"type": "Feature", "properties": {"building": "house", "source": "way"}, "geometry": {"type": "Point", "coordinates": [-82.9009136059898, 42.44337688021735]}}, {"type": "Feature", "properties": {"building": "house", "source": "way"}, "geometry": {"type": "Point", "coordinates": [-82.90105620475721, 42.443399580341215]}}, {"type": "Feature", "properties": {"building": "house", "source": "way"}, "geometry": {"type": "Point", "coordinates": [-82.90119570598979, 42.44345188021733]}}, {"type": "Feature", "properties": {"building": "house", "source": "way"}, "geometry": {"type": "Point", "coordinates": [-82.90131855364054, 42.443479230951915]}}, {"type": "Feature", "properties": {"building": "house", "source": "way"}, "geometry": {"type": "Point", "coordinates": [-82.90146127577137, 42.443506087264154]}}, {"type": "Feature", "properties": {"building": "house", "source": "way"}, "geometry": {"type": "Point", "coordinates": [-82.90159787646903, 42.44354806050174]}}, {"type": "Feature", "properties": {"building": "house", "source": "way"}, "geometry": {"type": "Point", "coordinates": [-82.90174011510294, 42.443583078132164]}}, {"type": "Feature", "properties": {"building": "house", "source": "way"}, "geometry": {"type": "Point", "coordinates": [-82.90202858068466, 42.44363019118378]}}, {"type": "Feature", "properties": {"building": "house", "source": "way"}, "geometry": {"type": "Point", "coordinates": [-82.90244048030931, 42.443754192545626]}}, {"type": "Feature", "properties": {"building": "house", "source": "way"}, "geometry": {"type": "Point", "coordinates": [-82.9023043940102, 42.44370971978266]}}, {"type": "Feature", "properties": {"building": "house", "source": "way"}, "geometry": {"type": "Point", "coordinates": [-82.90216230101893, 42.44368202487796]}}, {"type": "Feature", "properties": {"building": "house", "source": "way"}, "geometry": {"type": "Point", "coordinates": [-82.90007050598979, 42.44317358021734]}}, {"type": "Feature", "properties": {"building": "house", "source": "way"}, "geometry": {"type": "Point", "coordinates": [-82.90017725763116, 42.443203974213596]}}, {"type": "Feature", "properties": {"building": "house", "source": "way"}, "geometry": {"type": "Point", "coordinates": [-82.90034620598979, 42.44324508021734]}}, {"type": "Feature", "properties": {"building": "house", "source": "way"}, "geometry": {"type": "Point", "coordinates": [-82.90103345, 42.4438074]}}, {"type": "Feature", "properties": {"building": "house", "source": "way"}, "geometry": {"type": "Point", "coordinates": [-82.91098045000001, 42.43905015000001]}}, {"type": "Feature", "properties": {"building": "house", "source": "way"}, "geometry": {"type": "Point", "coordinates": [-82.91111950000001, 42.43908385000001]}}, {"type": "Feature", "properties": {"building": "house", "source": "way"}, "geometry": {"type": "Point", "coordinates": [-82.91125964999998, 42.43911754999999]}}, {"type": "Feature", "properties": {"building": "house", "source": "way"}, "geometry": {"type": "Point", "coordinates": [-82.91139445896414, 42.4391595799375]}}, {"type": "Feature", "properties": {"building": "house", "source": "way"}, "geometry": {"type": "Point", "coordinates": [-82.91153131524584, 42.439208278765726]}}, {"type": "Feature", "properties": {"building": "house", "source": "way"}, "geometry": {"type": "Point", "coordinates": [-82.91168744999999, 42.43921894999999]}}, {"type": "Feature", "properties": {"building": "house", "source": "way"}, "geometry": {"type": "Point", "coordinates": [-82.91182425, 42.43925265000001]}}, {"type": "Feature", "properties": {"building": "house", "source": "way"}, "geometry": {"type": "Point", "coordinates": [-82.91196305, 42.439291250000004]}}, {"type": "Feature", "properties": {"building": "house", "source": "way"}, "geometry": {"type": "Point", "coordinates": [-82.91209819999999, 42.43934045]}}, {"type": "Feature", "properties": {"building": "house", "source": "way"}, "geometry": {"type": "Point", "coordinates": [-82.91223808039202, 42.4393806920578]}}, {"type": "Feature", "properties": {"building": "house", "source": "way"}, "geometry": {"type": "Point", "coordinates": [-82.9123882, 42.439395149999996]}}, {"type": "Feature", "properties": {"building": "house", "source": "way"}, "geometry": {"type": "Point", "coordinates": [-82.91252765, 42.43942435]}}, {"type": "Feature", "properties": {"building": "house", "source": "way"}, "geometry": {"type": "Point", "coordinates": [-82.91281655896415, 42.43948967993752]}}, {"type": "Feature", "properties": {"building": "house", "source": "way"}, "geometry": {"type": "Point", "coordinates": [-82.91266982886442, 42.43947030920205]}}, {"type": "Feature", "properties": {"building": "house", "source": "way"}, "geometry": {"type": "Point", "coordinates": [-82.91295215896415, 42.43950837993751]}}, {"type": "Feature", "properties": {"building": "house", "source": "way"}, "geometry": {"type": "Point", "coordinates": [-82.91114985, 42.43866934999999]}}, {"type": "Feature", "properties": {"building": "house", "source": "way"}, "geometry": {"type": "Point", "coordinates": [-82.91129199104847, 42.43870152006038]}}, {"type": "Feature", "properties": {"building": "house", "source": "way"}, "geometry": {"type": "Point", "coordinates": [-82.9114355, 42.43872874999999]}}, {"type": "Feature", "properties": {"building": "house", "source": "way"}, "geometry": {"type": "Point", "coordinates": [-82.91156554999999, 42.43877675]}}, {"type": "Feature", "properties": {"building": "house", "source": "way"}, "geometry": {"type": "Point", "coordinates": [-82.91100435, 42.438641649999994]}}, {"type": "Feature", "properties": {"building": "house", "source": "way"}, "geometry": {"type": "Point", "coordinates": [-82.91085745000001, 42.43860455]}}, {"type": "Feature", "properties": {"building": "house", "source": "way"}, "geometry": {"type": "Point", "coordinates": [-82.91255405, 42.43901255000001]}}, {"type": "Feature", "properties": {"building": "house", "source": "way"}, "geometry": {"type": "Point", "coordinates": [-82.91269824103588, 42.439044720062505]}}, {"type": "Feature", "properties": {"building": "house", "source": "way"}, "geometry": {"type": "Point", "coordinates": [-82.912424, 42.43896755000001]}}, {"type": "Feature", "properties": {"building": "house", "source": "way"}, "geometry": {"type": "Point", "coordinates": [-82.91227645, 42.43894775]}}, {"type": "Feature", "properties": {"building": "house", "source": "way"}, "geometry": {"type": "Point", "coordinates": [-82.91213834999998, 42.438907150000006]}}, {"type": "Feature", "properties": {"building": "house", "source": "way"}, "geometry": {"type": "Point", "coordinates": [-82.91199684103587, 42.438872520062496]}}, {"type": "Feature", "properties": {"building": "house", "source": "way"}, "geometry": {"type": "Point", "coordinates": [-82.91186195575898, 42.43881838020535]}}, {"type": "Feature", "properties": {"building": "house", "source": "way"}, "geometry": {"type": "Point", "coordinates": [-82.91171924424101, 42.43879381979465]}}, {"type": "Feature", "properties": {"building": "house", "source": "way"}, "geometry": {"type": "Point", "coordinates": [-82.91284312006175, 42.43906795503153]}}, {"type": "Feature", "properties": {"building": "house", "source": "way"}, "geometry": {"type": "Point", "coordinates": [-82.9129806, 42.43911445]}}, {"type": "Feature", "properties": {"building": "house", "source": "way"}, "geometry": {"type": "Point", "coordinates": [-82.91312025, 42.43911795]}}, {"type": "Feature", "properties": {"building": "house", "source": "way"}, "geometry": {"type": "Point", "coordinates": [-82.91083119417749, 42.439038419785255]}}, {"type": "Feature", "properties": {"building": "house", "source": "way"}, "geometry": {"type": "Point", "coordinates": [-82.9106884, 42.439002949999995]}}, {"type": "Feature", "properties": {"building": "house", "source": "way"}, "geometry": {"type": "Point", "coordinates": [-82.90935859999999, 42.438662750000006]}}, {"type": "Feature", "properties": {"building": "house", "source": "way"}, "geometry": {"type": "Point", "coordinates": [-82.90949925000001, 42.43869575000001]}}, {"type": "Feature", "properties": {"building": "house", "source": "way"}, "geometry": {"type": "Point", "coordinates": [-82.90921455896415, 42.43862967993752]}}, {"type": "Feature", "properties": {"building": "house", "source": "way"}, "geometry": {"type": "Point", "coordinates": [-82.90907264103588, 42.4386038200625]}}, {"type": "Feature", "properties": {"building": "house", "source": "way"}, "geometry": {"type": "Point", "coordinates": [-82.90893404999998, 42.438567649999996]}}, {"type": "Feature", "properties": {"building": "house", "source": "way"}, "geometry": {"type": "Point", "coordinates": [-82.9090226, 42.438167750000005]}}, {"type": "Feature", "properties": {"building": "house", "source": "way"}, "geometry": {"type": "Point", "coordinates": [-82.90918620000001, 42.438202899999986]}}, {"type": "Feature", "properties": {"building": "house", "source": "way"}, "geometry": {"type": "Point", "coordinates": [-82.90934915, 42.4382415]}}, {"type": "Feature", "properties": {"building": "house", "source": "way"}, "geometry": {"type": "Point", "coordinates": [-82.90950405000001, 42.4382801]}}, {"type": "Feature", "properties": {"building": "house", "source": "way"}, "geometry": {"type": "Point", "coordinates": [-82.90964955000001, 42.43832065000001]}}, {"type": "Feature", "properties": {"building": "house", "source": "way"}, "geometry": {"type": "Point", "coordinates": [-82.90980845000001, 42.43835385]}}, {"type": "Feature", "properties": {"building": "house", "source": "way"}, "geometry": {"type": "Point", "coordinates": [-82.90994395896415, 42.43838747993752]}}, {"type": "Feature", "properties": {"building": "house", "source": "way"}, "geometry": {"type": "Point", "coordinates": [-82.91009614999999, 42.43841125]}}, {"type": "Feature", "properties": {"building": "house", "source": "way"}, "geometry": {"type": "Point", "coordinates": [-82.91023494103587, 42.438442920062485]}}, {"type": "Feature", "properties": {"building": "house", "source": "way"}, "geometry": {"type": "Point", "coordinates": [-82.91038111951896, 42.43846990801623]}}, {"type": "Feature", "properties": {"building": "house", "source": "way"}, "geometry": {"type": "Point", "coordinates": [-82.90963695, 42.438733150000004]}}, {"type": "Feature", "properties": {"building": "house", "source": "way"}, "geometry": {"type": "Point", "coordinates": [-82.90978175, 42.438766750000006]}}, {"type": "Feature", "properties": {"building": "house", "source": "way"}, "geometry": {"type": "Point", "coordinates": [-82.90990314999999, 42.438840049999996]}}, {"type": "Feature", "properties": {"building": "house", "source": "way"}, "geometry": {"type": "Point", "coordinates": [-82.9100363057837, 42.43886003036311]}}, {"type": "Feature", "properties": {"building": "house", "source": "way"}, "geometry": {"type": "Point", "coordinates": [-82.91018215, 42.43886925]}}, {"type": "Feature", "properties": {"building": "house", "source": "way"}, "geometry": {"type": "Point", "coordinates": [-82.91032045579232, 42.43892383035656]}}, {"type": "Feature", "properties": {"building": "house", "source": "way"}, "geometry": {"type": "Point", "coordinates": [-82.90959624999999, 42.43919685]}}, {"type": "Feature", "properties": {"building": "house", "source": "way"}, "geometry": {"type": "Point", "coordinates": [-82.909456, 42.43916315]}}, {"type": "Feature", "properties": {"building": "house", "source": "way"}, "geometry": {"type": "Point", "coordinates": [-82.90930855579232, 42.439127330356555]}}, {"type": "Feature", "properties": {"building": "house", "source": "way"}, "geometry": {"type": "Point", "coordinates": [-82.90917211964373, 42.439086507030325]}}, {"type": "Feature", "properties": {"building": "house", "source": "way"}, "geometry": {"type": "Point", "coordinates": [-82.90987804999999, 42.43925795]}}, {"type": "Feature", "properties": {"building": "house", "source": "way"}, "geometry": {"type": "Point", "coordinates": [-82.9100202, 42.43929455]}}, {"type": "Feature", "properties": {"building": "house", "source": "way"}, "geometry": {"type": "Point", "coordinates": [-82.91014965, 42.43931734999999]}}, {"type": "Feature", "properties": {"building": "house", "source": "way"}, "geometry": {"type": "Point", "coordinates": [-82.90974059999999, 42.43923025]}}, {"type": "Feature", "properties": {"building": "house", "source": "way"}, "geometry": {"type": "Point", "coordinates": [-82.91040894103588, 42.4380247200625]}}, {"type": "Feature", "properties": {"building": "house", "source": "way"}, "geometry": {"type": "Point", "coordinates": [-82.91054504103587, 42.43805492006249]}}, {"type": "Feature", "properties": {"building": "house", "source": "way"}, "geometry": {"type": "Point", "coordinates": [-82.91069454103588, 42.43809502006249]}}, {"type": "Feature", "properties": {"building": "house", "source": "way"}, "geometry": {"type": "Point", "coordinates": [-82.91026144103589, 42.4379925200625]}}, {"type": "Feature", "properties": {"building": "house", "source": "way"}, "geometry": {"type": "Point", "coordinates": [-82.9101021922251, 42.437980661786014]}}, {"type": "Feature", "properties": {"building": "house", "source": "way"}, "geometry": {"type": "Point", "coordinates": [-82.90996516687626, 42.43795193310572]}}, {"type": "Feature", "properties": {"building": "house", "source": "way"}, "geometry": {"type": "Point", "coordinates": [-82.90966054103588, 42.4378475200625]}}, {"type": "Feature", "properties": {"building": "house", "source": "way"}, "geometry": {"type": "Point", "coordinates": [-82.90981954103589, 42.43788612006249]}}, {"type": "Feature", "properties": {"building": "house", "source": "way"}, "geometry": {"type": "Point", "coordinates": [-82.90937694103587, 42.4377901200625]}}, {"type": "Feature", "properties": {"building": "house", "source": "way"}, "geometry": {"type": "Point", "coordinates": [-82.90921208021423, 42.43775414281248]}}, {"type": "Feature", "properties": {"building": "house", "source": "way"}, "geometry": {"type": "Point", "coordinates": [-82.90890158021422, 42.43767634281249]}}, {"type": "Feature", "properties": {"building": "house", "source": "way"}, "geometry": {"type": "Point", "coordinates": [-82.90888051979124, 42.43810190719423]}}, {"type": "Feature", "properties": {"building": "house", "source": "way"}, "geometry": {"type": "Point", "coordinates": [-82.90905761978577, 42.43771755718752]}}, {"type": "Feature", "properties": {"building": "house", "source": "way"}, "geometry": {"type": "Point", "coordinates": [-82.91060691978578, 42.43761125718752]}}, {"type": "Feature", "properties": {"building": "house", "source": "way"}, "geometry": {"type": "Point", "coordinates": [-82.91047144999999, 42.43756525]}}, {"type": "Feature", "properties": {"building": "house", "source": "way"}, "geometry": {"type": "Point", "coordinates": [-82.9103286139115, 42.43752957698452]}}, {"type": "Feature", "properties": {"building": "house", "source": "way"}, "geometry": {"type": "Point", "coordinates": [-82.91018581978578, 42.437506357187516]}}, {"type": "Feature", "properties": {"building": "house", "source": "way"}, "geometry": {"type": "Point", "coordinates": [-82.91003761978577, 42.437475157187514]}}, {"type": "Feature", "properties": {"building": "house", "source": "way"}, "geometry": {"type": "Point", "coordinates": [-82.90975931978578, 42.43739845718751]}}, {"type": "Feature", "properties": {"building": "house", "source": "way"}, "geometry": {"type": "Point", "coordinates": [-82.90962387433318, 42.43736476259383]}}, {"type": "Feature", "properties": {"building": "house", "source": "way"}, "geometry": {"type": "Point", "coordinates": [-82.90930934103588, 42.43731332006249]}}, {"type": "Feature", "properties": {"building": "house", "source": "way"}, "geometry": {"type": "Point", "coordinates": [-82.90946284103589, 42.4373509200625]}}, {"type": "Feature", "properties": {"building": "house", "source": "way"}, "geometry": {"type": "Point", "coordinates": [-82.90914974103588, 42.43727622006249]}}, {"type": "Feature", "properties": {"building": "house", "source": "way"}, "geometry": {"type": "Point", "coordinates": [-82.9090061195558, 42.43721315803214]}}, {"type": "Feature", "properties": {"building": "house", "source": "way"}, "geometry": {"type": "Point", "coordinates": [-82.9103575, 42.43711645]}}, {"type": "Feature", "properties": {"building": "house", "source": "way"}, "geometry": {"type": "Point", "coordinates": [-82.91021532641594, 42.43708751056763]}}, {"type": "Feature", "properties": {"building": "house", "source": "way"}, "geometry": {"type": "Point", "coordinates": [-82.91007659999998, 42.437042250000005]}}, {"type": "Feature", "properties": {"building": "house", "source": "way"}, "geometry": {"type": "Point", "coordinates": [-82.91063471978579, 42.437189257187526]}}, {"type": "Feature", "properties": {"building": "house", "source": "way"}, "geometry": {"type": "Point", "coordinates": [-82.91076992566683, 42.437223537406155]}}, {"type": "Feature", "properties": {"building": "house", "source": "way"}, "geometry": {"type": "Point", "coordinates": [-82.91092226849842, 42.43725348954912]}}, {"type": "Feature", "properties": {"building": "house", "source": "way"}, "geometry": {"type": "Point", "coordinates": [-82.91104213818473, 42.43728925350252]}}, {"type": "Feature", "properties": {"building": "house", "source": "way"}, "geometry": {"type": "Point", "coordinates": [-82.91234334103588, 42.43667662006249]}}, {"type": "Feature", "properties": {"building": "house", "source": "way"}, "geometry": {"type": "Point", "coordinates": [-82.91219984103587, 42.43664292006249]}}, {"type": "Feature", "properties": {"building": "house", "source": "way"}, "geometry": {"type": "Point", "coordinates": [-82.91206304103588, 42.436610320062485]}}, {"type": "Feature", "properties": {"building": "house", "source": "way"}, "geometry": {"type": "Point", "coordinates": [-82.91248274103587, 42.43671222006249]}}, {"type": "Feature", "properties": {"building": "house", "source": "way"}, "geometry": {"type": "Point", "coordinates": [-82.91192284103587, 42.436577120062495]}}, {"type": "Feature", "properties": {"building": "house", "source": "way"}, "geometry": {"type": "Point", "coordinates": [-82.91177404103587, 42.436542520062495]}}, {"type": "Feature", "properties": {"building": "house", "source": "way"}, "geometry": {"type": "Point", "coordinates": [-82.91290654103588, 42.436815720062505]}}, {"type": "Feature", "properties": {"building": "house", "source": "way"}, "geometry": {"type": "Point", "coordinates": [-82.91304804103588, 42.4368508200625]}}, {"type": "Feature", "properties": {"building": "house", "source": "way"}, "geometry": {"type": "Point", "coordinates": [-82.91347114103587, 42.436951320062505]}}, {"type": "Feature", "properties": {"building": "house", "source": "way"}, "geometry": {"type": "Point", "coordinates": [-82.91360724103588, 42.4369859200625]}}, {"type": "Feature", "properties": {"building": "house", "source": "way"}, "geometry": {"type": "Point", "coordinates": [-82.91375144103587, 42.4370176200625]}}, {"type": "Feature", "properties": {"building": "house", "source": "way"}, "geometry": {"type": "Point", "coordinates": [-82.91389224103588, 42.43705172006249]}}, {"type": "Feature", "properties": {"building": "house", "source": "way"}, "geometry": {"type": "Point", "coordinates": [-82.91402094103587, 42.4370824200625]}}, {"type": "Feature", "properties": {"building": "house", "source": "way"}, "geometry": {"type": "Point", "coordinates": [-82.91257454103588, 42.437206320062494]}}, {"type": "Feature", "properties": {"building": "house", "source": "way"}, "geometry": {"type": "Point", "coordinates": [-82.91243434103588, 42.4371732200625]}}, {"type": "Feature", "properties": {"building": "house", "source": "way"}, "geometry": {"type": "Point", "coordinates": [-82.91229024103588, 42.4371375200625]}}, {"type": "Feature", "properties": {"building": "house", "source": "way"}, "geometry": {"type": "Point", "coordinates": [-82.91271604103585, 42.43724342006249]}}, {"type": "Feature", "properties": {"building": "house", "source": "way"}, "geometry": {"type": "Point", "coordinates": [-82.91215144103589, 42.4371078200625]}}, {"type": "Feature", "properties": {"building": "house", "source": "way"}, "geometry": {"type": "Point", "coordinates": [-82.91201324103588, 42.43707322006249]}}, {"type": "Feature", "properties": {"building": "house", "source": "way"}, "geometry": {"type": "Point", "coordinates": [-82.91187384103587, 42.4370366200625]}}, {"type": "Feature", "properties": {"building": "house", "source": "way"}, "geometry": {"type": "Point", "coordinates": [-82.91159014103589, 42.436969820062494]}}, {"type": "Feature", "properties": {"building": "house", "source": "way"}, "geometry": {"type": "Point", "coordinates": [-82.91299894103588, 42.437309220062495]}}, {"type": "Feature", "properties": {"building": "house", "source": "way"}, "geometry": {"type": "Point", "coordinates": [-82.91285944103588, 42.437272120062495]}}, {"type": "Feature", "properties": {"building": "house", "source": "way"}, "geometry": {"type": "Point", "coordinates": [-82.91314244103589, 42.43733402006249]}}, {"type": "Feature", "properties": {"building": "house", "source": "way"}, "geometry": {"type": "Point", "coordinates": [-82.91342474103587, 42.43739582006249]}}, {"type": "Feature", "properties": {"building": "house", "source": "way"}, "geometry": {"type": "Point", "coordinates": [-82.91328124103589, 42.43736862006249]}}, {"type": "Feature", "properties": {"building": "house", "source": "way"}, "geometry": {"type": "Point", "coordinates": [-82.91355884103588, 42.4374453200625]}}, {"type": "Feature", "properties": {"building": "house", "source": "way"}, "geometry": {"type": "Point", "coordinates": [-82.91370164103589, 42.43747302006249]}}, {"type": "Feature", "properties": {"building": "house", "source": "way"}, "geometry": {"type": "Point", "coordinates": [-82.91198384103589, 42.43748332006249]}}, {"type": "Feature", "properties": {"building": "house", "source": "way"}, "geometry": {"type": "Point", "coordinates": [-82.91183834103587, 42.43746302006249]}}, {"type": "Feature", "properties": {"building": "house", "source": "way"}, "geometry": {"type": "Point", "coordinates": [-82.91212604103588, 42.437521920062494]}}, {"type": "Feature", "properties": {"building": "house", "source": "way"}, "geometry": {"type": "Point", "coordinates": [-82.91226219472742, 42.43756621967256]}}, {"type": "Feature", "properties": {"building": "house", "source": "way"}, "geometry": {"type": "Point", "coordinates": [-82.91240964103586, 42.43758632006249]}}, {"type": "Feature", "properties": {"building": "house", "source": "way"}, "geometry": {"type": "Point", "coordinates": [-82.91269124103587, 42.4376506200625]}}, {"type": "Feature", "properties": {"building": "house", "source": "way"}, "geometry": {"type": "Point", "coordinates": [-82.91283274103587, 42.43768572006249]}}, {"type": "Feature", "properties": {"building": "house", "source": "way"}, "geometry": {"type": "Point", "coordinates": [-82.91325254103587, 42.437784720062496]}}, {"type": "Feature", "properties": {"building": "house", "source": "way"}, "geometry": {"type": "Point", "coordinates": [-82.91339204103588, 42.4378213200625]}}, {"type": "Feature", "properties": {"building": "house", "source": "way"}, "geometry": {"type": "Point", "coordinates": [-82.91179714103589, 42.43789812006249]}}, {"type": "Feature", "properties": {"building": "house", "source": "way"}, "geometry": {"type": "Point", "coordinates": [-82.91194534103589, 42.43792932006251]}}, {"type": "Feature", "properties": {"building": "house", "source": "way"}, "geometry": {"type": "Point", "coordinates": [-82.91208144103588, 42.437975820062505]}}, {"type": "Feature", "properties": {"building": "house", "source": "way"}, "geometry": {"type": "Point", "coordinates": [-82.91222224103588, 42.4380035200625]}}, {"type": "Feature", "properties": {"building": "house", "source": "way"}, "geometry": {"type": "Point", "coordinates": [-82.91236374103589, 42.438040120062496]}}, {"type": "Feature", "properties": {"building": "house", "source": "way"}, "geometry": {"type": "Point", "coordinates": [-82.91250630574133, 42.43806268024716]}}, {"type": "Feature", "properties": {"building": "house", "source": "way"}, "geometry": {"type": "Point", "coordinates": [-82.91278484103587, 42.4381436200625]}}, {"type": "Feature", "properties": {"building": "house", "source": "way"}, "geometry": {"type": "Point", "coordinates": [-82.9129295, 42.43816165]}}, {"type": "Feature", "properties": {"building": "house", "source": "way"}, "geometry": {"type": "Point", "coordinates": [-82.91306484103589, 42.438212520062486]}}, {"type": "Feature", "properties": {"building": "house", "source": "way"}, "geometry": {"type": "Point", "coordinates": [-82.91320674103586, 42.438246220062496]}}, {"type": "Feature", "properties": {"building": "house", "source": "way"}, "geometry": {"type": "Point", "coordinates": [-82.91334914103588, 42.43828142006249]}}, {"type": "Feature", "properties": {"building": "house", "source": "way"}, "geometry": {"type": "Point", "coordinates": [-82.91348384103587, 42.43830952006249]}}, {"type": "Feature", "properties": {"building": "house", "source": "way"}, "geometry": {"type": "Point", "coordinates": [-82.91263964103587, 42.43811112006249]}}, {"type": "Feature", "properties": {"building": "house", "source": "way"}, "geometry": {"type": "Point", "coordinates": [-82.91296253912405, 42.43774669983763]}}, {"type": "Feature", "properties": {"building": "house", "source": "way"}, "geometry": {"type": "Point", "coordinates": [-82.91155754103589, 42.43739262006249]}}, {"type": "Feature", "properties": {"building": "house", "source": "way"}, "geometry": {"type": "Point", "coordinates": [-82.91169469999998, 42.437441899999996]}}, {"type": "Feature", "properties": {"building": "house", "source": "way"}, "geometry": {"type": "Point", "coordinates": [-82.91137024103588, 42.43779782006249]}}, {"type": "Feature", "properties": {"building": "house", "source": "way"}, "geometry": {"type": "Point", "coordinates": [-82.91151374103589, 42.4378309200625]}}, {"type": "Feature", "properties": {"building": "house", "source": "way"}, "geometry": {"type": "Point", "coordinates": [-82.91165584103587, 42.4378730200625]}}, {"type": "Feature", "properties": {"building": "house", "source": "way"}, "geometry": {"type": "Point", "coordinates": [-82.91122274103587, 42.4377740200625]}}, {"type": "Feature", "properties": {"building": "house", "source": "way"}, "geometry": {"type": "Point", "coordinates": [-82.91073954103588, 42.43765972006249]}}, {"type": "Feature", "properties": {"building": "house", "source": "way"}, "geometry": {"type": "Point", "coordinates": [-82.91087479349726, 42.43767877004163]}}, {"type": "Feature", "properties": {"building": "garage", "source": "way"}, "geometry": {"type": "Point", "coordinates": [-82.91159185, 42.43757575000001]}}, {"type": "Feature", "properties": {"building": "garage", "source": "way"}, "geometry": {"type": "Point", "coordinates": [-82.91154927174271, 42.437659564711915]}}, {"type": "Feature", "properties": {"building": "garage", "source": "way"}, "geometry": {"type": "Point", "coordinates": [-82.91169278847894, 42.43769522493358]}}, {"type": "Feature", "properties": {"building": "garage", "source": "way"}, "geometry": {"type": "Point", "coordinates": [-82.91173232825727, 42.43760713528808]}}, {"type": "Feature", "properties": {"building": "garage", "source": "way"}, "geometry": {"type": "Point", "coordinates": [-82.91182821152107, 42.43772837506643]}}, {"type": "Feature", "properties": {"building": "garage", "source": "way"}, "geometry": {"type": "Point", "coordinates": [-82.91186977174269, 42.43764276471191]}}, {"type": "Feature", "properties": {"building": "garage", "source": "way"}, "geometry": {"type": "Point", "coordinates": [-82.91145269161704, 42.437544769894885]}}, {"type": "Feature", "properties": {"building": "garage", "source": "way"}, "geometry": {"type": "Point", "coordinates": [-82.91140578847894, 42.43762692493357]}}, {"type": "Feature", "properties": {"building": "garage", "source": "way"}, "geometry": {"type": "Point", "coordinates": [-82.91127568847897, 42.437599724933584]}}, {"type": "Feature", "properties": {"building": "garage", "source": "way"}, "geometry": {"type": "Point", "coordinates": [-82.91131658847895, 42.437511624933585]}}, {"type": "Feature", "properties": {"building": "garage", "source": "way"}, "geometry": {"type": "Point", "coordinates": [-82.91197150838295, 42.43776633010512]}}, {"type": "Feature", "properties": {"building": "garage", "source": "way"}, "geometry": {"type": "Point", "coordinates": [-82.91201882825729, 42.43767063528808]}}, {"type": "Feature", "properties": {"building": "garage", "source": "way"}, "geometry": {"type": "Point", "coordinates": [-82.91215990838293, 42.43771083010512]}}, {"type": "Feature", "properties": {"building": "garage", "source": "way"}, "geometry": {"type": "Point", "coordinates": [-82.91239771152105, 42.43786577506642]}}, {"type": "Feature", "properties": {"building": "garage", "source": "way"}, "geometry": {"type": "Point", "coordinates": [-82.91253331989614, 42.43791315518847]}}, {"type": "Feature", "properties": {"building": "garage", "source": "way"}, "geometry": {"type": "Point", "coordinates": [-82.9126765282573, 42.43793063528808]}}, {"type": "Feature", "properties": {"building": "garage", "source": "way"}, "geometry": {"type": "Point", "coordinates": [-82.9128264717427, 42.43796706471191]}}, {"type": "Feature", "properties": {"building": "garage", "source": "way"}, "geometry": {"type": "Point", "coordinates": [-82.91295955836978, 42.43799703011352]}}, {"type": "Feature", "properties": {"building": "garage", "source": "way"}, "geometry": {"type": "Point", "coordinates": [-82.91338189999999, 42.4381032]}}, {"type": "Feature", "properties": {"building": "garage", "source": "way"}, "geometry": {"type": "Point", "coordinates": [-82.91341678010727, 42.43801759482411]}}, {"type": "Feature", "properties": {"building": "garage", "source": "way"}, "geometry": {"type": "Point", "coordinates": [-82.91324377174271, 42.438067564711915]}}, {"type": "Feature", "properties": {"building": "garage", "source": "way"}, "geometry": {"type": "Point", "coordinates": [-82.9135669717427, 42.438144264711916]}}, {"type": "Feature", "properties": {"building": "garage", "source": "way"}, "geometry": {"type": "Point", "coordinates": [-82.9136045282573, 42.43806213528808]}}, {"type": "Feature", "properties": {"building": "house", "source": "way"}, "geometry": {"type": "Point", "coordinates": [-82.91376127016048, 42.43971285621968]}}, {"type": "Feature", "properties": {"building": "house", "source": "way"}, "geometry": {"type": "Point", "coordinates": [-82.91407220528336, 42.43935648015607]}}, {"type": "Feature", "properties": {"building": "house", "source": "way"}, "geometry": {"type": "Point", "coordinates": [-82.91393490528336, 42.43932158015607]}}, {"type": "Feature", "properties": {"building": "house", "source": "way"}, "geometry": {"type": "Point", "coordinates": [-82.91379130528334, 42.43928888015608]}}, {"type": "Feature", "properties": {"building": "house", "source": "way"}, "geometry": {"type": "Point", "coordinates": [-82.91364820528337, 42.43925388015607]}}, {"type": "Feature", "properties": {"building": "house", "source": "way"}, "geometry": {"type": "Point", "coordinates": [-82.91377546990527, 42.441118957106625]}}, {"type": "Feature", "properties": {"building": "house", "source": "way"}, "geometry": {"type": "Point", "coordinates": [-82.91362386990528, 42.44108785710662]}}, {"type": "Feature", "properties": {"building": "house", "source": "way"}, "geometry": {"type": "Point", "coordinates": [-82.91060129999998, 42.442693899999995]}}, {"type": "Feature", "properties": {"building": "house", "source": "way"}, "geometry": {"type": "Point", "coordinates": [-82.91073312014552, 42.44273730708545]}}, {"type": "Feature", "properties": {"building": "house", "source": "way"}, "geometry": {"type": "Point", "coordinates": [-82.91087565000002, 42.4427729]}}, {"type": "Feature", "properties": {"building": "house", "source": "way"}, "geometry": {"type": "Point", "coordinates": [-82.91101849999998, 42.4428061]}}, {"type": "Feature", "properties": {"building": "house", "source": "way"}, "geometry": {"type": "Point", "coordinates": [-82.91116464999999, 42.44282784999999]}}, {"type": "Feature", "properties": {"building": "house", "source": "way"}, "geometry": {"type": "Point", "coordinates": [-82.9113048201455, 42.44287040708545]}}, {"type": "Feature", "properties": {"building": "house", "source": "way"}, "geometry": {"type": "Point", "coordinates": [-82.90975245, 42.4425033]}}, {"type": "Feature", "properties": {"building": "house", "source": "way"}, "geometry": {"type": "Point", "coordinates": [-82.90989491448437, 42.44253047776216]}}, {"type": "Feature", "properties": {"building": "house", "source": "way"}, "geometry": {"type": "Point", "coordinates": [-82.91002911152795, 42.44257543276519]}}, {"type": "Feature", "properties": {"building": "house", "source": "way"}, "geometry": {"type": "Point", "coordinates": [-82.91017648551563, 42.442594222237844]}}, {"type": "Feature", "properties": {"building": "house", "source": "way"}, "geometry": {"type": "Point", "coordinates": [-82.9103171197916, 42.44262820797138]}}, {"type": "Feature", "properties": {"building": "house", "source": "way"}, "geometry": {"type": "Point", "coordinates": [-82.91045527490516, 42.442661861817065]}}, {"type": "Feature", "properties": {"building": "house", "source": "way"}, "geometry": {"type": "Point", "coordinates": [-82.91092791979159, 42.44230460797137]}}, {"type": "Feature", "properties": {"building": "house", "source": "way"}, "geometry": {"type": "Point", "coordinates": [-82.91107075000001, 42.44233675]}}, {"type": "Feature", "properties": {"building": "house", "source": "way"}, "geometry": {"type": "Point", "coordinates": [-82.91078041979267, 42.44227785798035]}}, {"type": "Feature", "properties": {"building": "house", "source": "way"}, "geometry": {"type": "Point", "coordinates": [-82.91036261979266, 42.44217245798034]}}, {"type": "Feature", "properties": {"building": "house", "source": "way"}, "geometry": {"type": "Point", "coordinates": [-82.91008370531385, 42.442100730205325]}}, {"type": "Feature", "properties": {"building": "house", "source": "way"}, "geometry": {"type": "Point", "coordinates": [-82.90979670531384, 42.44203293020533]}}, {"type": "Feature", "properties": {"building": "house", "source": "way"}, "geometry": {"type": "Point", "coordinates": [-82.90965188020732, 42.442011642019644]}}, {"type": "Feature", "properties": {"building": "house", "source": "way"}, "geometry": {"type": "Point", "coordinates": [-82.91063558845667, 42.442249408339414]}}, {"type": "Feature", "properties": {"building": "house", "source": "way"}, "geometry": {"type": "Point", "coordinates": [-82.91049665706338, 42.44221292927022]}}, {"type": "Feature", "properties": {"building": "house", "source": "way"}, "geometry": {"type": "Point", "coordinates": [-82.90993253801406, 42.442095624209436]}}, {"type": "Feature", "properties": {"building": "house", "source": "way"}, "geometry": {"type": "Point", "coordinates": [-82.91020897178355, 42.442164764431986]}}, {"type": "Feature", "properties": {"building": "house", "source": "way"}, "geometry": {"type": "Point", "coordinates": [-82.9098753197916, 42.44297100797137]}}, {"type": "Feature", "properties": {"building": "house", "source": "way"}, "geometry": {"type": "Point", "coordinates": [-82.91016428551563, 42.44303242223784]}}, {"type": "Feature", "properties": {"building": "house", "source": "way"}, "geometry": {"type": "Point", "coordinates": [-82.90959691448438, 42.44289577776216]}}, {"type": "Feature", "properties": {"building": "house", "source": "way"}, "geometry": {"type": "Point", "coordinates": [-82.91054757982995, 42.44356834498799]}}, {"type": "Feature", "properties": {"building": "house", "source": "way"}, "geometry": {"type": "Point", "coordinates": [-82.91040279080633, 42.44353957015965]}}, {"type": "Feature", "properties": {"building": "house", "source": "way"}, "geometry": {"type": "Point", "coordinates": [-82.91026657982995, 42.443502644987994]}}, {"type": "Feature", "properties": {"building": "house", "source": "way"}, "geometry": {"type": "Point", "coordinates": [-82.91012607982995, 42.44347124498799]}}, {"type": "Feature", "properties": {"building": "house", "source": "way"}, "geometry": {"type": "Point", "coordinates": [-82.91068912017005, 42.443605555012006]}}, {"type": "Feature", "properties": {"building": "house", "source": "way"}, "geometry": {"type": "Point", "coordinates": [-82.91082752016099, 42.44363620500462]}}, {"type": "Feature", "properties": {"building": "house", "source": "way"}, "geometry": {"type": "Point", "coordinates": [-82.91096802016098, 42.44366920500463]}}, {"type": "Feature", "properties": {"building": "house", "source": "way"}, "geometry": {"type": "Point", "coordinates": [-82.909979179839, 42.44343509499538]}}, {"type": "Feature", "properties": {"building": "house", "source": "way"}, "geometry": {"type": "Point", "coordinates": [-82.909839720161, 42.44340290500463]}}, {"type": "Feature", "properties": {"building": "house", "source": "way"}, "geometry": {"type": "Point", "coordinates": [-82.9097024, 42.44336755]}}, {"type": "Feature", "properties": {"building": "house", "source": "way"}, "geometry": {"type": "Point", "coordinates": [-82.9095566, 42.443338499999996]}}, {"type": "Feature", "properties": {"building": "house", "source": "way"}, "geometry": {"type": "Point", "coordinates": [-82.90927770919367, 42.44327172984034]}}, {"type": "Feature", "properties": {"building": "house", "source": "way"}, "geometry": {"type": "Point", "coordinates": [-82.9097269, 42.4429489]}}, {"type": "Feature", "properties": {"building": "house", "source": "way"}, "geometry": {"type": "Point", "coordinates": [-82.9085286, 42.44309225000001]}}, {"type": "Feature", "properties": {"building": "house", "source": "way"}, "geometry": {"type": "Point", "coordinates": [-82.90868150919367, 42.443125429840336]}}, {"type": "Feature", "properties": {"building": "house", "source": "way"}, "geometry": {"type": "Point", "coordinates": [-82.90882279487685, 42.44318401977082]}}, {"type": "Feature", "properties": {"building": "house", "source": "way"}, "geometry": {"type": "Point", "coordinates": [-82.90837839080633, 42.443053170159644]}}, {"type": "Feature", "properties": {"building": "house", "source": "way"}, "geometry": {"type": "Point", "coordinates": [-82.9082268890412, 42.44302052483248]}}, {"type": "Feature", "properties": {"building": "house", "source": "way"}, "geometry": {"type": "Point", "coordinates": [-82.90807397983902, 42.44298389499538]}}, {"type": "Feature", "properties": {"building": "house", "source": "way"}, "geometry": {"type": "Point", "coordinates": [-82.90912397198812, 42.44324006436943]}}, {"type": "Feature", "properties": {"building": "house", "source": "way"}, "geometry": {"type": "Point", "coordinates": [-82.9094074, 42.44331645]}}, {"type": "Feature", "properties": {"building": "house", "source": "way"}, "geometry": {"type": "Point", "coordinates": [-82.90974080000001, 42.44380375]}}, {"type": "Feature", "properties": {"building": "house", "source": "way"}, "geometry": {"type": "Point", "coordinates": [-82.90988635, 42.44384075]}}, {"type": "Feature", "properties": {"building": "house", "source": "way"}, "geometry": {"type": "Point", "coordinates": [-82.91003253005255, 42.44387539274973]}}, {"type": "Feature", "properties": {"building": "house", "source": "way"}, "geometry": {"type": "Point", "coordinates": [-82.90918793005395, 42.44367224275903]}}, {"type": "Feature", "properties": {"building": "house", "source": "way"}, "geometry": {"type": "Point", "coordinates": [-82.9093569, 42.443707849999996]}}, {"type": "Feature", "properties": {"building": "house", "source": "way"}, "geometry": {"type": "Point", "coordinates": [-82.90902633005393, 42.44363654275903]}}, {"type": "Feature", "properties": {"building": "house", "source": "way"}, "geometry": {"type": "Point", "coordinates": [-82.91305913005394, 42.44326624275904]}}, {"type": "Feature", "properties": {"building": "house", "source": "way"}, "geometry": {"type": "Point", "coordinates": [-82.9127711329217, 42.44321044273059]}}, {"type": "Feature", "properties": {"building": "house", "source": "way"}, "geometry": {"type": "Point", "coordinates": [-82.91263721957094, 42.44318160850312]}}, {"type": "Feature", "properties": {"building": "house", "source": "way"}, "geometry": {"type": "Point", "coordinates": [-82.91332803005392, 42.44333254275903]}}, {"type": "Feature", "properties": {"building": "house", "source": "way"}, "geometry": {"type": "Point", "coordinates": [-82.91003631975859, 42.445234807195256]}}, {"type": "Feature", "properties": {"building": "house", "source": "way"}, "geometry": {"type": "Point", "coordinates": [-82.90990227024864, 42.44519386914461]}}, {"type": "Feature", "properties": {"building": "house", "source": "way"}, "geometry": {"type": "Point", "coordinates": [-82.91017734999998, 42.445265000000006]}}, {"type": "Feature", "properties": {"building": "house", "source": "way"}, "geometry": {"type": "Point", "coordinates": [-82.91032211975858, 42.44529490719525]}}, {"type": "Feature", "properties": {"building": "house", "source": "way"}, "geometry": {"type": "Point", "coordinates": [-82.90975158024732, 42.44516604281208]}}, {"type": "Feature", "properties": {"building": "house", "source": "way"}, "geometry": {"type": "Point", "coordinates": [-82.90961321975858, 42.44513540719526]}}, {"type": "Feature", "properties": {"building": "house", "source": "way"}, "geometry": {"type": "Point", "coordinates": [-82.90947271975858, 42.44510010719525]}}, {"type": "Feature", "properties": {"building": "house", "source": "way"}, "geometry": {"type": "Point", "coordinates": [-82.90933004999998, 42.44506939999999]}}, {"type": "Feature", "properties": {"building": "house", "source": "way"}, "geometry": {"type": "Point", "coordinates": [-82.90918531975859, 42.445037207195256]}}, {"type": "Feature", "properties": {"building": "house", "source": "way"}, "geometry": {"type": "Point", "coordinates": [-82.90904585000001, 42.44500345000001]}}, {"type": "Feature", "properties": {"building": "house", "source": "way"}, "geometry": {"type": "Point", "coordinates": [-82.90890748024144, 42.444967292804755]}}, {"type": "Feature", "properties": {"building": "house", "source": "way"}, "geometry": {"type": "Point", "coordinates": [-82.90876698024142, 42.44493669280476]}}, {"type": "Feature", "properties": {"building": "house", "source": "way"}, "geometry": {"type": "Point", "coordinates": [-82.90862648024144, 42.44490449280475]}}, {"type": "Feature", "properties": {"building": "house", "source": "way"}, "geometry": {"type": "Point", "coordinates": [-82.90848381975857, 42.44486520719526]}}, {"type": "Feature", "properties": {"building": "house", "source": "way"}, "geometry": {"type": "Point", "coordinates": [-82.90834545, 42.44483219999999]}}, {"type": "Feature", "properties": {"building": "house", "source": "way"}, "geometry": {"type": "Point", "coordinates": [-82.90820071975857, 42.44480240719524]}}, {"type": "Feature", "properties": {"building": "house", "source": "way"}, "geometry": {"type": "Point", "coordinates": [-82.90805805, 42.44476309999999]}}, {"type": "Feature", "properties": {"building": "house", "source": "way"}, "geometry": {"type": "Point", "coordinates": [-82.90792181975857, 42.44473090719525]}}, {"type": "Feature", "properties": {"building": "house", "source": "way"}, "geometry": {"type": "Point", "coordinates": [-82.90901498024142, 42.445438492804755]}}, {"type": "Feature", "properties": {"building": "house", "source": "way"}, "geometry": {"type": "Point", "coordinates": [-82.90887641975857, 42.445399807195265]}}, {"type": "Feature", "properties": {"building": "house", "source": "way"}, "geometry": {"type": "Point", "coordinates": [-82.90873618024142, 42.445367992804755]}}, {"type": "Feature", "properties": {"building": "house", "source": "way"}, "geometry": {"type": "Point", "coordinates": [-82.90930768024731, 42.445512042812084]}}, {"type": "Feature", "properties": {"building": "house", "source": "way"}, "geometry": {"type": "Point", "coordinates": [-82.90943592452068, 42.44554778855203]}}, {"type": "Feature", "properties": {"building": "house", "source": "way"}, "geometry": {"type": "Point", "coordinates": [-82.90957805, 42.4455749]}}, {"type": "Feature", "properties": {"building": "house", "source": "way"}, "geometry": {"type": "Point", "coordinates": [-82.90971855000001, 42.4456126]}}, {"type": "Feature", "properties": {"building": "house", "source": "way"}, "geometry": {"type": "Point", "coordinates": [-82.90986224999999, 42.445645199999994]}}, {"type": "Feature", "properties": {"building": "house", "source": "way"}, "geometry": {"type": "Point", "coordinates": [-82.91000594999998, 42.445671100000006]}}, {"type": "Feature", "properties": {"building": "house", "source": "way"}, "geometry": {"type": "Point", "coordinates": [-82.91014431975857, 42.44570610719525]}}, {"type": "Feature", "properties": {"building": "house", "source": "way"}, "geometry": {"type": "Point", "coordinates": [-82.9102668695879, 42.4457396080531]}}, {"type": "Feature", "properties": {"building": "house", "source": "way"}, "geometry": {"type": "Point", "coordinates": [-82.9091154, 42.4459351]}}, {"type": "Feature", "properties": {"building": "house", "source": "way"}, "geometry": {"type": "Point", "coordinates": [-82.90897434999998, 42.4458931]}}, {"type": "Feature", "properties": {"building": "house", "source": "way"}, "geometry": {"type": "Point", "coordinates": [-82.90940491975857, 42.446003107195246]}}, {"type": "Feature", "properties": {"building": "house", "source": "way"}, "geometry": {"type": "Point", "coordinates": [-82.90926868024142, 42.445963792804754]}}, {"type": "Feature", "properties": {"building": "house", "source": "way"}, "geometry": {"type": "Point", "coordinates": [-82.90883238024142, 42.44587169280475]}}, {"type": "Feature", "properties": {"building": "house", "source": "way"}, "geometry": {"type": "Point", "coordinates": [-82.90869294999999, 42.445834]}}, {"type": "Feature", "properties": {"building": "house", "source": "way"}, "geometry": {"type": "Point", "coordinates": [-82.90854818024144, 42.445804592804755]}}, {"type": "Feature", "properties": {"building": "house", "source": "way"}, "geometry": {"type": "Point", "coordinates": [-82.9084082197586, 42.44576880719526]}}, {"type": "Feature", "properties": {"building": "house", "source": "way"}, "geometry": {"type": "Point", "coordinates": [-82.90826611975858, 42.445733907195255]}}, {"type": "Feature", "properties": {"building": "house", "source": "way"}, "geometry": {"type": "Point", "coordinates": [-82.90812451975857, 42.44570130719526]}}, {"type": "Feature", "properties": {"building": "house", "source": "way"}, "geometry": {"type": "Point", "coordinates": [-82.90954235582987, 42.4460370302456]}}, {"type": "Feature", "properties": {"building": "house", "source": "way"}, "geometry": {"type": "Point", "coordinates": [-82.90968124999999, 42.44605785]}}, {"type": "Feature", "properties": {"building": "house", "source": "way"}, "geometry": {"type": "Point", "coordinates": [-82.90981431975858, 42.446104607195245]}}, {"type": "Feature", "properties": {"building": "house", "source": "way"}, "geometry": {"type": "Point", "coordinates": [-82.90996121975859, 42.44613560719525]}}, {"type": "Feature", "properties": {"building": "house", "source": "way"}, "geometry": {"type": "Point", "coordinates": [-82.91008658024144, 42.446168092804754]}}, {"type": "Feature", "properties": {"building": "house", "source": "way"}, "geometry": {"type": "Point", "coordinates": [-82.90823755, 42.44616559999999]}}, {"type": "Feature", "properties": {"building": "house", "source": "way"}, "geometry": {"type": "Point", "coordinates": [-82.9083791197586, 42.44619620719525]}}, {"type": "Feature", "properties": {"building": "house", "source": "way"}, "geometry": {"type": "Point", "coordinates": [-82.90850208024732, 42.44622644281209]}}, {"type": "Feature", "properties": {"building": "house", "source": "way"}, "geometry": {"type": "Point", "coordinates": [-82.91165481975857, 42.44607270719525]}}, {"type": "Feature", "properties": {"building": "house", "source": "way"}, "geometry": {"type": "Point", "coordinates": [-82.91179233925475, 42.446107366970246]}}, {"type": "Feature", "properties": {"building": "house", "source": "way"}, "geometry": {"type": "Point", "coordinates": [-82.91150951975268, 42.44604755718791]}}, {"type": "Feature", "properties": {"building": "house", "source": "way"}, "geometry": {"type": "Point", "coordinates": [-82.91136475, 42.4460185]}}, {"type": "Feature", "properties": {"building": "house", "source": "way"}, "geometry": {"type": "Point", "coordinates": [-82.912216, 42.446206600000004]}}, {"type": "Feature", "properties": {"building": "house", "source": "way"}, "geometry": {"type": "Point", "coordinates": [-82.91192870083779, 42.44614298884945]}}, {"type": "Feature", "properties": {"building": "house", "source": "way"}, "geometry": {"type": "Point", "coordinates": [-82.91205783006096, 42.44616434390973]}}, {"type": "Feature", "properties": {"building": "house", "source": "way"}, "geometry": {"type": "Point", "coordinates": [-82.91235247612667, 42.44625923341205]}}, {"type": "Feature", "properties": {"building": "house", "source": "way"}, "geometry": {"type": "Point", "coordinates": [-82.91248725, 42.446289500000006]}}, {"type": "Feature", "properties": {"building": "house", "source": "way"}, "geometry": {"type": "Point", "coordinates": [-82.91080289620018, 42.44586930218729]}}, {"type": "Feature", "properties": {"building": "house", "source": "way"}, "geometry": {"type": "Point", "coordinates": [-82.91168308024145, 42.44562729280476]}}, {"type": "Feature", "properties": {"building": "house", "source": "way"}, "geometry": {"type": "Point", "coordinates": [-82.91182755, 42.44565720000001]}}, {"type": "Feature", "properties": {"building": "house", "source": "way"}, "geometry": {"type": "Point", "coordinates": [-82.91196611975857, 42.44569400719525]}}, {"type": "Feature", "properties": {"building": "house", "source": "way"}, "geometry": {"type": "Point", "coordinates": [-82.91210971975859, 42.44572700719525]}}, {"type": "Feature", "properties": {"building": "house", "source": "way"}, "geometry": {"type": "Point", "coordinates": [-82.91224998024143, 42.445764392804755]}}, {"type": "Feature", "properties": {"building": "house", "source": "way"}, "geometry": {"type": "Point", "coordinates": [-82.91238851975858, 42.44579500719525]}}, {"type": "Feature", "properties": {"building": "house", "source": "way"}, "geometry": {"type": "Point", "coordinates": [-82.91154598024733, 42.44559534281209]}}, {"type": "Feature", "properties": {"building": "house", "source": "way"}, "geometry": {"type": "Point", "coordinates": [-82.9114007, 42.44556240000001]}}, {"type": "Feature", "properties": {"building": "house", "source": "way"}, "geometry": {"type": "Point", "coordinates": [-82.91126601975857, 42.44552070719525]}}, {"type": "Feature", "properties": {"building": "house", "source": "way"}, "geometry": {"type": "Point", "coordinates": [-82.91131218024141, 42.446445892804746]}}, {"type": "Feature", "properties": {"building": "house", "source": "way"}, "geometry": {"type": "Point", "coordinates": [-82.91145075000001, 42.446479599999996]}}, {"type": "Feature", "properties": {"building": "house", "source": "way"}, "geometry": {"type": "Point", "coordinates": [-82.9111804, 42.446397899999994]}}, {"type": "Feature", "properties": {"building": "house", "source": "way"}, "geometry": {"type": "Point", "coordinates": [-82.91103255, 42.4463786]}}, {"type": "Feature", "properties": {"building": "house", "source": "way"}, "geometry": {"type": "Point", "coordinates": [-82.91088471975858, 42.446349907195255]}}, {"type": "Feature", "properties": {"building": "house", "source": "way"}, "geometry": {"type": "Point", "coordinates": [-82.90499045, 42.44476590000001]}}, {"type": "Feature", "properties": {"building": "house", "source": "way"}, "geometry": {"type": "Point", "coordinates": [-82.9051246, 42.44480295]}}, {"type": "Feature", "properties": {"building": "house", "source": "way"}, "geometry": {"type": "Point", "coordinates": [-82.90484919999999, 42.4447305]}}, {"type": "Feature", "properties": {"building": "house", "source": "way"}, "geometry": {"type": "Point", "coordinates": [-82.90526829999999, 42.4448315]}}, {"type": "Feature", "properties": {"building": "house", "source": "way"}, "geometry": {"type": "Point", "coordinates": [-82.90540354141739, 42.44488787967177]}}, {"type": "Feature", "properties": {"building": "house", "source": "way"}, "geometry": {"type": "Point", "coordinates": [-82.90554409131803, 42.44491529990402]}}, {"type": "Feature", "properties": {"building": "house", "source": "way"}, "geometry": {"type": "Point", "coordinates": [-82.90568900572795, 42.44494998036086]}}, {"type": "Feature", "properties": {"building": "house", "source": "way"}, "geometry": {"type": "Point", "coordinates": [-82.90470801553272, 42.44469257860581]}}, {"type": "Feature", "properties": {"building": "house", "source": "way"}, "geometry": {"type": "Point", "coordinates": [-82.90455895, 42.4446716]}}, {"type": "Feature", "properties": {"building": "house", "source": "way"}, "geometry": {"type": "Point", "coordinates": [-82.9044251, 42.44463450000001]}}, {"type": "Feature", "properties": {"building": "house", "source": "way"}, "geometry": {"type": "Point", "coordinates": [-82.90428551520432, 42.44459587840469]}}, {"type": "Feature", "properties": {"building": "house", "source": "way"}, "geometry": {"type": "Point", "coordinates": [-82.90414604242267, 42.44455982009246]}}, {"type": "Feature", "properties": {"building": "house", "source": "way"}, "geometry": {"type": "Point", "coordinates": [-82.90399075144485, 42.44454753209978]}}, {"type": "Feature", "properties": {"building": "house", "source": "way"}, "geometry": {"type": "Point", "coordinates": [-82.90385753840394, 42.44450156408626]}}, {"type": "Feature", "properties": {"building": "house", "source": "way"}, "geometry": {"type": "Point", "coordinates": [-82.9035776, 42.444424500000004]}}, {"type": "Feature", "properties": {"building": "house", "source": "way"}, "geometry": {"type": "Point", "coordinates": [-82.90343949999998, 42.444391]}}, {"type": "Feature", "properties": {"building": "house", "source": "way"}, "geometry": {"type": "Point", "coordinates": [-82.9030611, 42.44429950000001]}}, {"type": "Feature", "properties": {"building": "house", "source": "way"}, "geometry": {"type": "Point", "coordinates": [-82.90294829999999, 42.4442767]}}, {"type": "Feature", "properties": {"building": "house", "source": "way"}, "geometry": {"type": "Point", "coordinates": [-82.90328691965003, 42.44487020275731]}}, {"type": "Feature", "properties": {"building": "house", "source": "way"}, "geometry": {"type": "Point", "coordinates": [-82.9030430196457, 42.444811952750804]}}, {"type": "Feature", "properties": {"building": "house", "source": "way"}, "geometry": {"type": "Point", "coordinates": [-82.90352373446828, 42.44492483310463]}}, {"type": "Feature", "properties": {"building": "house", "source": "way"}, "geometry": {"type": "Point", "coordinates": [-82.90376368035432, 42.444984647249186]}}, {"type": "Feature", "properties": {"building": "house", "source": "way"}, "geometry": {"type": "Point", "coordinates": [-82.90401906524517, 42.445023531150014]}}, {"type": "Feature", "properties": {"building": "house", "source": "way"}, "geometry": {"type": "Point", "coordinates": [-82.90281129395876, 42.44476517690301]}}, {"type": "Feature", "properties": {"building": "house", "source": "way"}, "geometry": {"type": "Point", "coordinates": [-82.90084335, 42.44476015]}}, {"type": "Feature", "properties": {"building": "house", "source": "way"}, "geometry": {"type": "Point", "coordinates": [-82.90033908018926, 42.44465235572465]}}, {"type": "Feature", "properties": {"building": "house", "source": "way"}, "geometry": {"type": "Point", "coordinates": [-82.90001863445566, 42.44409408310778]}}, {"type": "Feature", "properties": {"building": "house", "source": "way"}, "geometry": {"type": "Point", "coordinates": [-82.9002906951687, 42.44413397760528]}}, {"type": "Feature", "properties": {"building": "house", "source": "way"}, "geometry": {"type": "Point", "coordinates": [-82.9005289, 42.44422005]}}, {"type": "Feature", "properties": {"building": "house", "source": "way"}, "geometry": {"type": "Point", "coordinates": [-82.90213729401022, 42.44408801978266]}}, {"type": "Feature", "properties": {"building": "house", "source": "way"}, "geometry": {"type": "Point", "coordinates": [-82.9022791940102, 42.444097919782664]}}, {"type": "Feature", "properties": {"building": "house", "source": "way"}, "geometry": {"type": "Point", "coordinates": [-82.9024344940102, 42.44415041978265]}}, {"type": "Feature", "properties": {"building": "house", "source": "way"}, "geometry": {"type": "Point", "coordinates": [-82.90257015, 42.44419055000001]}}, {"type": "Feature", "properties": {"building": "house", "source": "way"}, "geometry": {"type": "Point", "coordinates": [-82.90103738013495, 42.444333446436836]}}, {"type": "Feature", "properties": {"building": "house", "source": "way"}, "geometry": {"type": "Point", "coordinates": [-82.90199980569487, 42.44404933427411]}}, {"type": "Feature", "properties": {"building": "house", "source": "way"}, "geometry": {"type": "Point", "coordinates": [-82.9008569940102, 42.44525441978266]}}, {"type": "Feature", "properties": {"building": "house", "source": "way"}, "geometry": {"type": "Point", "coordinates": [-82.90043389401022, 42.44515191978265]}}, {"type": "Feature", "properties": {"building": "house", "source": "way"}, "geometry": {"type": "Point", "coordinates": [-82.90029670346281, 42.445104330966416]}}, {"type": "Feature", "properties": {"building": "house", "source": "way"}, "geometry": {"type": "Point", "coordinates": [-82.9001503402261, 42.44508267431602]}}, {"type": "Feature", "properties": {"building": "house", "source": "way"}, "geometry": {"type": "Point", "coordinates": [-82.90001236966383, 42.445048157762315]}}, {"type": "Feature", "properties": {"building": "house", "source": "way"}, "geometry": {"type": "Point", "coordinates": [-82.90128089401021, 42.44535491978266]}}, {"type": "Feature", "properties": {"building": "house", "source": "way"}, "geometry": {"type": "Point", "coordinates": [-82.9014234940102, 42.44538321978266]}}, {"type": "Feature", "properties": {"building": "house", "source": "way"}, "geometry": {"type": "Point", "coordinates": [-82.9011424940102, 42.44531091978266]}}, {"type": "Feature", "properties": {"building": "house", "source": "way"}, "geometry": {"type": "Point", "coordinates": [-82.9009955940102, 42.445288919782655]}}, {"type": "Feature", "properties": {"building": "house", "source": "way"}, "geometry": {"type": "Point", "coordinates": [-82.90156576759641, 42.44541170464862]}}, {"type": "Feature", "properties": {"building": "house", "source": "way"}, "geometry": {"type": "Point", "coordinates": [-82.9017060076548, 42.44544991901842]}}, {"type": "Feature", "properties": {"building": "house", "source": "way"}, "geometry": {"type": "Point", "coordinates": [-82.90198598845922, 42.445507264995065]}}, {"type": "Feature", "properties": {"building": "house", "source": "way"}, "geometry": {"type": "Point", "coordinates": [-82.90183843589739, 42.44549017840279]}}, {"type": "Feature", "properties": {"building": "house", "source": "way"}, "geometry": {"type": "Point", "coordinates": [-82.90026839401021, 42.44557631978266]}}, {"type": "Feature", "properties": {"building": "house", "source": "way"}, "geometry": {"type": "Point", "coordinates": [-82.9006869940102, 42.445682319782655]}}, {"type": "Feature", "properties": {"building": "house", "source": "way"}, "geometry": {"type": "Point", "coordinates": [-82.90054866927026, 42.445637258765416]}}, {"type": "Feature", "properties": {"building": "house", "source": "way"}, "geometry": {"type": "Point", "coordinates": [-82.9004049, 42.445608850000006]}}, {"type": "Feature", "properties": {"building": "house", "source": "way"}, "geometry": {"type": "Point", "coordinates": [-82.90139330000001, 42.445833050000005]}}, {"type": "Feature", "properties": {"building": "house", "source": "way"}, "geometry": {"type": "Point", "coordinates": [-82.90153914711972, 42.44586326338878]}}, {"type": "Feature", "properties": {"building": "house", "source": "way"}, "geometry": {"type": "Point", "coordinates": [-82.9016846248081, 42.44590208812558]}}, {"type": "Feature", "properties": {"building": "house", "source": "way"}, "geometry": {"type": "Point", "coordinates": [-82.90181659999999, 42.44593555]}}, {"type": "Feature", "properties": {"building": "house", "source": "way"}, "geometry": {"type": "Point", "coordinates": [-82.90057295838238, 42.44518140100702]}}, {"type": "Feature", "properties": {"building": "house", "source": "way"}, "geometry": {"type": "Point", "coordinates": [-82.90071629401021, 42.44522151978266]}}, {"type": "Feature", "properties": {"building": "house", "source": "way"}, "geometry": {"type": "Point", "coordinates": [-82.9100503, 42.441161900000004]}}, {"type": "Feature", "properties": {"building": "house", "source": "way"}, "geometry": {"type": "Point", "coordinates": [-82.9099119054247, 42.441131830297124]}}, {"type": "Feature", "properties": {"building": "house", "source": "way"}, "geometry": {"type": "Point", "coordinates": [-82.9103368, 42.44122285]}}, {"type": "Feature", "properties": {"building": "house", "source": "way"}, "geometry": {"type": "Point", "coordinates": [-82.91047200542471, 42.44127273029711]}}, {"type": "Feature", "properties": {"building": "house", "source": "way"}, "geometry": {"type": "Point", "coordinates": [-82.9106147945753, 42.44129516970288]}}, {"type": "Feature", "properties": {"building": "house", "source": "way"}, "geometry": {"type": "Point", "coordinates": [-82.91089697512649, 42.441360637923296]}}, {"type": "Feature", "properties": {"building": "house", "source": "way"}, "geometry": {"type": "Point", "coordinates": [-82.9110372054247, 42.44140303029712]}}, {"type": "Feature", "properties": {"building": "house", "source": "way"}, "geometry": {"type": "Point", "coordinates": [-82.9115973054247, 42.441538330297114]}}, {"type": "Feature", "properties": {"building": "house", "source": "way"}, "geometry": {"type": "Point", "coordinates": [-82.91174769457528, 42.44155826970289]}}, {"type": "Feature", "properties": {"building": "house", "source": "way"}, "geometry": {"type": "Point", "coordinates": [-82.91028867512648, 42.441690037923294]}}, {"type": "Feature", "properties": {"building": "house", "source": "way"}, "geometry": {"type": "Point", "coordinates": [-82.91014420000002, 42.44165635]}}, {"type": "Feature", "properties": {"building": "house", "source": "way"}, "geometry": {"type": "Point", "coordinates": [-82.9104263945753, 42.44172616970288]}}, {"type": "Feature", "properties": {"building": "house", "source": "way"}, "geometry": {"type": "Point", "coordinates": [-82.9109915945753, 42.44185336970288]}}, {"type": "Feature", "properties": {"building": "house", "source": "way"}, "geometry": {"type": "Point", "coordinates": [-82.91127880000002, 42.44192755]}}, {"type": "Feature", "properties": {"building": "house", "source": "way"}, "geometry": {"type": "Point", "coordinates": [-82.91100438551562, 42.44323962223783]}}, {"type": "Feature", "properties": {"building": "house", "source": "way"}, "geometry": {"type": "Point", "coordinates": [-82.91086398551563, 42.44320442223784]}}, {"type": "Feature", "properties": {"building": "house", "source": "way"}, "geometry": {"type": "Point", "coordinates": [-82.91058879876917, 42.44313704008622]}}, {"type": "Feature", "properties": {"building": "house", "source": "way"}, "geometry": {"type": "Point", "coordinates": [-82.91030038551564, 42.44307052223784]}}, {"type": "Feature", "properties": {"building": "house", "source": "way"}, "geometry": {"type": "Point", "coordinates": [-82.91044028551562, 42.44310722223784]}}, {"type": "Feature", "properties": {"building": "house", "source": "way"}, "geometry": {"type": "Point", "coordinates": [-82.91126899999999, 42.44332105]}}, {"type": "Feature", "properties": {"building": "house", "source": "way"}, "geometry": {"type": "Point", "coordinates": [-82.91112760795113, 42.44328747980331]}}, {"type": "Feature", "properties": {"building": "house", "source": "way"}, "geometry": {"type": "Point", "coordinates": [-82.91193587978967, 42.44348094483703]}}, {"type": "Feature", "properties": {"building": "house", "source": "way"}, "geometry": {"type": "Point", "coordinates": [-82.91207872021033, 42.44351565516298]}}, {"type": "Feature", "properties": {"building": "house", "source": "way"}, "geometry": {"type": "Point", "coordinates": [-82.9123610292192, 42.44357453495525]}}, {"type": "Feature", "properties": {"building": "house", "source": "way"}, "geometry": {"type": "Point", "coordinates": [-82.91251476728155, 42.443604352676516]}}, {"type": "Feature", "properties": {"building": "house", "source": "way"}, "geometry": {"type": "Point", "coordinates": [-82.91265302599174, 42.443629510551325]}}, {"type": "Feature", "properties": {"building": "house", "source": "way"}, "geometry": {"type": "Point", "coordinates": [-82.91222898045135, 42.44353279106509]}}, {"type": "Feature", "properties": {"building": "house", "source": "way"}, "geometry": {"type": "Point", "coordinates": [-82.91202429501362, 42.4443510697062]}}, {"type": "Feature", "properties": {"building": "house", "source": "way"}, "geometry": {"type": "Point", "coordinates": [-82.91216399999999, 42.44438565]}}, {"type": "Feature", "properties": {"building": "house", "source": "way"}, "geometry": {"type": "Point", "coordinates": [-82.91230609501362, 42.4444217697062]}}, {"type": "Feature", "properties": {"building": "house", "source": "way"}, "geometry": {"type": "Point", "coordinates": [-82.91244424999998, 42.4444574]}}, {"type": "Feature", "properties": {"building": "house", "source": "way"}, "geometry": {"type": "Point", "coordinates": [-82.91258309501363, 42.444489069706194]}}, {"type": "Feature", "properties": {"building": "house", "source": "way"}, "geometry": {"type": "Point", "coordinates": [-82.91159940000001, 42.444247100000005]}}, {"type": "Feature", "properties": {"building": "house", "source": "way"}, "geometry": {"type": "Point", "coordinates": [-82.9114304, 42.44421295]}}, {"type": "Feature", "properties": {"building": "house", "source": "way"}, "geometry": {"type": "Point", "coordinates": [-82.91129221969844, 42.44417780831138]}}, {"type": "Feature", "properties": {"building": "yes", "source": "way"}, "geometry": {"type": "Point", "coordinates": [-82.91335391975676, 42.442410757728695]}}, {"type": "Feature", "properties": {"building": "yes", "source": "way"}, "geometry": {"type": "Point", "coordinates": [-82.91278646957515, 42.44227565801682]}}, {"type": "Feature", "properties": {"building": "yes", "source": "way"}, "geometry": {"type": "Point", "coordinates": [-82.91264444999999, 42.442244550000005]}}, {"type": "Feature", "properties": {"building": "yes", "source": "way"}, "geometry": {"type": "Point", "coordinates": [-82.91219985500122, 42.442136230422655]}}, {"type": "Feature", "properties": {"building": "yes", "source": "way"}, "geometry": {"type": "Point", "coordinates": [-82.91292095, 42.44231165]}}, {"type": "Feature", "properties": {"building": "yes", "source": "way"}, "geometry": {"type": "Point", "coordinates": [-82.91320726957044, 42.44238640800996]}}, {"type": "Feature", "properties": {"building": "yes", "source": "way"}, "geometry": {"type": "Point", "coordinates": [-82.91348756957515, 42.44244475801681]}}, {"type": "Feature", "properties": {"building": "yes", "source": "way"}, "geometry": {"type": "Point", "coordinates": [-82.91251138110127, 42.44219890175151]}}, {"type": "Feature", "properties": {"building": "yes", "source": "way"}, "geometry": {"type": "Point", "coordinates": [-82.91236356985877, 42.44217059214672]}}, {"type": "Feature", "properties": {"building": "yes", "source": "way"}, "geometry": {"type": "Point", "coordinates": [-82.91285855, 42.44277115]}}, {"type": "Feature", "properties": {"building": "yes", "source": "way"}, "geometry": {"type": "Point", "coordinates": [-82.91271616957515, 42.4427446580168]}}, {"type": "Feature", "properties": {"building": "yes", "source": "way"}, "geometry": {"type": "Point", "coordinates": [-82.91257465, 42.44270724999999]}}, {"type": "Feature", "properties": {"building": "yes", "source": "way"}, "geometry": {"type": "Point", "coordinates": [-82.912423, 42.44268915]}}, {"type": "Feature", "properties": {"building": "yes", "source": "way"}, "geometry": {"type": "Point", "coordinates": [-82.9122950195819, 42.44263455801846]}}, {"type": "Feature", "properties": {"building": "yes", "source": "way"}, "geometry": {"type": "Point", "coordinates": [-82.91215096957515, 42.4426018580168]}}, {"type": "Feature", "properties": {"building": "yes", "source": "way"}, "geometry": {"type": "Point", "coordinates": [-82.91202085, 42.442554750000006]}}, {"type": "Feature", "properties": {"building": "yes", "source": "way"}, "geometry": {"type": "Point", "coordinates": [-82.9131421550012, 42.44283483042265]}}, {"type": "Feature", "properties": {"building": "yes", "source": "way"}, "geometry": {"type": "Point", "coordinates": [-82.91330171957719, 42.442874408011605]}}, {"type": "Feature", "properties": {"building": "yes", "source": "way"}, "geometry": {"type": "Point", "coordinates": [-82.91343446957515, 42.4429164580168]}}, {"type": "Feature", "properties": {"building": "yes", "source": "way"}, "geometry": {"type": "Point", "coordinates": [-82.91291713332791, 42.44323926561903]}}, {"type": "Feature", "properties": {"building": "house", "source": "way"}, "geometry": {"type": "Point", "coordinates": [-82.91221560000002, 42.4430897]}}, {"type": "Feature", "properties": {"building": "house", "source": "way"}, "geometry": {"type": "Point", "coordinates": [-82.91206790000001, 42.44306735]}}, {"type": "Feature", "properties": {"building": "house", "source": "way"}, "geometry": {"type": "Point", "coordinates": [-82.91317960169484, 42.44331927884097]}}, {"type": "Feature", "properties": {"building": "house", "source": "way"}, "geometry": {"type": "Point", "coordinates": [-82.91345253390735, 42.44338803000205]}}, {"type": "Feature", "properties": {"building": "house", "source": "way"}, "geometry": {"type": "Point", "coordinates": [-82.91038233005254, 42.44395199274974]}}, {"type": "Feature", "properties": {"building": "house", "source": "way"}, "geometry": {"type": "Point", "coordinates": [-82.91055545485733, 42.44399013030655]}}, {"type": "Feature", "properties": {"building": "house", "source": "way"}, "geometry": {"type": "Point", "coordinates": [-82.91072753005254, 42.444034292749734]}}, {"type": "Feature", "properties": {"building": "house", "source": "way"}, "geometry": {"type": "Point", "coordinates": [-82.91090423005255, 42.444078592749726]}}, {"type": "Feature", "properties": {"building": "house", "source": "way"}, "geometry": {"type": "Point", "coordinates": [-82.91244623005254, 42.44403139274972]}}, {"type": "Feature", "properties": {"building": "house", "source": "way"}, "geometry": {"type": "Point", "coordinates": [-82.91258563005256, 42.44407229274973]}}, {"type": "Feature", "properties": {"building": "house", "source": "way"}, "geometry": {"type": "Point", "coordinates": [-82.9128659849588, 42.44414027152321]}}, {"type": "Feature", "properties": {"building": "house", "source": "way"}, "geometry": {"type": "Point", "coordinates": [-82.9129370545877, 42.443700280373655]}}, {"type": "Feature", "properties": {"building": "house", "source": "way"}, "geometry": {"type": "Point", "coordinates": [-82.91278202017071, 42.44368770403803]}}, {"type": "Feature", "properties": {"building": "yes", "source": "way"}, "geometry": {"type": "Point", "coordinates": [-82.90854177167238, 42.44356814420698]}}, {"type": "Feature", "properties": {"building": "yes", "source": "way"}, "geometry": {"type": "Point", "coordinates": [-82.90792227002939, 42.44340265633499]}}, {"type": "Feature", "properties": {"building": "yes", "source": "way"}, "geometry": {"type": "Point", "coordinates": [-82.9081948, 42.44346660000001]}}, {"type": "Feature", "properties": {"building": "house", "source": "way"}, "geometry": {"type": "Point", "coordinates": [-82.90352340000001, 42.444003949999995]}}, {"type": "Feature", "properties": {"building": "house", "source": "way"}, "geometry": {"type": "Point", "coordinates": [-82.9033857, 42.44397155]}}, {"type": "Feature", "properties": {"building": "house", "source": "way"}, "geometry": {"type": "Point", "coordinates": [-82.9040827, 42.444137950000005]}}, {"type": "Feature", "properties": {"building": "house", "source": "way"}, "geometry": {"type": "Point", "coordinates": [-82.9038006, 42.444083150000004]}}, {"type": "Feature", "properties": {"building": "house", "source": "way"}, "geometry": {"type": "Point", "coordinates": [-82.90311296691205, 42.44390151111747]}}, {"type": "Feature", "properties": {"building": "house", "source": "way"}, "geometry": {"type": "Point", "coordinates": [-82.90465710000001, 42.44427155]}}, {"type": "Feature", "properties": {"building": "house", "source": "way"}, "geometry": {"type": "Point", "coordinates": [-82.9045054, 42.44423535]}}, {"type": "Feature", "properties": {"building": "house", "source": "way"}, "geometry": {"type": "Point", "coordinates": [-82.9042287, 42.44417175]}}, {"type": "Feature", "properties": {"building": "house", "source": "way"}, "geometry": {"type": "Point", "coordinates": [-82.90551690000001, 42.444480049999996]}}, {"type": "Feature", "properties": {"building": "house", "source": "way"}, "geometry": {"type": "Point", "coordinates": [-82.90535720000001, 42.44444045]}}, {"type": "Feature", "properties": {"building": "house", "source": "way"}, "geometry": {"type": "Point", "coordinates": [-82.90521509999999, 42.444410149999996]}}, {"type": "Feature", "properties": {"building": "house", "source": "way"}, "geometry": {"type": "Point", "coordinates": [-82.9050884, 42.44435835000001]}}, {"type": "Feature", "properties": {"building": "house", "source": "way"}, "geometry": {"type": "Point", "coordinates": [-82.90493570000001, 42.444339049999996]}}, {"type": "Feature", "properties": {"building": "house", "source": "way"}, "geometry": {"type": "Point", "coordinates": [-82.904792, 42.44430455]}}, {"type": "Feature", "properties": {"building": "house", "source": "way"}, "geometry": {"type": "Point", "coordinates": [-82.9079267, 42.44694925]}}, {"type": "Feature", "properties": {"building": "house", "source": "way"}, "geometry": {"type": "Point", "coordinates": [-82.907786, 42.44691585]}}, {"type": "Feature", "properties": {"building": "house", "source": "way"}, "geometry": {"type": "Point", "coordinates": [-82.9076449, 42.4468753]}}, {"type": "Feature", "properties": {"building": "house", "source": "way"}, "geometry": {"type": "Point", "coordinates": [-82.90750890000001, 42.44684230000001]}}, {"type": "Feature", "properties": {"building": "house", "source": "way"}, "geometry": {"type": "Point", "coordinates": [-82.9080707, 42.4469763]}}, {"type": "Feature", "properties": {"building": "house", "source": "way"}, "geometry": {"type": "Point", "coordinates": [-82.9082101, 42.4470162]}}, {"type": "Feature", "properties": {"building": "house", "source": "way"}, "geometry": {"type": "Point", "coordinates": [-82.90835036976517, 42.44704990771107]}}, {"type": "Feature", "properties": {"building": "house", "source": "way"}, "geometry": {"type": "Point", "coordinates": [-82.9086342, 42.4471116]}}, {"type": "Feature", "properties": {"building": "house", "source": "way"}, "geometry": {"type": "Point", "coordinates": [-82.90877616976408, 42.447145257702466]}}, {"type": "Feature", "properties": {"building": "house", "source": "way"}, "geometry": {"type": "Point", "coordinates": [-82.90848501660955, 42.44709095351242]}}, {"type": "Feature", "properties": {"building": "house", "source": "way"}, "geometry": {"type": "Point", "coordinates": [-82.9086815, 42.4467036]}}, {"type": "Feature", "properties": {"building": "house", "source": "way"}, "geometry": {"type": "Point", "coordinates": [-82.90882570000001, 42.446738550000006]}}, {"type": "Feature", "properties": {"building": "house", "source": "way"}, "geometry": {"type": "Point", "coordinates": [-82.9089641, 42.446775849999995]}}, {"type": "Feature", "properties": {"building": "house", "source": "way"}, "geometry": {"type": "Point", "coordinates": [-82.90853696976517, 42.44667540771107]}}, {"type": "Feature", "properties": {"building": "house", "source": "way"}, "geometry": {"type": "Point", "coordinates": [-82.90840126976518, 42.44663810771107]}}, {"type": "Feature", "properties": {"building": "house", "source": "way"}, "geometry": {"type": "Point", "coordinates": [-82.9082591697641, 42.44660315770247]}}, {"type": "Feature", "properties": {"building": "house", "source": "way"}, "geometry": {"type": "Point", "coordinates": [-82.90811705, 42.4465721]}}, {"type": "Feature", "properties": {"building": "house", "source": "way"}, "geometry": {"type": "Point", "coordinates": [-82.9079776, 42.4465348]}}, {"type": "Feature", "properties": {"building": "house", "source": "way"}, "geometry": {"type": "Point", "coordinates": [-82.9078371, 42.4465038]}}, {"type": "Feature", "properties": {"building": "house", "source": "way"}, "geometry": {"type": "Point", "coordinates": [-82.90769235, 42.446468800000005]}}, {"type": "Feature", "properties": {"building": "house", "source": "way"}, "geometry": {"type": "Point", "coordinates": [-82.9075534, 42.44643464999999]}}, {"type": "Feature", "properties": {"building": "house", "source": "way"}, "geometry": {"type": "Point", "coordinates": [-82.91009, 42.44703435]}}, {"type": "Feature", "properties": {"building": "house", "source": "way"}, "geometry": {"type": "Point", "coordinates": [-82.91035500000001, 42.44708935]}}, {"type": "Feature", "properties": {"building": "house", "source": "way"}, "geometry": {"type": "Point", "coordinates": [-82.91070199999999, 42.4471789]}}, {"type": "Feature", "properties": {"building": "house", "source": "way"}, "geometry": {"type": "Point", "coordinates": [-82.91120816976517, 42.447303007711064]}}, {"type": "Feature", "properties": {"building": "house", "source": "way"}, "geometry": {"type": "Point", "coordinates": [-82.91042395000001, 42.44754615]}}, {"type": "Feature", "properties": {"building": "house", "source": "way"}, "geometry": {"type": "Point", "coordinates": [-82.91030021944621, 42.447516908484225]}}, {"type": "Feature", "properties": {"building": "house", "source": "way"}, "geometry": {"type": "Point", "coordinates": [-82.9105477, 42.447576999999995]}}, {"type": "Feature", "properties": {"building": "house", "source": "way"}, "geometry": {"type": "Point", "coordinates": [-82.91016776945374, 42.44748970848607]}}, {"type": "Feature", "properties": {"building": "house", "source": "way"}, "geometry": {"type": "Point", "coordinates": [-82.91067215, 42.44759315]}}, {"type": "Feature", "properties": {"building": "house", "source": "way"}, "geometry": {"type": "Point", "coordinates": [-82.91106686986592, 42.44727490654037]}}, {"type": "Feature", "properties": {"building": "house", "source": "way"}, "geometry": {"type": "Point", "coordinates": [-82.910943, 42.447245450000004]}}, {"type": "Feature", "properties": {"building": "house", "source": "way"}, "geometry": {"type": "Point", "coordinates": [-82.9108219433964, 42.44721646987366]}}, {"type": "Feature", "properties": {"building": "house", "source": "way"}, "geometry": {"type": "Point", "coordinates": [-82.9117019, 42.4474274]}}, {"type": "Feature", "properties": {"building": "house", "source": "way"}, "geometry": {"type": "Point", "coordinates": [-82.91158225000001, 42.44739725]}}, {"type": "Feature", "properties": {"building": "house", "source": "way"}, "geometry": {"type": "Point", "coordinates": [-82.91182548019495, 42.44745929199262]}}, {"type": "Feature", "properties": {"building": "house", "source": "way"}, "geometry": {"type": "Point", "coordinates": [-82.91194788019493, 42.44748599199261]}}, {"type": "Feature", "properties": {"building": "house", "source": "way"}, "geometry": {"type": "Point", "coordinates": [-82.9113334, 42.447340049999994]}}, {"type": "Feature", "properties": {"building": "house", "source": "way"}, "geometry": {"type": "Point", "coordinates": [-82.91145888823387, 42.447360013952334]}}, {"type": "Feature", "properties": {"building": "house", "source": "way"}, "geometry": {"type": "Point", "coordinates": [-82.9125349, 42.445824949999995]}}, {"type": "Feature", "properties": {"building": "house", "source": "way"}, "geometry": {"type": "Point", "coordinates": [-82.91267655, 42.44586265]}}, {"type": "Feature", "properties": {"building": "house", "source": "way"}, "geometry": {"type": "Point", "coordinates": [-82.9138205, 42.43614579999999]}}, {"type": "Feature", "properties": {"building": "house", "source": "way"}, "geometry": {"type": "Point", "coordinates": [-82.9139574, 42.4361925]}}, {"type": "Feature", "properties": {"building": "house", "source": "way"}, "geometry": {"type": "Point", "coordinates": [-82.91409929999999, 42.436233099999995]}}, {"type": "Feature", "properties": {"building": "house", "source": "way"}, "geometry": {"type": "Point", "coordinates": [-82.91422769999998, 42.43626669999999]}}, {"type": "Feature", "properties": {"building": "house", "source": "way"}, "geometry": {"type": "Point", "coordinates": [-82.91436209999999, 42.4362985]}}, {"type": "Feature", "properties": {"building": "house", "source": "way"}, "geometry": {"type": "Point", "coordinates": [-82.91265459999998, 42.4363122]}}, {"type": "Feature", "properties": {"building": "house", "source": "way"}, "geometry": {"type": "Point", "coordinates": [-82.91279059999998, 42.43634649999999]}}, {"type": "Feature", "properties": {"building": "house", "source": "way"}, "geometry": {"type": "Point", "coordinates": [-82.9129317, 42.436383899999996]}}, {"type": "Feature", "properties": {"building": "house", "source": "way"}, "geometry": {"type": "Point", "coordinates": [-82.91237409999998, 42.4362486]}}, {"type": "Feature", "properties": {"building": "house", "source": "way"}, "geometry": {"type": "Point", "coordinates": [-82.91223219999999, 42.436215]}}, {"type": "Feature", "properties": {"building": "house", "source": "way"}, "geometry": {"type": "Point", "coordinates": [-82.91209029999999, 42.436180699999994]}}, {"type": "Feature", "properties": {"building": "house", "source": "way"}, "geometry": {"type": "Point", "coordinates": [-82.91250296996095, 42.436294155432186]}}, {"type": "Feature", "properties": {"building": "house", "source": "way"}, "geometry": {"type": "Point", "coordinates": [-82.9130648, 42.4364293]}}, {"type": "Feature", "properties": {"building": "garage", "source": "way"}, "geometry": {"type": "Point", "coordinates": [-82.91281075, 42.436184999999995]}}, {"type": "Feature", "properties": {"building": "garage", "source": "way"}, "geometry": {"type": "Point", "coordinates": [-82.91295415556914, 42.43621823025691]}}, {"type": "Feature", "properties": {"building": "garage", "source": "way"}, "geometry": {"type": "Point", "coordinates": [-82.912530864167, 42.43612407725423]}}, {"type": "Feature", "properties": {"building": "garage", "source": "way"}, "geometry": {"type": "Point", "coordinates": [-82.91239235556914, 42.43608853025691]}}, {"type": "Feature", "properties": {"building": "garage", "source": "way"}, "geometry": {"type": "Point", "coordinates": [-82.91266945556914, 42.436147130256906]}}, {"type": "Feature", "properties": {"building": "garage", "source": "way"}, "geometry": {"type": "Point", "coordinates": [-82.91229435, 42.435965700000004]}}, {"type": "Feature", "properties": {"building": "garage", "source": "way"}, "geometry": {"type": "Point", "coordinates": [-82.91225885, 42.436048]}}, {"type": "Feature", "properties": {"building": "garage", "source": "way"}, "geometry": {"type": "Point", "coordinates": [-82.91211266974814, 42.43601870750452]}}, {"type": "Feature", "properties": {"building": "garage", "source": "way"}, "geometry": {"type": "Point", "coordinates": [-82.91311129441664, 42.43625126975475]}}, {"type": "Feature", "properties": {"building": "garage", "source": "way"}, "geometry": {"type": "Point", "coordinates": [-82.91337404443085, 42.436317969743094]}}, {"type": "Feature", "properties": {"building": "garage", "source": "way"}, "geometry": {"type": "Point", "coordinates": [-82.91321856974814, 42.43618580750452]}}, {"type": "Feature", "properties": {"building": "garage", "source": "way"}, "geometry": {"type": "Point", "coordinates": [-82.91299215556916, 42.436130930256915]}}, {"type": "Feature", "properties": {"building": "garage", "source": "way"}, "geometry": {"type": "Point", "coordinates": [-82.91285859999999, 42.436100550000006]}}, {"type": "Feature", "properties": {"building": "garage", "source": "way"}, "geometry": {"type": "Point", "coordinates": [-82.91265759999999, 42.43605049999999]}}, {"type": "Feature", "properties": {"building": "garage", "source": "way"}, "geometry": {"type": "Point", "coordinates": [-82.91244469999998, 42.4359956]}}, {"type": "Feature", "properties": {"building": "garage", "source": "way"}, "geometry": {"type": "Point", "coordinates": [-82.91203159999999, 42.43590335]}}, {"type": "Feature", "properties": {"building": "house", "source": "way"}, "geometry": {"type": "Point", "coordinates": [-82.91317715000001, 42.43479985]}}, {"type": "Feature", "properties": {"building": "house", "source": "way"}, "geometry": {"type": "Point", "coordinates": [-82.91332075, 42.43484410000001]}}, {"type": "Feature", "properties": {"building": "house", "source": "way"}, "geometry": {"type": "Point", "coordinates": [-82.91343905593806, 42.43491018004724]}}, {"type": "Feature", "properties": {"building": "house", "source": "way"}, "geometry": {"type": "Point", "coordinates": [-82.91358185, 42.434965049999995]}}, {"type": "Feature", "properties": {"building": "house", "source": "way"}, "geometry": {"type": "Point", "coordinates": [-82.91370605593806, 42.435016180047235]}}, {"type": "Feature", "properties": {"building": "house", "source": "way"}, "geometry": {"type": "Point", "coordinates": [-82.91006691978579, 42.43657795718752]}}, {"type": "Feature", "properties": {"building": "house", "source": "way"}, "geometry": {"type": "Point", "coordinates": [-82.91048421978579, 42.43667215718752]}}, {"type": "Feature", "properties": {"building": "house", "source": "way"}, "geometry": {"type": "Point", "coordinates": [-82.91061941978577, 42.43671015718751]}}, {"type": "Feature", "properties": {"building": "house", "source": "way"}, "geometry": {"type": "Point", "coordinates": [-82.91104691978579, 42.43681435718752]}}, {"type": "Feature", "properties": {"building": "house", "source": "way"}, "geometry": {"type": "Point", "coordinates": [-82.91033936974823, 42.43664775783871]}}, {"type": "Feature", "properties": {"building": "house", "source": "way"}, "geometry": {"type": "Point", "coordinates": [-82.91020395000001, 42.43661734999999]}}, {"type": "Feature", "properties": {"building": "house", "source": "way"}, "geometry": {"type": "Point", "coordinates": [-82.90991706974823, 42.43654865783872]}}, {"type": "Feature", "properties": {"building": "house", "source": "way"}, "geometry": {"type": "Point", "coordinates": [-82.90977765000001, 42.43650735]}}, {"type": "Feature", "properties": {"building": "house", "source": "way"}, "geometry": {"type": "Point", "coordinates": [-82.90965416974822, 42.43649675783872]}}, {"type": "Feature", "properties": {"building": "house", "source": "way"}, "geometry": {"type": "Point", "coordinates": [-82.90951684999999, 42.43645125]}}, {"type": "Feature", "properties": {"building": "house", "source": "way"}, "geometry": {"type": "Point", "coordinates": [-82.90937103025178, 42.43642374216129]}}, {"type": "Feature", "properties": {"building": "house", "source": "way"}, "geometry": {"type": "Point", "coordinates": [-82.90923585000002, 42.43638645000001]}}, {"type": "Feature", "properties": {"building": "house", "source": "way"}, "geometry": {"type": "Point", "coordinates": [-82.9090916, 42.43636754999999]}}, {"type": "Feature", "properties": {"building": "house", "source": "way"}, "geometry": {"type": "Point", "coordinates": [-82.9112085, 42.43684764999999]}}, {"type": "Feature", "properties": {"building": "garage", "source": "way"}, "geometry": {"type": "Point", "coordinates": [-82.9113274040497, 42.4367111862273]}}, {"type": "Feature", "properties": {"building": "garage", "source": "way"}, "geometry": {"type": "Point", "coordinates": [-82.9113578040497, 42.436636986227306]}}, {"type": "Feature", "properties": {"building": "garage", "source": "way"}, "geometry": {"type": "Point", "coordinates": [-82.9116324040497, 42.4367896862273]}}, {"type": "Feature", "properties": {"building": "garage", "source": "way"}, "geometry": {"type": "Point", "coordinates": [-82.9118064040497, 42.436731686227304]}}, {"type": "Feature", "properties": {"building": "garage", "source": "way"}, "geometry": {"type": "Point", "coordinates": [-82.9120895040497, 42.43680098622731]}}, {"type": "Feature", "properties": {"building": "garage", "source": "way"}, "geometry": {"type": "Point", "coordinates": [-82.91222970404971, 42.436835186227306]}}, {"type": "Feature", "properties": {"building": "garage", "source": "way"}, "geometry": {"type": "Point", "coordinates": [-82.91194580404971, 42.43677598622731]}}, {"type": "Feature", "properties": {"building": "garage", "source": "way"}, "geometry": {"type": "Point", "coordinates": [-82.91261160404972, 42.437026686227306]}}, {"type": "Feature", "properties": {"building": "garage", "source": "way"}, "geometry": {"type": "Point", "coordinates": [-82.91275270404971, 42.43706098622731]}}, {"type": "Feature", "properties": {"building": "garage", "source": "way"}, "geometry": {"type": "Point", "coordinates": [-82.9129326040497, 42.4370047862273]}}, {"type": "Feature", "properties": {"building": "garage", "source": "way"}, "geometry": {"type": "Point", "coordinates": [-82.9133162040497, 42.43719498622731]}}, {"type": "Feature", "properties": {"building": "garage", "source": "way"}, "geometry": {"type": "Point", "coordinates": [-82.91364820404972, 42.437152586227306]}}, {"type": "Feature", "properties": {"building": "garage", "source": "way"}, "geometry": {"type": "Point", "coordinates": [-82.91373860404971, 42.43729288622731]}}, {"type": "Feature", "properties": {"building": "house", "source": "way"}, "geometry": {"type": "Point", "coordinates": [-82.91018179138337, 42.43573599385289]}}, {"type": "Feature", "properties": {"building": "house", "source": "way"}, "geometry": {"type": "Point", "coordinates": [-82.91032477128182, 42.43576928720757]}}, {"type": "Feature", "properties": {"building": "house", "source": "way"}, "geometry": {"type": "Point", "coordinates": [-82.91046939082912, 42.43579283203866]}}, {"type": "Feature", "properties": {"building": "house", "source": "way"}, "geometry": {"type": "Point", "coordinates": [-82.91061089536532, 42.435828076584485]}}, {"type": "Feature", "properties": {"building": "house", "source": "way"}, "geometry": {"type": "Point", "coordinates": [-82.90989976941574, 42.43566763764889]}}, {"type": "Feature", "properties": {"building": "house", "source": "way"}, "geometry": {"type": "Point", "coordinates": [-82.9097586765224, 42.435633367307574]}}, {"type": "Feature", "properties": {"building": "house", "source": "way"}, "geometry": {"type": "Point", "coordinates": [-82.90963537128182, 42.435615887207575]}}, {"type": "Feature", "properties": {"building": "house", "source": "way"}, "geometry": {"type": "Point", "coordinates": [-82.91102766931783, 42.43594137596954]}}, {"type": "Feature", "properties": {"building": "house", "source": "way"}, "geometry": {"type": "Point", "coordinates": [-82.91116536911782, 42.4359681885776]}}, {"type": "Feature", "properties": {"building": "house", "source": "way"}, "geometry": {"type": "Point", "coordinates": [-82.91089247646455, 42.435903965464824]}}, {"type": "Feature", "properties": {"building": "house", "source": "way"}, "geometry": {"type": "Point", "coordinates": [-82.91131337959226, 42.436004218066195]}}, {"type": "Feature", "properties": {"building": "house", "source": "way"}, "geometry": {"type": "Point", "coordinates": [-82.91144912322252, 42.43603878866012]}}, {"type": "Feature", "properties": {"building": "retail", "source": "way"}, "geometry": {"type": "Point", "coordinates": [-82.9063623, 42.44428145000001]}}, {"type": "Feature", "properties": {"building": "house", "source": "way"}, "geometry": {"type": "Point", "coordinates": [-82.9106228636964, 42.44802117693454]}}, {"type": "Feature", "properties": {"building": "house", "source": "way"}, "geometry": {"type": "Point", "coordinates": [-82.91049984376477, 42.44799226992698]}}, {"type": "Feature", "properties": {"building": "house", "source": "way"}, "geometry": {"type": "Point", "coordinates": [-82.91073025, 42.448048799999995]}}, {"type": "Feature", "properties": {"building": "house", "source": "way"}, "geometry": {"type": "Point", "coordinates": [-82.91037425623524, 42.447972630073025]}}, {"type": "Feature", "properties": {"building": "house", "source": "way"}, "geometry": {"type": "Point", "coordinates": [-82.91025339999999, 42.447936899999995]}}, {"type": "Feature", "properties": {"building": "house", "source": "way"}, "geometry": {"type": "Point", "coordinates": [-82.91099104999999, 42.448118699999995]}}, {"type": "Feature", "properties": {"building": "house", "source": "way"}, "geometry": {"type": "Point", "coordinates": [-82.91084204999999, 42.448081]}}, {"type": "Feature", "properties": {"building": "house", "source": "way"}, "geometry": {"type": "Point", "coordinates": [-82.91111716992424, 42.448140707011426]}}, {"type": "Feature", "properties": {"building": "house", "source": "way"}, "geometry": {"type": "Point", "coordinates": [-82.91124384376477, 42.44817056992698]}}, {"type": "Feature", "properties": {"building": "house", "source": "way"}, "geometry": {"type": "Point", "coordinates": [-82.9116871, 42.448284900000004]}}, {"type": "Feature", "properties": {"building": "house", "source": "way"}, "geometry": {"type": "Point", "coordinates": [-82.91183995623524, 42.448316630073016]}}, {"type": "Feature", "properties": {"building": "house", "source": "way"}, "geometry": {"type": "Point", "coordinates": [-82.91070834376477, 42.44846496992699]}}, {"type": "Feature", "properties": {"building": "house", "source": "way"}, "geometry": {"type": "Point", "coordinates": [-82.91059446992425, 42.44841350701143]}}, {"type": "Feature", "properties": {"building": "house", "source": "way"}, "geometry": {"type": "Point", "coordinates": [-82.91084566369642, 42.44847047693453]}}, {"type": "Feature", "properties": {"building": "house", "source": "way"}, "geometry": {"type": "Point", "coordinates": [-82.91096966369642, 42.448497576934535]}}, {"type": "Feature", "properties": {"building": "house", "source": "way"}, "geometry": {"type": "Point", "coordinates": [-82.9104694199314, 42.44837660701313]}}, {"type": "Feature", "properties": {"building": "house", "source": "way"}, "geometry": {"type": "Point", "coordinates": [-82.91034594376475, 42.44834636992697]}}, {"type": "Feature", "properties": {"building": "house", "source": "way"}, "geometry": {"type": "Point", "coordinates": [-82.9102245636964, 42.448318876934536]}}, {"type": "Feature", "properties": {"building": "house", "source": "way"}, "geometry": {"type": "Point", "coordinates": [-82.91009845623523, 42.44828743007302]}}, {"type": "Feature", "properties": {"building": "house", "source": "way"}, "geometry": {"type": "Point", "coordinates": [-82.90997605, 42.4482584]}}, {"type": "Feature", "properties": {"building": "house", "source": "way"}, "geometry": {"type": "Point", "coordinates": [-82.90985895, 42.4482203]}}, {"type": "Feature", "properties": {"building": "house", "source": "way"}, "geometry": {"type": "Point", "coordinates": [-82.90959869377551, 42.4481841699239]}}, {"type": "Feature", "properties": {"building": "house", "source": "way"}, "geometry": {"type": "Point", "coordinates": [-82.91121185623524, 42.44855373007303]}}, {"type": "Feature", "properties": {"building": "house", "source": "way"}, "geometry": {"type": "Point", "coordinates": [-82.91133434376476, 42.44858056992698]}}, {"type": "Feature", "properties": {"building": "house", "source": "way"}, "geometry": {"type": "Point", "coordinates": [-82.91109606992424, 42.44852320701142]}}, {"type": "Feature", "properties": {"building": "house", "source": "way"}, "geometry": {"type": "Point", "coordinates": [-82.91145599377549, 42.4486129699239]}}, {"type": "Feature", "properties": {"building": "house", "source": "way"}, "geometry": {"type": "Point", "coordinates": [-82.91159875000002, 42.4486404]}}, {"type": "Feature", "properties": {"building": "house", "source": "way"}, "geometry": {"type": "Point", "coordinates": [-82.91175128049596, 42.44871474152684]}}, {"type": "Feature", "properties": {"building": "house", "source": "way"}, "geometry": {"type": "Point", "coordinates": [-82.9097126, 42.444658399999994]}}, {"type": "Feature", "properties": {"building": "house", "source": "way"}, "geometry": {"type": "Point", "coordinates": [-82.90951898001312, 42.44460924606843]}}, {"type": "Feature", "properties": {"building": "house", "source": "way"}, "geometry": {"type": "Point", "coordinates": [-82.90990337984499, 42.44470469554559]}}, {"type": "Feature", "properties": {"building": "house", "source": "way"}, "geometry": {"type": "Point", "coordinates": [-82.91009164999998, 42.444747799999995]}}, {"type": "Feature", "properties": {"building": "house", "source": "way"}, "geometry": {"type": "Point", "coordinates": [-82.90932785, 42.444570649999996]}}, {"type": "Feature", "properties": {"building": "house", "source": "way"}, "geometry": {"type": "Point", "coordinates": [-82.90912605000001, 42.4445375]}}, {"type": "Feature", "properties": {"building": "house", "source": "way"}, "geometry": {"type": "Point", "coordinates": [-82.90895569999999, 42.44448755]}}, {"type": "Feature", "properties": {"building": "house", "source": "way"}, "geometry": {"type": "Point", "coordinates": [-82.91044609481673, 42.44531768270202]}}, {"type": "Feature", "properties": {"building": "garage", "source": "way"}, "geometry": {"type": "Point", "coordinates": [-82.9102335554524, 42.44499620582356]}}, {"type": "Feature", "properties": {"building": "garage", "source": "way"}, "geometry": {"type": "Point", "coordinates": [-82.91007073535387, 42.4450642502722]}}, {"type": "Feature", "properties": {"building": "garage", "source": "way"}, "geometry": {"type": "Point", "coordinates": [-82.9104132229022, 42.44504051374652]}}, {"type": "Feature", "properties": {"building": "garage", "source": "way"}, "geometry": {"type": "Point", "coordinates": [-82.91020722259798, 42.44509346383078]}}, {"type": "Feature", "properties": {"building": "garage", "source": "way"}, "geometry": {"type": "Point", "coordinates": [-82.90977435528315, 42.445017955811934]}}, {"type": "Feature", "properties": {"building": "garage", "source": "way"}, "geometry": {"type": "Point", "coordinates": [-82.90894945528314, 42.44463545581194]}}, {"type": "Feature", "properties": {"building": "house", "source": "way"}, "geometry": {"type": "Point", "coordinates": [-82.90876831975858, 42.44448110719525]}}, {"type": "Feature", "properties": {"building": "house", "source": "way"}, "geometry": {"type": "Point", "coordinates": [-82.90860807575072, 42.44441921123257]}}, {"type": "Feature", "properties": {"building": "house", "source": "way"}, "geometry": {"type": "Point", "coordinates": [-82.90774848024142, 42.44512439280476]}}, {"type": "Feature", "properties": {"building": "house", "source": "way"}, "geometry": {"type": "Point", "coordinates": [-82.90788798024145, 42.445164892804755]}}, {"type": "Feature", "properties": {"building": "house", "source": "way"}, "geometry": {"type": "Point", "coordinates": [-82.90803218024142, 42.44519269280475]}}, {"type": "Feature", "properties": {"building": "house", "source": "way"}, "geometry": {"type": "Point", "coordinates": [-82.90817245, 42.44524135]}}, {"type": "Feature", "properties": {"building": "house", "source": "way"}, "geometry": {"type": "Point", "coordinates": [-82.9083132714954, 42.44525796467793]}}, {"type": "Feature", "properties": {"building": "house", "source": "way"}, "geometry": {"type": "Point", "coordinates": [-82.908454, 42.445293400000004]}}, {"type": "Feature", "properties": {"building": "house", "source": "way"}, "geometry": {"type": "Point", "coordinates": [-82.90859154538438, 42.445352345700776]}}, {"type": "Feature", "properties": {"building": "house", "source": "way"}, "geometry": {"type": "Point", "coordinates": [-82.9091527769676, 42.445477736518434]}}, {"type": "Feature", "properties": {"building": "garage", "source": "way"}, "geometry": {"type": "Point", "coordinates": [-82.90933215, 42.44568170000001]}}, {"type": "Feature", "properties": {"building": "garage", "source": "way"}, "geometry": {"type": "Point", "coordinates": [-82.9094790298644, 42.445712393689874]}}, {"type": "Feature", "properties": {"building": "garage", "source": "way"}, "geometry": {"type": "Point", "coordinates": [-82.90962252986441, 42.445748993689875]}}, {"type": "Feature", "properties": {"building": "garage", "source": "way"}, "geometry": {"type": "Point", "coordinates": [-82.90919470726122, 42.44565052985787]}}, {"type": "Feature", "properties": {"building": "garage", "source": "way"}, "geometry": {"type": "Point", "coordinates": [-82.90886544275088, 42.44568567013264]}}, {"type": "Feature", "properties": {"building": "garage", "source": "way"}, "geometry": {"type": "Point", "coordinates": [-82.90899285, 42.445750000000004]}}, {"type": "Feature", "properties": {"building": "garage", "source": "way"}, "geometry": {"type": "Point", "coordinates": [-82.90971842259798, 42.445886563830776]}}, {"type": "Feature", "properties": {"building": "garage", "source": "way"}, "geometry": {"type": "Point", "coordinates": [-82.90943609273877, 42.44581827014212]}}, {"type": "Feature", "properties": {"building": "garage", "source": "way"}, "geometry": {"type": "Point", "coordinates": [-82.90984847740202, 42.445918736169226]}}, {"type": "Feature", "properties": {"building": "garage", "source": "way"}, "geometry": {"type": "Point", "coordinates": [-82.91003757740201, 42.44586033616921]}}, {"type": "Feature", "properties": {"building": "garage", "source": "way"}, "geometry": {"type": "Point", "coordinates": [-82.91056135000001, 42.4459381]}}, {"type": "Feature", "properties": {"building": "garage", "source": "way"}, "geometry": {"type": "Point", "coordinates": [-82.9106836358243, 42.446011472407335]}}, {"type": "Feature", "properties": {"building": "garage", "source": "way"}, "geometry": {"type": "Point", "coordinates": [-82.91099562259797, 42.44618926383078]}}, {"type": "Feature", "properties": {"building": "garage", "source": "way"}, "geometry": {"type": "Point", "coordinates": [-82.91126853582428, 42.44614177240734]}}, {"type": "Feature", "properties": {"building": "garage", "source": "way"}, "geometry": {"type": "Point", "coordinates": [-82.9113879, 42.446196199999996]}}, {"type": "Feature", "properties": {"building": "garage", "source": "way"}, "geometry": {"type": "Point", "coordinates": [-82.91128797577022, 42.44624818764673]}}, {"type": "Feature", "properties": {"building": "garage", "source": "way"}, "geometry": {"type": "Point", "coordinates": [-82.91115586417571, 42.446230827592665]}}, {"type": "Feature", "properties": {"building": "garage", "source": "way"}, "geometry": {"type": "Point", "coordinates": [-82.91154473712365, 42.44623162355241]}}, {"type": "Feature", "properties": {"building": "garage", "source": "way"}, "geometry": {"type": "Point", "coordinates": [-82.91142267013561, 42.446299906310145]}}, {"type": "Feature", "properties": {"building": "garage", "source": "way"}, "geometry": {"type": "Point", "coordinates": [-82.91170764275086, 42.44636027013263]}}, {"type": "Feature", "properties": {"building": "garage", "source": "way"}, "geometry": {"type": "Point", "coordinates": [-82.91156816287635, 42.446323676447584]}}, {"type": "Feature", "properties": {"building": "garage", "source": "way"}, "geometry": {"type": "Point", "coordinates": [-82.9108624, 42.44615154999999]}}, {"type": "Feature", "properties": {"building": "garage", "source": "way"}, "geometry": {"type": "Point", "coordinates": [-82.91209772986441, 42.44635079368988]}}, {"type": "Feature", "properties": {"building": "garage", "source": "way"}, "geometry": {"type": "Point", "coordinates": [-82.91224257013558, 42.446382006310124]}}, {"type": "Feature", "properties": {"building": "garage", "source": "way"}, "geometry": {"type": "Point", "coordinates": [-82.91238874999999, 42.4464265]}}, {"type": "Feature", "properties": {"building": "garage", "source": "way"}, "geometry": {"type": "Point", "coordinates": [-82.91253024999999, 42.44645175]}}, {"type": "Feature", "properties": {"building": "garage", "source": "way"}, "geometry": {"type": "Point", "coordinates": [-82.91215806287634, 42.446468076447594]}}, {"type": "Feature", "properties": {"building": "garage", "source": "way"}, "geometry": {"type": "Point", "coordinates": [-82.91269595, 42.445693]}}, {"type": "Feature", "properties": {"building": "garage", "source": "way"}, "geometry": {"type": "Point", "coordinates": [-82.91255784999998, 42.445659400000004]}}, {"type": "Feature", "properties": {"building": "garage", "source": "way"}, "geometry": {"type": "Point", "coordinates": [-82.91231505, 42.4455975]}}, {"type": "Feature", "properties": {"building": "garage", "source": "way"}, "geometry": {"type": "Point", "coordinates": [-82.91199655, 42.4455268]}}, {"type": "Feature", "properties": {"building": "garage", "source": "way"}, "geometry": {"type": "Point", "coordinates": [-82.91185435, 42.4454991]}}, {"type": "Feature", "properties": {"building": "garage", "source": "way"}, "geometry": {"type": "Point", "coordinates": [-82.91171225, 42.44535160000001]}}, {"type": "Feature", "properties": {"building": "garage", "source": "way"}, "geometry": {"type": "Point", "coordinates": [-82.91154728937896, 42.44531487033281]}}, {"type": "Feature", "properties": {"building": "garage", "source": "way"}, "geometry": {"type": "Point", "coordinates": [-82.91137964999999, 42.44526749999999]}}, {"type": "Feature", "properties": {"building": "garage", "source": "way"}, "geometry": {"type": "Point", "coordinates": [-82.91159015000001, 42.4454248]}}, {"type": "Feature", "properties": {"building": "house", "source": "way"}, "geometry": {"type": "Point", "coordinates": [-82.9117554, 42.445161649999996]}}, {"type": "Feature", "properties": {"building": "house", "source": "way"}, "geometry": {"type": "Point", "coordinates": [-82.91140305, 42.445083049999994]}}, {"type": "Feature", "properties": {"building": "house", "source": "way"}, "geometry": {"type": "Point", "coordinates": [-82.91210979999998, 42.445255249999995]}}, {"type": "Feature", "properties": {"building": "house", "source": "way"}, "geometry": {"type": "Point", "coordinates": [-82.91229379999999, 42.445277649999994]}}, {"type": "Feature", "properties": {"building": "house", "source": "way"}, "geometry": {"type": "Point", "coordinates": [-82.91248312991443, 42.4453244456935]}}, {"type": "Feature", "properties": {"building": "house", "source": "way"}, "geometry": {"type": "Point", "coordinates": [-82.91267157008558, 42.445364054306495]}}, {"type": "Feature", "properties": {"building": "garage", "source": "way"}, "geometry": {"type": "Point", "coordinates": [-82.9122927583305, 42.44544442965688]}}, {"type": "Feature", "properties": {"building": "garage", "source": "way"}, "geometry": {"type": "Point", "coordinates": [-82.91245185000001, 42.4455088]}}, {"type": "Feature", "properties": {"building": "house", "source": "way"}, "geometry": {"type": "Point", "coordinates": [-82.90021879999999, 42.443798900000004]}}, {"type": "Feature", "properties": {"building": "house", "source": "way"}, "geometry": {"type": "Point", "coordinates": [-82.90049979252834, 42.443859619809636]}}, {"type": "Feature", "properties": {"building": "house", "source": "way"}, "geometry": {"type": "Point", "coordinates": [-82.90079515, 42.443934649999996]}}, {"type": "Feature", "properties": {"building": "house", "source": "way"}, "geometry": {"type": "Point", "coordinates": [-82.90092500000002, 42.4439594]}}, {"type": "Feature", "properties": {"building": "house", "source": "way"}, "geometry": {"type": "Point", "coordinates": [-82.90106924251164, 42.44402261981324]}}, {"type": "Feature", "properties": {"building": "house", "source": "way"}, "geometry": {"type": "Point", "coordinates": [-82.9012071, 42.4440352]}}, {"type": "Feature", "properties": {"building": "house", "source": "way"}, "geometry": {"type": "Point", "coordinates": [-82.90148599999999, 42.444122]}}, {"type": "Feature", "properties": {"building": "house", "source": "way"}, "geometry": {"type": "Point", "coordinates": [-82.90161530747166, 42.44416128019037]}}, {"type": "Feature", "properties": {"building": "house", "source": "way"}, "geometry": {"type": "Point", "coordinates": [-82.9019628198226, 42.444236705698]}}, {"type": "Feature", "properties": {"building": "house", "source": "way"}, "geometry": {"type": "Point", "coordinates": [-82.9020900198226, 42.44427400569801]}}, {"type": "Feature", "properties": {"building": "house", "source": "way"}, "geometry": {"type": "Point", "coordinates": [-82.90126727996974, 42.444174894831725]}}, {"type": "Feature", "properties": {"building": "house", "source": "way"}, "geometry": {"type": "Point", "coordinates": [-82.90128087058406, 42.444388015259264]}}, {"type": "Feature", "properties": {"building": "house", "source": "way"}, "geometry": {"type": "Point", "coordinates": [-82.90079974999999, 42.44427889999999]}}, {"type": "Feature", "properties": {"building": "house", "source": "way"}, "geometry": {"type": "Point", "coordinates": [-82.90178315, 42.4445133]}}, {"type": "Feature", "properties": {"building": "house", "source": "way"}, "geometry": {"type": "Point", "coordinates": [-82.90200115, 42.444556299999995]}}, {"type": "Feature", "properties": {"building": "house", "source": "way"}, "geometry": {"type": "Point", "coordinates": [-82.90222760000002, 42.4443038]}}, {"type": "Feature", "properties": {"building": "house", "source": "way"}, "geometry": {"type": "Point", "coordinates": [-82.90238219999998, 42.4443443]}}, {"type": "Feature", "properties": {"building": "house", "source": "way"}, "geometry": {"type": "Point", "coordinates": [-82.90339268017738, 42.444580594301996]}}, {"type": "Feature", "properties": {"building": "house", "source": "way"}, "geometry": {"type": "Point", "coordinates": [-82.90354220747166, 42.44461738019036]}}, {"type": "Feature", "properties": {"building": "house", "source": "way"}, "geometry": {"type": "Point", "coordinates": [-82.90327099999999, 42.444692200000006]}}, {"type": "Feature", "properties": {"building": "house", "source": "way"}, "geometry": {"type": "Point", "coordinates": [-82.9030361, 42.444633599999996]}}, {"type": "Feature", "properties": {"building": "house", "source": "way"}, "geometry": {"type": "Point", "coordinates": [-82.90352611982263, 42.444748305698]}}, {"type": "Feature", "properties": {"building": "house", "source": "way"}, "geometry": {"type": "Point", "coordinates": [-82.90376270000002, 42.4447807]}}, {"type": "Feature", "properties": {"building": "house", "source": "way"}, "geometry": {"type": "Point", "coordinates": [-82.9038117, 42.44468345]}}, {"type": "Feature", "properties": {"building": "house", "source": "way"}, "geometry": {"type": "Point", "coordinates": [-82.9039604, 42.4447215]}}, {"type": "Feature", "properties": {"building": "house", "source": "way"}, "geometry": {"type": "Point", "coordinates": [-82.90400939999999, 42.4448387]}}, {"type": "Feature", "properties": {"building": "house", "source": "way"}, "geometry": {"type": "Point", "coordinates": [-82.90410570000002, 42.44474890000001]}}, {"type": "Feature", "properties": {"building": "house", "source": "way"}, "geometry": {"type": "Point", "coordinates": [-82.90424595, 42.44478569999998]}}, {"type": "Feature", "properties": {"building": "house", "source": "way"}, "geometry": {"type": "Point", "coordinates": [-82.90439549252834, 42.44481871980964]}}, {"type": "Feature", "properties": {"building": "house", "source": "way"}, "geometry": {"type": "Point", "coordinates": [-82.90466670000002, 42.4448811]}}, {"type": "Feature", "properties": {"building": "house", "source": "way"}, "geometry": {"type": "Point", "coordinates": [-82.90481450000003, 42.444921]}}, {"type": "Feature", "properties": {"building": "house", "source": "way"}, "geometry": {"type": "Point", "coordinates": [-82.90494291232919, 42.444946525502104]}}, {"type": "Feature", "properties": {"building": "house", "source": "way"}, "geometry": {"type": "Point", "coordinates": [-82.9052353, 42.4450195]}}, {"type": "Feature", "properties": {"building": "house", "source": "way"}, "geometry": {"type": "Point", "coordinates": [-82.90537720747164, 42.44504818019035]}}, {"type": "Feature", "properties": {"building": "house", "source": "way"}, "geometry": {"type": "Point", "coordinates": [-82.90551740000001, 42.44508679999999]}}, {"type": "Feature", "properties": {"building": "house", "source": "way"}, "geometry": {"type": "Point", "coordinates": [-82.90565515, 42.4451105]}}, {"type": "Feature", "properties": {"building": "yes", "source": "way"}, "geometry": {"type": "Point", "coordinates": [-82.90395145000001, 42.443634700000004]}}, {"type": "Feature", "properties": {"building": "yes", "source": "way"}, "geometry": {"type": "Point", "coordinates": [-82.90502234999998, 42.443890800000005]}}, {"type": "Feature", "properties": {"building": "yes", "source": "way"}, "geometry": {"type": "Point", "coordinates": [-82.90460426155141, 42.44346588791287]}}, {"type": "Feature", "properties": {"building": "house", "source": "way"}, "geometry": {"type": "Point", "coordinates": [-82.90437930956656, 42.44421032971529]}}, {"type": "Feature", "properties": {"building": "house", "source": "way"}, "geometry": {"type": "Point", "coordinates": [-82.9036617, 42.44403205000001]}}, {"type": "Feature", "properties": {"building": "house", "source": "way"}, "geometry": {"type": "Point", "coordinates": [-82.9032424174808, 42.44394006841247]}}, {"type": "Feature", "properties": {"building": "house", "source": "way"}, "geometry": {"type": "Point", "coordinates": [-82.90335979252833, 42.443760419809635]}}, {"type": "Feature", "properties": {"building": "house", "source": "way"}, "geometry": {"type": "Point", "coordinates": [-82.90347319252837, 42.44385191980964]}}, {"type": "Feature", "properties": {"building": "house", "source": "way"}, "geometry": {"type": "Point", "coordinates": [-82.90361479252834, 42.44388411980964]}}, {"type": "Feature", "properties": {"building": "house", "source": "way"}, "geometry": {"type": "Point", "coordinates": [-82.90315859252834, 42.44371871980964]}}, {"type": "Feature", "properties": {"building": "house", "source": "way"}, "geometry": {"type": "Point", "coordinates": [-82.90279869252836, 42.44363601980964]}}, {"type": "Feature", "properties": {"building": "house", "source": "way"}, "geometry": {"type": "Point", "coordinates": [-82.90420279252835, 42.44397011980963]}}, {"type": "Feature", "properties": {"building": "house", "source": "way"}, "geometry": {"type": "Point", "coordinates": [-82.90433119252836, 42.44406181980963]}}, {"type": "Feature", "properties": {"building": "house", "source": "way"}, "geometry": {"type": "Point", "coordinates": [-82.90476799252832, 42.44410421980964]}}, {"type": "Feature", "properties": {"building": "house", "source": "way"}, "geometry": {"type": "Point", "coordinates": [-82.90505269252836, 42.44416781980963]}}, {"type": "Feature", "properties": {"building": "house", "source": "way"}, "geometry": {"type": "Point", "coordinates": [-82.90520059252835, 42.44420271980963]}}, {"type": "Feature", "properties": {"building": "house", "source": "way"}, "geometry": {"type": "Point", "coordinates": [-82.90533319252835, 42.44423511980963]}}, {"type": "Feature", "properties": {"building": "house", "source": "way"}, "geometry": {"type": "Point", "coordinates": [-82.90547599252834, 42.444270019809636]}}, {"type": "Feature", "properties": {"building": "yes", "source": "way"}, "geometry": {"type": "Point", "coordinates": [-82.90578591356912, 42.44389761322371]}}, {"type": "Feature", "properties": {"building": "house", "source": "way"}, "geometry": {"type": "Point", "coordinates": [-82.90592015, 42.44456705]}}, {"type": "Feature", "properties": {"building": "house", "source": "way"}, "geometry": {"type": "Point", "coordinates": [-82.90579659999999, 42.44452905]}}, {"type": "Feature", "properties": {"building": "house", "source": "way"}, "geometry": {"type": "Point", "coordinates": [-82.90583029999999, 42.44496475]}}, {"type": "Feature", "properties": {"building": "house", "source": "way"}, "geometry": {"type": "Point", "coordinates": [-82.9042809, 42.44509405000001]}}, {"type": "Feature", "properties": {"building": "house", "source": "way"}, "geometry": {"type": "Point", "coordinates": [-82.90447809999999, 42.44515635]}}, {"type": "Feature", "properties": {"building": "house", "source": "way"}, "geometry": {"type": "Point", "coordinates": [-82.904698, 42.44520985]}}, {"type": "Feature", "properties": {"building": "house", "source": "way"}, "geometry": {"type": "Point", "coordinates": [-82.90496089999999, 42.44527615]}}, {"type": "Feature", "properties": {"building": "house", "source": "way"}, "geometry": {"type": "Point", "coordinates": [-82.90156939999999, 42.4433654]}}, {"type": "Feature", "properties": {"building": "house", "source": "way"}, "geometry": {"type": "Point", "coordinates": [-82.9017206, 42.4433679]}}, {"type": "Feature", "properties": {"building": "house", "source": "way"}, "geometry": {"type": "Point", "coordinates": [-82.90144429999998, 42.44329559999999]}}, {"type": "Feature", "properties": {"building": "house", "source": "way"}, "geometry": {"type": "Point", "coordinates": [-82.90112830000001, 42.443236999999996]}}, {"type": "Feature", "properties": {"building": "house", "source": "way"}, "geometry": {"type": "Point", "coordinates": [-82.90096439999999, 42.44319459999999]}}, {"type": "Feature", "properties": {"building": "house", "source": "way"}, "geometry": {"type": "Point", "coordinates": [-82.9007989, 42.4431827]}}, {"type": "Feature", "properties": {"building": "house", "source": "way"}, "geometry": {"type": "Point", "coordinates": [-82.90077939401019, 42.44334611978266]}}, {"type": "Feature", "properties": {"building": "house", "source": "way"}, "geometry": {"type": "Point", "coordinates": [-82.90052679999998, 42.443083599999994]}}, {"type": "Feature", "properties": {"building": "house", "source": "way"}, "geometry": {"type": "Point", "coordinates": [-82.90045079999999, 42.443065499999996]}}, {"type": "Feature", "properties": {"building": "house", "source": "way"}, "geometry": {"type": "Point", "coordinates": [-82.90031049999999, 42.4430294]}}, {"type": "Feature", "properties": {"building": "house", "source": "way"}, "geometry": {"type": "Point", "coordinates": [-82.9001069, 42.442987]}}, {"type": "Feature", "properties": {"building": "house", "source": "way"}, "geometry": {"type": "Point", "coordinates": [-82.9041806, 42.44504155]}}, {"type": "Feature", "properties": {"building": "house", "source": "way"}, "geometry": {"type": "Point", "coordinates": [-82.904541, 42.44485675]}}, {"type": "Feature", "properties": {"building": "house", "source": "way"}, "geometry": {"type": "Point", "coordinates": [-82.90302270000001, 42.444489450000006]}}, {"type": "Feature", "properties": {"building": "house", "source": "way"}, "geometry": {"type": "Point", "coordinates": [-82.90326240000002, 42.4445514]}}, {"type": "Feature", "properties": {"building": "house", "source": "way"}, "geometry": {"type": "Point", "coordinates": [-82.90285800000001, 42.44446475]}}, {"type": "Feature", "properties": {"building": "house", "source": "way"}, "geometry": {"type": "Point", "coordinates": [-82.90284450000001, 42.4445418]}}, {"type": "Feature", "properties": {"building": "house", "source": "way"}, "geometry": {"type": "Point", "coordinates": [-82.90120189441367, 42.443319269724135]}}, {"type": "Feature", "properties": {"building": "house", "source": "way"}, "geometry": {"type": "Point", "coordinates": [-82.9006022, 42.444821]}}, {"type": "Feature", "properties": {"building": "house", "source": "way"}, "geometry": {"type": "Point", "coordinates": [-82.90071540000001, 42.4448385]}}, {"type": "Feature", "properties": {"building": "house", "source": "way"}, "geometry": {"type": "Point", "coordinates": [-82.90024989999999, 42.444955]}}, {"type": "Feature", "properties": {"building": "house", "source": "way"}, "geometry": {"type": "Point", "coordinates": [-82.90010629999999, 42.4449245]}}, {"type": "Feature", "properties": {"building": "house", "source": "way"}, "geometry": {"type": "Point", "coordinates": [-82.9001527, 42.444832799999986]}}, {"type": "Feature", "properties": {"building": "house", "source": "way"}, "geometry": {"type": "Point", "coordinates": [-82.9015225, 42.445256500000006]}}, {"type": "Feature", "properties": {"building": "house", "source": "way"}, "geometry": {"type": "Point", "coordinates": [-82.90138965, 42.445226950000006]}}, {"type": "Feature", "properties": {"building": "house", "source": "way"}, "geometry": {"type": "Point", "coordinates": [-82.90124199422893, 42.4452054197105]}}, {"type": "Feature", "properties": {"building": "house", "source": "way"}, "geometry": {"type": "Point", "coordinates": [-82.9011031, 42.44516575]}}, {"type": "Feature", "properties": {"building": "house", "source": "way"}, "geometry": {"type": "Point", "coordinates": [-82.90096312451665, 42.445124112521164]}}, {"type": "Feature", "properties": {"building": "house", "source": "way"}, "geometry": {"type": "Point", "coordinates": [-82.90082845, 42.445085649999996]}}, {"type": "Feature", "properties": {"building": "house", "source": "way"}, "geometry": {"type": "Point", "coordinates": [-82.90067945578576, 42.44505188027792]}}, {"type": "Feature", "properties": {"building": "house", "source": "way"}, "geometry": {"type": "Point", "coordinates": [-82.90038779422893, 42.445011019710506]}}, {"type": "Feature", "properties": {"building": "house", "source": "way"}, "geometry": {"type": "Point", "coordinates": [-82.9016829, 42.445097399999995]}}, {"type": "Feature", "properties": {"building": "house", "source": "way"}, "geometry": {"type": "Point", "coordinates": [-82.9020707, 42.4452795]}}, {"type": "Feature", "properties": {"building": "house", "source": "way"}, "geometry": {"type": "Point", "coordinates": [-82.90210279999998, 42.4453873]}}, {"type": "Feature", "properties": {"building": "house", "source": "way"}, "geometry": {"type": "Point", "coordinates": [-82.90180289999999, 42.445318799999995]}}, {"type": "Feature", "properties": {"building": "house", "source": "way"}, "geometry": {"type": "Point", "coordinates": [-82.90166857548334, 42.44528698747883]}}, {"type": "Feature", "properties": {"building": "house", "source": "way"}, "geometry": {"type": "Point", "coordinates": [-82.90195245000001, 42.44535679999999]}}, {"type": "Feature", "properties": {"building": "house", "source": "way"}, "geometry": {"type": "Point", "coordinates": [-82.9024028, 42.4454559]}}, {"type": "Feature", "properties": {"building": "house", "source": "way"}, "geometry": {"type": "Point", "coordinates": [-82.9025472, 42.4454964]}}, {"type": "Feature", "properties": {"building": "house", "source": "way"}, "geometry": {"type": "Point", "coordinates": [-82.90269680000002, 42.44551330000001]}}, {"type": "Feature", "properties": {"building": "house", "source": "way"}, "geometry": {"type": "Point", "coordinates": [-82.90248049999998, 42.4452882]}}, {"type": "Feature", "properties": {"building": "house", "source": "way"}, "geometry": {"type": "Point", "coordinates": [-82.90035079401022, 42.44605201978267]}}, {"type": "Feature", "properties": {"building": "house", "source": "way"}, "geometry": {"type": "Point", "coordinates": [-82.90055019401022, 42.44606511978266]}}, {"type": "Feature", "properties": {"building": "house", "source": "way"}, "geometry": {"type": "Point", "coordinates": [-82.90015899401021, 42.446005919782664]}}, {"type": "Feature", "properties": {"building": "house", "source": "way"}, "geometry": {"type": "Point", "coordinates": [-82.90068369401021, 42.44611751978265]}}, {"type": "Feature", "properties": {"building": "house", "source": "way"}, "geometry": {"type": "Point", "coordinates": [-82.9008053940102, 42.44615741978266]}}, {"type": "Feature", "properties": {"building": "house", "source": "way"}, "geometry": {"type": "Point", "coordinates": [-82.9010993940102, 42.446229119782664]}}, {"type": "Feature", "properties": {"building": "house", "source": "way"}, "geometry": {"type": "Point", "coordinates": [-82.90095999401024, 42.44619981978266]}}, {"type": "Feature", "properties": {"building": "house", "source": "way"}, "geometry": {"type": "Point", "coordinates": [-82.90121929401019, 42.44626831978266]}}, {"type": "Feature", "properties": {"building": "house", "source": "way"}, "geometry": {"type": "Point", "coordinates": [-82.90135959401022, 42.44629641978266]}}, {"type": "Feature", "properties": {"building": "house", "source": "way"}, "geometry": {"type": "Point", "coordinates": [-82.9015048940102, 42.44632381978265]}}, {"type": "Feature", "properties": {"building": "house", "source": "way"}, "geometry": {"type": "Point", "coordinates": [-82.90165859401019, 42.44636061978265]}}, {"type": "Feature", "properties": {"building": "garage", "source": "way"}, "geometry": {"type": "Point", "coordinates": [-82.9002785095319, 42.44583268003243]}}, {"type": "Feature", "properties": {"building": "garage", "source": "way"}, "geometry": {"type": "Point", "coordinates": [-82.9004855095319, 42.44587508003244]}}, {"type": "Feature", "properties": {"building": "garage", "source": "way"}, "geometry": {"type": "Point", "coordinates": [-82.90071440953191, 42.445946780032436]}}, {"type": "Feature", "properties": {"building": "garage", "source": "way"}, "geometry": {"type": "Point", "coordinates": [-82.90090030953192, 42.44598848003243]}}, {"type": "Feature", "properties": {"building": "garage", "source": "way"}, "geometry": {"type": "Point", "coordinates": [-82.9009332095319, 42.445894980032435]}}, {"type": "Feature", "properties": {"building": "garage", "source": "way"}, "geometry": {"type": "Point", "coordinates": [-82.9003773095319, 42.44576658003244]}}, {"type": "Feature", "properties": {"building": "garage", "source": "way"}, "geometry": {"type": "Point", "coordinates": [-82.9005201095319, 42.44580028003244]}}, {"type": "Feature", "properties": {"building": "garage", "source": "way"}, "geometry": {"type": "Point", "coordinates": [-82.9009958095319, 42.44600718003244]}}, {"type": "Feature", "properties": {"building": "garage", "source": "way"}, "geometry": {"type": "Point", "coordinates": [-82.90165311908395, 42.446065810057895]}}, {"type": "Feature", "properties": {"building": "garage", "source": "way"}, "geometry": {"type": "Point", "coordinates": [-82.9017764095319, 42.44609018003243]}}, {"type": "Feature", "properties": {"building": "garage", "source": "way"}, "geometry": {"type": "Point", "coordinates": [-82.9016159095319, 42.44615868003244]}}, {"type": "Feature", "properties": {"building": "garage", "source": "way"}, "geometry": {"type": "Point", "coordinates": [-82.9014748095319, 42.44612378003243]}}, {"type": "Feature", "properties": {"building": "garage", "source": "way"}, "geometry": {"type": "Point", "coordinates": [-82.9015137095319, 42.44603028003244]}}, {"type": "Feature", "properties": {"building": "garage", "source": "way"}, "geometry": {"type": "Point", "coordinates": [-82.90136670953191, 42.445991680032435]}}, {"type": "Feature", "properties": {"building": "garage", "source": "way"}, "geometry": {"type": "Point", "coordinates": [-82.9010980095319, 42.445939280032434]}}, {"type": "Feature", "properties": {"building": "house", "source": "way"}, "geometry": {"type": "Point", "coordinates": [-82.90009679401022, 42.446427319782664]}}, {"type": "Feature", "properties": {"building": "house", "source": "way"}, "geometry": {"type": "Point", "coordinates": [-82.9003747940102, 42.446503319782664]}}, {"type": "Feature", "properties": {"building": "house", "source": "way"}, "geometry": {"type": "Point", "coordinates": [-82.9005259940102, 42.44653261978266]}}, {"type": "Feature", "properties": {"building": "house", "source": "way"}, "geometry": {"type": "Point", "coordinates": [-82.9006493042549, 42.44656888082071]}}, {"type": "Feature", "properties": {"building": "house", "source": "way"}, "geometry": {"type": "Point", "coordinates": [-82.9007929940102, 42.44659181978266]}}, {"type": "Feature", "properties": {"building": "house", "source": "way"}, "geometry": {"type": "Point", "coordinates": [-82.9009330940102, 42.446615919782666]}}, {"type": "Feature", "properties": {"building": "house", "source": "way"}, "geometry": {"type": "Point", "coordinates": [-82.90106581221552, 42.446659211727095]}}, {"type": "Feature", "properties": {"building": "house", "source": "way"}, "geometry": {"type": "Point", "coordinates": [-82.90122879401021, 42.44667101978266]}}, {"type": "Feature", "properties": {"building": "house", "source": "way"}, "geometry": {"type": "Point", "coordinates": [-82.9013567, 42.44672169999999]}}, {"type": "Feature", "properties": {"building": "house", "source": "way"}, "geometry": {"type": "Point", "coordinates": [-82.9015066940102, 42.44677441978266]}}, {"type": "Feature", "properties": {"building": "house", "source": "way"}, "geometry": {"type": "Point", "coordinates": [-82.90233889401021, 42.446514219782664]}}, {"type": "Feature", "properties": {"building": "house", "source": "way"}, "geometry": {"type": "Point", "coordinates": [-82.9021957940102, 42.446490619782665]}}, {"type": "Feature", "properties": {"building": "house", "source": "way"}, "geometry": {"type": "Point", "coordinates": [-82.9020355940102, 42.44647261978266]}}, {"type": "Feature", "properties": {"building": "house", "source": "way"}, "geometry": {"type": "Point", "coordinates": [-82.9024820940102, 42.446556219782664]}}, {"type": "Feature", "properties": {"building": "house", "source": "way"}, "geometry": {"type": "Point", "coordinates": [-82.90262469401021, 42.446589619782664]}}, {"type": "Feature", "properties": {"building": "house", "source": "way"}, "geometry": {"type": "Point", "coordinates": [-82.90276739401021, 42.44661121978265]}}, {"type": "Feature", "properties": {"building": "house", "source": "way"}, "geometry": {"type": "Point", "coordinates": [-82.90290579401021, 42.44665281978266]}}, {"type": "Feature", "properties": {"building": "house", "source": "way"}, "geometry": {"type": "Point", "coordinates": [-82.9030446940102, 42.44668501978266]}}, {"type": "Feature", "properties": {"building": "house", "source": "way"}, "geometry": {"type": "Point", "coordinates": [-82.9031819940102, 42.44671761978265]}}, {"type": "Feature", "properties": {"building": "house", "source": "way"}, "geometry": {"type": "Point", "coordinates": [-82.9034638940102, 42.44679261978266]}}, {"type": "Feature", "properties": {"building": "house", "source": "way"}, "geometry": {"type": "Point", "coordinates": [-82.90330419401022, 42.446755719782665]}}, {"type": "Feature", "properties": {"building": "house", "source": "way"}, "geometry": {"type": "Point", "coordinates": [-82.90362783366723, 42.44676813249915]}}, {"type": "Feature", "properties": {"building": "house", "source": "way"}, "geometry": {"type": "Point", "coordinates": [-82.9037544, 42.4468447]}}, {"type": "Feature", "properties": {"building": "house", "source": "way"}, "geometry": {"type": "Point", "coordinates": [-82.9038793940102, 42.44689831978266]}}, {"type": "Feature", "properties": {"building": "house", "source": "way"}, "geometry": {"type": "Point", "coordinates": [-82.90403069401019, 42.44692321978266]}}, {"type": "Feature", "properties": {"building": "garage", "source": "way"}, "geometry": {"type": "Point", "coordinates": [-82.9020864095319, 42.44625908003244]}}, {"type": "Feature", "properties": {"building": "garage", "source": "way"}, "geometry": {"type": "Point", "coordinates": [-82.9021126095319, 42.44617798003243]}}, {"type": "Feature", "properties": {"building": "garage", "source": "way"}, "geometry": {"type": "Point", "coordinates": [-82.9023990095319, 42.44632888003244]}}, {"type": "Feature", "properties": {"building": "garage", "source": "way"}, "geometry": {"type": "Point", "coordinates": [-82.9025444095319, 42.446437380032435]}}, {"type": "Feature", "properties": {"building": "garage", "source": "way"}, "geometry": {"type": "Point", "coordinates": [-82.9027742095319, 42.44649348003244]}}, {"type": "Feature", "properties": {"building": "garage", "source": "way"}, "geometry": {"type": "Point", "coordinates": [-82.90365670953192, 42.446428180032434]}}, {"type": "Feature", "properties": {"building": "garage", "source": "way"}, "geometry": {"type": "Point", "coordinates": [-82.90438830953191, 42.44673488003244]}}, {"type": "Feature", "properties": {"building": "house", "source": "way"}, "geometry": {"type": "Point", "coordinates": [-82.90417640000001, 42.44694629999999]}}, {"type": "Feature", "properties": {"building": "house", "source": "way"}, "geometry": {"type": "Point", "coordinates": [-82.9043174940102, 42.44698821978267]}}, {"type": "Feature", "properties": {"building": "house", "source": "way"}, "geometry": {"type": "Point", "coordinates": [-82.9044478940102, 42.44702791978266]}}, {"type": "Feature", "properties": {"building": "house", "source": "way"}, "geometry": {"type": "Point", "coordinates": [-82.90459304308739, 42.447057952366485]}}, {"type": "Feature", "properties": {"building": "house", "source": "way"}, "geometry": {"type": "Point", "coordinates": [-82.90473109401022, 42.447099819782665]}}, {"type": "Feature", "properties": {"building": "house", "source": "way"}, "geometry": {"type": "Point", "coordinates": [-82.90496319401022, 42.44758981978266]}}, {"type": "Feature", "properties": {"building": "house", "source": "way"}, "geometry": {"type": "Point", "coordinates": [-82.90482429401021, 42.44755951978266]}}, {"type": "Feature", "properties": {"building": "house", "source": "way"}, "geometry": {"type": "Point", "coordinates": [-82.9046773940102, 42.44752811978266]}}, {"type": "Feature", "properties": {"building": "house", "source": "way"}, "geometry": {"type": "Point", "coordinates": [-82.90455869401022, 42.44749711978266]}}, {"type": "Feature", "properties": {"building": "house", "source": "way"}, "geometry": {"type": "Point", "coordinates": [-82.9044181940102, 42.44746451978267]}}, {"type": "Feature", "properties": {"building": "house", "source": "way"}, "geometry": {"type": "Point", "coordinates": [-82.9041244940102, 42.44739771978266]}}, {"type": "Feature", "properties": {"building": "house", "source": "way"}, "geometry": {"type": "Point", "coordinates": [-82.9039945940102, 42.44736551978266]}}, {"type": "Feature", "properties": {"building": "house", "source": "way"}, "geometry": {"type": "Point", "coordinates": [-82.9038593940102, 42.447318819782666]}}, {"type": "Feature", "properties": {"building": "house", "source": "way"}, "geometry": {"type": "Point", "coordinates": [-82.90370559401019, 42.44727951978266]}}, {"type": "Feature", "properties": {"building": "house", "source": "way"}, "geometry": {"type": "Point", "coordinates": [-82.90356229999999, 42.4472391]}}, {"type": "Feature", "properties": {"building": "house", "source": "way"}, "geometry": {"type": "Point", "coordinates": [-82.90341229401021, 42.44721981978266]}}, {"type": "Feature", "properties": {"building": "house", "source": "way"}, "geometry": {"type": "Point", "coordinates": [-82.9032771940102, 42.44717581978265]}}, {"type": "Feature", "properties": {"building": "house", "source": "way"}, "geometry": {"type": "Point", "coordinates": [-82.90315319400412, 42.44714756978117]}}, {"type": "Feature", "properties": {"building": "garage", "source": "way"}, "geometry": {"type": "Point", "coordinates": [-82.9032254, 42.44738005]}}, {"type": "Feature", "properties": {"building": "garage", "source": "way"}, "geometry": {"type": "Point", "coordinates": [-82.90303254999999, 42.447354]}}, {"type": "Feature", "properties": {"building": "garage", "source": "way"}, "geometry": {"type": "Point", "coordinates": [-82.90289734027809, 42.44732257006715]}}, {"type": "Feature", "properties": {"building": "garage", "source": "way"}, "geometry": {"type": "Point", "coordinates": [-82.90276429026672, 42.4472632700742]}}, {"type": "Feature", "properties": {"building": "garage", "source": "way"}, "geometry": {"type": "Point", "coordinates": [-82.90263230000001, 42.4472008]}}, {"type": "Feature", "properties": {"building": "garage", "source": "way"}, "geometry": {"type": "Point", "coordinates": [-82.9023249, 42.4473921]}}, {"type": "Feature", "properties": {"building": "garage", "source": "way"}, "geometry": {"type": "Point", "coordinates": [-82.90242796033667, 42.44741517471034]}}, {"type": "Feature", "properties": {"building": "garage", "source": "way"}, "geometry": {"type": "Point", "coordinates": [-82.90261045, 42.4474632]}}, {"type": "Feature", "properties": {"building": "garage", "source": "way"}, "geometry": {"type": "Point", "coordinates": [-82.9037341, 42.4475436]}}, {"type": "Feature", "properties": {"building": "garage", "source": "way"}, "geometry": {"type": "Point", "coordinates": [-82.9038718, 42.447558550000004]}}, {"type": "Feature", "properties": {"building": "garage", "source": "way"}, "geometry": {"type": "Point", "coordinates": [-82.90375437980686, 42.44768323456681]}}, {"type": "Feature", "properties": {"building": "garage", "source": "way"}, "geometry": {"type": "Point", "coordinates": [-82.90348655000001, 42.4475018]}}, {"type": "Feature", "properties": {"building": "garage", "source": "way"}, "geometry": {"type": "Point", "coordinates": [-82.90403655, 42.44754795]}}, {"type": "Feature", "properties": {"building": "garage", "source": "way"}, "geometry": {"type": "Point", "coordinates": [-82.90419622992485, 42.44753799536261]}}, {"type": "Feature", "properties": {"building": "garage", "source": "way"}, "geometry": {"type": "Point", "coordinates": [-82.90432294999998, 42.4476178]}}, {"type": "Feature", "properties": {"building": "garage", "source": "way"}, "geometry": {"type": "Point", "coordinates": [-82.90385404999999, 42.4477088]}}, {"type": "Feature", "properties": {"building": "garage", "source": "way"}, "geometry": {"type": "Point", "coordinates": [-82.9044276902667, 42.44771877007419]}}, {"type": "Feature", "properties": {"building": "garage", "source": "way"}, "geometry": {"type": "Point", "coordinates": [-82.90458654999999, 42.44792575]}}, {"type": "Feature", "properties": {"building": "garage", "source": "way"}, "geometry": {"type": "Point", "coordinates": [-82.90464060000001, 42.4477082]}}, {"type": "Feature", "properties": {"building": "garage", "source": "way"}, "geometry": {"type": "Point", "coordinates": [-82.90494054999999, 42.4477375]}}, {"type": "Feature", "properties": {"building": "house", "source": "way"}, "geometry": {"type": "Point", "coordinates": [-82.90433985, 42.44805655]}}, {"type": "Feature", "properties": {"building": "house", "source": "way"}, "geometry": {"type": "Point", "coordinates": [-82.90448121956301, 42.44809075792997]}}, {"type": "Feature", "properties": {"building": "house", "source": "way"}, "geometry": {"type": "Point", "coordinates": [-82.90419165, 42.44802875]}}, {"type": "Feature", "properties": {"building": "house", "source": "way"}, "geometry": {"type": "Point", "coordinates": [-82.90405385, 42.44799845000001]}}, {"type": "Feature", "properties": {"building": "house", "source": "way"}, "geometry": {"type": "Point", "coordinates": [-82.90392610000002, 42.44796825]}}, {"type": "Feature", "properties": {"building": "house", "source": "way"}, "geometry": {"type": "Point", "coordinates": [-82.90378824999999, 42.44793644999999]}}, {"type": "Feature", "properties": {"building": "house", "source": "way"}, "geometry": {"type": "Point", "coordinates": [-82.90363654496771, 42.44790031956683]}}, {"type": "Feature", "properties": {"building": "house", "source": "way"}, "geometry": {"type": "Point", "coordinates": [-82.903470519563, 42.44787985792996]}}, {"type": "Feature", "properties": {"building": "house", "source": "way"}, "geometry": {"type": "Point", "coordinates": [-82.90335665000002, 42.44783315]}}, {"type": "Feature", "properties": {"building": "house", "source": "way"}, "geometry": {"type": "Point", "coordinates": [-82.903224119563, 42.447800557929966]}}, {"type": "Feature", "properties": {"building": "house", "source": "way"}, "geometry": {"type": "Point", "coordinates": [-82.90306604999999, 42.44774795]}}, {"type": "Feature", "properties": {"building": "house", "source": "way"}, "geometry": {"type": "Point", "coordinates": [-82.90291275, 42.44774675]}}, {"type": "Feature", "properties": {"building": "house", "source": "way"}, "geometry": {"type": "Point", "coordinates": [-82.90278714999998, 42.44770475]}}, {"type": "Feature", "properties": {"building": "house", "source": "way"}, "geometry": {"type": "Point", "coordinates": [-82.90489284999998, 42.44820195]}}, {"type": "Feature", "properties": {"building": "house", "source": "way"}, "geometry": {"type": "Point", "coordinates": [-82.90475935, 42.44815705]}}, {"type": "Feature", "properties": {"building": "house", "source": "way"}, "geometry": {"type": "Point", "coordinates": [-82.90461404999999, 42.44813835]}}, {"type": "Feature", "properties": {"building": "house", "source": "way"}, "geometry": {"type": "Point", "coordinates": [-82.9025057550323, 42.44761858043317]}}, {"type": "Feature", "properties": {"building": "house", "source": "way"}, "geometry": {"type": "Point", "coordinates": [-82.90222365, 42.447567549999995]}}, {"type": "Feature", "properties": {"building": "house", "source": "way"}, "geometry": {"type": "Point", "coordinates": [-82.90207834999998, 42.44753615]}}, {"type": "Feature", "properties": {"building": "house", "source": "way"}, "geometry": {"type": "Point", "coordinates": [-82.90192561956302, 42.44750355792996]}}, {"type": "Feature", "properties": {"building": "house", "source": "way"}, "geometry": {"type": "Point", "coordinates": [-82.90180425, 42.44744775]}}, {"type": "Feature", "properties": {"building": "house", "source": "way"}, "geometry": {"type": "Point", "coordinates": [-82.90167385, 42.44741555]}}, {"type": "Feature", "properties": {"building": "house", "source": "way"}, "geometry": {"type": "Point", "coordinates": [-82.90231685, 42.44804155]}}, {"type": "Feature", "properties": {"building": "house", "source": "way"}, "geometry": {"type": "Point", "coordinates": [-82.903454319563, 42.448307957929956]}}, {"type": "Feature", "properties": {"building": "house", "source": "way"}, "geometry": {"type": "Point", "coordinates": [-82.90331064496772, 42.44827181956683]}}, {"type": "Feature", "properties": {"building": "house", "source": "way"}, "geometry": {"type": "Point", "coordinates": [-82.90303015, 42.44821325]}}, {"type": "Feature", "properties": {"building": "house", "source": "way"}, "geometry": {"type": "Point", "coordinates": [-82.90359372459797, 42.448337888363795]}}, {"type": "Feature", "properties": {"building": "house", "source": "way"}, "geometry": {"type": "Point", "coordinates": [-82.90371785, 42.44839215]}}, {"type": "Feature", "properties": {"building": "house", "source": "way"}, "geometry": {"type": "Point", "coordinates": [-82.90387842459798, 42.4483939883638]}}, {"type": "Feature", "properties": {"building": "house", "source": "way"}, "geometry": {"type": "Point", "coordinates": [-82.90402035, 42.44843075000001]}}, {"type": "Feature", "properties": {"building": "house", "source": "way"}, "geometry": {"type": "Point", "coordinates": [-82.90416395, 42.44845195]}}, {"type": "Feature", "properties": {"building": "house", "source": "way"}, "geometry": {"type": "Point", "coordinates": [-82.90274755, 42.448139749999996]}}, {"type": "Feature", "properties": {"building": "house", "source": "way"}, "geometry": {"type": "Point", "coordinates": [-82.902060719563, 42.44797265792996]}}, {"type": "Feature", "properties": {"building": "house", "source": "way"}, "geometry": {"type": "Point", "coordinates": [-82.90177901917892, 42.4479100496963]}}, {"type": "Feature", "properties": {"building": "house", "source": "way"}, "geometry": {"type": "Point", "coordinates": [-82.90163739626398, 42.447880668107906]}}, {"type": "Feature", "properties": {"building": "house", "source": "way"}, "geometry": {"type": "Point", "coordinates": [-82.90146834999999, 42.447847949999996]}}, {"type": "Feature", "properties": {"building": "house", "source": "way"}, "geometry": {"type": "Point", "coordinates": [-82.900933419563, 42.44769665792996]}}, {"type": "Feature", "properties": {"building": "house", "source": "way"}, "geometry": {"type": "Point", "coordinates": [-82.90079401956302, 42.447668557929966]}}, {"type": "Feature", "properties": {"building": "house", "source": "way"}, "geometry": {"type": "Point", "coordinates": [-82.90065714999999, 42.44763055000001]}}, {"type": "Feature", "properties": {"building": "house", "source": "way"}, "geometry": {"type": "Point", "coordinates": [-82.90051265, 42.44759815]}}, {"type": "Feature", "properties": {"building": "house", "source": "way"}, "geometry": {"type": "Point", "coordinates": [-82.90009445, 42.447493399999985]}}, {"type": "Feature", "properties": {"building": "yes", "source": "way"}, "geometry": {"type": "Point", "coordinates": [-82.9135951, 42.434784549999996]}}, {"type": "Feature", "properties": {"building": "yes", "source": "way"}, "geometry": {"type": "Point", "coordinates": [-82.91373130834802, 42.43484377963943]}}, {"type": "Feature", "properties": {"building": "yes", "source": "way"}, "geometry": {"type": "Point", "coordinates": [-82.91385470000002, 42.434906149999996]}}, {"type": "Feature", "properties": {"building": "yes", "source": "way"}, "geometry": {"type": "Point", "coordinates": [-82.91396372917106, 42.43499979267624]}}, {"type": "Feature", "properties": {"building": "yes", "source": "way"}, "geometry": {"type": "Point", "coordinates": [-82.9141304536556, 42.435193539066496]}}, {"type": "Feature", "properties": {"building": "yes", "source": "way"}, "geometry": {"type": "Point", "coordinates": [-82.91383218779436, 42.43507237451687]}}, {"type": "Feature", "properties": {"building": "yes", "source": "way"}, "geometry": {"type": "Point", "coordinates": [-82.91396460821156, 42.435128528995875]}}, {"type": "Feature", "properties": {"building": "yes", "source": "way"}, "geometry": {"type": "Point", "coordinates": [-82.91409925476673, 42.43505808043314]}}, {"type": "Feature", "properties": {"building": "yes", "source": "way"}, "geometry": {"type": "Point", "coordinates": [-82.91431112192045, 42.435129056457605]}}, {"type": "Feature", "properties": {"building": "yes", "source": "way"}, "geometry": {"type": "Point", "coordinates": [-82.91432690114587, 42.43526802863754]}}, {"type": "Feature", "properties": {"building": "yes", "source": "way"}, "geometry": {"type": "Point", "coordinates": [-82.91448893240126, 42.43533751088332]}}, {"type": "Feature", "properties": {"building": "yes", "source": "way"}, "geometry": {"type": "Point", "coordinates": [-82.9133527, 42.43536505]}}, {"type": "Feature", "properties": {"building": "yes", "source": "way"}, "geometry": {"type": "Point", "coordinates": [-82.91316744223028, 42.43528354669431]}}, {"type": "Feature", "properties": {"building": "yes", "source": "way"}, "geometry": {"type": "Point", "coordinates": [-82.91282423631709, 42.435183186135596]}}, {"type": "Feature", "properties": {"building": "yes", "source": "way"}, "geometry": {"type": "Point", "coordinates": [-82.91261180000001, 42.43505379999999]}}, {"type": "Feature", "properties": {"building": "yes", "source": "way"}, "geometry": {"type": "Point", "coordinates": [-82.91245989446723, 42.43500596942893]}}, {"type": "Feature", "properties": {"building": "yes", "source": "way"}, "geometry": {"type": "Point", "coordinates": [-82.91230784999999, 42.435343599999996]}}, {"type": "Feature", "properties": {"building": "yes", "source": "way"}, "geometry": {"type": "Point", "coordinates": [-82.91244647057178, 42.43539625632348]}}, {"type": "Feature", "properties": {"building": "yes", "source": "way"}, "geometry": {"type": "Point", "coordinates": [-82.91259826937107, 42.43541206137402]}}, {"type": "Feature", "properties": {"building": "yes", "source": "way"}, "geometry": {"type": "Point", "coordinates": [-82.91273344999999, 42.435438149999996]}}, {"type": "Feature", "properties": {"building": "yes", "source": "way"}, "geometry": {"type": "Point", "coordinates": [-82.9128753188423, 42.435482494394186]}}, {"type": "Feature", "properties": {"building": "yes", "source": "way"}, "geometry": {"type": "Point", "coordinates": [-82.91355931623164, 42.43545074406823]}}, {"type": "Feature", "properties": {"building": "yes", "source": "way"}, "geometry": {"type": "Point", "coordinates": [-82.9137892, 42.43552565]}}, {"type": "Feature", "properties": {"building": "yes", "source": "way"}, "geometry": {"type": "Point", "coordinates": [-82.91370125, 42.4357108]}}, {"type": "Feature", "properties": {"building": "yes", "source": "way"}, "geometry": {"type": "Point", "coordinates": [-82.9140036873874, 42.43562308982564]}}, {"type": "Feature", "properties": {"building": "yes", "source": "way"}, "geometry": {"type": "Point", "coordinates": [-82.91418607016709, 42.43568160487142]}}, {"type": "Feature", "properties": {"building": "yes", "source": "way"}, "geometry": {"type": "Point", "coordinates": [-82.91421023542868, 42.435837232291334]}}, {"type": "Feature", "properties": {"building": "yes", "source": "way"}, "geometry": {"type": "Point", "coordinates": [-82.9143352, 42.4357194]}}, {"type": "Feature", "properties": {"building": "yes", "source": "way"}, "geometry": {"type": "Point", "coordinates": [-82.91449335, 42.43586865]}}, {"type": "Feature", "properties": {"building": "yes", "source": "way"}, "geometry": {"type": "Point", "coordinates": [-82.9121233, 42.43576590000001]}}, {"type": "Feature", "properties": {"building": "yes", "source": "way"}, "geometry": {"type": "Point", "coordinates": [-82.9122678, 42.435792750000005]}}, {"type": "Feature", "properties": {"building": "yes", "source": "way"}, "geometry": {"type": "Point", "coordinates": [-82.9124082, 42.435826600000006]}}, {"type": "Feature", "properties": {"building": "yes", "source": "way"}, "geometry": {"type": "Point", "coordinates": [-82.91258476507922, 42.43586872893123]}}, {"type": "Feature", "properties": {"building": "yes", "source": "way"}, "geometry": {"type": "Point", "coordinates": [-82.91279792047034, 42.435925959159796]}}, {"type": "Feature", "properties": {"building": "yes", "source": "way"}, "geometry": {"type": "Point", "coordinates": [-82.9129727851241, 42.43595926945176]}}, {"type": "Feature", "properties": {"building": "yes", "source": "way"}, "geometry": {"type": "Point", "coordinates": [-82.91314666403503, 42.436001927880774]}}, {"type": "Feature", "properties": {"building": "yes", "source": "way"}, "geometry": {"type": "Point", "coordinates": [-82.91368704298995, 42.43611924234085]}}, {"type": "Feature", "properties": {"building": "yes", "source": "way"}, "geometry": {"type": "Point", "coordinates": [-82.91371595, 42.43630405]}}, {"type": "Feature", "properties": {"building": "yes", "source": "way"}, "geometry": {"type": "Point", "coordinates": [-82.91399756528025, 42.436373117419244]}}, {"type": "Feature", "properties": {"building": "yes", "source": "way"}, "geometry": {"type": "Point", "coordinates": [-82.91381685, 42.43643370000001]}}, {"type": "Feature", "properties": {"building": "yes", "source": "way"}, "geometry": {"type": "Point", "coordinates": [-82.91393065, 42.436612249999996]}}, {"type": "Feature", "properties": {"building": "yes", "source": "way"}, "geometry": {"type": "Point", "coordinates": [-82.91406525, 42.43666365]}}, {"type": "Feature", "properties": {"building": "yes", "source": "way"}, "geometry": {"type": "Point", "coordinates": [-82.9142027, 42.436665250000004]}}, {"type": "Feature", "properties": {"building": "yes", "source": "way"}, "geometry": {"type": "Point", "coordinates": [-82.91429218994998, 42.43653937074657]}}, {"type": "Feature", "properties": {"building": "yes", "source": "way"}, "geometry": {"type": "Point", "coordinates": [-82.91262050515844, 42.436767830157166]}}, {"type": "Feature", "properties": {"building": "yes", "source": "way"}, "geometry": {"type": "Point", "coordinates": [-82.91236549999999, 42.43687395]}}, {"type": "Feature", "properties": {"building": "yes", "source": "way"}, "geometry": {"type": "Point", "coordinates": [-82.91233065000002, 42.436954449999995]}}, {"type": "Feature", "properties": {"building": "yes", "source": "way"}, "geometry": {"type": "Point", "coordinates": [-82.91177595, 42.43684015]}}, {"type": "Feature", "properties": {"building": "yes", "source": "way"}, "geometry": {"type": "Point", "coordinates": [-82.91167576974685, 42.436714904572796]}}, {"type": "Feature", "properties": {"building": "yes", "source": "way"}, "geometry": {"type": "Point", "coordinates": [-82.91173361822806, 42.43700383785482]}}, {"type": "Feature", "properties": {"building": "yes", "source": "way"}, "geometry": {"type": "Point", "coordinates": [-82.91138283734816, 42.43647227401989]}}, {"type": "Feature", "properties": {"building": "yes", "source": "way"}, "geometry": {"type": "Point", "coordinates": [-82.91125058040122, 42.43642369485215]}}, {"type": "Feature", "properties": {"building": "yes", "source": "way"}, "geometry": {"type": "Point", "coordinates": [-82.91098202045995, 42.43654440735153]}}, {"type": "Feature", "properties": {"building": "yes", "source": "way"}, "geometry": {"type": "Point", "coordinates": [-82.91101625, 42.4366474]}}, {"type": "Feature", "properties": {"building": "yes", "source": "way"}, "geometry": {"type": "Point", "coordinates": [-82.91139863359193, 42.43738497625968]}}, {"type": "Feature", "properties": {"building": "yes", "source": "way"}, "geometry": {"type": "Point", "coordinates": [-82.91255377184999, 42.43761410519654]}}, {"type": "Feature", "properties": {"building": "yes", "source": "way"}, "geometry": {"type": "Point", "coordinates": [-82.91230342739146, 42.43770214202274]}}, {"type": "Feature", "properties": {"building": "yes", "source": "way"}, "geometry": {"type": "Point", "coordinates": [-82.91212029999998, 42.437809]}}, {"type": "Feature", "properties": {"building": "yes", "source": "way"}, "geometry": {"type": "Point", "coordinates": [-82.91310994386414, 42.43776947066812]}}, {"type": "Feature", "properties": {"building": "yes", "source": "way"}, "geometry": {"type": "Point", "coordinates": [-82.91353002282646, 42.43788317328274]}}, {"type": "Feature", "properties": {"building": "yes", "source": "way"}, "geometry": {"type": "Point", "coordinates": [-82.91365291991015, 42.43790084078845]}}, {"type": "Feature", "properties": {"building": "yes", "source": "way"}, "geometry": {"type": "Point", "coordinates": [-82.91383864565864, 42.43748401954927]}}, {"type": "Feature", "properties": {"building": "yes", "source": "way"}, "geometry": {"type": "Point", "coordinates": [-82.91392827974317, 42.43724104326944]}}, {"type": "Feature", "properties": {"building": "yes", "source": "way"}, "geometry": {"type": "Point", "coordinates": [-82.91377593965343, 42.43721162246128]}}, {"type": "Feature", "properties": {"building": "yes", "source": "way"}, "geometry": {"type": "Point", "coordinates": [-82.91275632130309, 42.43680720880852]}}, {"type": "Feature", "properties": {"building": "yes", "source": "way"}, "geometry": {"type": "Point", "coordinates": [-82.91333000004934, 42.43694119324674]}}, {"type": "Feature", "properties": {"building": "yes", "source": "way"}, "geometry": {"type": "Point", "coordinates": [-82.91319003412043, 42.43690426657711]}}, {"type": "Feature", "properties": {"building": "yes", "source": "way"}, "geometry": {"type": "Point", "coordinates": [-82.9110448, 42.43818765]}}, {"type": "Feature", "properties": {"building": "yes", "source": "way"}, "geometry": {"type": "Point", "coordinates": [-82.91119447858877, 42.43821965917394]}}, {"type": "Feature", "properties": {"building": "yes", "source": "way"}, "geometry": {"type": "Point", "coordinates": [-82.91139645, 42.43828524999999]}}, {"type": "Feature", "properties": {"building": "yes", "source": "way"}, "geometry": {"type": "Point", "coordinates": [-82.91160114412162, 42.43833726993366]}}, {"type": "Feature", "properties": {"building": "yes", "source": "way"}, "geometry": {"type": "Point", "coordinates": [-82.91175437444234, 42.43837349253571]}}, {"type": "Feature", "properties": {"building": "yes", "source": "way"}, "geometry": {"type": "Point", "coordinates": [-82.91189353537398, 42.438412765935865]}}, {"type": "Feature", "properties": {"building": "yes", "source": "way"}, "geometry": {"type": "Point", "coordinates": [-82.91203798061747, 42.43844069015237]}}, {"type": "Feature", "properties": {"building": "yes", "source": "way"}, "geometry": {"type": "Point", "coordinates": [-82.91218121965689, 42.43845875541691]}}, {"type": "Feature", "properties": {"building": "yes", "source": "way"}, "geometry": {"type": "Point", "coordinates": [-82.91231881625879, 42.438517350450184]}}, {"type": "Feature", "properties": {"building": "yes", "source": "way"}, "geometry": {"type": "Point", "coordinates": [-82.91246927967515, 42.43851669484611]}}, {"type": "Feature", "properties": {"building": "yes", "source": "way"}, "geometry": {"type": "Point", "coordinates": [-82.9125912, 42.43857835]}}, {"type": "Feature", "properties": {"building": "yes", "source": "way"}, "geometry": {"type": "Point", "coordinates": [-82.91274407809404, 42.43859803698299]}}, {"type": "Feature", "properties": {"building": "yes", "source": "way"}, "geometry": {"type": "Point", "coordinates": [-82.91287312049333, 42.43865015836161]}}, {"type": "Feature", "properties": {"building": "yes", "source": "way"}, "geometry": {"type": "Point", "coordinates": [-82.91302916077564, 42.438673217705926]}}, {"type": "Feature", "properties": {"building": "yes", "source": "way"}, "geometry": {"type": "Point", "coordinates": [-82.9132828251846, 42.43877978089675]}}, {"type": "Feature", "properties": {"building": "yes", "source": "way"}, "geometry": {"type": "Point", "coordinates": [-82.91317015065457, 42.43869651046533]}}, {"type": "Feature", "properties": {"building": "yes", "source": "way"}, "geometry": {"type": "Point", "coordinates": [-82.91306956055435, 42.43884112951709]}}, {"type": "Feature", "properties": {"building": "yes", "source": "way"}, "geometry": {"type": "Point", "coordinates": [-82.91322057316182, 42.43897896381792]}}, {"type": "Feature", "properties": {"building": "yes", "source": "way"}, "geometry": {"type": "Point", "coordinates": [-82.91287995, 42.4389066]}}, {"type": "Feature", "properties": {"building": "yes", "source": "way"}, "geometry": {"type": "Point", "coordinates": [-82.91273635000002, 42.43886895000001]}}, {"type": "Feature", "properties": {"building": "yes", "source": "way"}, "geometry": {"type": "Point", "coordinates": [-82.91291143709718, 42.43881597119418]}}, {"type": "Feature", "properties": {"building": "yes", "source": "way"}, "geometry": {"type": "Point", "coordinates": [-82.91221054999998, 42.43864605]}}, {"type": "Feature", "properties": {"building": "yes", "source": "way"}, "geometry": {"type": "Point", "coordinates": [-82.91246011937922, 42.43880270454142]}}, {"type": "Feature", "properties": {"building": "yes", "source": "way"}, "geometry": {"type": "Point", "coordinates": [-82.91202599324362, 42.43870276996887]}}, {"type": "Feature", "properties": {"building": "yes", "source": "way"}, "geometry": {"type": "Point", "coordinates": [-82.91206992180554, 42.43861340596932]}}, {"type": "Feature", "properties": {"building": "yes", "source": "way"}, "geometry": {"type": "Point", "coordinates": [-82.91193663032128, 42.43857739566321]}}, {"type": "Feature", "properties": {"building": "yes", "source": "way"}, "geometry": {"type": "Point", "coordinates": [-82.91165779999999, 42.4385123]}}, {"type": "Feature", "properties": {"building": "yes", "source": "way"}, "geometry": {"type": "Point", "coordinates": [-82.91160485, 42.4386164]}}, {"type": "Feature", "properties": {"building": "yes", "source": "way"}, "geometry": {"type": "Point", "coordinates": [-82.91148537056627, 42.43846790609936]}}, {"type": "Feature", "properties": {"building": "yes", "source": "way"}, "geometry": {"type": "Point", "coordinates": [-82.91128420000001, 42.43841905]}}, {"type": "Feature", "properties": {"building": "yes", "source": "way"}, "geometry": {"type": "Point", "coordinates": [-82.91107155000002, 42.43837295]}}, {"type": "Feature", "properties": {"building": "yes", "source": "way"}, "geometry": {"type": "Point", "coordinates": [-82.9109568, 42.43834780000001]}}, {"type": "Feature", "properties": {"building": "yes", "source": "way"}, "geometry": {"type": "Point", "coordinates": [-82.91052283481883, 42.43845896473692]}}, {"type": "Feature", "properties": {"building": "yes", "source": "way"}, "geometry": {"type": "Point", "coordinates": [-82.90835203386256, 42.437990539454844]}}, {"type": "Feature", "properties": {"building": "yes", "source": "way"}, "geometry": {"type": "Point", "coordinates": [-82.9090964806316, 42.43789964448477]}}, {"type": "Feature", "properties": {"building": "yes", "source": "way"}, "geometry": {"type": "Point", "coordinates": [-82.90904710000001, 42.4379939]}}, {"type": "Feature", "properties": {"building": "yes", "source": "way"}, "geometry": {"type": "Point", "coordinates": [-82.9088484, 42.43795625]}}, {"type": "Feature", "properties": {"building": "yes", "source": "way"}, "geometry": {"type": "Point", "coordinates": [-82.90921565827014, 42.43802557974821]}}, {"type": "Feature", "properties": {"building": "yes", "source": "way"}, "geometry": {"type": "Point", "coordinates": [-82.90926025, 42.43794625]}}, {"type": "Feature", "properties": {"building": "yes", "source": "way"}, "geometry": {"type": "Point", "coordinates": [-82.9094077286858, 42.437979494397084]}}, {"type": "Feature", "properties": {"building": "yes", "source": "way"}, "geometry": {"type": "Point", "coordinates": [-82.90951834835748, 42.437853299330705]}}, {"type": "Feature", "properties": {"building": "yes", "source": "way"}, "geometry": {"type": "Point", "coordinates": [-82.90980720893684, 42.43807347973096]}}, {"type": "Feature", "properties": {"building": "yes", "source": "way"}, "geometry": {"type": "Point", "coordinates": [-82.9100818, 42.43813395]}}, {"type": "Feature", "properties": {"building": "yes", "source": "way"}, "geometry": {"type": "Point", "coordinates": [-82.90996879161911, 42.438245919950226]}}, {"type": "Feature", "properties": {"building": "yes", "source": "way"}, "geometry": {"type": "Point", "coordinates": [-82.90901815492286, 42.436806393044336]}}, {"type": "Feature", "properties": {"building": "yes", "source": "way"}, "geometry": {"type": "Point", "coordinates": [-82.90917964584945, 42.43682670689988]}}, {"type": "Feature", "properties": {"building": "yes", "source": "way"}, "geometry": {"type": "Point", "coordinates": [-82.90934042149426, 42.43685085558014]}}, {"type": "Feature", "properties": {"building": "yes", "source": "way"}, "geometry": {"type": "Point", "coordinates": [-82.90949357951014, 42.436904573083346]}}, {"type": "Feature", "properties": {"building": "yes", "source": "way"}, "geometry": {"type": "Point", "coordinates": [-82.90859680000001, 42.4366197]}}, {"type": "Feature", "properties": {"building": "yes", "source": "way"}, "geometry": {"type": "Point", "coordinates": [-82.90853431768222, 42.43683910047106]}}, {"type": "Feature", "properties": {"building": "yes", "source": "way"}, "geometry": {"type": "Point", "coordinates": [-82.90918624999999, 42.43709845]}}, {"type": "Feature", "properties": {"building": "yes", "source": "way"}, "geometry": {"type": "Point", "coordinates": [-82.90936879296733, 42.43704547056003]}}, {"type": "Feature", "properties": {"building": "yes", "source": "way"}, "geometry": {"type": "Point", "coordinates": [-82.9096555634226, 42.436946576116334]}}, {"type": "Feature", "properties": {"building": "yes", "source": "way"}, "geometry": {"type": "Point", "coordinates": [-82.90979071378017, 42.4369911769578]}}, {"type": "Feature", "properties": {"building": "yes", "source": "way"}, "geometry": {"type": "Point", "coordinates": [-82.9099323, 42.437023249999996]}}, {"type": "Feature", "properties": {"building": "yes", "source": "way"}, "geometry": {"type": "Point", "coordinates": [-82.9098281, 42.43715695]}}, {"type": "Feature", "properties": {"building": "yes", "source": "way"}, "geometry": {"type": "Point", "coordinates": [-82.90997660000001, 42.437191350000006]}}, {"type": "Feature", "properties": {"building": "yes", "source": "way"}, "geometry": {"type": "Point", "coordinates": [-82.91012450000001, 42.43722135000001]}}, {"type": "Feature", "properties": {"building": "yes", "source": "way"}, "geometry": {"type": "Point", "coordinates": [-82.91050849004421, 42.43713774891635]}}, {"type": "Feature", "properties": {"building": "yes", "source": "way"}, "geometry": {"type": "Point", "coordinates": [-82.91039317064592, 42.43729470565632]}}, {"type": "Feature", "properties": {"building": "yes", "source": "way"}, "geometry": {"type": "Point", "coordinates": [-82.91035525, 42.437372749999994]}}, {"type": "Feature", "properties": {"building": "yes", "source": "way"}, "geometry": {"type": "Point", "coordinates": [-82.91049746993318, 42.43741535541361]}}, {"type": "Feature", "properties": {"building": "yes", "source": "way"}, "geometry": {"type": "Point", "coordinates": [-82.9106317, 42.43744734999999]}}, {"type": "Feature", "properties": {"building": "yes", "source": "way"}, "geometry": {"type": "Point", "coordinates": [-82.91077242835027, 42.4374834942769]}}, {"type": "Feature", "properties": {"building": "yes", "source": "way"}, "geometry": {"type": "Point", "coordinates": [-82.91081650638475, 42.437364979320805]}}, {"type": "Feature", "properties": {"building": "yes", "source": "way"}, "geometry": {"type": "Point", "coordinates": [-82.91094519999997, 42.43756634999999]}}, {"type": "Feature", "properties": {"building": "yes", "source": "way"}, "geometry": {"type": "Point", "coordinates": [-82.9100784413226, 42.437309425582406]}}, {"type": "Feature", "properties": {"building": "yes", "source": "way"}, "geometry": {"type": "Point", "coordinates": [-82.90989285000002, 42.43745404999999]}}, {"type": "Feature", "properties": {"building": "yes", "source": "way"}, "geometry": {"type": "Point", "coordinates": [-82.9099361, 42.43726775]}}, {"type": "Feature", "properties": {"building": "yes", "source": "way"}, "geometry": {"type": "Point", "coordinates": [-82.90965772025986, 42.43720776535731]}}, {"type": "Feature", "properties": {"building": "yes", "source": "way"}, "geometry": {"type": "Point", "coordinates": [-82.90920845, 42.437011]}}, {"type": "Feature", "properties": {"building": "yes", "source": "way"}, "geometry": {"type": "Point", "coordinates": [-82.90905097740495, 42.43695978686195]}}, {"type": "Feature", "properties": {"building": "yes", "source": "way"}, "geometry": {"type": "Point", "coordinates": [-82.90896885000001, 42.43704895]}}, {"type": "Feature", "properties": {"building": "yes", "source": "way"}, "geometry": {"type": "Point", "coordinates": [-82.90845643577816, 42.43751669295616]}}, {"type": "Feature", "properties": {"building": "yes", "source": "way"}, "geometry": {"type": "Point", "coordinates": [-82.9083567569006, 42.43770412228273]}}, {"type": "Feature", "properties": {"building": "yes", "source": "way"}, "geometry": {"type": "Point", "coordinates": [-82.9085675303981, 42.43784899763611]}}, {"type": "Feature", "properties": {"building": "yes", "source": "way"}, "geometry": {"type": "Point", "coordinates": [-82.90932987947187, 42.43712794307088]}}, {"type": "Feature", "properties": {"building": "yes", "source": "way"}, "geometry": {"type": "Point", "coordinates": [-82.90922891589753, 42.43595057503145]}}, {"type": "Feature", "properties": {"building": "yes", "source": "way"}, "geometry": {"type": "Point", "coordinates": [-82.90939122053393, 42.4359936074006]}}, {"type": "Feature", "properties": {"building": "yes", "source": "way"}, "geometry": {"type": "Point", "coordinates": [-82.9095281, 42.4360331]}}, {"type": "Feature", "properties": {"building": "yes", "source": "way"}, "geometry": {"type": "Point", "coordinates": [-82.90969780841286, 42.436073590927734]}}, {"type": "Feature", "properties": {"building": "yes", "source": "way"}, "geometry": {"type": "Point", "coordinates": [-82.90999951951179, 42.43630210913954]}}, {"type": "Feature", "properties": {"building": "yes", "source": "way"}, "geometry": {"type": "Point", "coordinates": [-82.90983176944292, 42.436105459036064]}}, {"type": "Feature", "properties": {"building": "yes", "source": "way"}, "geometry": {"type": "Point", "coordinates": [-82.9101257901325, 42.43615904332659]}}, {"type": "Feature", "properties": {"building": "yes", "source": "way"}, "geometry": {"type": "Point", "coordinates": [-82.91026254999998, 42.43618539999999]}}, {"type": "Feature", "properties": {"building": "yes", "source": "way"}, "geometry": {"type": "Point", "coordinates": [-82.91043435, 42.436380150000005]}}, {"type": "Feature", "properties": {"building": "yes", "source": "way"}, "geometry": {"type": "Point", "coordinates": [-82.91059745, 42.43654305]}}, {"type": "Feature", "properties": {"building": "yes", "source": "way"}, "geometry": {"type": "Point", "coordinates": [-82.91077362701218, 42.43676689260614]}}, {"type": "Feature", "properties": {"building": "yes", "source": "way"}, "geometry": {"type": "Point", "coordinates": [-82.90908054470715, 42.436207469861706]}}, {"type": "Feature", "properties": {"building": "yes", "source": "way"}, "geometry": {"type": "Point", "coordinates": [-82.90933790740587, 42.43624407875791]}}, {"type": "Feature", "properties": {"building": "yes", "source": "way"}, "geometry": {"type": "Point", "coordinates": [-82.910049, 42.435699899999996]}}, {"type": "Feature", "properties": {"building": "yes", "source": "way"}, "geometry": {"type": "Point", "coordinates": [-82.9107503, 42.43586724999999]}}, {"type": "Feature", "properties": {"building": "yes", "source": "way"}, "geometry": {"type": "Point", "coordinates": [-82.91078662940347, 42.435705594962045]}}, {"type": "Feature", "properties": {"building": "yes", "source": "way"}, "geometry": {"type": "Point", "coordinates": [-82.91083785000001, 42.435583949999995]}}, {"type": "Feature", "properties": {"building": "yes", "source": "way"}, "geometry": {"type": "Point", "coordinates": [-82.91092752427379, 42.43547446207152]}}, {"type": "Feature", "properties": {"building": "yes", "source": "way"}, "geometry": {"type": "Point", "coordinates": [-82.91105542796824, 42.435503585321314]}}, {"type": "Feature", "properties": {"building": "yes", "source": "way"}, "geometry": {"type": "Point", "coordinates": [-82.91120989999999, 42.435529599999995]}}, {"type": "Feature", "properties": {"building": "yes", "source": "way"}, "geometry": {"type": "Point", "coordinates": [-82.9113538, 42.435564799999995]}}, {"type": "Feature", "properties": {"building": "yes", "source": "way"}, "geometry": {"type": "Point", "coordinates": [-82.91149637808675, 42.43559124428993]}}, {"type": "Feature", "properties": {"building": "yes", "source": "way"}, "geometry": {"type": "Point", "coordinates": [-82.91163285865366, 42.43565346420502]}}, {"type": "Feature", "properties": {"building": "yes", "source": "way"}, "geometry": {"type": "Point", "coordinates": [-82.91176295, 42.43567289999999]}}, {"type": "Feature", "properties": {"building": "yes", "source": "way"}, "geometry": {"type": "Point", "coordinates": [-82.9116913, 42.43582530000001]}}, {"type": "Feature", "properties": {"building": "yes", "source": "way"}, "geometry": {"type": "Point", "coordinates": [-82.91165535908193, 42.435910830280996]}}, {"type": "Feature", "properties": {"building": "yes", "source": "way"}, "geometry": {"type": "Point", "coordinates": [-82.91159355124286, 42.436051513614046]}}, {"type": "Feature", "properties": {"building": "yes", "source": "way"}, "geometry": {"type": "Point", "coordinates": [-82.91195023739792, 42.43615252380773]}}, {"type": "Feature", "properties": {"building": "yes", "source": "way"}, "geometry": {"type": "Point", "coordinates": [-82.91148815, 42.43587194999999]}}, {"type": "Feature", "properties": {"building": "yes", "source": "way"}, "geometry": {"type": "Point", "coordinates": [-82.91123851963107, 42.43570840700682]}}, {"type": "Feature", "properties": {"building": "yes", "source": "way"}, "geometry": {"type": "Point", "coordinates": [-82.91078445283655, 42.4354572130872]}}, {"type": "Feature", "properties": {"building": "yes", "source": "way"}, "geometry": {"type": "Point", "coordinates": [-82.91061679999999, 42.43570025]}}, {"type": "Feature", "properties": {"building": "yes", "source": "way"}, "geometry": {"type": "Point", "coordinates": [-82.91050169175458, 42.43564602051514]}}, {"type": "Feature", "properties": {"building": "yes", "source": "way"}, "geometry": {"type": "Point", "coordinates": [-82.91056727025814, 42.435476006138714]}}, {"type": "Feature", "properties": {"building": "yes", "source": "way"}, "geometry": {"type": "Point", "coordinates": [-82.91065613189967, 42.435389234056224]}}, {"type": "Feature", "properties": {"building": "yes", "source": "way"}, "geometry": {"type": "Point", "coordinates": [-82.9105079, 42.4353674]}}, {"type": "Feature", "properties": {"building": "yes", "source": "way"}, "geometry": {"type": "Point", "coordinates": [-82.91029384249194, 42.435317671356984]}}, {"type": "Feature", "properties": {"building": "yes", "source": "way"}, "geometry": {"type": "Point", "coordinates": [-82.91018135, 42.435448449999996]}}, {"type": "Feature", "properties": {"building": "yes", "source": "way"}, "geometry": {"type": "Point", "coordinates": [-82.91003097110571, 42.435260637998546]}}, {"type": "Feature", "properties": {"building": "yes", "source": "way"}, "geometry": {"type": "Point", "coordinates": [-82.90993184386278, 42.43550531958597]}}, {"type": "Feature", "properties": {"building": "yes", "source": "way"}, "geometry": {"type": "Point", "coordinates": [-82.90924599051002, 42.43506137160969]}}, {"type": "Feature", "properties": {"building": "yes", "source": "way"}, "geometry": {"type": "Point", "coordinates": [-82.90919039477103, 42.43519272089932]}}, {"type": "Feature", "properties": {"building": "yes", "source": "way"}, "geometry": {"type": "Point", "coordinates": [-82.90918277072754, 42.435325756272455]}}, {"type": "Feature", "properties": {"building": "yes", "source": "way"}, "geometry": {"type": "Point", "coordinates": [-82.9091998, 42.435511350000006]}}, {"type": "Feature", "properties": {"building": "yes", "source": "way"}, "geometry": {"type": "Point", "coordinates": [-82.90866652733392, 42.435267986187256]}}, {"type": "Feature", "properties": {"building": "yes", "source": "way"}, "geometry": {"type": "Point", "coordinates": [-82.90889553076589, 42.43516496927826]}}, {"type": "Feature", "properties": {"building": "yes", "source": "way"}, "geometry": {"type": "Point", "coordinates": [-82.90876720000001, 42.434900600000006]}}, {"type": "Feature", "properties": {"building": "yes", "source": "way"}, "geometry": {"type": "Point", "coordinates": [-82.9093754, 42.435098450000005]}}, {"type": "Feature", "properties": {"building": "yes", "source": "way"}, "geometry": {"type": "Point", "coordinates": [-82.90951755000002, 42.435138699999996]}}, {"type": "Feature", "properties": {"building": "yes", "source": "way"}, "geometry": {"type": "Point", "coordinates": [-82.90966245, 42.435152300000006]}}, {"type": "Feature", "properties": {"building": "yes", "source": "way"}, "geometry": {"type": "Point", "coordinates": [-82.90981561215246, 42.43521835330601]}}, {"type": "Feature", "properties": {"building": "yes", "source": "way"}, "geometry": {"type": "Point", "coordinates": [-82.90998668807859, 42.434798219210315]}}, {"type": "Feature", "properties": {"building": "yes", "source": "way"}, "geometry": {"type": "Point", "coordinates": [-82.91013076936093, 42.43481686632193]}}, {"type": "Feature", "properties": {"building": "yes", "source": "way"}, "geometry": {"type": "Point", "coordinates": [-82.9102684693185, 42.434845161414756]}}, {"type": "Feature", "properties": {"building": "yes", "source": "way"}, "geometry": {"type": "Point", "coordinates": [-82.91040510000002, 42.43489960000001]}}, {"type": "Feature", "properties": {"building": "yes", "source": "way"}, "geometry": {"type": "Point", "coordinates": [-82.91067832463968, 42.434973470312265]}}, {"type": "Feature", "properties": {"building": "yes", "source": "way"}, "geometry": {"type": "Point", "coordinates": [-82.91095305000002, 42.435012699999994]}}, {"type": "Feature", "properties": {"building": "yes", "source": "way"}, "geometry": {"type": "Point", "coordinates": [-82.91110535, 42.435073800000005]}}, {"type": "Feature", "properties": {"building": "yes", "source": "way"}, "geometry": {"type": "Point", "coordinates": [-82.9112462917341, 42.43511457018807]}}, {"type": "Feature", "properties": {"building": "yes", "source": "way"}, "geometry": {"type": "Point", "coordinates": [-82.91138681976797, 42.435144364829675]}}, {"type": "Feature", "properties": {"building": "yes", "source": "way"}, "geometry": {"type": "Point", "coordinates": [-82.9115428, 42.435157450000005]}}, {"type": "Feature", "properties": {"building": "yes", "source": "way"}, "geometry": {"type": "Point", "coordinates": [-82.91166915, 42.435205450000005]}}, {"type": "Feature", "properties": {"building": "yes", "source": "way"}, "geometry": {"type": "Point", "coordinates": [-82.91181560054885, 42.43523283565685]}}, {"type": "Feature", "properties": {"building": "yes", "source": "way"}, "geometry": {"type": "Point", "coordinates": [-82.9119592958727, 42.43525246942732]}}, {"type": "Feature", "properties": {"building": "yes", "source": "way"}, "geometry": {"type": "Point", "coordinates": [-82.9120348, 42.435109100000005]}}, {"type": "Feature", "properties": {"building": "yes", "source": "way"}, "geometry": {"type": "Point", "coordinates": [-82.91185438827601, 42.43505782582953]}}, {"type": "Feature", "properties": {"building": "yes", "source": "way"}, "geometry": {"type": "Point", "coordinates": [-82.91207488035279, 42.43501799654445]}}, {"type": "Feature", "properties": {"building": "yes", "source": "way"}, "geometry": {"type": "Point", "coordinates": [-82.9118707897554, 42.434753020347586]}}, {"type": "Feature", "properties": {"building": "yes", "source": "way"}, "geometry": {"type": "Point", "coordinates": [-82.91200658327323, 42.434822015540995]}}, {"type": "Feature", "properties": {"building": "yes", "source": "way"}, "geometry": {"type": "Point", "coordinates": [-82.91212527565808, 42.43485556592255]}}, {"type": "Feature", "properties": {"building": "yes", "source": "way"}, "geometry": {"type": "Point", "coordinates": [-82.91162473727876, 42.43487582040958]}}, {"type": "Feature", "properties": {"building": "yes", "source": "way"}, "geometry": {"type": "Point", "coordinates": [-82.9114987, 42.4348385]}}, {"type": "Feature", "properties": {"building": "yes", "source": "way"}, "geometry": {"type": "Point", "coordinates": [-82.91092389999999, 42.43483725]}}, {"type": "Feature", "properties": {"building": "yes", "source": "way"}, "geometry": {"type": "Point", "coordinates": [-82.90668412953505, 42.43482172110067]}}, {"type": "Feature", "properties": {"building": "yes", "source": "way"}, "geometry": {"type": "Point", "coordinates": [-82.90699426539081, 42.43485965685622]}}, {"type": "Feature", "properties": {"building": "yes", "source": "way"}, "geometry": {"type": "Point", "coordinates": [-82.9048958855351, 42.434883237908544]}}, {"type": "Feature", "properties": {"building": "yes", "source": "way"}, "geometry": {"type": "Point", "coordinates": [-82.90527075928587, 42.43497819910341]}}, {"type": "Feature", "properties": {"building": "yes", "source": "way"}, "geometry": {"type": "Point", "coordinates": [-82.9056177303627, 42.43506795658631]}}, {"type": "Feature", "properties": {"building": "yes", "source": "way"}, "geometry": {"type": "Point", "coordinates": [-82.9059695655553, 42.43515125834858]}}, {"type": "Feature", "properties": {"building": "yes", "source": "way"}, "geometry": {"type": "Point", "coordinates": [-82.90628855000001, 42.43521535]}}, {"type": "Feature", "properties": {"building": "yes", "source": "way"}, "geometry": {"type": "Point", "coordinates": [-82.90763703366886, 42.43533287100798]}}, {"type": "Feature", "properties": {"building": "yes", "source": "way"}, "geometry": {"type": "Point", "coordinates": [-82.90456107830308, 42.43482351433131]}}, {"type": "Feature", "properties": {"building": "yes", "source": "way"}, "geometry": {"type": "Point", "coordinates": [-82.90249728979121, 42.43483252929896]}}, {"type": "Feature", "properties": {"building": "yes", "source": "way"}, "geometry": {"type": "Point", "coordinates": [-82.90288028698419, 42.43491509389746]}}, {"type": "Feature", "properties": {"building": "yes", "source": "way"}, "geometry": {"type": "Point", "coordinates": [-82.9032115316059, 42.43500388366442]}}, {"type": "Feature", "properties": {"building": "yes", "source": "way"}, "geometry": {"type": "Point", "coordinates": [-82.9035158340569, 42.43507574961732]}}, {"type": "Feature", "properties": {"building": "yes", "source": "way"}, "geometry": {"type": "Point", "coordinates": [-82.90057773847293, 42.43488194708597]}}, {"type": "Feature", "properties": {"building": "yes", "source": "way"}, "geometry": {"type": "Point", "coordinates": [-82.9009372740325, 42.434971439120275]}}, {"type": "Feature", "properties": {"building": "yes", "source": "way"}, "geometry": {"type": "Point", "coordinates": [-82.90123474132957, 42.4350184473505]}}, {"type": "Feature", "properties": {"building": "yes", "source": "way"}, "geometry": {"type": "Point", "coordinates": [-82.90153667610561, 42.435090038689175]}}, {"type": "Feature", "properties": {"building": "yes", "source": "way"}, "geometry": {"type": "Point", "coordinates": [-82.90006049857394, 42.4352621103652]}}, {"type": "Feature", "properties": {"building": "yes", "source": "way"}, "geometry": {"type": "Point", "coordinates": [-82.90014538980795, 42.43595897770252]}}, {"type": "Feature", "properties": {"building": "yes", "source": "way"}, "geometry": {"type": "Point", "coordinates": [-82.90050123134182, 42.43607009573102]}}, {"type": "Feature", "properties": {"building": "yes", "source": "way"}, "geometry": {"type": "Point", "coordinates": [-82.90090167756736, 42.4361432044687]}}, {"type": "Feature", "properties": {"building": "yes", "source": "way"}, "geometry": {"type": "Point", "coordinates": [-82.90130747262059, 42.43558816335474]}}, {"type": "Feature", "properties": {"building": "yes", "source": "way"}, "geometry": {"type": "Point", "coordinates": [-82.90087791032899, 42.43545768845981]}}, {"type": "Feature", "properties": {"building": "yes", "source": "way"}, "geometry": {"type": "Point", "coordinates": [-82.90048770716835, 42.43537604623673]}}, {"type": "Feature", "properties": {"building": "yes", "source": "way"}, "geometry": {"type": "Point", "coordinates": [-82.90080472143653, 42.43654325517896]}}, {"type": "Feature", "properties": {"building": "yes", "source": "way"}, "geometry": {"type": "Point", "coordinates": [-82.9005656130881, 42.436817339043245]}}, {"type": "Feature", "properties": {"building": "yes", "source": "way"}, "geometry": {"type": "Point", "coordinates": [-82.90025734166865, 42.436635837612826]}}, {"type": "Feature", "properties": {"building": "yes", "source": "way"}, "geometry": {"type": "Point", "coordinates": [-82.89994261453347, 42.4365249753541]}}, {"type": "Feature", "properties": {"building": "yes", "source": "way"}, "geometry": {"type": "Point", "coordinates": [-82.89339942998255, 42.43691424357226]}}, {"type": "Feature", "properties": {"building": "residential", "source": "way"}, "geometry": {"type": "Point", "coordinates": [-82.88469434999999, 42.446377000000005]}}, {"type": "Feature", "properties": {"building": "school", "source": "way"}, "geometry": {"type": "Point", "coordinates": [-82.88423210093056, 42.450150063989014]}}, {"type": "Feature", "properties": {"building": "yes", "source": "way"}, "geometry": {"type": "Point", "coordinates": [-82.8859614261485, 42.43533973606371]}}, {"type": "Feature", "properties": {"building": "yes", "source": "way"}, "geometry": {"type": "Point", "coordinates": [-82.88570126875538, 42.4352528137314]}}, {"type": "Feature", "properties": {"building": "yes", "source": "way"}, "geometry": {"type": "Point", "coordinates": [-82.88517590439324, 42.435149992608494]}}, {"type": "Feature", "properties": {"building": "yes", "source": "way"}, "geometry": {"type": "Point", "coordinates": [-82.88491348785328, 42.43508033982408]}}, {"type": "Feature", "properties": {"building": "yes", "source": "way"}, "geometry": {"type": "Point", "coordinates": [-82.88466897156283, 42.43498117401888]}}, {"type": "Feature", "properties": {"building": "yes", "source": "way"}, "geometry": {"type": "Point", "coordinates": [-82.88574883782093, 42.43488658078199]}}, {"type": "Feature", "properties": {"building": "house", "source": "way"}, "geometry": {"type": "Point", "coordinates": [-82.88463581981293, 42.4384794696783]}}, {"type": "Feature", "properties": {"building": "house", "source": "way"}, "geometry": {"type": "Point", "coordinates": [-82.88483472405365, 42.4385012158131]}}, {"type": "Feature", "properties": {"building": "house", "source": "way"}, "geometry": {"type": "Point", "coordinates": [-82.88443829941076, 42.438465377932644]}}, {"type": "Feature", "properties": {"building": "yes", "source": "way"}, "geometry": {"type": "Point", "coordinates": [-82.89418560979875, 42.43650114363655]}}, {"type": "Feature", "properties": {"building": "yes", "source": "way"}, "geometry": {"type": "Point", "coordinates": [-82.88807988170961, 42.43956976204228]}}, {"type": "Feature", "properties": {"building": "house", "source": "way"}, "geometry": {"type": "Point", "coordinates": [-82.89990227577135, 42.44354148726416]}}, {"type": "Feature", "properties": {"building": "house", "source": "way"}, "geometry": {"type": "Point", "coordinates": [-82.89975526379003, 42.443525226825535]}}, {"type": "Feature", "properties": {"building": "house", "source": "way"}, "geometry": {"type": "Point", "coordinates": [-82.89961839401022, 42.44349031978266]}}, {"type": "Feature", "properties": {"building": "house", "source": "way"}, "geometry": {"type": "Point", "coordinates": [-82.89993092655364, 42.44314677375419]}}, {"type": "Feature", "properties": {"building": "house", "source": "way"}, "geometry": {"type": "Point", "coordinates": [-82.89974586977691, 42.44310210703629]}}, {"type": "Feature", "properties": {"building": "house", "source": "way"}, "geometry": {"type": "Point", "coordinates": [-82.89973079401021, 42.44498501978266]}}, {"type": "Feature", "properties": {"building": "house", "source": "way"}, "geometry": {"type": "Point", "coordinates": [-82.89944700956173, 42.44491241505872]}}, {"type": "Feature", "properties": {"building": "house", "source": "way"}, "geometry": {"type": "Point", "coordinates": [-82.89959232968923, 42.444937130677225]}}, {"type": "Feature", "properties": {"building": "house", "source": "way"}, "geometry": {"type": "Point", "coordinates": [-82.89930858040044, 42.44487479150197]}}, {"type": "Feature", "properties": {"building": "house", "source": "way"}, "geometry": {"type": "Point", "coordinates": [-82.89581061154742, 42.444057475564115]}}, {"type": "Feature", "properties": {"building": "house", "source": "way"}, "geometry": {"type": "Point", "coordinates": [-82.89566352885399, 42.44402663516271]}}, {"type": "Feature", "properties": {"building": "house", "source": "way"}, "geometry": {"type": "Point", "coordinates": [-82.8959515484157, 42.44407308317679]}}, {"type": "Feature", "properties": {"building": "house", "source": "way"}, "geometry": {"type": "Point", "coordinates": [-82.896094628854, 42.44412443516271]}}, {"type": "Feature", "properties": {"building": "house", "source": "way"}, "geometry": {"type": "Point", "coordinates": [-82.89623459673993, 42.44414586190628]}}, {"type": "Feature", "properties": {"building": "house", "source": "way"}, "geometry": {"type": "Point", "coordinates": [-82.8963718797962, 42.44419079463785]}}, {"type": "Feature", "properties": {"building": "house", "source": "way"}, "geometry": {"type": "Point", "coordinates": [-82.89651608078606, 42.44421122112229]}}, {"type": "Feature", "properties": {"building": "house", "source": "way"}, "geometry": {"type": "Point", "coordinates": [-82.89665292020644, 42.44426385537211]}}, {"type": "Feature", "properties": {"building": "house", "source": "way"}, "geometry": {"type": "Point", "coordinates": [-82.89679605, 42.444293699999996]}}, {"type": "Feature", "properties": {"building": "house", "source": "way"}, "geometry": {"type": "Point", "coordinates": [-82.89694486957033, 42.444309108491844]}}, {"type": "Feature", "properties": {"building": "house", "source": "way"}, "geometry": {"type": "Point", "coordinates": [-82.89707922885397, 42.44436283516272]}}, {"type": "Feature", "properties": {"building": "house", "source": "way"}, "geometry": {"type": "Point", "coordinates": [-82.89721917979357, 42.44439384462788]}}, {"type": "Feature", "properties": {"building": "house", "source": "way"}, "geometry": {"type": "Point", "coordinates": [-82.89736022885397, 42.44442843516271]}}, {"type": "Feature", "properties": {"building": "house", "source": "way"}, "geometry": {"type": "Point", "coordinates": [-82.89750614456281, 42.44444876980304]}}, {"type": "Feature", "properties": {"building": "house", "source": "way"}, "geometry": {"type": "Point", "coordinates": [-82.89763645865483, 42.44449752980164]}}, {"type": "Feature", "properties": {"building": "house", "source": "way"}, "geometry": {"type": "Point", "coordinates": [-82.89777855865482, 42.44453092980164]}}, {"type": "Feature", "properties": {"building": "house", "source": "way"}, "geometry": {"type": "Point", "coordinates": [-82.89792277114601, 42.44456586483729]}}, {"type": "Feature", "properties": {"building": "house", "source": "way"}, "geometry": {"type": "Point", "coordinates": [-82.89806435865484, 42.44460042980164]}}, {"type": "Feature", "properties": {"building": "house", "source": "way"}, "geometry": {"type": "Point", "coordinates": [-82.89820805865483, 42.444627929801634]}}, {"type": "Feature", "properties": {"building": "house", "source": "way"}, "geometry": {"type": "Point", "coordinates": [-82.8983483990107, 42.44465418538902]}}, {"type": "Feature", "properties": {"building": "house", "source": "way"}, "geometry": {"type": "Point", "coordinates": [-82.89848999336387, 42.44468259313705]}}, {"type": "Feature", "properties": {"building": "house", "source": "way"}, "geometry": {"type": "Point", "coordinates": [-82.896226728854, 42.44458873516271]}}, {"type": "Feature", "properties": {"building": "house", "source": "way"}, "geometry": {"type": "Point", "coordinates": [-82.89637457114601, 42.444613664837284]}}, {"type": "Feature", "properties": {"building": "house", "source": "way"}, "geometry": {"type": "Point", "coordinates": [-82.89608984134519, 42.44455007019836]}}, {"type": "Feature", "properties": {"building": "house", "source": "way"}, "geometry": {"type": "Point", "coordinates": [-82.89665252885396, 42.44467913516271]}}, {"type": "Feature", "properties": {"building": "house", "source": "way"}, "geometry": {"type": "Point", "coordinates": [-82.89679697979359, 42.44471154462789]}}, {"type": "Feature", "properties": {"building": "house", "source": "way"}, "geometry": {"type": "Point", "coordinates": [-82.89650385865484, 42.444654829801635]}}, {"type": "Feature", "properties": {"building": "house", "source": "way"}, "geometry": {"type": "Point", "coordinates": [-82.898203971146, 42.44505246483729]}}, {"type": "Feature", "properties": {"building": "house", "source": "way"}, "geometry": {"type": "Point", "coordinates": [-82.89835725865483, 42.445087829801636]}}, {"type": "Feature", "properties": {"building": "house", "source": "way"}, "geometry": {"type": "Point", "coordinates": [-82.8980592115474, 42.445031275564105]}}, {"type": "Feature", "properties": {"building": "house", "source": "way"}, "geometry": {"type": "Point", "coordinates": [-82.89778085865483, 42.444952729801635]}}, {"type": "Feature", "properties": {"building": "house", "source": "way"}, "geometry": {"type": "Point", "coordinates": [-82.89793147114602, 42.44499356483729]}}, {"type": "Feature", "properties": {"building": "house", "source": "way"}, "geometry": {"type": "Point", "coordinates": [-82.89749718845258, 42.444877724435884]}}, {"type": "Feature", "properties": {"building": "house", "source": "way"}, "geometry": {"type": "Point", "coordinates": [-82.89736307114602, 42.444846664837286]}}, {"type": "Feature", "properties": {"building": "house", "source": "way"}, "geometry": {"type": "Point", "coordinates": [-82.89764087114601, 42.44491776483729]}}, {"type": "Feature", "properties": {"building": "house", "source": "way"}, "geometry": {"type": "Point", "coordinates": [-82.8972231115474, 42.44481407556411]}}, {"type": "Feature", "properties": {"building": "house", "source": "way"}, "geometry": {"type": "Point", "coordinates": [-82.89707408845258, 42.444790924435885]}}, {"type": "Feature", "properties": {"building": "house", "source": "way"}, "geometry": {"type": "Point", "coordinates": [-82.89692600000001, 42.44477054999999]}}, {"type": "Feature", "properties": {"building": "house", "source": "way"}, "geometry": {"type": "Point", "coordinates": [-82.89566367114602, 42.44445496483729]}}, {"type": "Feature", "properties": {"building": "house", "source": "way"}, "geometry": {"type": "Point", "coordinates": [-82.89552554999999, 42.44441095]}}, {"type": "Feature", "properties": {"building": "house", "source": "way"}, "geometry": {"type": "Point", "coordinates": [-82.89580917979356, 42.444477744627896]}}, {"type": "Feature", "properties": {"building": "house", "source": "way"}, "geometry": {"type": "Point", "coordinates": [-82.8959357, 42.44453925]}}, {"type": "Feature", "properties": {"building": "house", "source": "way"}, "geometry": {"type": "Point", "coordinates": [-82.89536624999998, 42.4448369]}}, {"type": "Feature", "properties": {"building": "house", "source": "way"}, "geometry": {"type": "Point", "coordinates": [-82.8952235, 42.4448002]}}, {"type": "Feature", "properties": {"building": "house", "source": "way"}, "geometry": {"type": "Point", "coordinates": [-82.89549975, 42.44487875]}}, {"type": "Feature", "properties": {"building": "house", "source": "way"}, "geometry": {"type": "Point", "coordinates": [-82.89578276983711, 42.44493800763059]}}, {"type": "Feature", "properties": {"building": "house", "source": "way"}, "geometry": {"type": "Point", "coordinates": [-82.89592135000001, 42.44498165]}}, {"type": "Feature", "properties": {"building": "house", "source": "way"}, "geometry": {"type": "Point", "coordinates": [-82.89620856984291, 42.44505085763786]}}, {"type": "Feature", "properties": {"building": "house", "source": "way"}, "geometry": {"type": "Point", "coordinates": [-82.89649075, 42.44511505]}}, {"type": "Feature", "properties": {"building": "house", "source": "way"}, "geometry": {"type": "Point", "coordinates": [-82.89634742187765, 42.445085517974135]}}, {"type": "Feature", "properties": {"building": "house", "source": "way"}, "geometry": {"type": "Point", "coordinates": [-82.89719095562121, 42.44528593015518]}}, {"type": "Feature", "properties": {"building": "house", "source": "way"}, "geometry": {"type": "Point", "coordinates": [-82.8973872241307, 42.445339839022985]}}, {"type": "Feature", "properties": {"building": "house", "source": "way"}, "geometry": {"type": "Point", "coordinates": [-82.89804096984295, 42.44549195763786]}}, {"type": "Feature", "properties": {"building": "house", "source": "way"}, "geometry": {"type": "Point", "coordinates": [-82.89790016984294, 42.44545335763787]}}, {"type": "Feature", "properties": {"building": "house", "source": "way"}, "geometry": {"type": "Point", "coordinates": [-82.89819856984295, 42.44552835763787]}}, {"type": "Feature", "properties": {"building": "house", "source": "way"}, "geometry": {"type": "Point", "coordinates": [-82.89833366984294, 42.44554545763786]}}, {"type": "Feature", "properties": {"building": "house", "source": "way"}, "geometry": {"type": "Point", "coordinates": [-82.89775706984295, 42.445419757637865]}}, {"type": "Feature", "properties": {"building": "house", "source": "way"}, "geometry": {"type": "Point", "coordinates": [-82.8976132606501, 42.44538534021496]}}, {"type": "Feature", "properties": {"building": "garage", "source": "way"}, "geometry": {"type": "Point", "coordinates": [-82.89789479999999, 42.4443928]}}, {"type": "Feature", "properties": {"building": "garage", "source": "way"}, "geometry": {"type": "Point", "coordinates": [-82.89802689999999, 42.4444445]}}, {"type": "Feature", "properties": {"building": "garage", "source": "way"}, "geometry": {"type": "Point", "coordinates": [-82.8981738, 42.44445350000001]}}, {"type": "Feature", "properties": {"building": "garage", "source": "way"}, "geometry": {"type": "Point", "coordinates": [-82.89774699999998, 42.44436005]}}, {"type": "Feature", "properties": {"building": "garage", "source": "way"}, "geometry": {"type": "Point", "coordinates": [-82.8983138, 42.4444916]}}, {"type": "Feature", "properties": {"building": "garage", "source": "way"}, "geometry": {"type": "Point", "coordinates": [-82.89845429999998, 42.44452345000001]}}, {"type": "Feature", "properties": {"building": "garage", "source": "way"}, "geometry": {"type": "Point", "coordinates": [-82.8985959, 42.44456075]}}, {"type": "Feature", "properties": {"building": "garage", "source": "way"}, "geometry": {"type": "Point", "coordinates": [-82.8986943, 42.444576049999995]}}, {"type": "Feature", "properties": {"building": "garage", "source": "way"}, "geometry": {"type": "Point", "coordinates": [-82.8964769, 42.4440572]}}, {"type": "Feature", "properties": {"building": "garage", "source": "way"}, "geometry": {"type": "Point", "coordinates": [-82.8966094, 42.44410785]}}, {"type": "Feature", "properties": {"building": "garage", "source": "way"}, "geometry": {"type": "Point", "coordinates": [-82.8968968, 42.44417185]}}, {"type": "Feature", "properties": {"building": "garage", "source": "way"}, "geometry": {"type": "Point", "coordinates": [-82.89717330953191, 42.44422518003244]}}, {"type": "Feature", "properties": {"building": "garage", "source": "way"}, "geometry": {"type": "Point", "coordinates": [-82.897033, 42.44418405]}}, {"type": "Feature", "properties": {"building": "garage", "source": "way"}, "geometry": {"type": "Point", "coordinates": [-82.8974638904681, 42.445063919967566]}}, {"type": "Feature", "properties": {"building": "garage", "source": "way"}, "geometry": {"type": "Point", "coordinates": [-82.89731580000002, 42.44503905]}}, {"type": "Feature", "properties": {"building": "garage", "source": "way"}, "geometry": {"type": "Point", "coordinates": [-82.897177440484, 42.44499741996519]}}, {"type": "Feature", "properties": {"building": "garage", "source": "way"}, "geometry": {"type": "Point", "coordinates": [-82.89703799046809, 42.444965619967576]}}, {"type": "Feature", "properties": {"building": "garage", "source": "way"}, "geometry": {"type": "Point", "coordinates": [-82.89690869046811, 42.44492241996756]}}, {"type": "Feature", "properties": {"building": "garage", "source": "way"}, "geometry": {"type": "Point", "coordinates": [-82.89760695, 42.4450972]}}, {"type": "Feature", "properties": {"building": "garage", "source": "way"}, "geometry": {"type": "Point", "coordinates": [-82.89783315, 42.44515295]}}, {"type": "Feature", "properties": {"building": "garage", "source": "way"}, "geometry": {"type": "Point", "coordinates": [-82.89803059046808, 42.44520281996757]}}, {"type": "Feature", "properties": {"building": "garage", "source": "way"}, "geometry": {"type": "Point", "coordinates": [-82.89825200000001, 42.445248400000004]}}, {"type": "Feature", "properties": {"building": "garage", "source": "way"}, "geometry": {"type": "Point", "coordinates": [-82.8982307095319, 42.445356780032434]}}, {"type": "Feature", "properties": {"building": "garage", "source": "way"}, "geometry": {"type": "Point", "coordinates": [-82.89807319046808, 42.44532181996757]}}, {"type": "Feature", "properties": {"building": "garage", "source": "way"}, "geometry": {"type": "Point", "coordinates": [-82.8984276, 42.445391349999994]}}, {"type": "Feature", "properties": {"building": "garage", "source": "way"}, "geometry": {"type": "Point", "coordinates": [-82.89549170000001, 42.444589449999995]}}, {"type": "Feature", "properties": {"building": "garage", "source": "way"}, "geometry": {"type": "Point", "coordinates": [-82.8953335904681, 42.44455841996756]}}, {"type": "Feature", "properties": {"building": "garage", "source": "way"}, "geometry": {"type": "Point", "coordinates": [-82.8955343, 42.44471275]}}, {"type": "Feature", "properties": {"building": "garage", "source": "way"}, "geometry": {"type": "Point", "coordinates": [-82.8956917904681, 42.44474181996756]}}, {"type": "Feature", "properties": {"building": "garage", "source": "way"}, "geometry": {"type": "Point", "coordinates": [-82.89605202995156, 42.44471384450169]}}, {"type": "Feature", "properties": {"building": "garage", "source": "way"}, "geometry": {"type": "Point", "coordinates": [-82.89596070953192, 42.44480218003244]}}, {"type": "Feature", "properties": {"building": "garage", "source": "way"}, "geometry": {"type": "Point", "coordinates": [-82.8962348, 42.444893300000004]}}, {"type": "Feature", "properties": {"building": "garage", "source": "way"}, "geometry": {"type": "Point", "coordinates": [-82.8963971095319, 42.44491098003244]}}, {"type": "Feature", "properties": {"building": "garage", "source": "way"}, "geometry": {"type": "Point", "coordinates": [-82.89648495, 42.444809649999996]}}, {"type": "Feature", "properties": {"building": "garage", "source": "way"}, "geometry": {"type": "Point", "coordinates": [-82.89652380000001, 42.44494905]}}, {"type": "Feature", "properties": {"building": "garage", "source": "way"}, "geometry": {"type": "Point", "coordinates": [-82.89608353019935, 42.44486494264311]}}, {"type": "Feature", "properties": {"building": "garage", "source": "way"}, "geometry": {"type": "Point", "coordinates": [-82.89577284999999, 42.444656650000006]}}, {"type": "Feature", "properties": {"building": "garage", "source": "way"}, "geometry": {"type": "Point", "coordinates": [-82.89563805, 42.4446353]}}, {"type": "Feature", "properties": {"building": "garage", "source": "way"}, "geometry": {"type": "Point", "coordinates": [-82.89526269999999, 42.44463665]}}, {"type": "Feature", "properties": {"building": "garage", "source": "way"}, "geometry": {"type": "Point", "coordinates": [-82.89539475000001, 42.44466650000001]}}, {"type": "Feature", "properties": {"building": "house", "source": "way"}, "geometry": {"type": "Point", "coordinates": [-82.89985109401022, 42.44545471978265]}}, {"type": "Feature", "properties": {"building": "house", "source": "way"}, "geometry": {"type": "Point", "coordinates": [-82.89971079401022, 42.445423619782666]}}, {"type": "Feature", "properties": {"building": "house", "source": "way"}, "geometry": {"type": "Point", "coordinates": [-82.8999869940102, 42.44550421978267]}}, {"type": "Feature", "properties": {"building": "house", "source": "way"}, "geometry": {"type": "Point", "coordinates": [-82.89986953095, 42.445014468928825]}}, {"type": "Feature", "properties": {"building": "house", "source": "way"}, "geometry": {"type": "Point", "coordinates": [-82.89315731411725, 42.44915288033296]}}, {"type": "Feature", "properties": {"building": "house", "source": "way"}, "geometry": {"type": "Point", "coordinates": [-82.89341915, 42.4492159]}}, {"type": "Feature", "properties": {"building": "house", "source": "way"}, "geometry": {"type": "Point", "coordinates": [-82.89364186378505, 42.44926863027409]}}, {"type": "Feature", "properties": {"building": "house", "source": "way"}, "geometry": {"type": "Point", "coordinates": [-82.89386935, 42.4493203]}}, {"type": "Feature", "properties": {"building": "house", "source": "way"}, "geometry": {"type": "Point", "coordinates": [-82.89408986378506, 42.449380130274086]}}, {"type": "Feature", "properties": {"building": "house", "source": "way"}, "geometry": {"type": "Point", "coordinates": [-82.89431880000001, 42.44942875000001]}}, {"type": "Feature", "properties": {"building": "house", "source": "way"}, "geometry": {"type": "Point", "coordinates": [-82.89455536378505, 42.4494861302741]}}, {"type": "Feature", "properties": {"building": "house", "source": "way"}, "geometry": {"type": "Point", "coordinates": [-82.89477755, 42.44954035000001]}}, {"type": "Feature", "properties": {"building": "house", "source": "way"}, "geometry": {"type": "Point", "coordinates": [-82.89500311379197, 42.44959583027119]}}, {"type": "Feature", "properties": {"building": "house", "source": "way"}, "geometry": {"type": "Point", "coordinates": [-82.8952422, 42.44964945]}}, {"type": "Feature", "properties": {"building": "house", "source": "way"}, "geometry": {"type": "Point", "coordinates": [-82.8954754, 42.44969805]}}, {"type": "Feature", "properties": {"building": "house", "source": "way"}, "geometry": {"type": "Point", "coordinates": [-82.89569671973207, 42.44976415302589]}}, {"type": "Feature", "properties": {"building": "house", "source": "way"}, "geometry": {"type": "Point", "coordinates": [-82.89592148026797, 42.44981524697411]}}, {"type": "Feature", "properties": {"building": "house", "source": "way"}, "geometry": {"type": "Point", "coordinates": [-82.8961571940569, 42.44986202725206]}}, {"type": "Feature", "properties": {"building": "house", "source": "way"}, "geometry": {"type": "Point", "coordinates": [-82.89638021379196, 42.44992623027119]}}, {"type": "Feature", "properties": {"building": "house", "source": "way"}, "geometry": {"type": "Point", "coordinates": [-82.89631541379197, 42.449493230271194]}}, {"type": "Feature", "properties": {"building": "house", "source": "way"}, "geometry": {"type": "Point", "coordinates": [-82.89654351379198, 42.4495518302712]}}, {"type": "Feature", "properties": {"building": "house", "source": "way"}, "geometry": {"type": "Point", "coordinates": [-82.89609150000001, 42.4494415]}}, {"type": "Feature", "properties": {"building": "house", "source": "way"}, "geometry": {"type": "Point", "coordinates": [-82.8958617, 42.44938475]}}, {"type": "Feature", "properties": {"building": "house", "source": "way"}, "geometry": {"type": "Point", "coordinates": [-82.89563276378506, 42.4493305302741]}}, {"type": "Feature", "properties": {"building": "house", "source": "way"}, "geometry": {"type": "Point", "coordinates": [-82.89540633351095, 42.449266933293906]}}, {"type": "Feature", "properties": {"building": "house", "source": "way"}, "geometry": {"type": "Point", "coordinates": [-82.89518749999999, 42.44922205000001]}}, {"type": "Feature", "properties": {"building": "house", "source": "way"}, "geometry": {"type": "Point", "coordinates": [-82.89495098027118, 42.44916469697948]}}, {"type": "Feature", "properties": {"building": "house", "source": "way"}, "geometry": {"type": "Point", "coordinates": [-82.8947254, 42.44911044999999]}}, {"type": "Feature", "properties": {"building": "house", "source": "way"}, "geometry": {"type": "Point", "coordinates": [-82.89425735, 42.44899949999999]}}, {"type": "Feature", "properties": {"building": "house", "source": "way"}, "geometry": {"type": "Point", "coordinates": [-82.89402501379199, 42.4489465302712]}}, {"type": "Feature", "properties": {"building": "house", "source": "way"}, "geometry": {"type": "Point", "coordinates": [-82.89380533621495, 42.448892269725896]}}, {"type": "Feature", "properties": {"building": "house", "source": "way"}, "geometry": {"type": "Point", "coordinates": [-82.89358908026794, 42.44883864697411]}}, {"type": "Feature", "properties": {"building": "house", "source": "way"}, "geometry": {"type": "Point", "coordinates": [-82.8933592940569, 42.448784427252065]}}, {"type": "Feature", "properties": {"building": "house", "source": "way"}, "geometry": {"type": "Point", "coordinates": [-82.89352960000001, 42.44848825]}}, {"type": "Feature", "properties": {"building": "house", "source": "way"}, "geometry": {"type": "Point", "coordinates": [-82.89374754999999, 42.44854745000001]}}, {"type": "Feature", "properties": {"building": "house", "source": "way"}, "geometry": {"type": "Point", "coordinates": [-82.89397906378504, 42.4485967302741]}}, {"type": "Feature", "properties": {"building": "house", "source": "way"}, "geometry": {"type": "Point", "coordinates": [-82.89420968620803, 42.4486490697288]}}, {"type": "Feature", "properties": {"building": "house", "source": "way"}, "geometry": {"type": "Point", "coordinates": [-82.89443018620804, 42.448710169728805]}}, {"type": "Feature", "properties": {"building": "house", "source": "way"}, "geometry": {"type": "Point", "coordinates": [-82.89466001379196, 42.448759430271195]}}, {"type": "Feature", "properties": {"building": "house", "source": "way"}, "geometry": {"type": "Point", "coordinates": [-82.89488049999999, 42.448819900000004]}}, {"type": "Feature", "properties": {"building": "house", "source": "way"}, "geometry": {"type": "Point", "coordinates": [-82.89510776378505, 42.4488660302741]}}, {"type": "Feature", "properties": {"building": "house", "source": "way"}, "geometry": {"type": "Point", "coordinates": [-82.8953308, 42.44892275000001]}}, {"type": "Feature", "properties": {"building": "house", "source": "way"}, "geometry": {"type": "Point", "coordinates": [-82.89555131379196, 42.44897823027119]}}, {"type": "Feature", "properties": {"building": "house", "source": "way"}, "geometry": {"type": "Point", "coordinates": [-82.89577518026795, 42.44902374697411]}}, {"type": "Feature", "properties": {"building": "house", "source": "way"}, "geometry": {"type": "Point", "coordinates": [-82.89599908027117, 42.449083596979484]}}, {"type": "Feature", "properties": {"building": "house", "source": "way"}, "geometry": {"type": "Point", "coordinates": [-82.89622888027118, 42.44913719697948]}}, {"type": "Feature", "properties": {"building": "house", "source": "way"}, "geometry": {"type": "Point", "coordinates": [-82.89643188947524, 42.44920817535233]}}, {"type": "Feature", "properties": {"building": "house", "source": "way"}, "geometry": {"type": "Point", "coordinates": [-82.89667324999999, 42.449248149999995]}}, {"type": "Feature", "properties": {"building": "house", "source": "way"}, "geometry": {"type": "Point", "coordinates": [-82.89448774388192, 42.44903288603548]}}, {"type": "Feature", "properties": {"building": "house", "source": "way"}, "geometry": {"type": "Point", "coordinates": [-82.89523931973206, 42.44998735302589]}}, {"type": "Feature", "properties": {"building": "house", "source": "way"}, "geometry": {"type": "Point", "coordinates": [-82.89546831379198, 42.4500372302712]}}, {"type": "Feature", "properties": {"building": "house", "source": "way"}, "geometry": {"type": "Point", "coordinates": [-82.89501374999999, 42.44992875]}}, {"type": "Feature", "properties": {"building": "house", "source": "way"}, "geometry": {"type": "Point", "coordinates": [-82.89478480000001, 42.4498714]}}, {"type": "Feature", "properties": {"building": "house", "source": "way"}, "geometry": {"type": "Point", "coordinates": [-82.89455669999998, 42.44981029999999]}}, {"type": "Feature", "properties": {"building": "house", "source": "way"}, "geometry": {"type": "Point", "coordinates": [-82.89432439405688, 42.44976292725207]}}, {"type": "Feature", "properties": {"building": "house", "source": "way"}, "geometry": {"type": "Point", "coordinates": [-82.89409878620803, 42.4496949697288]}}, {"type": "Feature", "properties": {"building": "house", "source": "way"}, "geometry": {"type": "Point", "coordinates": [-82.89387320000002, 42.4496395]}}, {"type": "Feature", "properties": {"building": "house", "source": "way"}, "geometry": {"type": "Point", "coordinates": [-82.89364259405689, 42.449584027252065]}}, {"type": "Feature", "properties": {"building": "house", "source": "way"}, "geometry": {"type": "Point", "coordinates": [-82.89341278026795, 42.44954284697412]}}, {"type": "Feature", "properties": {"building": "house", "source": "way"}, "geometry": {"type": "Point", "coordinates": [-82.89318046378504, 42.449491130274104]}}, {"type": "Feature", "properties": {"building": "house", "source": "way"}, "geometry": {"type": "Point", "coordinates": [-82.89296585, 42.4494394]}}, {"type": "Feature", "properties": {"building": "house", "source": "way"}, "geometry": {"type": "Point", "coordinates": [-82.89330618027117, 42.44993639697947]}}, {"type": "Feature", "properties": {"building": "house", "source": "way"}, "geometry": {"type": "Point", "coordinates": [-82.89357546648908, 42.4499960667061]}}, {"type": "Feature", "properties": {"building": "house", "source": "way"}, "geometry": {"type": "Point", "coordinates": [-82.89381123621496, 42.450044369725894]}}, {"type": "Feature", "properties": {"building": "house", "source": "way"}, "geometry": {"type": "Point", "coordinates": [-82.894299, 42.45017764999999]}}, {"type": "Feature", "properties": {"building": "house", "source": "way"}, "geometry": {"type": "Point", "coordinates": [-82.89452118620802, 42.450242469728806]}}, {"type": "Feature", "properties": {"building": "house", "source": "way"}, "geometry": {"type": "Point", "coordinates": [-82.8952258, 42.45039210000001]}}, {"type": "Feature", "properties": {"building": "house", "source": "way"}, "geometry": {"type": "Point", "coordinates": [-82.8954387, 42.45044444999999]}}, {"type": "Feature", "properties": {"building": "house", "source": "way"}, "geometry": {"type": "Point", "coordinates": [-82.89587379405691, 42.45058222725206]}}, {"type": "Feature", "properties": {"building": "house", "source": "way"}, "geometry": {"type": "Point", "coordinates": [-82.89609008027118, 42.45065389697948]}}, {"type": "Feature", "properties": {"building": "house", "source": "way"}, "geometry": {"type": "Point", "coordinates": [-82.89631901379197, 42.45071873027119]}}, {"type": "Feature", "properties": {"building": "house", "source": "way"}, "geometry": {"type": "Point", "coordinates": [-82.89655473351095, 42.45075613329391]}}, {"type": "Feature", "properties": {"building": "house", "source": "way"}, "geometry": {"type": "Point", "coordinates": [-82.89679551379197, 42.45077423027119]}}, {"type": "Feature", "properties": {"building": "house", "source": "way"}, "geometry": {"type": "Point", "coordinates": [-82.89703376378505, 42.4508066302741]}}, {"type": "Feature", "properties": {"building": "house", "source": "way"}, "geometry": {"type": "Point", "coordinates": [-82.89737675, 42.450855250000004]}}, {"type": "Feature", "properties": {"building": "yes", "source": "way"}, "geometry": {"type": "Point", "coordinates": [-82.89148725724674, 42.449789976885256]}}, {"type": "Feature", "properties": {"building": "yes", "source": "way"}, "geometry": {"type": "Point", "coordinates": [-82.89103128269582, 42.450359889487785]}}, {"type": "Feature", "properties": {"building": "yes", "source": "way"}, "geometry": {"type": "Point", "coordinates": [-82.89124903251535, 42.45001514009939]}}, {"type": "Feature", "properties": {"building": "house", "source": "way"}, "geometry": {"type": "Point", "coordinates": [-82.89281384445239, 42.448653277430545]}}, {"type": "Feature", "properties": {"building": "house", "source": "way"}, "geometry": {"type": "Point", "coordinates": [-82.89259065, 42.448599099999996]}}, {"type": "Feature", "properties": {"building": "house", "source": "way"}, "geometry": {"type": "Point", "coordinates": [-82.89237271621565, 42.44855101676248]}}, {"type": "Feature", "properties": {"building": "house", "source": "way"}, "geometry": {"type": "Point", "coordinates": [-82.89213158378433, 42.44849188323752]}}, {"type": "Feature", "properties": {"building": "house", "source": "way"}, "geometry": {"type": "Point", "coordinates": [-82.89277274445237, 42.448310177430535]}}, {"type": "Feature", "properties": {"building": "house", "source": "way"}, "geometry": {"type": "Point", "coordinates": [-82.89300564445242, 42.44835547743054]}}, {"type": "Feature", "properties": {"building": "house", "source": "way"}, "geometry": {"type": "Point", "coordinates": [-82.89254779784004, 42.44826377364329]}}, {"type": "Feature", "properties": {"building": "house", "source": "way"}, "geometry": {"type": "Point", "coordinates": [-82.89233386411031, 42.44820848033574]}}, {"type": "Feature", "properties": {"building": "house", "source": "way"}, "geometry": {"type": "Point", "coordinates": [-82.89320003588968, 42.44799711966426]}}, {"type": "Feature", "properties": {"building": "house", "source": "way"}, "geometry": {"type": "Point", "coordinates": [-82.89297311621566, 42.44794241676247]}}, {"type": "Feature", "properties": {"building": "house", "source": "way"}, "geometry": {"type": "Point", "coordinates": [-82.89273870000001, 42.4478877]}}, {"type": "Feature", "properties": {"building": "house", "source": "way"}, "geometry": {"type": "Point", "coordinates": [-82.8925125303358, 42.447831347096134]}}, {"type": "Feature", "properties": {"building": "house", "source": "way"}, "geometry": {"type": "Point", "coordinates": [-82.89372336411033, 42.44812528033574]}}, {"type": "Feature", "properties": {"building": "house", "source": "way"}, "geometry": {"type": "Point", "coordinates": [-82.89395278588275, 42.44818051966705]}}, {"type": "Feature", "properties": {"building": "house", "source": "way"}, "geometry": {"type": "Point", "coordinates": [-82.89440393588967, 42.44828631966426]}}, {"type": "Feature", "properties": {"building": "house", "source": "way"}, "geometry": {"type": "Point", "coordinates": [-82.8941890303391, 42.44820119710141]}}, {"type": "Feature", "properties": {"building": "house", "source": "way"}, "geometry": {"type": "Point", "coordinates": [-82.89461738588274, 42.44833991966704]}}, {"type": "Feature", "properties": {"building": "house", "source": "way"}, "geometry": {"type": "Point", "coordinates": [-82.89484658378431, 42.448401283237516]}}, {"type": "Feature", "properties": {"building": "house", "source": "way"}, "geometry": {"type": "Point", "coordinates": [-82.89506060000001, 42.44844495]}}, {"type": "Feature", "properties": {"building": "house", "source": "way"}, "geometry": {"type": "Point", "coordinates": [-82.8952837, 42.44850650000001]}}, {"type": "Feature", "properties": {"building": "house", "source": "way"}, "geometry": {"type": "Point", "coordinates": [-82.89550336983591, 42.448551603254785]}}, {"type": "Feature", "properties": {"building": "house", "source": "way"}, "geometry": {"type": "Point", "coordinates": [-82.89572355000001, 42.4486008]}}, {"type": "Feature", "properties": {"building": "house", "source": "way"}, "geometry": {"type": "Point", "coordinates": [-82.89594375000001, 42.448652700000004]}}, {"type": "Feature", "properties": {"building": "house", "source": "way"}, "geometry": {"type": "Point", "coordinates": [-82.89617293016408, 42.44870799674522]}}, {"type": "Feature", "properties": {"building": "house", "source": "way"}, "geometry": {"type": "Point", "coordinates": [-82.89639009999999, 42.4487638]}}, {"type": "Feature", "properties": {"building": "house", "source": "way"}, "geometry": {"type": "Point", "coordinates": [-82.89661176983591, 42.448815203254775]}}, {"type": "Feature", "properties": {"building": "house", "source": "way"}, "geometry": {"type": "Point", "coordinates": [-82.8968372, 42.4488721]}}, {"type": "Feature", "properties": {"building": "house", "source": "way"}, "geometry": {"type": "Point", "coordinates": [-82.89243153028393, 42.44897789664567]}}, {"type": "Feature", "properties": {"building": "house", "source": "way"}, "geometry": {"type": "Point", "coordinates": [-82.89222126971606, 42.44892590335432]}}, {"type": "Feature", "properties": {"building": "house", "source": "way"}, "geometry": {"type": "Point", "coordinates": [-82.89201535000001, 42.448877800000005]}}, {"type": "Feature", "properties": {"building": "house", "source": "way"}, "geometry": {"type": "Point", "coordinates": [-82.89179885732754, 42.448828623060315]}}, {"type": "Feature", "properties": {"building": "house", "source": "way"}, "geometry": {"type": "Point", "coordinates": [-82.89157869999998, 42.4487756]}}, {"type": "Feature", "properties": {"building": "house", "source": "way"}, "geometry": {"type": "Point", "coordinates": [-82.891351, 42.44872215]}}, {"type": "Feature", "properties": {"building": "house", "source": "way"}, "geometry": {"type": "Point", "coordinates": [-82.8910411244844, 42.44854632884576]}}, {"type": "Feature", "properties": {"building": "house", "source": "way"}, "geometry": {"type": "Point", "coordinates": [-82.89295659999999, 42.4462846]}}, {"type": "Feature", "properties": {"building": "house", "source": "way"}, "geometry": {"type": "Point", "coordinates": [-82.89310772996659, 42.44632354520989]}}, {"type": "Feature", "properties": {"building": "house", "source": "way"}, "geometry": {"type": "Point", "coordinates": [-82.8928021793798, 42.446247834754594]}}, {"type": "Feature", "properties": {"building": "house", "source": "way"}, "geometry": {"type": "Point", "coordinates": [-82.89264487003088, 42.44621190478211]}}, {"type": "Feature", "properties": {"building": "house", "source": "way"}, "geometry": {"type": "Point", "coordinates": [-82.893265, 42.4463573]}}, {"type": "Feature", "properties": {"building": "house", "source": "way"}, "geometry": {"type": "Point", "coordinates": [-82.8934192700334, 42.44639595479012]}}, {"type": "Feature", "properties": {"building": "house", "source": "way"}, "geometry": {"type": "Point", "coordinates": [-82.89357429999998, 42.446434100000005]}}, {"type": "Feature", "properties": {"building": "house", "source": "way"}, "geometry": {"type": "Point", "coordinates": [-82.89373833931887, 42.446461175174896]}}, {"type": "Feature", "properties": {"building": "house", "source": "way"}, "geometry": {"type": "Point", "coordinates": [-82.89388137003341, 42.44651145479012]}}, {"type": "Feature", "properties": {"building": "house", "source": "way"}, "geometry": {"type": "Point", "coordinates": [-82.89403456311722, 42.446526001197]}}, {"type": "Feature", "properties": {"building": "house", "source": "way"}, "geometry": {"type": "Point", "coordinates": [-82.89291357003086, 42.4467208047821]}}, {"type": "Feature", "properties": {"building": "house", "source": "way"}, "geometry": {"type": "Point", "coordinates": [-82.89307385, 42.44675839999999]}}, {"type": "Feature", "properties": {"building": "house", "source": "way"}, "geometry": {"type": "Point", "coordinates": [-82.89323112996912, 42.44679599521789]}}, {"type": "Feature", "properties": {"building": "house", "source": "way"}, "geometry": {"type": "Point", "coordinates": [-82.89338914999999, 42.44683189999999]}}, {"type": "Feature", "properties": {"building": "house", "source": "way"}, "geometry": {"type": "Point", "coordinates": [-82.89275855000001, 42.446677699999995]}}, {"type": "Feature", "properties": {"building": "house", "source": "way"}, "geometry": {"type": "Point", "coordinates": [-82.89259755, 42.4466396]}}, {"type": "Feature", "properties": {"building": "house", "source": "way"}, "geometry": {"type": "Point", "coordinates": [-82.89354605000001, 42.4468744]}}, {"type": "Feature", "properties": {"building": "house", "source": "way"}, "geometry": {"type": "Point", "coordinates": [-82.89370267003088, 42.4469127047821]}}, {"type": "Feature", "properties": {"building": "house", "source": "way"}, "geometry": {"type": "Point", "coordinates": [-82.89385177003088, 42.4469489047821]}}, {"type": "Feature", "properties": {"building": "house", "source": "way"}, "geometry": {"type": "Point", "coordinates": [-82.89243683359268, 42.44661189488581]}}, {"type": "Feature", "properties": {"building": "house", "source": "way"}, "geometry": {"type": "Point", "coordinates": [-82.89228202996912, 42.446563395217886]}}, {"type": "Feature", "properties": {"building": "garage", "source": "way"}, "geometry": {"type": "Point", "coordinates": [-82.89360429999999, 42.447038899999995]}}, {"type": "Feature", "properties": {"building": "garage", "source": "way"}, "geometry": {"type": "Point", "coordinates": [-82.8932907, 42.446964]}}, {"type": "Feature", "properties": {"building": "garage", "source": "way"}, "geometry": {"type": "Point", "coordinates": [-82.8929746, 42.44688380000001]}}, {"type": "Feature", "properties": {"building": "garage", "source": "way"}, "geometry": {"type": "Point", "coordinates": [-82.89343937216996, 42.44699906428413]}}, {"type": "Feature", "properties": {"building": "garage", "source": "way"}, "geometry": {"type": "Point", "coordinates": [-82.89313114221099, 42.446919770042165]}}, {"type": "Feature", "properties": {"building": "garage", "source": "way"}, "geometry": {"type": "Point", "coordinates": [-82.89297987995708, 42.44698719424621]}}, {"type": "Feature", "properties": {"building": "garage", "source": "way"}, "geometry": {"type": "Point", "coordinates": [-82.89281885000003, 42.446851200000005]}}, {"type": "Feature", "properties": {"building": "garage", "source": "way"}, "geometry": {"type": "Point", "coordinates": [-82.8935408078043, 42.44712532995463]}}, {"type": "Feature", "properties": {"building": "garage", "source": "way"}, "geometry": {"type": "Point", "coordinates": [-82.89383887216995, 42.44708996428414]}}, {"type": "Feature", "properties": {"building": "garage", "source": "way"}, "geometry": {"type": "Point", "coordinates": [-82.89378632984663, 42.447178995486475]}}, {"type": "Feature", "properties": {"building": "garage", "source": "way"}, "geometry": {"type": "Point", "coordinates": [-82.8942237799571, 42.447289394246226]}}, {"type": "Feature", "properties": {"building": "garage", "source": "way"}, "geometry": {"type": "Point", "coordinates": [-82.89450907995709, 42.44735869424622]}}, {"type": "Feature", "properties": {"building": "garage", "source": "way"}, "geometry": {"type": "Point", "coordinates": [-82.89464580780431, 42.447395529954626]}}, {"type": "Feature", "properties": {"building": "garage", "source": "way"}, "geometry": {"type": "Point", "coordinates": [-82.89482294999999, 42.447432400000004]}}, {"type": "Feature", "properties": {"building": "garage", "source": "way"}, "geometry": {"type": "Point", "coordinates": [-82.89449007995708, 42.44724639424622]}}, {"type": "Feature", "properties": {"building": "garage", "source": "way"}, "geometry": {"type": "Point", "coordinates": [-82.89483245778901, 42.447295529957835]}}, {"type": "Feature", "properties": {"building": "garage", "source": "way"}, "geometry": {"type": "Point", "coordinates": [-82.89494537995708, 42.44736309424623]}}, {"type": "Feature", "properties": {"building": "garage", "source": "way"}, "geometry": {"type": "Point", "coordinates": [-82.89471069999999, 42.447306600000005]}}, {"type": "Feature", "properties": {"building": "house", "source": "way"}, "geometry": {"type": "Point", "coordinates": [-82.89539815504557, 42.447728330358444]}}, {"type": "Feature", "properties": {"building": "house", "source": "way"}, "geometry": {"type": "Point", "coordinates": [-82.89525325, 42.4476961]}}, {"type": "Feature", "properties": {"building": "house", "source": "way"}, "geometry": {"type": "Point", "coordinates": [-82.89511620503669, 42.44765963036599]}}, {"type": "Feature", "properties": {"building": "house", "source": "way"}, "geometry": {"type": "Point", "coordinates": [-82.89553560503668, 42.447761330365985]}}, {"type": "Feature", "properties": {"building": "house", "source": "way"}, "geometry": {"type": "Point", "coordinates": [-82.89568012468592, 42.44779613842793]}}, {"type": "Feature", "properties": {"building": "house", "source": "way"}, "geometry": {"type": "Point", "coordinates": [-82.89497465504557, 42.44762373035845]}}, {"type": "Feature", "properties": {"building": "house", "source": "way"}, "geometry": {"type": "Point", "coordinates": [-82.89581900503667, 42.44782783036598]}}, {"type": "Feature", "properties": {"building": "house", "source": "way"}, "geometry": {"type": "Point", "coordinates": [-82.89596128036354, 42.447862641941136]}}, {"type": "Feature", "properties": {"building": "house", "source": "way"}, "geometry": {"type": "Point", "coordinates": [-82.89610358036354, 42.44789524194114]}}, {"type": "Feature", "properties": {"building": "house", "source": "way"}, "geometry": {"type": "Point", "coordinates": [-82.8964376046751, 42.44797733771933]}}, {"type": "Feature", "properties": {"building": "house", "source": "way"}, "geometry": {"type": "Point", "coordinates": [-82.89626269580332, 42.447936059848296]}}, {"type": "Feature", "properties": {"building": "house", "source": "way"}, "geometry": {"type": "Point", "coordinates": [-82.8966141677767, 42.44801786101239]}}, {"type": "Feature", "properties": {"building": "house", "source": "way"}, "geometry": {"type": "Point", "coordinates": [-82.89678823758906, 42.448064165423105]}}, {"type": "Feature", "properties": {"building": "house", "source": "way"}, "geometry": {"type": "Point", "coordinates": [-82.89722089496331, 42.448151669634015]}}, {"type": "Feature", "properties": {"building": "house", "source": "way"}, "geometry": {"type": "Point", "coordinates": [-82.89709132468593, 42.448129038427936]}}, {"type": "Feature", "properties": {"building": "house", "source": "way"}, "geometry": {"type": "Point", "coordinates": [-82.8969505145934, 42.44809697770725]}}, {"type": "Feature", "properties": {"building": "house", "source": "way"}, "geometry": {"type": "Point", "coordinates": [-82.89420536198195, 42.44743807464171]}}, {"type": "Feature", "properties": {"building": "house", "source": "way"}, "geometry": {"type": "Point", "coordinates": [-82.89406031963756, 42.4474060080688]}}, {"type": "Feature", "properties": {"building": "house", "source": "way"}, "geometry": {"type": "Point", "coordinates": [-82.89434341963646, 42.44746625805887]}}, {"type": "Feature", "properties": {"building": "house", "source": "way"}, "geometry": {"type": "Point", "coordinates": [-82.89448047531408, 42.447509861572065]}}, {"type": "Feature", "properties": {"building": "house", "source": "way"}, "geometry": {"type": "Point", "coordinates": [-82.89464129580334, 42.44754365984829]}}, {"type": "Feature", "properties": {"building": "house", "source": "way"}, "geometry": {"type": "Point", "coordinates": [-82.89481725416347, 42.44758474259267]}}, {"type": "Feature", "properties": {"building": "garage", "source": "way"}, "geometry": {"type": "Point", "coordinates": [-82.89413083980709, 42.447269525384826]}}, {"type": "Feature", "properties": {"building": "house", "source": "way"}, "geometry": {"type": "Point", "coordinates": [-82.89627176653383, 42.448363722272276]}}, {"type": "Feature", "properties": {"building": "house", "source": "way"}, "geometry": {"type": "Point", "coordinates": [-82.89609482711768, 42.448321439222674]}}, {"type": "Feature", "properties": {"building": "house", "source": "way"}, "geometry": {"type": "Point", "coordinates": [-82.89644962147598, 42.44840570440893]}}, {"type": "Feature", "properties": {"building": "house", "source": "way"}, "geometry": {"type": "Point", "coordinates": [-82.89661895533393, 42.44844954607956]}}, {"type": "Feature", "properties": {"building": "house", "source": "way"}, "geometry": {"type": "Point", "coordinates": [-82.89591663573115, 42.44827768238576]}}, {"type": "Feature", "properties": {"building": "house", "source": "way"}, "geometry": {"type": "Point", "coordinates": [-82.89399922468594, 42.44781253842793]}}, {"type": "Feature", "properties": {"building": "house", "source": "way"}, "geometry": {"type": "Point", "coordinates": [-82.89413851963646, 42.447848458058864]}}, {"type": "Feature", "properties": {"building": "house", "source": "way"}, "geometry": {"type": "Point", "coordinates": [-82.89427931963645, 42.44787995805886]}}, {"type": "Feature", "properties": {"building": "house", "source": "way"}, "geometry": {"type": "Point", "coordinates": [-82.89441862468593, 42.44791203842793]}}, {"type": "Feature", "properties": {"building": "house", "source": "way"}, "geometry": {"type": "Point", "coordinates": [-82.89739308027117, 42.44942039697949]}}, {"type": "Feature", "properties": {"building": "house", "source": "way"}, "geometry": {"type": "Point", "coordinates": [-82.89716648027117, 42.44936599697947]}}, {"type": "Feature", "properties": {"building": "house", "source": "way"}, "geometry": {"type": "Point", "coordinates": [-82.89761658027118, 42.44947369697948]}}, {"type": "Feature", "properties": {"building": "house", "source": "way"}, "geometry": {"type": "Point", "coordinates": [-82.89783828027116, 42.44952509697948]}}, {"type": "Feature", "properties": {"building": "house", "source": "way"}, "geometry": {"type": "Point", "coordinates": [-82.89806598027118, 42.44958039697949]}}, {"type": "Feature", "properties": {"building": "house", "source": "way"}, "geometry": {"type": "Point", "coordinates": [-82.89829358027117, 42.44963289697948]}}, {"type": "Feature", "properties": {"building": "house", "source": "way"}, "geometry": {"type": "Point", "coordinates": [-82.89851528027118, 42.44968809697949]}}, {"type": "Feature", "properties": {"building": "house", "source": "way"}, "geometry": {"type": "Point", "coordinates": [-82.89874298027117, 42.44974119697948]}}, {"type": "Feature", "properties": {"building": "house", "source": "way"}, "geometry": {"type": "Point", "coordinates": [-82.89896238027117, 42.44979529697948]}}, {"type": "Feature", "properties": {"building": "house", "source": "way"}, "geometry": {"type": "Point", "coordinates": [-82.89919078027118, 42.44984779697948]}}, {"type": "Feature", "properties": {"building": "house", "source": "way"}, "geometry": {"type": "Point", "coordinates": [-82.89940948027117, 42.44990639697949]}}, {"type": "Feature", "properties": {"building": "house", "source": "way"}, "geometry": {"type": "Point", "coordinates": [-82.89963544665801, 42.44997751602545]}}, {"type": "Feature", "properties": {"building": "house", "source": "way"}, "geometry": {"type": "Point", "coordinates": [-82.89715468027116, 42.45011069697947]}}, {"type": "Feature", "properties": {"building": "house", "source": "way"}, "geometry": {"type": "Point", "coordinates": [-82.89688349897843, 42.45005432775314]}}, {"type": "Feature", "properties": {"building": "house", "source": "way"}, "geometry": {"type": "Point", "coordinates": [-82.89738648027117, 42.45016769697948]}}, {"type": "Feature", "properties": {"building": "house", "source": "way"}, "geometry": {"type": "Point", "coordinates": [-82.89761598027115, 42.45022209697949]}}, {"type": "Feature", "properties": {"building": "house", "source": "way"}, "geometry": {"type": "Point", "coordinates": [-82.89787628027115, 42.45028529697948]}}, {"type": "Feature", "properties": {"building": "house", "source": "way"}, "geometry": {"type": "Point", "coordinates": [-82.89812478027117, 42.45034489697948]}}, {"type": "Feature", "properties": {"building": "house", "source": "way"}, "geometry": {"type": "Point", "coordinates": [-82.89834948027116, 42.45040019697948]}}, {"type": "Feature", "properties": {"building": "house", "source": "way"}, "geometry": {"type": "Point", "coordinates": [-82.89859024544702, 42.45047856228071]}}, {"type": "Feature", "properties": {"building": "house", "source": "way"}, "geometry": {"type": "Point", "coordinates": [-82.89753388027118, 42.45052299697949]}}, {"type": "Feature", "properties": {"building": "house", "source": "way"}, "geometry": {"type": "Point", "coordinates": [-82.89730768027117, 42.45047439697949]}}, {"type": "Feature", "properties": {"building": "house", "source": "way"}, "geometry": {"type": "Point", "coordinates": [-82.89776008027117, 42.45058709697949]}}, {"type": "Feature", "properties": {"building": "house", "source": "way"}, "geometry": {"type": "Point", "coordinates": [-82.89707408027117, 42.450420796979486]}}, {"type": "Feature", "properties": {"building": "house", "source": "way"}, "geometry": {"type": "Point", "coordinates": [-82.89684408027115, 42.45037879697948]}}, {"type": "Feature", "properties": {"building": "house", "source": "way"}, "geometry": {"type": "Point", "coordinates": [-82.89799588027118, 42.45063489697949]}}, {"type": "Feature", "properties": {"building": "house", "source": "way"}, "geometry": {"type": "Point", "coordinates": [-82.89569728027115, 42.45009849697947]}}, {"type": "Feature", "properties": {"building": "house", "source": "way"}, "geometry": {"type": "Point", "coordinates": [-82.89593318027117, 42.45014759697949]}}, {"type": "Feature", "properties": {"building": "house", "source": "way"}, "geometry": {"type": "Point", "coordinates": [-82.89614818027117, 42.45022109697948]}}, {"type": "Feature", "properties": {"building": "house", "source": "way"}, "geometry": {"type": "Point", "coordinates": [-82.89636458027118, 42.45029519697948]}}, {"type": "Feature", "properties": {"building": "house", "source": "way"}, "geometry": {"type": "Point", "coordinates": [-82.89660878027117, 42.450336596979476]}}, {"type": "Feature", "properties": {"building": "house", "source": "way"}, "geometry": {"type": "Point", "coordinates": [-82.89703178027116, 42.44966679697948]}}, {"type": "Feature", "properties": {"building": "house", "source": "way"}, "geometry": {"type": "Point", "coordinates": [-82.89771178027117, 42.44983429697948]}}, {"type": "Feature", "properties": {"building": "house", "source": "way"}, "geometry": {"type": "Point", "coordinates": [-82.89794098027116, 42.44988729697948]}}, {"type": "Feature", "properties": {"building": "house", "source": "way"}, "geometry": {"type": "Point", "coordinates": [-82.89839108027117, 42.44999509697947]}}, {"type": "Feature", "properties": {"building": "house", "source": "way"}, "geometry": {"type": "Point", "coordinates": [-82.89861568027115, 42.45004919697947]}}, {"type": "Feature", "properties": {"building": "house", "source": "way"}, "geometry": {"type": "Point", "coordinates": [-82.89883968027117, 42.450099496979476]}}, {"type": "Feature", "properties": {"building": "house", "source": "way"}, "geometry": {"type": "Point", "coordinates": [-82.89273452492219, 42.44995718765893]}}, {"type": "Feature", "properties": {"building": "house", "source": "way"}, "geometry": {"type": "Point", "coordinates": [-82.89264961947285, 42.450119507135625]}}, {"type": "Feature", "properties": {"building": "house", "source": "way"}, "geometry": {"type": "Point", "coordinates": [-82.89254852492219, 42.45027478765892]}}, {"type": "Feature", "properties": {"building": "house", "source": "way"}, "geometry": {"type": "Point", "coordinates": [-82.89245230053821, 42.45042614770137]}}, {"type": "Feature", "properties": {"building": "house", "source": "way"}, "geometry": {"type": "Point", "coordinates": [-82.89235091401855, 42.45059492659968]}}, {"type": "Feature", "properties": {"building": "house", "source": "way"}, "geometry": {"type": "Point", "coordinates": [-82.89280802002544, 42.44978445842767]}}, {"type": "Feature", "properties": {"building": "house", "source": "way"}, "geometry": {"type": "Point", "coordinates": [-82.89320599999999, 42.45015589999999]}}, {"type": "Feature", "properties": {"building": "house", "source": "way"}, "geometry": {"type": "Point", "coordinates": [-82.89312631947287, 42.45031730713563]}}, {"type": "Feature", "properties": {"building": "house", "source": "way"}, "geometry": {"type": "Point", "coordinates": [-82.8931125941158, 42.45048870237307]}}, {"type": "Feature", "properties": {"building": "house", "source": "way"}, "geometry": {"type": "Point", "coordinates": [-82.89309302492218, 42.45067608765893]}}, {"type": "Feature", "properties": {"building": "house", "source": "way"}, "geometry": {"type": "Point", "coordinates": [-82.89371338052713, 42.450287292864374]}}, {"type": "Feature", "properties": {"building": "house", "source": "way"}, "geometry": {"type": "Point", "coordinates": [-82.89425040279885, 42.450412297688565]}}, {"type": "Feature", "properties": {"building": "house", "source": "way"}, "geometry": {"type": "Point", "coordinates": [-82.89423762087829, 42.45057871012351]}}, {"type": "Feature", "properties": {"building": "house", "source": "way"}, "geometry": {"type": "Point", "coordinates": [-82.89354870545917, 42.45043148052585]}}, {"type": "Feature", "properties": {"building": "house", "source": "way"}, "geometry": {"type": "Point", "coordinates": [-82.89478428237284, 42.450294238338756]}}, {"type": "Feature", "properties": {"building": "house", "source": "way"}, "geometry": {"type": "Point", "coordinates": [-82.8946756002439, 42.45051474098265]}}, {"type": "Feature", "properties": {"building": "house", "source": "way"}, "geometry": {"type": "Point", "coordinates": [-82.89459131947186, 42.45068825712855]}}, {"type": "Feature", "properties": {"building": "house", "source": "way"}, "geometry": {"type": "Point", "coordinates": [-82.89452220000001, 42.45086910000001]}}, {"type": "Feature", "properties": {"building": "house", "source": "way"}, "geometry": {"type": "Point", "coordinates": [-82.89520932003082, 42.45085520662455]}}, {"type": "Feature", "properties": {"building": "house", "source": "way"}, "geometry": {"type": "Point", "coordinates": [-82.88658665, 42.448950100000005]}}, {"type": "Feature", "properties": {"building": "house", "source": "way"}, "geometry": {"type": "Point", "coordinates": [-82.88683643592802, 42.449007319895394]}}, {"type": "Feature", "properties": {"building": "house", "source": "way"}, "geometry": {"type": "Point", "coordinates": [-82.88706834999999, 42.4490728]}}, {"type": "Feature", "properties": {"building": "house", "source": "way"}, "geometry": {"type": "Point", "coordinates": [-82.88633899999999, 42.448898199999995]}}, {"type": "Feature", "properties": {"building": "house", "source": "way"}, "geometry": {"type": "Point", "coordinates": [-82.8861017, 42.448828500000005]}}, {"type": "Feature", "properties": {"building": "house", "source": "way"}, "geometry": {"type": "Point", "coordinates": [-82.88585635, 42.448792049999994]}}, {"type": "Feature", "properties": {"building": "house", "source": "way"}, "geometry": {"type": "Point", "coordinates": [-82.88562405, 42.44872805]}}, {"type": "Feature", "properties": {"building": "house", "source": "way"}, "geometry": {"type": "Point", "coordinates": [-82.88514074999999, 42.4486006]}}, {"type": "Feature", "properties": {"building": "house", "source": "way"}, "geometry": {"type": "Point", "coordinates": [-82.88525455, 42.448966999999996]}}, {"type": "Feature", "properties": {"building": "house", "source": "way"}, "geometry": {"type": "Point", "coordinates": [-82.88549788593467, 42.44900766990133]}}, {"type": "Feature", "properties": {"building": "house", "source": "way"}, "geometry": {"type": "Point", "coordinates": [-82.88660515000001, 42.4497123]}}, {"type": "Feature", "properties": {"building": "house", "source": "way"}, "geometry": {"type": "Point", "coordinates": [-82.88684448010531, 42.44977624691525]}}, {"type": "Feature", "properties": {"building": "house", "source": "way"}, "geometry": {"type": "Point", "coordinates": [-82.88635711990142, 42.449650303088994]}}, {"type": "Feature", "properties": {"building": "house", "source": "way"}, "geometry": {"type": "Point", "coordinates": [-82.8861057, 42.4495982]}}, {"type": "Feature", "properties": {"building": "house", "source": "way"}, "geometry": {"type": "Point", "coordinates": [-82.8858637198947, 42.449529253084755]}}, {"type": "Feature", "properties": {"building": "house", "source": "way"}, "geometry": {"type": "Point", "coordinates": [-82.88561493535526, 42.4494814641644]}}, {"type": "Feature", "properties": {"building": "house", "source": "way"}, "geometry": {"type": "Point", "coordinates": [-82.88535555000001, 42.44942360000001]}}, {"type": "Feature", "properties": {"building": "house", "source": "way"}, "geometry": {"type": "Point", "coordinates": [-82.88508395, 42.4493532]}}, {"type": "Feature", "properties": {"building": "house", "source": "way"}, "geometry": {"type": "Point", "coordinates": [-82.88291060000002, 42.44915455000001]}}, {"type": "Feature", "properties": {"building": "house", "source": "way"}, "geometry": {"type": "Point", "coordinates": [-82.8823888, 42.449032499999994]}}, {"type": "Feature", "properties": {"building": "house", "source": "way"}, "geometry": {"type": "Point", "coordinates": [-82.88279855, 42.448799449999996]}}, {"type": "Feature", "properties": {"building": "house", "source": "way"}, "geometry": {"type": "Point", "coordinates": [-82.8825446, 42.4487333]}}, {"type": "Feature", "properties": {"building": "house", "source": "way"}, "geometry": {"type": "Point", "coordinates": [-82.88215190000001, 42.4489656]}}, {"type": "Feature", "properties": {"building": "house", "source": "way"}, "geometry": {"type": "Point", "coordinates": [-82.88163760000002, 42.4488475]}}, {"type": "Feature", "properties": {"building": "house", "source": "way"}, "geometry": {"type": "Point", "coordinates": [-82.88144871990143, 42.449226203089]}}, {"type": "Feature", "properties": {"building": "house", "source": "way"}, "geometry": {"type": "Point", "coordinates": [-82.88169735, 42.4492774]}}, {"type": "Feature", "properties": {"building": "house", "source": "way"}, "geometry": {"type": "Point", "coordinates": [-82.88194595000002, 42.44933090000001]}}, {"type": "Feature", "properties": {"building": "house", "source": "way"}, "geometry": {"type": "Point", "coordinates": [-82.88243360582572, 42.44945532298086]}}, {"type": "Feature", "properties": {"building": "house", "source": "way"}, "geometry": {"type": "Point", "coordinates": [-82.88218628482922, 42.44939876912414]}}, {"type": "Feature", "properties": {"building": "house", "source": "way"}, "geometry": {"type": "Point", "coordinates": [-82.88270068473994, 42.44952201955639]}}, {"type": "Feature", "properties": {"building": "house", "source": "way"}, "geometry": {"type": "Point", "coordinates": [-82.88368344329484, 42.44932515879413]}}, {"type": "Feature", "properties": {"building": "house", "source": "way"}, "geometry": {"type": "Point", "coordinates": [-82.88380173538995, 42.449046657513165]}}, {"type": "Feature", "properties": {"building": "house", "source": "way"}, "geometry": {"type": "Point", "coordinates": [-82.88303983754423, 42.44885586092044]}}, {"type": "Feature", "properties": {"building": "house", "source": "way"}, "geometry": {"type": "Point", "coordinates": [-82.88070543816627, 42.44830073500565]}}, {"type": "Feature", "properties": {"building": "house", "source": "way"}, "geometry": {"type": "Point", "coordinates": [-82.88096164944048, 42.44835830054754]}}, {"type": "Feature", "properties": {"building": "house", "source": "way"}, "geometry": {"type": "Point", "coordinates": [-82.89363132128528, 42.441573858580405]}}, {"type": "Feature", "properties": {"building": "house", "source": "way"}, "geometry": {"type": "Point", "coordinates": [-82.8928913396062, 42.441398537184945]}}, {"type": "Feature", "properties": {"building": "house", "source": "way"}, "geometry": {"type": "Point", "coordinates": [-82.89213736093039, 42.44123556911966]}}, {"type": "Feature", "properties": {"building": "house", "source": "way"}, "geometry": {"type": "Point", "coordinates": [-82.89130414701681, 42.44101561769317]}}, {"type": "Feature", "properties": {"building": "house", "source": "way"}, "geometry": {"type": "Point", "coordinates": [-82.89150786219341, 42.441080555537326]}}, {"type": "Feature", "properties": {"building": "house", "source": "way"}, "geometry": {"type": "Point", "coordinates": [-82.89015686764135, 42.440756890478966]}}, {"type": "Feature", "properties": {"building": "house", "source": "way"}, "geometry": {"type": "Point", "coordinates": [-82.88995380276292, 42.44070611574696]}}, {"type": "Feature", "properties": {"building": "house", "source": "way"}, "geometry": {"type": "Point", "coordinates": [-82.88973879573659, 42.44066214200631]}}, {"type": "Feature", "properties": {"building": "house", "source": "way"}, "geometry": {"type": "Point", "coordinates": [-82.88952406764135, 42.44060529047897]}}, {"type": "Feature", "properties": {"building": "house", "source": "way"}, "geometry": {"type": "Point", "coordinates": [-82.88929530049427, 42.44054942774027]}}, {"type": "Feature", "properties": {"building": "house", "source": "way"}, "geometry": {"type": "Point", "coordinates": [-82.8890890651868, 42.44049044518868]}}, {"type": "Feature", "properties": {"building": "house", "source": "way"}, "geometry": {"type": "Point", "coordinates": [-82.89073432131508, 42.44089482729139]}}, {"type": "Feature", "properties": {"building": "house", "source": "way"}, "geometry": {"type": "Point", "coordinates": [-82.8911045768112, 42.44098759690115]}}, {"type": "Feature", "properties": {"building": "house", "source": "way"}, "geometry": {"type": "Point", "coordinates": [-82.89171453121108, 42.44114045799528]}}, {"type": "Feature", "properties": {"building": "house", "source": "way"}, "geometry": {"type": "Point", "coordinates": [-82.89269717257149, 42.44136765711073]}}, {"type": "Feature", "properties": {"building": "house", "source": "way"}, "geometry": {"type": "Point", "coordinates": [-82.89417755994651, 42.4417334158618]}}, {"type": "Feature", "properties": {"building": "house", "source": "way"}, "geometry": {"type": "Point", "coordinates": [-82.89472483960617, 42.44184113718494]}}, {"type": "Feature", "properties": {"building": "house", "source": "way"}, "geometry": {"type": "Point", "coordinates": [-82.89454393960618, 42.44179883718495]}}, {"type": "Feature", "properties": {"building": "house", "source": "way"}, "geometry": {"type": "Point", "coordinates": [-82.89234042538342, 42.44127716133106]}}, {"type": "Feature", "properties": {"building": "house", "source": "way"}, "geometry": {"type": "Point", "coordinates": [-82.89307229038094, 42.4414553341278]}}, {"type": "Feature", "properties": {"building": "house", "source": "way"}, "geometry": {"type": "Point", "coordinates": [-82.89250691461774, 42.44131831905201]}}, {"type": "Feature", "properties": {"building": "house", "source": "way"}, "geometry": {"type": "Point", "coordinates": [-82.89381190798268, 42.44163424711005]}}, {"type": "Feature", "properties": {"building": "house", "source": "way"}, "geometry": {"type": "Point", "coordinates": [-82.89398764168206, 42.44167787502706]}}, {"type": "Feature", "properties": {"building": "house", "source": "way"}, "geometry": {"type": "Point", "coordinates": [-82.89436951190447, 42.4417682812417]}}, {"type": "Feature", "properties": {"building": "house", "source": "way"}, "geometry": {"type": "Point", "coordinates": [-82.89401288812361, 42.442213920059125]}}, {"type": "Feature", "properties": {"building": "house", "source": "way"}, "geometry": {"type": "Point", "coordinates": [-82.89419772128527, 42.442239658580405]}}, {"type": "Feature", "properties": {"building": "house", "source": "way"}, "geometry": {"type": "Point", "coordinates": [-82.89478226618432, 42.442357339385275]}}, {"type": "Feature", "properties": {"building": "house", "source": "way"}, "geometry": {"type": "Point", "coordinates": [-82.89533899030356, 42.442488920144356]}}, {"type": "Feature", "properties": {"building": "house", "source": "way"}, "geometry": {"type": "Point", "coordinates": [-82.89641738005106, 42.442711543391844]}}, {"type": "Feature", "properties": {"building": "house", "source": "way"}, "geometry": {"type": "Point", "coordinates": [-82.89628, 42.442678099999995]}}, {"type": "Feature", "properties": {"building": "house", "source": "way"}, "geometry": {"type": "Point", "coordinates": [-82.89614315, 42.4426475]}}, {"type": "Feature", "properties": {"building": "house", "source": "way"}, "geometry": {"type": "Point", "coordinates": [-82.8965436, 42.44274355]}}, {"type": "Feature", "properties": {"building": "house", "source": "way"}, "geometry": {"type": "Point", "coordinates": [-82.89667199999998, 42.44277410000001]}}, {"type": "Feature", "properties": {"building": "house", "source": "way"}, "geometry": {"type": "Point", "coordinates": [-82.89681734999998, 42.44281025]}}, {"type": "Feature", "properties": {"building": "house", "source": "way"}, "geometry": {"type": "Point", "coordinates": [-82.896988, 42.4428458]}}, {"type": "Feature", "properties": {"building": "house", "source": "way"}, "geometry": {"type": "Point", "coordinates": [-82.8971443, 42.44286075]}}, {"type": "Feature", "properties": {"building": "house", "source": "way"}, "geometry": {"type": "Point", "coordinates": [-82.89727022303178, 42.442908890389674]}}, {"type": "Feature", "properties": {"building": "house", "source": "way"}, "geometry": {"type": "Point", "coordinates": [-82.89740535, 42.4429474]}}, {"type": "Feature", "properties": {"building": "house", "source": "way"}, "geometry": {"type": "Point", "coordinates": [-82.89755149999999, 42.44298360000001]}}, {"type": "Feature", "properties": {"building": "house", "source": "way"}, "geometry": {"type": "Point", "coordinates": [-82.8976554, 42.443022199999994]}}, {"type": "Feature", "properties": {"building": "house", "source": "way"}, "geometry": {"type": "Point", "coordinates": [-82.89780325, 42.4430584]}}, {"type": "Feature", "properties": {"building": "house", "source": "way"}, "geometry": {"type": "Point", "coordinates": [-82.89793338005106, 42.44309204339186]}}, {"type": "Feature", "properties": {"building": "house", "source": "way"}, "geometry": {"type": "Point", "coordinates": [-82.89817751994228, 42.443138206600935]}}, {"type": "Feature", "properties": {"building": "house", "source": "way"}, "geometry": {"type": "Point", "coordinates": [-82.89813018005106, 42.442708143391854]}}, {"type": "Feature", "properties": {"building": "house", "source": "way"}, "geometry": {"type": "Point", "coordinates": [-82.89826958005105, 42.44274874339185]}}, {"type": "Feature", "properties": {"building": "house", "source": "way"}, "geometry": {"type": "Point", "coordinates": [-82.89798988005104, 42.44268014339185]}}, {"type": "Feature", "properties": {"building": "house", "source": "way"}, "geometry": {"type": "Point", "coordinates": [-82.89784798005105, 42.44264524339185]}}, {"type": "Feature", "properties": {"building": "house", "source": "way"}, "geometry": {"type": "Point", "coordinates": [-82.89770438005105, 42.442606543391854]}}, {"type": "Feature", "properties": {"building": "house", "source": "way"}, "geometry": {"type": "Point", "coordinates": [-82.89756748005108, 42.44257294339185]}}, {"type": "Feature", "properties": {"building": "house", "source": "way"}, "geometry": {"type": "Point", "coordinates": [-82.89740698005104, 42.442539243391856]}}, {"type": "Feature", "properties": {"building": "house", "source": "way"}, "geometry": {"type": "Point", "coordinates": [-82.89726758005105, 42.442508043391854]}}, {"type": "Feature", "properties": {"building": "house", "source": "way"}, "geometry": {"type": "Point", "coordinates": [-82.89711038005106, 42.44248874339184]}}, {"type": "Feature", "properties": {"building": "house", "source": "way"}, "geometry": {"type": "Point", "coordinates": [-82.89855678005105, 42.44280604339185]}}, {"type": "Feature", "properties": {"building": "house", "source": "way"}, "geometry": {"type": "Point", "coordinates": [-82.89869198005105, 42.44284724339185]}}, {"type": "Feature", "properties": {"building": "house", "source": "way"}, "geometry": {"type": "Point", "coordinates": [-82.89898088005106, 42.44291954339185]}}, {"type": "Feature", "properties": {"building": "house", "source": "way"}, "geometry": {"type": "Point", "coordinates": [-82.89883648005107, 42.44288464339184]}}, {"type": "Feature", "properties": {"building": "house", "source": "way"}, "geometry": {"type": "Point", "coordinates": [-82.89926668477489, 42.44297247181343]}}, {"type": "Feature", "properties": {"building": "house", "source": "way"}, "geometry": {"type": "Point", "coordinates": [-82.89912058005105, 42.44293534339185]}}, {"type": "Feature", "properties": {"building": "house", "source": "way"}, "geometry": {"type": "Point", "coordinates": [-82.89910978005106, 42.443338643391854]}}, {"type": "Feature", "properties": {"building": "house", "source": "way"}, "geometry": {"type": "Point", "coordinates": [-82.89896188005108, 42.443314943391854]}}, {"type": "Feature", "properties": {"building": "house", "source": "way"}, "geometry": {"type": "Point", "coordinates": [-82.89882078005107, 42.44328564339185]}}, {"type": "Feature", "properties": {"building": "house", "source": "way"}, "geometry": {"type": "Point", "coordinates": [-82.89853188005102, 42.44322014339184]}}, {"type": "Feature", "properties": {"building": "house", "source": "way"}, "geometry": {"type": "Point", "coordinates": [-82.89839498005105, 42.44318214339185]}}, {"type": "Feature", "properties": {"building": "house", "source": "way"}, "geometry": {"type": "Point", "coordinates": [-82.89992659252836, 42.44376221980963]}}, {"type": "Feature", "properties": {"building": "house", "source": "way"}, "geometry": {"type": "Point", "coordinates": [-82.89995546970479, 42.44294885677367]}}, {"type": "Feature", "properties": {"building": "house", "source": "way"}, "geometry": {"type": "Point", "coordinates": [-82.89964537783676, 42.44369298543446]}}, {"type": "Feature", "properties": {"building": "house", "source": "way"}, "geometry": {"type": "Point", "coordinates": [-82.89979115964893, 42.44371783011412]}}, {"type": "Feature", "properties": {"building": "house", "source": "way"}, "geometry": {"type": "Point", "coordinates": [-82.89955080886124, 42.44366863000467]}}, {"type": "Feature", "properties": {"building": "house", "source": "way"}, "geometry": {"type": "Point", "coordinates": [-82.89945980000002, 42.44373115]}}, {"type": "Feature", "properties": {"building": "house", "source": "way"}, "geometry": {"type": "Point", "coordinates": [-82.89978110000001, 42.4438114]}}, {"type": "Feature", "properties": {"building": "house", "source": "way"}, "geometry": {"type": "Point", "coordinates": [-82.8999838, 42.44488270000001]}}, {"type": "Feature", "properties": {"building": "house", "source": "way"}, "geometry": {"type": "Point", "coordinates": [-82.89978709401022, 42.445911719782664]}}, {"type": "Feature", "properties": {"building": "house", "source": "way"}, "geometry": {"type": "Point", "coordinates": [-82.8995454940102, 42.445855619782655]}}, {"type": "Feature", "properties": {"building": "house", "source": "way"}, "geometry": {"type": "Point", "coordinates": [-82.8993967940102, 42.44581891978266]}}, {"type": "Feature", "properties": {"building": "house", "source": "way"}, "geometry": {"type": "Point", "coordinates": [-82.8992488940102, 42.44578141978266]}}, {"type": "Feature", "properties": {"building": "house", "source": "way"}, "geometry": {"type": "Point", "coordinates": [-82.89896669401021, 42.445712219782656]}}, {"type": "Feature", "properties": {"building": "house", "source": "way"}, "geometry": {"type": "Point", "coordinates": [-82.89883159401022, 42.445679219782654]}}, {"type": "Feature", "properties": {"building": "house", "source": "way"}, "geometry": {"type": "Point", "coordinates": [-82.8987030940102, 42.44564871978265]}}, {"type": "Feature", "properties": {"building": "garage", "source": "way"}, "geometry": {"type": "Point", "coordinates": [-82.8989333095319, 42.445516880032436]}}, {"type": "Feature", "properties": {"building": "garage", "source": "way"}, "geometry": {"type": "Point", "coordinates": [-82.89875190953191, 42.44546978003244]}}, {"type": "Feature", "properties": {"building": "garage", "source": "way"}, "geometry": {"type": "Point", "coordinates": [-82.89882160953191, 42.44538808003244]}}, {"type": "Feature", "properties": {"building": "garage", "source": "way"}, "geometry": {"type": "Point", "coordinates": [-82.89897960953189, 42.44540618003242]}}, {"type": "Feature", "properties": {"building": "garage", "source": "way"}, "geometry": {"type": "Point", "coordinates": [-82.89911430953191, 42.44546548003244]}}, {"type": "Feature", "properties": {"building": "garage", "source": "way"}, "geometry": {"type": "Point", "coordinates": [-82.8995274095319, 42.44557128003243]}}, {"type": "Feature", "properties": {"building": "garage", "source": "way"}, "geometry": {"type": "Point", "coordinates": [-82.8996700095319, 42.44559098003243]}}, {"type": "Feature", "properties": {"building": "garage", "source": "way"}, "geometry": {"type": "Point", "coordinates": [-82.8995870095319, 42.44568558003244]}}, {"type": "Feature", "properties": {"building": "garage", "source": "way"}, "geometry": {"type": "Point", "coordinates": [-82.8994912095319, 42.44564908003244]}}, {"type": "Feature", "properties": {"building": "garage", "source": "way"}, "geometry": {"type": "Point", "coordinates": [-82.89990390819715, 42.44579297998703]}}, {"type": "Feature", "properties": {"building": "house", "source": "way"}, "geometry": {"type": "Point", "coordinates": [-82.8994023940102, 42.44624401978265]}}, {"type": "Feature", "properties": {"building": "house", "source": "way"}, "geometry": {"type": "Point", "coordinates": [-82.8995400940102, 42.44628951978266]}}, {"type": "Feature", "properties": {"building": "house", "source": "way"}, "geometry": {"type": "Point", "coordinates": [-82.89924439401021, 42.446210319782665]}}, {"type": "Feature", "properties": {"building": "house", "source": "way"}, "geometry": {"type": "Point", "coordinates": [-82.8991193940102, 42.44617791978266]}}, {"type": "Feature", "properties": {"building": "house", "source": "way"}, "geometry": {"type": "Point", "coordinates": [-82.89967859401023, 42.44632691978266]}}, {"type": "Feature", "properties": {"building": "house", "source": "way"}, "geometry": {"type": "Point", "coordinates": [-82.8998256940102, 42.44634311978266]}}, {"type": "Feature", "properties": {"building": "house", "source": "way"}, "geometry": {"type": "Point", "coordinates": [-82.8999624940102, 42.446382419782665]}}, {"type": "Feature", "properties": {"building": "house", "source": "way"}, "geometry": {"type": "Point", "coordinates": [-82.89980725, 42.447426699999994]}}, {"type": "Feature", "properties": {"building": "house", "source": "way"}, "geometry": {"type": "Point", "coordinates": [-82.89215371347234, 42.44314252333161]}}, {"type": "Feature", "properties": {"building": "house", "source": "way"}, "geometry": {"type": "Point", "coordinates": [-82.89238121880153, 42.44319875068093]}}, {"type": "Feature", "properties": {"building": "house", "source": "way"}, "geometry": {"type": "Point", "coordinates": [-82.89192497976605, 42.4430877780814]}}, {"type": "Feature", "properties": {"building": "house", "source": "way"}, "geometry": {"type": "Point", "coordinates": [-82.89261351188668, 42.44325236872903]}}, {"type": "Feature", "properties": {"building": "house", "source": "way"}, "geometry": {"type": "Point", "coordinates": [-82.89284160169404, 42.443306591972686]}}, {"type": "Feature", "properties": {"building": "house", "source": "way"}, "geometry": {"type": "Point", "coordinates": [-82.89306721347232, 42.443362723331596]}}, {"type": "Feature", "properties": {"building": "house", "source": "way"}, "geometry": {"type": "Point", "coordinates": [-82.8932986983766, 42.443417596176616]}}, {"type": "Feature", "properties": {"building": "house", "source": "way"}, "geometry": {"type": "Point", "coordinates": [-82.89352930031268, 42.44347307873103]}}, {"type": "Feature", "properties": {"building": "house", "source": "way"}, "geometry": {"type": "Point", "coordinates": [-82.89375741206702, 42.44352605733245]}}, {"type": "Feature", "properties": {"building": "house", "source": "way"}, "geometry": {"type": "Point", "coordinates": [-82.89398639699431, 42.44358218293485]}}, {"type": "Feature", "properties": {"building": "house", "source": "way"}, "geometry": {"type": "Point", "coordinates": [-82.89421619699426, 42.44364078293483]}}, {"type": "Feature", "properties": {"building": "house", "source": "way"}, "geometry": {"type": "Point", "coordinates": [-82.89444008144685, 42.443693137373174]}}, {"type": "Feature", "properties": {"building": "house", "source": "way"}, "geometry": {"type": "Point", "coordinates": [-82.89467154301707, 42.443744264834116]}}, {"type": "Feature", "properties": {"building": "house", "source": "way"}, "geometry": {"type": "Point", "coordinates": [-82.89169311352998, 42.443028068325994]}}, {"type": "Feature", "properties": {"building": "house", "source": "way"}, "geometry": {"type": "Point", "coordinates": [-82.89146330334431, 42.44297819155803]}}, {"type": "Feature", "properties": {"building": "house", "source": "way"}, "geometry": {"type": "Point", "coordinates": [-82.89101618947109, 42.44287390591543]}}, {"type": "Feature", "properties": {"building": "house", "source": "way"}, "geometry": {"type": "Point", "coordinates": [-82.89124954235922, 42.44292650455915]}}, {"type": "Feature", "properties": {"building": "house", "source": "way"}, "geometry": {"type": "Point", "coordinates": [-82.89078827011728, 42.44281925463069]}}, {"type": "Feature", "properties": {"building": "house", "source": "way"}, "geometry": {"type": "Point", "coordinates": [-82.89055933545811, 42.442766876350966]}}, {"type": "Feature", "properties": {"building": "house", "source": "way"}, "geometry": {"type": "Point", "coordinates": [-82.89033034331241, 42.44271326624281]}}, {"type": "Feature", "properties": {"building": "house", "source": "way"}, "geometry": {"type": "Point", "coordinates": [-82.89009570031267, 42.44264487873103]}}, {"type": "Feature", "properties": {"building": "house", "source": "way"}, "geometry": {"type": "Point", "coordinates": [-82.88986233283582, 42.44259038807383]}}, {"type": "Feature", "properties": {"building": "house", "source": "way"}, "geometry": {"type": "Point", "coordinates": [-82.88963171880151, 42.44253555068092]}}, {"type": "Feature", "properties": {"building": "house", "source": "way"}, "geometry": {"type": "Point", "coordinates": [-82.88917634946472, 42.44242641638098]}}, {"type": "Feature", "properties": {"building": "house", "source": "way"}, "geometry": {"type": "Point", "coordinates": [-82.88845415956928, 42.442253774218706]}}, {"type": "Feature", "properties": {"building": "house", "source": "way"}, "geometry": {"type": "Point", "coordinates": [-82.88818595480048, 42.44218944371665]}}, {"type": "Feature", "properties": {"building": "house", "source": "way"}, "geometry": {"type": "Point", "coordinates": [-82.88794455480047, 42.44213104371665]}}, {"type": "Feature", "properties": {"building": "house", "source": "way"}, "geometry": {"type": "Point", "coordinates": [-82.89208173283582, 42.443604288073836]}}, {"type": "Feature", "properties": {"building": "house", "source": "way"}, "geometry": {"type": "Point", "coordinates": [-82.89230819837661, 42.44365979617663]}}, {"type": "Feature", "properties": {"building": "house", "source": "way"}, "geometry": {"type": "Point", "coordinates": [-82.89185451347232, 42.44355132333158]}}, {"type": "Feature", "properties": {"building": "house", "source": "way"}, "geometry": {"type": "Point", "coordinates": [-82.8925404969943, 42.44371778293484]}}, {"type": "Feature", "properties": {"building": "house", "source": "way"}, "geometry": {"type": "Point", "coordinates": [-82.89276947114942, 42.44377076420698]}}, {"type": "Feature", "properties": {"building": "house", "source": "way"}, "geometry": {"type": "Point", "coordinates": [-82.89162383283582, 42.443494588073825]}}, {"type": "Feature", "properties": {"building": "house", "source": "way"}, "geometry": {"type": "Point", "coordinates": [-82.89139405324332, 42.44344034256068]}}, {"type": "Feature", "properties": {"building": "house", "source": "way"}, "geometry": {"type": "Point", "coordinates": [-82.8911685188015, 42.44338485068093]}}, {"type": "Feature", "properties": {"building": "house", "source": "way"}, "geometry": {"type": "Point", "coordinates": [-82.89094545480047, 42.44332874371664]}}, {"type": "Feature", "properties": {"building": "house", "source": "way"}, "geometry": {"type": "Point", "coordinates": [-82.89071061880152, 42.44327015068093]}}, {"type": "Feature", "properties": {"building": "house", "source": "way"}, "geometry": {"type": "Point", "coordinates": [-82.89021721347233, 42.4431498233316]}}, {"type": "Feature", "properties": {"building": "house", "source": "way"}, "geometry": {"type": "Point", "coordinates": [-82.88998741880151, 42.44310555068093]}}, {"type": "Feature", "properties": {"building": "house", "source": "way"}, "geometry": {"type": "Point", "coordinates": [-82.88973141347235, 42.4430463233316]}}, {"type": "Feature", "properties": {"building": "house", "source": "way"}, "geometry": {"type": "Point", "coordinates": [-82.88948520290302, 42.442973225241175]}}, {"type": "Feature", "properties": {"building": "house", "source": "way"}, "geometry": {"type": "Point", "coordinates": [-82.88922739310163, 42.44293063847913]}}, {"type": "Feature", "properties": {"building": "house", "source": "way"}, "geometry": {"type": "Point", "coordinates": [-82.88898456095134, 42.442864887450085]}}, {"type": "Feature", "properties": {"building": "house", "source": "way"}, "geometry": {"type": "Point", "coordinates": [-82.88875172212832, 42.44280504646388]}}, {"type": "Feature", "properties": {"building": "house", "source": "way"}, "geometry": {"type": "Point", "coordinates": [-82.88849909476998, 42.442742705127955]}}, {"type": "Feature", "properties": {"building": "house", "source": "way"}, "geometry": {"type": "Point", "coordinates": [-82.88800065324334, 42.44262424256068]}}, {"type": "Feature", "properties": {"building": "house", "source": "way"}, "geometry": {"type": "Point", "coordinates": [-82.88825164583791, 42.44269223202302]}}, {"type": "Feature", "properties": {"building": "house", "source": "way"}, "geometry": {"type": "Point", "coordinates": [-82.88775591880152, 42.44256555068093]}}, {"type": "Feature", "properties": {"building": "house", "source": "way"}, "geometry": {"type": "Point", "coordinates": [-82.89322779699431, 42.44387928293484]}}, {"type": "Feature", "properties": {"building": "house", "source": "way"}, "geometry": {"type": "Point", "coordinates": [-82.89299968114324, 42.44382379131412]}}, {"type": "Feature", "properties": {"building": "house", "source": "way"}, "geometry": {"type": "Point", "coordinates": [-82.89368484946473, 42.44398961638099]}}, {"type": "Feature", "properties": {"building": "house", "source": "way"}, "geometry": {"type": "Point", "coordinates": [-82.89391379837662, 42.444044496176616]}}, {"type": "Feature", "properties": {"building": "house", "source": "way"}, "geometry": {"type": "Point", "coordinates": [-82.89345566804917, 42.44394582984344]}}, {"type": "Feature", "properties": {"building": "house", "source": "way"}, "geometry": {"type": "Point", "coordinates": [-82.89417102253445, 42.44407731350451]}}, {"type": "Feature", "properties": {"building": "house", "source": "way"}, "geometry": {"type": "Point", "coordinates": [-82.89251102789177, 42.44181117095533]}}, {"type": "Feature", "properties": {"building": "house", "source": "way"}, "geometry": {"type": "Point", "coordinates": [-82.89230102789176, 42.44175327095533]}}, {"type": "Feature", "properties": {"building": "house", "source": "way"}, "geometry": {"type": "Point", "coordinates": [-82.89188789825904, 42.441650975503016]}}, {"type": "Feature", "properties": {"building": "house", "source": "way"}, "geometry": {"type": "Point", "coordinates": [-82.89290509698307, 42.44188727487551]}}, {"type": "Feature", "properties": {"building": "house", "source": "way"}, "geometry": {"type": "Point", "coordinates": [-82.89146292789178, 42.44154937095533]}}, {"type": "Feature", "properties": {"building": "house", "source": "way"}, "geometry": {"type": "Point", "coordinates": [-82.89123989825903, 42.44150637550301]}}, {"type": "Feature", "properties": {"building": "house", "source": "way"}, "geometry": {"type": "Point", "coordinates": [-82.8908140931028, 42.44140473589644]}}, {"type": "Feature", "properties": {"building": "house", "source": "way"}, "geometry": {"type": "Point", "coordinates": [-82.89039929908087, 42.4412918744962]}}, {"type": "Feature", "properties": {"building": "house", "source": "way"}, "geometry": {"type": "Point", "coordinates": [-82.89017963251065, 42.441258205809]}}, {"type": "Feature", "properties": {"building": "house", "source": "way"}, "geometry": {"type": "Point", "coordinates": [-82.88997179698305, 42.441203374875506]}}, {"type": "Feature", "properties": {"building": "house", "source": "way"}, "geometry": {"type": "Point", "coordinates": [-82.88976732789178, 42.44114287095534]}}, {"type": "Feature", "properties": {"building": "house", "source": "way"}, "geometry": {"type": "Point", "coordinates": [-82.88949059660537, 42.44108278648346]}}, {"type": "Feature", "properties": {"building": "house", "source": "way"}, "geometry": {"type": "Point", "coordinates": [-82.88897989814878, 42.4409539512145]}}, {"type": "Feature", "properties": {"building": "house", "source": "way"}, "geometry": {"type": "Point", "coordinates": [-82.88875449698305, 42.44089547487551]}}, {"type": "Feature", "properties": {"building": "yes", "source": "way"}, "geometry": {"type": "Point", "coordinates": [-82.89819022544614, 42.43479707302361]}}, {"type": "Feature", "properties": {"building": "yes", "source": "way"}, "geometry": {"type": "Point", "coordinates": [-82.8986071010307, 42.434920784162166]}}, {"type": "Feature", "properties": {"building": "yes", "source": "way"}, "geometry": {"type": "Point", "coordinates": [-82.89925174999999, 42.4350897]}}, {"type": "Feature", "properties": {"building": "yes", "source": "way"}, "geometry": {"type": "Point", "coordinates": [-82.89970853225306, 42.435207583241535]}}, {"type": "Feature", "properties": {"building": "yes", "source": "way"}, "geometry": {"type": "Point", "coordinates": [-82.89529087572915, 42.43483820604659]}}, {"type": "Feature", "properties": {"building": "yes", "source": "way"}, "geometry": {"type": "Point", "coordinates": [-82.89570123842032, 42.4348993753978]}}, {"type": "Feature", "properties": {"building": "yes", "source": "way"}, "geometry": {"type": "Point", "coordinates": [-82.89605671236784, 42.43499064926631]}}, {"type": "Feature", "properties": {"building": "yes", "source": "way"}, "geometry": {"type": "Point", "coordinates": [-82.89646904950202, 42.43506141374116]}}, {"type": "Feature", "properties": {"building": "yes", "source": "way"}, "geometry": {"type": "Point", "coordinates": [-82.89682668072213, 42.43516274605453]}}, {"type": "Feature", "properties": {"building": "yes", "source": "way"}, "geometry": {"type": "Point", "coordinates": [-82.89720950856508, 42.43522105759491]}}, {"type": "Feature", "properties": {"building": "yes", "source": "way"}, "geometry": {"type": "Point", "coordinates": [-82.89761723430205, 42.435326458723466]}}, {"type": "Feature", "properties": {"building": "yes", "source": "way"}, "geometry": {"type": "Point", "coordinates": [-82.89791287311832, 42.43540563119347]}}, {"type": "Feature", "properties": {"building": "yes", "source": "way"}, "geometry": {"type": "Point", "coordinates": [-82.8982844685086, 42.43550188063183]}}, {"type": "Feature", "properties": {"building": "yes", "source": "way"}, "geometry": {"type": "Point", "coordinates": [-82.89902556096129, 42.435682510512464]}}, {"type": "Feature", "properties": {"building": "yes", "source": "way"}, "geometry": {"type": "Point", "coordinates": [-82.89950441591677, 42.435813679245975]}}, {"type": "Feature", "properties": {"building": "yes", "source": "way"}, "geometry": {"type": "Point", "coordinates": [-82.89983633444895, 42.43589080017742]}}, {"type": "Feature", "properties": {"building": "yes", "source": "way"}, "geometry": {"type": "Point", "coordinates": [-82.89959016102324, 42.436413801267086]}}, {"type": "Feature", "properties": {"building": "yes", "source": "way"}, "geometry": {"type": "Point", "coordinates": [-82.89924517959844, 42.43632784286005]}}, {"type": "Feature", "properties": {"building": "yes", "source": "way"}, "geometry": {"type": "Point", "coordinates": [-82.89883667822892, 42.43623130095954]}}, {"type": "Feature", "properties": {"building": "yes", "source": "way"}, "geometry": {"type": "Point", "coordinates": [-82.89913554054715, 42.435946720244765]}}, {"type": "Feature", "properties": {"building": "yes", "source": "way"}, "geometry": {"type": "Point", "coordinates": [-82.89469567934376, 42.435232956824585]}}, {"type": "Feature", "properties": {"building": "yes", "source": "way"}, "geometry": {"type": "Point", "coordinates": [-82.89502748860033, 42.43535361920582]}}, {"type": "Feature", "properties": {"building": "yes", "source": "way"}, "geometry": {"type": "Point", "coordinates": [-82.89544062174585, 42.435438906216824]}}, {"type": "Feature", "properties": {"building": "yes", "source": "way"}, "geometry": {"type": "Point", "coordinates": [-82.89556710000001, 42.4353498]}}, {"type": "Feature", "properties": {"building": "yes", "source": "way"}, "geometry": {"type": "Point", "coordinates": [-82.89604382898192, 42.435479487384654]}}, {"type": "Feature", "properties": {"building": "yes", "source": "way"}, "geometry": {"type": "Point", "coordinates": [-82.89648955670168, 42.43574014846562]}}, {"type": "Feature", "properties": {"building": "yes", "source": "way"}, "geometry": {"type": "Point", "coordinates": [-82.89690634967309, 42.4358315781606]}}, {"type": "Feature", "properties": {"building": "yes", "source": "way"}, "geometry": {"type": "Point", "coordinates": [-82.8973342600584, 42.43590753821099]}}, {"type": "Feature", "properties": {"building": "yes", "source": "way"}, "geometry": {"type": "Point", "coordinates": [-82.89768485010464, 42.4359776041293]}}, {"type": "Feature", "properties": {"building": "yes", "source": "way"}, "geometry": {"type": "Point", "coordinates": [-82.89798940000001, 42.4360657]}}, {"type": "Feature", "properties": {"building": "yes", "source": "way"}, "geometry": {"type": "Point", "coordinates": [-82.89824329203005, 42.43607582706365]}}, {"type": "Feature", "properties": {"building": "yes", "source": "way"}, "geometry": {"type": "Point", "coordinates": [-82.89286050421565, 42.43479137876537]}}, {"type": "Feature", "properties": {"building": "yes", "source": "way"}, "geometry": {"type": "Point", "coordinates": [-82.89368344876941, 42.43494968149693]}}, {"type": "Feature", "properties": {"building": "yes", "source": "way"}, "geometry": {"type": "Point", "coordinates": [-82.89411202439692, 42.43505209079053]}}, {"type": "Feature", "properties": {"building": "yes", "source": "way"}, "geometry": {"type": "Point", "coordinates": [-82.89006103586296, 42.43479592640319]}}, {"type": "Feature", "properties": {"building": "yes", "source": "way"}, "geometry": {"type": "Point", "coordinates": [-82.89045932392857, 42.434859803463915]}}, {"type": "Feature", "properties": {"building": "yes", "source": "way"}, "geometry": {"type": "Point", "coordinates": [-82.89082602297931, 42.4350066907661]}}, {"type": "Feature", "properties": {"building": "yes", "source": "way"}, "geometry": {"type": "Point", "coordinates": [-82.89119816621404, 42.435046114584075]}}, {"type": "Feature", "properties": {"building": "yes", "source": "way"}, "geometry": {"type": "Point", "coordinates": [-82.8912074, 42.43529355]}}, {"type": "Feature", "properties": {"building": "yes", "source": "way"}, "geometry": {"type": "Point", "coordinates": [-82.89155235856775, 42.4351248371449]}}, {"type": "Feature", "properties": {"building": "yes", "source": "way"}, "geometry": {"type": "Point", "coordinates": [-82.89195194231004, 42.43523440450001]}}, {"type": "Feature", "properties": {"building": "yes", "source": "way"}, "geometry": {"type": "Point", "coordinates": [-82.89231842483531, 42.43530275176081]}}, {"type": "Feature", "properties": {"building": "yes", "source": "way"}, "geometry": {"type": "Point", "coordinates": [-82.89262695006806, 42.43539791337568]}}, {"type": "Feature", "properties": {"building": "yes", "source": "way"}, "geometry": {"type": "Point", "coordinates": [-82.89304537120498, 42.43549547134582]}}, {"type": "Feature", "properties": {"building": "yes", "source": "way"}, "geometry": {"type": "Point", "coordinates": [-82.89480500349194, 42.43580233053172]}}, {"type": "Feature", "properties": {"building": "yes", "source": "way"}, "geometry": {"type": "Point", "coordinates": [-82.890155266905, 42.43533430551196]}}, {"type": "Feature", "properties": {"building": "yes", "source": "way"}, "geometry": {"type": "Point", "coordinates": [-82.89045486755418, 42.43542052184494]}}, {"type": "Feature", "properties": {"building": "yes", "source": "way"}, "geometry": {"type": "Point", "coordinates": [-82.89074373986271, 42.43549961560136]}}, {"type": "Feature", "properties": {"building": "yes", "source": "way"}, "geometry": {"type": "Point", "coordinates": [-82.8910375377497, 42.43558284866884]}}, {"type": "Feature", "properties": {"building": "yes", "source": "way"}, "geometry": {"type": "Point", "coordinates": [-82.89133831757064, 42.435689736976045]}}, {"type": "Feature", "properties": {"building": "yes", "source": "way"}, "geometry": {"type": "Point", "coordinates": [-82.89260023867404, 42.43590329533159]}}, {"type": "Feature", "properties": {"building": "yes", "source": "way"}, "geometry": {"type": "Point", "coordinates": [-82.89285031760691, 42.43612009721813]}}, {"type": "Feature", "properties": {"building": "yes", "source": "way"}, "geometry": {"type": "Point", "coordinates": [-82.89266029881932, 42.43636351729356]}}, {"type": "Feature", "properties": {"building": "yes", "source": "way"}, "geometry": {"type": "Point", "coordinates": [-82.89233926097081, 42.436427458536905]}}, {"type": "Feature", "properties": {"building": "yes", "source": "way"}, "geometry": {"type": "Point", "coordinates": [-82.8920193669213, 42.43635816659287]}}, {"type": "Feature", "properties": {"building": "yes", "source": "way"}, "geometry": {"type": "Point", "coordinates": [-82.89174601295421, 42.436309845239286]}}, {"type": "Feature", "properties": {"building": "yes", "source": "way"}, "geometry": {"type": "Point", "coordinates": [-82.89144122460938, 42.43621403702593]}}, {"type": "Feature", "properties": {"building": "yes", "source": "way"}, "geometry": {"type": "Point", "coordinates": [-82.89093790000001, 42.436060049999995]}}, {"type": "Feature", "properties": {"building": "yes", "source": "way"}, "geometry": {"type": "Point", "coordinates": [-82.89118475320194, 42.43613837126402]}}, {"type": "Feature", "properties": {"building": "yes", "source": "way"}, "geometry": {"type": "Point", "coordinates": [-82.890408903865, 42.43592231872017]}}, {"type": "Feature", "properties": {"building": "yes", "source": "way"}, "geometry": {"type": "Point", "coordinates": [-82.89015853366743, 42.435855738282626]}}, {"type": "Feature", "properties": {"building": "yes", "source": "way"}, "geometry": {"type": "Point", "coordinates": [-82.88990017356494, 42.435750647164596]}}, {"type": "Feature", "properties": {"building": "yes", "source": "way"}, "geometry": {"type": "Point", "coordinates": [-82.89163752840926, 42.43578087046115]}}, {"type": "Feature", "properties": {"building": "yes", "source": "way"}, "geometry": {"type": "Point", "coordinates": [-82.89068455318223, 42.43599253829934]}}, {"type": "Feature", "properties": {"building": "yes", "source": "way"}, "geometry": {"type": "Point", "coordinates": [-82.88963615916991, 42.435695865774484]}}, {"type": "Feature", "properties": {"building": "school", "source": "relation"}, "geometry": {"type": "Point", "coordinates": [-82.88926838333332, 42.42603430714286]}}, {"type": "Feature", "properties": {"building": "yes", "source": "relation"}, "geometry": {"type": "Point", "coordinates": [-82.90580351428571, 42.43943390714286]}}, {"type": "Feature", "properties": {"building": "school", "source": "relation"}, "geometry": {"type": "Point", "coordinates": [-82.88836359528298, 42.43641879339625]}}, {"type": "Feature", "properties": {"building": "school", "source": "relation"}, "geometry": {"type": "Point", "coordinates": [-82.88447054035089, 42.4441365614035]}}]}