{"type": "FeatureCollection", "features": [{"type": "Feature", "properties": {"building": "school", "source": "way"}, "geometry": {"type": "Point", "coordinates": [-82.93178444495896, 42.37225395329045]}}, {"type": "Feature", "properties": {"building": "yes", "source": "way"}, "geometry": {"type": "Point", "coordinates": [-82.9305396375491, 42.362936382079624]}}, {"type": "Feature", "properties": {"building": "yes", "source": "way"}, "geometry": {"type": "Point", "coordinates": [-82.93166662820715, 42.364543432464735]}}, {"type": "Feature", "properties": {"building": "yes", "source": "way"}, "geometry": {"type": "Point", "coordinates": [-82.93062748153069, 42.363079053405016]}}, {"type": "Feature", "properties": {"building": "yes", "source": "way"}, "geometry": {"type": "Point", "coordinates": [-82.93128863994446, 42.36393918171685]}}, {"type": "Feature", "properties": {"building": "yes", "source": "way"}, "geometry": {"type": "Point", "coordinates": [-82.93093121226642, 42.36352742721803]}}, {"type": "Feature", "properties": {"building": "yes", "source": "way"}, "geometry": {"type": "Point", "coordinates": [-82.93114714459152, 42.36381828158815]}}, {"type": "Feature", "properties": {"building": "yes", "source": "way"}, "geometry": {"type": "Point", "coordinates": [-82.93042965000001, 42.3627788]}}, {"type": "Feature", "properties": {"building": "yes", "source": "way"}, "geometry": {"type": "Point", "coordinates": [-82.93017889999999, 42.3619345]}}, {"type": "Feature", "properties": {"building": "yes", "source": "way"}, "geometry": {"type": "Point", "coordinates": [-82.93055305, 42.3618919]}}, {"type": "Feature", "properties": {"building": "yes", "source": "way"}, "geometry": {"type": "Point", "coordinates": [-82.93132484240469, 42.363693931524]}}, {"type": "Feature", "properties": {"building": "yes", "source": "way"}, "geometry": {"type": "Point", "coordinates": [-82.93024795000001, 42.36249490000001]}}, {"type": "Feature", "properties": {"building": "yes", "source": "way"}, "geometry": {"type": "Point", "coordinates": [-82.9315656554872, 42.364395415773274]}}, {"type": "Feature", "properties": {"building": "yes", "source": "way"}, "geometry": {"type": "Point", "coordinates": [-82.93140595, 42.364233950000006]}}, {"type": "Feature", "properties": {"building": "yes", "source": "way"}, "geometry": {"type": "Point", "coordinates": [-82.93014068151876, 42.362348254042544]}}, {"type": "Feature", "properties": {"building": "yes", "source": "way"}, "geometry": {"type": "Point", "coordinates": [-82.93064584026308, 42.36199260601727]}}, {"type": "Feature", "properties": {"building": "yes", "source": "way"}, "geometry": {"type": "Point", "coordinates": [-82.9310915, 42.36366765]}}, {"type": "Feature", "properties": {"building": "yes", "source": "way"}, "geometry": {"type": "Point", "coordinates": [-82.93184586823249, 42.3648359442775]}}, {"type": "Feature", "properties": {"building": "yes", "source": "way"}, "geometry": {"type": "Point", "coordinates": [-82.930375344816, 42.36220653161257]}}, {"type": "Feature", "properties": {"building": "yes", "source": "way"}, "geometry": {"type": "Point", "coordinates": [-82.9303311070237, 42.362633118484304]}}, {"type": "Feature", "properties": {"building": "yes", "source": "way"}, "geometry": {"type": "Point", "coordinates": [-82.92992674999999, 42.361983550000005]}}, {"type": "Feature", "properties": {"building": "yes", "source": "way"}, "geometry": {"type": "Point", "coordinates": [-82.93083804096513, 42.3633599816052]}}, {"type": "Feature", "properties": {"building": "yes", "source": "way"}, "geometry": {"type": "Point", "coordinates": [-82.93138856282029, 42.364032317849905]}}, {"type": "Feature", "properties": {"building": "yes", "source": "way"}, "geometry": {"type": "Point", "coordinates": [-82.93108145611086, 42.36341891846507]}}, {"type": "Feature", "properties": {"building": "yes", "source": "way"}, "geometry": {"type": "Point", "coordinates": [-82.93135971971047, 42.364118533644834]}}, {"type": "Feature", "properties": {"building": "yes", "source": "way"}, "geometry": {"type": "Point", "coordinates": [-82.93197129999999, 42.365036599999996]}}, {"type": "Feature", "properties": {"building": "yes", "source": "way"}, "geometry": {"type": "Point", "coordinates": [-82.93107339128514, 42.36326683158249]}}, {"type": "Feature", "properties": {"building": "yes", "source": "way"}, "geometry": {"type": "Point", "coordinates": [-82.931752, 42.36469225]}}, {"type": "Feature", "properties": {"building": "yes", "source": "way"}, "geometry": {"type": "Point", "coordinates": [-82.930758163731, 42.36321860199043]}}, {"type": "Feature", "properties": {"building": "yes", "source": "way"}, "geometry": {"type": "Point", "coordinates": [-82.92903338410068, 42.359492286782775]}}, {"type": "Feature", "properties": {"building": "yes", "source": "way"}, "geometry": {"type": "Point", "coordinates": [-82.9300012193036, 42.3621680617426]}}, {"type": "Feature", "properties": {"building": "yes", "source": "way"}, "geometry": {"type": "Point", "coordinates": [-82.92903854640622, 42.36060385124516]}}, {"type": "Feature", "properties": {"building": "yes", "source": "way"}, "geometry": {"type": "Point", "coordinates": [-82.9335651680207, 42.367368498266494]}}, {"type": "Feature", "properties": {"building": "yes", "source": "way"}, "geometry": {"type": "Point", "coordinates": [-82.93374929276835, 42.36766718150368]}}, {"type": "Feature", "properties": {"building": "yes", "source": "way"}, "geometry": {"type": "Point", "coordinates": [-82.93352715000002, 42.36696705]}}, {"type": "Feature", "properties": {"building": "yes", "source": "way"}, "geometry": {"type": "Point", "coordinates": [-82.93429263312977, 42.36841905019401]}}, {"type": "Feature", "properties": {"building": "yes", "source": "way"}, "geometry": {"type": "Point", "coordinates": [-82.93386936692276, 42.36782759975397]}}, {"type": "Feature", "properties": {"building": "yes", "source": "way"}, "geometry": {"type": "Point", "coordinates": [-82.93415155, 42.36826159999999]}}, {"type": "Feature", "properties": {"building": "yes", "source": "way"}, "geometry": {"type": "Point", "coordinates": [-82.93401245000001, 42.36812925]}}, {"type": "Feature", "properties": {"building": "yes", "source": "way"}, "geometry": {"type": "Point", "coordinates": [-82.93461985, 42.368997199999995]}}, {"type": "Feature", "properties": {"building": "garage", "source": "way"}, "geometry": {"type": "Point", "coordinates": [-82.93406849173753, 42.36778843153503]}}, {"type": "Feature", "properties": {"building": "yes", "source": "way"}, "geometry": {"type": "Point", "coordinates": [-82.93363825, 42.36751785]}}, {"type": "Feature", "properties": {"building": "garage", "source": "way"}, "geometry": {"type": "Point", "coordinates": [-82.93429666018022, 42.36833401829191]}}, {"type": "Feature", "properties": {"building": "yes", "source": "way"}, "geometry": {"type": "Point", "coordinates": [-82.93343406833246, 42.36723394466039]}}, {"type": "Feature", "properties": {"building": "yes", "source": "way"}, "geometry": {"type": "Point", "coordinates": [-82.93336304393362, 42.36708608153088]}}, {"type": "Feature", "properties": {"building": "yes", "source": "way"}, "geometry": {"type": "Point", "coordinates": [-82.93444374999999, 42.3687022]}}, {"type": "Feature", "properties": {"building": "yes", "source": "way"}, "geometry": {"type": "Point", "coordinates": [-82.93433365000001, 42.36856765]}}, {"type": "Feature", "properties": {"building": "garage", "source": "way"}, "geometry": {"type": "Point", "coordinates": [-82.93468890000001, 42.368742899999994]}}, {"type": "Feature", "properties": {"building": "yes", "source": "way"}, "geometry": {"type": "Point", "coordinates": [-82.93451875502274, 42.36886411837953]}}, {"type": "Feature", "properties": {"building": "yes", "source": "way"}, "geometry": {"type": "Point", "coordinates": [-82.93359920000002, 42.367123050000004]}}, {"type": "Feature", "properties": {"building": "yes", "source": "way"}, "geometry": {"type": "Point", "coordinates": [-82.93324013500806, 42.36894962728601]}}, {"type": "Feature", "properties": {"building": "yes", "source": "way"}, "geometry": {"type": "Point", "coordinates": [-82.93328718650893, 42.3681862713312]}}, {"type": "Feature", "properties": {"building": "yes", "source": "way"}, "geometry": {"type": "Point", "coordinates": [-82.93299929545448, 42.36859454306339]}}, {"type": "Feature", "properties": {"building": "yes", "source": "way"}, "geometry": {"type": "Point", "coordinates": [-82.93369721423622, 42.36879346210119]}}, {"type": "Feature", "properties": {"building": "yes", "source": "way"}, "geometry": {"type": "Point", "coordinates": [-82.93322995, 42.3680531]}}, {"type": "Feature", "properties": {"building": "garage", "source": "way"}, "geometry": {"type": "Point", "coordinates": [-82.93298680000002, 42.36800285]}}, {"type": "Feature", "properties": {"building": "garage", "source": "way"}, "geometry": {"type": "Point", "coordinates": [-82.93260555, 42.3679045]}}, {"type": "Feature", "properties": {"building": "garage", "source": "way"}, "geometry": {"type": "Point", "coordinates": [-82.9326886, 42.36756515]}}, {"type": "Feature", "properties": {"building": "yes", "source": "way"}, "geometry": {"type": "Point", "coordinates": [-82.93305085, 42.367744099999996]}}, {"type": "Feature", "properties": {"building": "yes", "source": "way"}, "geometry": {"type": "Point", "coordinates": [-82.93227534999998, 42.367494199999996]}}, {"type": "Feature", "properties": {"building": "yes", "source": "way"}, "geometry": {"type": "Point", "coordinates": [-82.93294875000001, 42.3675881]}}, {"type": "Feature", "properties": {"building": "yes", "source": "way"}, "geometry": {"type": "Point", "coordinates": [-82.93249445000001, 42.367843099999995]}}, {"type": "Feature", "properties": {"building": "garage", "source": "way"}, "geometry": {"type": "Point", "coordinates": [-82.93289874093988, 42.36785053159552]}}, {"type": "Feature", "properties": {"building": "yes", "source": "way"}, "geometry": {"type": "Point", "coordinates": [-82.93348615, 42.36936905]}}, {"type": "Feature", "properties": {"building": "house", "source": "way"}, "geometry": {"type": "Point", "coordinates": [-82.93397745, 42.36922635]}}, {"type": "Feature", "properties": {"building": "garage", "source": "way"}, "geometry": {"type": "Point", "coordinates": [-82.93279266067181, 42.36770267807151]}}, {"type": "Feature", "properties": {"building": "yes", "source": "way"}, "geometry": {"type": "Point", "coordinates": [-82.93273565, 42.36729379999999]}}, {"type": "Feature", "properties": {"building": "yes", "source": "way"}, "geometry": {"type": "Point", "coordinates": [-82.9339104, 42.369091100000006]}}, {"type": "Feature", "properties": {"building": "garage", "source": "way"}, "geometry": {"type": "Point", "coordinates": [-82.93346811125365, 42.36873992779259]}}, {"type": "Feature", "properties": {"building": "yes", "source": "way"}, "geometry": {"type": "Point", "coordinates": [-82.93263356844969, 42.36806124686176]}}, {"type": "Feature", "properties": {"building": "garage", "source": "way"}, "geometry": {"type": "Point", "coordinates": [-82.9330298407956, 42.36806122120317]}}, {"type": "Feature", "properties": {"building": "yes", "source": "way"}, "geometry": {"type": "Point", "coordinates": [-82.93360919379431, 42.368618681537264]}}, {"type": "Feature", "properties": {"building": "yes", "source": "way"}, "geometry": {"type": "Point", "coordinates": [-82.9331339, 42.367897850000006]}}, {"type": "Feature", "properties": {"building": "yes", "source": "way"}, "geometry": {"type": "Point", "coordinates": [-82.93343608279677, 42.36834290054704]}}, {"type": "Feature", "properties": {"building": "yes", "source": "way"}, "geometry": {"type": "Point", "coordinates": [-82.93352514105543, 42.36847968160401]}}, {"type": "Feature", "properties": {"building": "garage", "source": "way"}, "geometry": {"type": "Point", "coordinates": [-82.93336805, 42.36859354999999]}}, {"type": "Feature", "properties": {"building": "yes", "source": "way"}, "geometry": {"type": "Point", "coordinates": [-82.9331178783319, 42.368791688062345]}}, {"type": "Feature", "properties": {"building": "yes", "source": "way"}, "geometry": {"type": "Point", "coordinates": [-82.93383935, 42.3689144]}}, {"type": "Feature", "properties": {"building": "yes", "source": "way"}, "geometry": {"type": "Point", "coordinates": [-82.9328327, 42.367460200000004]}}, {"type": "Feature", "properties": {"building": "yes", "source": "way"}, "geometry": {"type": "Point", "coordinates": [-82.9336852622209, 42.36933281795669]}}, {"type": "Feature", "properties": {"building": "yes", "source": "way"}, "geometry": {"type": "Point", "coordinates": [-82.93360721848236, 42.369520596209696]}}, {"type": "Feature", "properties": {"building": "garage", "source": "way"}, "geometry": {"type": "Point", "coordinates": [-82.93259654093988, 42.36740253159554]}}, {"type": "Feature", "properties": {"building": "yes", "source": "way"}, "geometry": {"type": "Point", "coordinates": [-82.93289786710893, 42.36841005499068]}}, {"type": "Feature", "properties": {"building": "yes", "source": "way"}, "geometry": {"type": "Point", "coordinates": [-82.93339342135438, 42.36913984691098]}}, {"type": "Feature", "properties": {"building": "yes", "source": "way"}, "geometry": {"type": "Point", "coordinates": [-82.93242939467584, 42.3676688040196]}}, {"type": "Feature", "properties": {"building": "yes", "source": "way"}, "geometry": {"type": "Point", "coordinates": [-82.93306992876522, 42.366626175672174]}}, {"type": "Feature", "properties": {"building": "yes", "source": "way"}, "geometry": {"type": "Point", "coordinates": [-82.93327999999998, 42.36660625]}}, {"type": "Feature", "properties": {"building": "yes", "source": "way"}, "geometry": {"type": "Point", "coordinates": [-82.93264556849725, 42.36604139616357]}}, {"type": "Feature", "properties": {"building": "yes", "source": "way"}, "geometry": {"type": "Point", "coordinates": [-82.93253987357681, 42.36591819570642]}}, {"type": "Feature", "properties": {"building": "yes", "source": "way"}, "geometry": {"type": "Point", "coordinates": [-82.932953688226, 42.36618229674462]}}, {"type": "Feature", "properties": {"building": "yes", "source": "way"}, "geometry": {"type": "Point", "coordinates": [-82.93284375, 42.366038499999995]}}, {"type": "Feature", "properties": {"building": "yes", "source": "way"}, "geometry": {"type": "Point", "coordinates": [-82.93297847001085, 42.36647546089706]}}, {"type": "Feature", "properties": {"building": "yes", "source": "way"}, "geometry": {"type": "Point", "coordinates": [-82.93317379250463, 42.3667985530788]}}, {"type": "Feature", "properties": {"building": "yes", "source": "way"}, "geometry": {"type": "Point", "coordinates": [-82.9328477318931, 42.36634605624783]}}, {"type": "Feature", "properties": {"building": "yes", "source": "way"}, "geometry": {"type": "Point", "coordinates": [-82.93237577365264, 42.36558090762915]}}, {"type": "Feature", "properties": {"building": "yes", "source": "way"}, "geometry": {"type": "Point", "coordinates": [-82.93279364203696, 42.36586548152043]}}, {"type": "Feature", "properties": {"building": "yes", "source": "way"}, "geometry": {"type": "Point", "coordinates": [-82.93224651618013, 42.36539807748362]}}, {"type": "Feature", "properties": {"building": "yes", "source": "way"}, "geometry": {"type": "Point", "coordinates": [-82.9327646890754, 42.36618946406614]}}, {"type": "Feature", "properties": {"building": "garage", "source": "way"}, "geometry": {"type": "Point", "coordinates": [-82.93225635, 42.367126750000004]}}, {"type": "Feature", "properties": {"building": "yes", "source": "way"}, "geometry": {"type": "Point", "coordinates": [-82.93184106835987, 42.36677259732496]}}, {"type": "Feature", "properties": {"building": "yes", "source": "way"}, "geometry": {"type": "Point", "coordinates": [-82.93239543168643, 42.366689805429786]}}, {"type": "Feature", "properties": {"building": "yes", "source": "way"}, "geometry": {"type": "Point", "coordinates": [-82.9320601938547, 42.36716223152729]}}, {"type": "Feature", "properties": {"building": "yes", "source": "way"}, "geometry": {"type": "Point", "coordinates": [-82.93181405, 42.36623735]}}, {"type": "Feature", "properties": {"building": "yes", "source": "way"}, "geometry": {"type": "Point", "coordinates": [-82.9318821, 42.36692045]}}, {"type": "Feature", "properties": {"building": "yes", "source": "way"}, "geometry": {"type": "Point", "coordinates": [-82.93247446399194, 42.3668398760919]}}, {"type": "Feature", "properties": {"building": "yes", "source": "way"}, "geometry": {"type": "Point", "coordinates": [-82.93163295, 42.36616935000001]}}, {"type": "Feature", "properties": {"building": "yes", "source": "way"}, "geometry": {"type": "Point", "coordinates": [-82.93228133798615, 42.36657078198774]}}, {"type": "Feature", "properties": {"building": "yes", "source": "way"}, "geometry": {"type": "Point", "coordinates": [-82.93190509999998, 42.366372649999995]}}, {"type": "Feature", "properties": {"building": "yes", "source": "way"}, "geometry": {"type": "Point", "coordinates": [-82.93190210000002, 42.365979300000006]}}, {"type": "Feature", "properties": {"building": "yes", "source": "way"}, "geometry": {"type": "Point", "coordinates": [-82.93163392801608, 42.36654638782984]}}, {"type": "Feature", "properties": {"building": "yes", "source": "way"}, "geometry": {"type": "Point", "coordinates": [-82.93206219999999, 42.36625655]}}, {"type": "Feature", "properties": {"building": "yes", "source": "way"}, "geometry": {"type": "Point", "coordinates": [-82.93156494288466, 42.36636269407807]}}, {"type": "Feature", "properties": {"building": "yes", "source": "way"}, "geometry": {"type": "Point", "coordinates": [-82.93136975825972, 42.366192218458465]}}, {"type": "Feature", "properties": {"building": "yes", "source": "way"}, "geometry": {"type": "Point", "coordinates": [-82.93196714999999, 42.366125700000005]}}, {"type": "Feature", "properties": {"building": "yes", "source": "way"}, "geometry": {"type": "Point", "coordinates": [-82.9315699, 42.365897249999996]}}, {"type": "Feature", "properties": {"building": "yes", "source": "way"}, "geometry": {"type": "Point", "coordinates": [-82.9321482733608, 42.36691601325102]}}, {"type": "Feature", "properties": {"building": "yes", "source": "way"}, "geometry": {"type": "Point", "coordinates": [-82.93172196836645, 42.36671049483297]}}, {"type": "Feature", "properties": {"building": "yes", "source": "way"}, "geometry": {"type": "Point", "coordinates": [-82.93161793153546, 42.365579353259214]}}, {"type": "Feature", "properties": {"building": "yes", "source": "way"}, "geometry": {"type": "Point", "coordinates": [-82.93217727569969, 42.36640516472745]}}, {"type": "Feature", "properties": {"building": "yes", "source": "way"}, "geometry": {"type": "Point", "coordinates": [-82.9312617, 42.366]}}, {"type": "Feature", "properties": {"building": "yes", "source": "way"}, "geometry": {"type": "Point", "coordinates": [-82.93142480689501, 42.36564806849815]}}, {"type": "Feature", "properties": {"building": "yes", "source": "way"}, "geometry": {"type": "Point", "coordinates": [-82.9320602, 42.3665937]}}, {"type": "Feature", "properties": {"building": "yes", "source": "way"}, "geometry": {"type": "Point", "coordinates": [-82.93150985, 42.36576125]}}, {"type": "Feature", "properties": {"building": "yes", "source": "way"}, "geometry": {"type": "Point", "coordinates": [-82.93114665, 42.365871350000006]}}, {"type": "Feature", "properties": {"building": "yes", "source": "way"}, "geometry": {"type": "Point", "coordinates": [-82.93169795, 42.36572424999999]}}, {"type": "Feature", "properties": {"building": "yes", "source": "way"}, "geometry": {"type": "Point", "coordinates": [-82.93177201810302, 42.365843283422564]}}, {"type": "Feature", "properties": {"building": "house", "source": "way"}, "geometry": {"type": "Point", "coordinates": [-82.93139479999999, 42.36526515]}}, {"type": "Feature", "properties": {"building": "house", "source": "way"}, "geometry": {"type": "Point", "coordinates": [-82.9311530180636, 42.36495911857301]}}, {"type": "Feature", "properties": {"building": "garage", "source": "way"}, "geometry": {"type": "Point", "coordinates": [-82.93089745, 42.36491245]}}, {"type": "Feature", "properties": {"building": "house", "source": "way"}, "geometry": {"type": "Point", "coordinates": [-82.93066984580625, 42.36515270578256]}}, {"type": "Feature", "properties": {"building": "house", "source": "way"}, "geometry": {"type": "Point", "coordinates": [-82.93109415552719, 42.364792648766624]}}, {"type": "Feature", "properties": {"building": "house", "source": "way"}, "geometry": {"type": "Point", "coordinates": [-82.93030677567452, 42.36460683134532]}}, {"type": "Feature", "properties": {"building": "house", "source": "way"}, "geometry": {"type": "Point", "coordinates": [-82.93097762318317, 42.36464224688736]}}, {"type": "Feature", "properties": {"building": "yes", "source": "way"}, "geometry": {"type": "Point", "coordinates": [-82.93107255845187, 42.365364918453544]}}, {"type": "Feature", "properties": {"building": "house", "source": "way"}, "geometry": {"type": "Point", "coordinates": [-82.93040945810918, 42.36481747863537]}}, {"type": "Feature", "properties": {"building": "house", "source": "way"}, "geometry": {"type": "Point", "coordinates": [-82.93121964999999, 42.3651069]}}, {"type": "Feature", "properties": {"building": "yes", "source": "way"}, "geometry": {"type": "Point", "coordinates": [-82.92901925543202, 42.36506771842267]}}, {"type": "Feature", "properties": {"building": "yes", "source": "way"}, "geometry": {"type": "Point", "coordinates": [-82.92974873150115, 42.365037403802205]}}, {"type": "Feature", "properties": {"building": "yes", "source": "way"}, "geometry": {"type": "Point", "coordinates": [-82.92935146843038, 42.36445629521852]}}, {"type": "Feature", "properties": {"building": "yes", "source": "way"}, "geometry": {"type": "Point", "coordinates": [-82.92949456709735, 42.3650676995731]}}, {"type": "Feature", "properties": {"building": "yes", "source": "way"}, "geometry": {"type": "Point", "coordinates": [-82.92886615091098, 42.364879167161845]}}, {"type": "Feature", "properties": {"building": "yes", "source": "way"}, "geometry": {"type": "Point", "coordinates": [-82.92873904999999, 42.36471725]}}, {"type": "Feature", "properties": {"building": "yes", "source": "way"}, "geometry": {"type": "Point", "coordinates": [-82.9295956, 42.3648703]}}, {"type": "Feature", "properties": {"building": "yes", "source": "way"}, "geometry": {"type": "Point", "coordinates": [-82.92945353919274, 42.36498933179685]}}, {"type": "Feature", "properties": {"building": "yes", "source": "way"}, "geometry": {"type": "Point", "coordinates": [-82.92947255, 42.36464185]}}, {"type": "Feature", "properties": {"building": "yes", "source": "way"}, "geometry": {"type": "Point", "coordinates": [-82.92936046781138, 42.365474342847506]}}, {"type": "Feature", "properties": {"building": "yes", "source": "way"}, "geometry": {"type": "Point", "coordinates": [-82.92968666159912, 42.36535677757715]}}, {"type": "Feature", "properties": {"building": "yes", "source": "way"}, "geometry": {"type": "Point", "coordinates": [-82.9299968559916, 42.365423318466455]}}, {"type": "Feature", "properties": {"building": "yes", "source": "way"}, "geometry": {"type": "Point", "coordinates": [-82.92904325, 42.364684000000004]}}, {"type": "Feature", "properties": {"building": "yes", "source": "way"}, "geometry": {"type": "Point", "coordinates": [-82.92921239668176, 42.365284331940785]}}, {"type": "Feature", "properties": {"building": "yes", "source": "way"}, "geometry": {"type": "Point", "coordinates": [-82.9300819, 42.3655845]}}, {"type": "Feature", "properties": {"building": "yes", "source": "way"}, "geometry": {"type": "Point", "coordinates": [-82.9295786, 42.36570205]}}, {"type": "Feature", "properties": {"building": "yes", "source": "way"}, "geometry": {"type": "Point", "coordinates": [-82.92947955000001, 42.364732800000006]}}, {"type": "Feature", "properties": {"building": "yes", "source": "way"}, "geometry": {"type": "Point", "coordinates": [-82.9298798, 42.365223]}}, {"type": "Feature", "properties": {"building": "yes", "source": "way"}, "geometry": {"type": "Point", "coordinates": [-82.92860196844748, 42.36454649535249]}}, {"type": "Feature", "properties": {"building": "yes", "source": "way"}, "geometry": {"type": "Point", "coordinates": [-82.9297427316735, 42.36542260251764]}}, {"type": "Feature", "properties": {"building": "yes", "source": "way"}, "geometry": {"type": "Point", "coordinates": [-82.93659874999999, 42.371951800000005]}}, {"type": "Feature", "properties": {"building": "yes", "source": "way"}, "geometry": {"type": "Point", "coordinates": [-82.93572754999998, 42.3706235]}}, {"type": "Feature", "properties": {"building": "garage", "source": "way"}, "geometry": {"type": "Point", "coordinates": [-82.93500638163357, 42.36920870516326]}}, {"type": "Feature", "properties": {"building": "garage", "source": "way"}, "geometry": {"type": "Point", "coordinates": [-82.93715715669235, 42.37242266849705]}}, {"type": "Feature", "properties": {"building": "yes", "source": "way"}, "geometry": {"type": "Point", "coordinates": [-82.93531143157412, 42.37002875484608]}}, {"type": "Feature", "properties": {"building": "yes", "source": "way"}, "geometry": {"type": "Point", "coordinates": [-82.9366962, 42.37209005]}}, {"type": "Feature", "properties": {"building": "yes", "source": "way"}, "geometry": {"type": "Point", "coordinates": [-82.93540888188177, 42.370188601933926]}}, {"type": "Feature", "properties": {"building": "garage", "source": "way"}, "geometry": {"type": "Point", "coordinates": [-82.93724387387495, 42.37258036360184]}}, {"type": "Feature", "properties": {"building": "yes", "source": "way"}, "geometry": {"type": "Point", "coordinates": [-82.93512625000001, 42.36972635]}}, {"type": "Feature", "properties": {"building": "garage", "source": "way"}, "geometry": {"type": "Point", "coordinates": [-82.93690478154939, 42.37207350315772]}}, {"type": "Feature", "properties": {"building": "yes", "source": "way"}, "geometry": {"type": "Point", "coordinates": [-82.93554725, 42.370341249999996]}}, {"type": "Feature", "properties": {"building": "yes", "source": "way"}, "geometry": {"type": "Point", "coordinates": [-82.93526558233648, 42.36989773322304]}}, {"type": "Feature", "properties": {"building": "yes", "source": "way"}, "geometry": {"type": "Point", "coordinates": [-82.9356252, 42.3704946]}}, {"type": "Feature", "properties": {"building": "garage", "source": "way"}, "geometry": {"type": "Point", "coordinates": [-82.93573925000001, 42.370397399999995]}}, {"type": "Feature", "properties": {"building": "garage", "source": "way"}, "geometry": {"type": "Point", "coordinates": [-82.93603449999999, 42.370750199999996]}}, {"type": "Feature", "properties": {"building": "yes", "source": "way"}, "geometry": {"type": "Point", "coordinates": [-82.9361982, 42.37138590000001]}}, {"type": "Feature", "properties": {"building": "garage", "source": "way"}, "geometry": {"type": "Point", "coordinates": [-82.93662116835378, 42.37164219736623]}}, {"type": "Feature", "properties": {"building": "yes", "source": "way"}, "geometry": {"type": "Point", "coordinates": [-82.93677998883032, 42.372270031846796]}}, {"type": "Feature", "properties": {"building": "yes", "source": "way"}, "geometry": {"type": "Point", "coordinates": [-82.93581719999999, 42.37078044999999]}}, {"type": "Feature", "properties": {"building": "garage", "source": "way"}, "geometry": {"type": "Point", "coordinates": [-82.9364145684593, 42.37133554685068]}}, {"type": "Feature", "properties": {"building": "garage", "source": "way"}, "geometry": {"type": "Point", "coordinates": [-82.9365159184274, 42.37148959703058]}}, {"type": "Feature", "properties": {"building": "yes", "source": "way"}, "geometry": {"type": "Point", "coordinates": [-82.9370411826638, 42.37251555069642]}}, {"type": "Feature", "properties": {"building": "yes", "source": "way"}, "geometry": {"type": "Point", "coordinates": [-82.9359244, 42.37092079999999]}}, {"type": "Feature", "properties": {"building": "yes", "source": "way"}, "geometry": {"type": "Point", "coordinates": [-82.93629761842601, 42.37150759516098]}}, {"type": "Feature", "properties": {"building": "yes", "source": "way"}, "geometry": {"type": "Point", "coordinates": [-82.93708308406556, 42.372644432800534]}}, {"type": "Feature", "properties": {"building": "yes", "source": "way"}, "geometry": {"type": "Point", "coordinates": [-82.93598771837242, 42.37106844729691]}}, {"type": "Feature", "properties": {"building": "yes", "source": "way"}, "geometry": {"type": "Point", "coordinates": [-82.93637851835422, 42.37166164474567]}}, {"type": "Feature", "properties": {"building": "yes", "source": "way"}, "geometry": {"type": "Point", "coordinates": [-82.93500836197485, 42.369609718023035]}}, {"type": "Feature", "properties": {"building": "yes", "source": "way"}, "geometry": {"type": "Point", "coordinates": [-82.93613585000001, 42.371190799999994]}}, {"type": "Feature", "properties": {"building": "yes", "source": "way"}, "geometry": {"type": "Point", "coordinates": [-82.93647890547972, 42.37181286843143]}}, {"type": "Feature", "properties": {"building": "yes", "source": "way"}, "geometry": {"type": "Point", "coordinates": [-82.93493525000001, 42.36942685]}}, {"type": "Feature", "properties": {"building": "yes", "source": "way"}, "geometry": {"type": "Point", "coordinates": [-82.93687064999999, 42.3724011]}}, {"type": "Feature", "properties": {"building": "garage", "source": "way"}, "geometry": {"type": "Point", "coordinates": [-82.93621284434604, 42.37103603155489]}}, {"type": "Feature", "properties": {"building": "garage", "source": "way"}, "geometry": {"type": "Point", "coordinates": [-82.93558719999999, 42.3700662]}}, {"type": "Feature", "properties": {"building": "garage", "source": "way"}, "geometry": {"type": "Point", "coordinates": [-82.93671084066428, 42.37177832126928]}}, {"type": "Feature", "properties": {"building": "garage", "source": "way"}, "geometry": {"type": "Point", "coordinates": [-82.93588053154899, 42.37051045465715]}}, {"type": "Feature", "properties": {"building": "yes", "source": "way"}, "geometry": {"type": "Point", "coordinates": [-82.9348212, 42.369314550000006]}}, {"type": "Feature", "properties": {"building": "garage", "source": "way"}, "geometry": {"type": "Point", "coordinates": [-82.93702465, 42.37229525]}}, {"type": "Feature", "properties": {"building": "house", "source": "way"}, "geometry": {"type": "Point", "coordinates": [-82.9298774105493, 42.364081346543685]}}, {"type": "Feature", "properties": {"building": "yes", "source": "way"}, "geometry": {"type": "Point", "coordinates": [-82.92819374483412, 42.36400638159346]}}, {"type": "Feature", "properties": {"building": "yes", "source": "way"}, "geometry": {"type": "Point", "coordinates": [-82.92823238934015, 42.363035669534376]}}, {"type": "Feature", "properties": {"building": "yes", "source": "way"}, "geometry": {"type": "Point", "coordinates": [-82.92860559271959, 42.3643662814896]}}, {"type": "Feature", "properties": {"building": "house", "source": "way"}, "geometry": {"type": "Point", "coordinates": [-82.93016343387242, 42.364421768904414]}}, {"type": "Feature", "properties": {"building": "garage", "source": "way"}, "geometry": {"type": "Point", "coordinates": [-82.92953668200808, 42.36285690241217]}}, {"type": "Feature", "properties": {"building": "yes", "source": "way"}, "geometry": {"type": "Point", "coordinates": [-82.92951445000001, 42.36352655]}}, {"type": "Feature", "properties": {"building": "yes", "source": "way"}, "geometry": {"type": "Point", "coordinates": [-82.92877085, 42.363743850000006]}}, {"type": "Feature", "properties": {"building": "garage", "source": "way"}, "geometry": {"type": "Point", "coordinates": [-82.9300659, 42.36376425]}}, {"type": "Feature", "properties": {"building": "garage", "source": "way"}, "geometry": {"type": "Point", "coordinates": [-82.9296521, 42.363170249999996]}}, {"type": "Feature", "properties": {"building": "yes", "source": "way"}, "geometry": {"type": "Point", "coordinates": [-82.92816799349195, 42.36339703242906]}}, {"type": "Feature", "properties": {"building": "house", "source": "way"}, "geometry": {"type": "Point", "coordinates": [-82.92966395480585, 42.36273791816131]}}, {"type": "Feature", "properties": {"building": "garage", "source": "way"}, "geometry": {"type": "Point", "coordinates": [-82.93043715, 42.36407514999999]}}, {"type": "Feature", "properties": {"building": "garage", "source": "way"}, "geometry": {"type": "Point", "coordinates": [-82.92982531311542, 42.363380217806714]}}, {"type": "Feature", "properties": {"building": "yes", "source": "way"}, "geometry": {"type": "Point", "coordinates": [-82.9289244, 42.36392225]}}, {"type": "Feature", "properties": {"building": "garage", "source": "way"}, "geometry": {"type": "Point", "coordinates": [-82.93018869198391, 42.363899581528344]}}, {"type": "Feature", "properties": {"building": "yes", "source": "way"}, "geometry": {"type": "Point", "coordinates": [-82.9279205, 42.3634848]}}, {"type": "Feature", "properties": {"building": "house", "source": "way"}, "geometry": {"type": "Point", "coordinates": [-82.92941433304998, 42.36232535844318]}}, {"type": "Feature", "properties": {"building": "house", "source": "way"}, "geometry": {"type": "Point", "coordinates": [-82.92997134902348, 42.36318044467221]}}, {"type": "Feature", "properties": {"building": "house", "source": "way"}, "geometry": {"type": "Point", "coordinates": [-82.930760133107, 42.364349352681415]}}, {"type": "Feature", "properties": {"building": "yes", "source": "way"}, "geometry": {"type": "Point", "coordinates": [-82.92781258152715, 42.36365160457116]}}, {"type": "Feature", "properties": {"building": "house", "source": "way"}, "geometry": {"type": "Point", "coordinates": [-82.92897914635026, 42.36278317213422]}}, {"type": "Feature", "properties": {"building": "house", "source": "way"}, "geometry": {"type": "Point", "coordinates": [-82.93017408577546, 42.36347341720198]}}, {"type": "Feature", "properties": {"building": "yes", "source": "way"}, "geometry": {"type": "Point", "coordinates": [-82.9273542, 42.362789850000006]}}, {"type": "Feature", "properties": {"building": "yes", "source": "way"}, "geometry": {"type": "Point", "coordinates": [-82.9303837, 42.364187799999996]}}, {"type": "Feature", "properties": {"building": "house", "source": "way"}, "geometry": {"type": "Point", "coordinates": [-82.93037280000001, 42.3637672]}}, {"type": "Feature", "properties": {"building": "house", "source": "way"}, "geometry": {"type": "Point", "coordinates": [-82.92988314377638, 42.363040137948204]}}, {"type": "Feature", "properties": {"building": "yes", "source": "way"}, "geometry": {"type": "Point", "coordinates": [-82.92924215, 42.3631812]}}, {"type": "Feature", "properties": {"building": "house", "source": "way"}, "geometry": {"type": "Point", "coordinates": [-82.930852, 42.3645038]}}, {"type": "Feature", "properties": {"building": "yes", "source": "way"}, "geometry": {"type": "Point", "coordinates": [-82.9286751, 42.363592849999996]}}, {"type": "Feature", "properties": {"building": "garage", "source": "way"}, "geometry": {"type": "Point", "coordinates": [-82.92995405, 42.363770099999996]}}, {"type": "Feature", "properties": {"building": "yes", "source": "way"}, "geometry": {"type": "Point", "coordinates": [-82.9283026461602, 42.364183431811064]}}, {"type": "Feature", "properties": {"building": "yes", "source": "way"}, "geometry": {"type": "Point", "coordinates": [-82.92839571758508, 42.36324706103679]}}, {"type": "Feature", "properties": {"building": "yes", "source": "way"}, "geometry": {"type": "Point", "coordinates": [-82.92755025000001, 42.36332755]}}, {"type": "Feature", "properties": {"building": "house", "source": "way"}, "geometry": {"type": "Point", "coordinates": [-82.93058565, 42.3640561]}}, {"type": "Feature", "properties": {"building": "garage", "source": "way"}, "geometry": {"type": "Point", "coordinates": [-82.92999856107993, 42.36404222785375]}}, {"type": "Feature", "properties": {"building": "house", "source": "way"}, "geometry": {"type": "Point", "coordinates": [-82.93007180752524, 42.36334581849047]}}, {"type": "Feature", "properties": {"building": "yes", "source": "way"}, "geometry": {"type": "Point", "coordinates": [-82.92850461235446, 42.363430679562704]}}, {"type": "Feature", "properties": {"building": "yes", "source": "way"}, "geometry": {"type": "Point", "coordinates": [-82.92768386850399, 42.36348259644781]}}, {"type": "Feature", "properties": {"building": "house", "source": "way"}, "geometry": {"type": "Point", "coordinates": [-82.92957388176995, 42.362575504220786]}}, {"type": "Feature", "properties": {"building": "house", "source": "way"}, "geometry": {"type": "Point", "coordinates": [-82.92976095928736, 42.363913478764715]}}, {"type": "Feature", "properties": {"building": "garage", "source": "way"}, "geometry": {"type": "Point", "coordinates": [-82.92980455, 42.36330629999999]}}, {"type": "Feature", "properties": {"building": "yes", "source": "way"}, "geometry": {"type": "Point", "coordinates": [-82.9287872866662, 42.3644972313975]}}, {"type": "Feature", "properties": {"building": "yes", "source": "way"}, "geometry": {"type": "Point", "coordinates": [-82.92822441756559, 42.36314684782654]}}, {"type": "Feature", "properties": {"building": "yes", "source": "way"}, "geometry": {"type": "Point", "coordinates": [-82.92839970463088, 42.3643414183348]}}, {"type": "Feature", "properties": {"building": "house", "source": "way"}, "geometry": {"type": "Point", "coordinates": [-82.93002159999999, 42.36424184999999]}}, {"type": "Feature", "properties": {"building": "house", "source": "way"}, "geometry": {"type": "Point", "coordinates": [-82.92911745000002, 42.36188129999999]}}, {"type": "Feature", "properties": {"building": "yes", "source": "way"}, "geometry": {"type": "Point", "coordinates": [-82.92909074679777, 42.362982982112754]}}, {"type": "Feature", "properties": {"building": "garage", "source": "way"}, "geometry": {"type": "Point", "coordinates": [-82.92970451907799, 42.36346068354278]}}, {"type": "Feature", "properties": {"building": "yes", "source": "way"}, "geometry": {"type": "Point", "coordinates": [-82.92760171697194, 42.36267204428328]}}, {"type": "Feature", "properties": {"building": "house", "source": "way"}, "geometry": {"type": "Point", "coordinates": [-82.93048764282631, 42.363911281505565]}}, {"type": "Feature", "properties": {"building": "yes", "source": "way"}, "geometry": {"type": "Point", "coordinates": [-82.92962038524843, 42.363713170094634]}}, {"type": "Feature", "properties": {"building": "house", "source": "way"}, "geometry": {"type": "Point", "coordinates": [-82.92940522697192, 42.363321805843846]}}, {"type": "Feature", "properties": {"building": "yes", "source": "way"}, "geometry": {"type": "Point", "coordinates": [-82.92802247490383, 42.36384033563092]}}, {"type": "Feature", "properties": {"building": "yes", "source": "way"}, "geometry": {"type": "Point", "coordinates": [-82.92921741463553, 42.364305577177994]}}, {"type": "Feature", "properties": {"building": "yes", "source": "way"}, "geometry": {"type": "Point", "coordinates": [-82.92791270000001, 42.36262109999999]}}, {"type": "Feature", "properties": {"building": "garage", "source": "way"}, "geometry": {"type": "Point", "coordinates": [-82.9302887, 42.364039299999995]}}, {"type": "Feature", "properties": {"building": "yes", "source": "way"}, "geometry": {"type": "Point", "coordinates": [-82.92799969143161, 42.36368378153743]}}, {"type": "Feature", "properties": {"building": "yes", "source": "way"}, "geometry": {"type": "Point", "coordinates": [-82.9290818227512, 42.36412561396367]}}, {"type": "Feature", "properties": {"building": "house", "source": "way"}, "geometry": {"type": "Point", "coordinates": [-82.93069270000001, 42.36420985]}}, {"type": "Feature", "properties": {"building": "yes", "source": "way"}, "geometry": {"type": "Point", "coordinates": [-82.92712256155109, 42.362946628868244]}}, {"type": "Feature", "properties": {"building": "house", "source": "way"}, "geometry": {"type": "Point", "coordinates": [-82.92976490809241, 42.36290431235207]}}, {"type": "Feature", "properties": {"building": "yes", "source": "way"}, "geometry": {"type": "Point", "coordinates": [-82.92814226912584, 42.364991696467094]}}, {"type": "Feature", "properties": {"building": "yes", "source": "way"}, "geometry": {"type": "Point", "coordinates": [-82.92764921985426, 42.3644584838912]}}, {"type": "Feature", "properties": {"building": "yes", "source": "way"}, "geometry": {"type": "Point", "coordinates": [-82.92843235, 42.365340649999986]}}, {"type": "Feature", "properties": {"building": "yes", "source": "way"}, "geometry": {"type": "Point", "coordinates": [-82.92739973114402, 42.36413150534732]}}, {"type": "Feature", "properties": {"building": "yes", "source": "way"}, "geometry": {"type": "Point", "coordinates": [-82.92767498898357, 42.3656764309707]}}, {"type": "Feature", "properties": {"building": "yes", "source": "way"}, "geometry": {"type": "Point", "coordinates": [-82.9303738, 42.365952899999996]}}, {"type": "Feature", "properties": {"building": "yes", "source": "way"}, "geometry": {"type": "Point", "coordinates": [-82.92730569999999, 42.36491345]}}, {"type": "Feature", "properties": {"building": "yes", "source": "way"}, "geometry": {"type": "Point", "coordinates": [-82.92826701904927, 42.36515559685196]}}, {"type": "Feature", "properties": {"building": "yes", "source": "way"}, "geometry": {"type": "Point", "coordinates": [-82.92751855, 42.364260200000004]}}, {"type": "Feature", "properties": {"building": "yes", "source": "way"}, "geometry": {"type": "Point", "coordinates": [-82.9271275, 42.36516875]}}, {"type": "Feature", "properties": {"building": "yes", "source": "way"}, "geometry": {"type": "Point", "coordinates": [-82.9278086, 42.36586295]}}, {"type": "Feature", "properties": {"building": "yes", "source": "way"}, "geometry": {"type": "Point", "coordinates": [-82.92772745, 42.36497125]}}, {"type": "Feature", "properties": {"building": "yes", "source": "way"}, "geometry": {"type": "Point", "coordinates": [-82.92854125831083, 42.365818319195334]}}, {"type": "Feature", "properties": {"building": "yes", "source": "way"}, "geometry": {"type": "Point", "coordinates": [-82.92708093320275, 42.36375770568911]}}, {"type": "Feature", "properties": {"building": "yes", "source": "way"}, "geometry": {"type": "Point", "coordinates": [-82.92753834151472, 42.364353131070594]}}, {"type": "Feature", "properties": {"building": "yes", "source": "way"}, "geometry": {"type": "Point", "coordinates": [-82.92818186349739, 42.3659763211717]}}, {"type": "Feature", "properties": {"building": "yes", "source": "way"}, "geometry": {"type": "Point", "coordinates": [-82.92981640395031, 42.36609921795528]}}, {"type": "Feature", "properties": {"building": "yes", "source": "way"}, "geometry": {"type": "Point", "coordinates": [-82.92858480000001, 42.365533750000004]}}, {"type": "Feature", "properties": {"building": "yes", "source": "way"}, "geometry": {"type": "Point", "coordinates": [-82.9272244929502, 42.363970531066734]}}, {"type": "Feature", "properties": {"building": "yes", "source": "way"}, "geometry": {"type": "Point", "coordinates": [-82.92744628548434, 42.36552352593852]}}, {"type": "Feature", "properties": {"building": "yes", "source": "way"}, "geometry": {"type": "Point", "coordinates": [-82.93052130000001, 42.366119700000006]}}, {"type": "Feature", "properties": {"building": "yes", "source": "way"}, "geometry": {"type": "Point", "coordinates": [-82.92800365, 42.36480739999999]}}, {"type": "Feature", "properties": {"building": "yes", "source": "way"}, "geometry": {"type": "Point", "coordinates": [-82.92872242584473, 42.36570421389897]}}, {"type": "Feature", "properties": {"building": "yes", "source": "way"}, "geometry": {"type": "Point", "coordinates": [-82.92734307622878, 42.365349736389504]}}, {"type": "Feature", "properties": {"building": "yes", "source": "way"}, "geometry": {"type": "Point", "coordinates": [-82.92782373970722, 42.36465559613977]}}, {"type": "Feature", "properties": {"building": "yes", "source": "way"}, "geometry": {"type": "Point", "coordinates": [-82.92882285117469, 42.36592448170506]}}, {"type": "Feature", "properties": {"building": "yes", "source": "way"}, "geometry": {"type": "Point", "coordinates": [-82.92803344630413, 42.36609287954011]}}, {"type": "Feature", "properties": {"building": "yes", "source": "way"}, "geometry": {"type": "Point", "coordinates": [-82.92656847235298, 42.363464579247704]}}, {"type": "Feature", "properties": {"building": "yes", "source": "way"}, "geometry": {"type": "Point", "coordinates": [-82.92606847153273, 42.36436014191508]}}, {"type": "Feature", "properties": {"building": "yes", "source": "way"}, "geometry": {"type": "Point", "coordinates": [-82.92618647392457, 42.364127299355786]}}, {"type": "Feature", "properties": {"building": "yes", "source": "way"}, "geometry": {"type": "Point", "coordinates": [-82.9268374, 42.364802999999995]}}, {"type": "Feature", "properties": {"building": "yes", "source": "way"}, "geometry": {"type": "Point", "coordinates": [-82.9265073311643, 42.364556970960145]}}, {"type": "Feature", "properties": {"building": "yes", "source": "way"}, "geometry": {"type": "Point", "coordinates": [-82.9263891452422, 42.36364624091921]}}, {"type": "Feature", "properties": {"building": "yes", "source": "way"}, "geometry": {"type": "Point", "coordinates": [-82.92673266358155, 42.36327525094361]}}, {"type": "Feature", "properties": {"building": "yes", "source": "way"}, "geometry": {"type": "Point", "coordinates": [-82.92629020825181, 42.363913922203075]}}, {"type": "Feature", "properties": {"building": "house", "source": "way"}, "geometry": {"type": "Point", "coordinates": [-82.92732678706906, 42.36151838093441]}}, {"type": "Feature", "properties": {"building": "house", "source": "way"}, "geometry": {"type": "Point", "coordinates": [-82.92548716247867, 42.362452493774704]}}, {"type": "Feature", "properties": {"building": "house", "source": "way"}, "geometry": {"type": "Point", "coordinates": [-82.92711315995625, 42.36170030510014]}}, {"type": "Feature", "properties": {"building": "house", "source": "way"}, "geometry": {"type": "Point", "coordinates": [-82.92664707826412, 42.3618560456387]}}, {"type": "Feature", "properties": {"building": "house", "source": "way"}, "geometry": {"type": "Point", "coordinates": [-82.92599142515174, 42.36219349648111]}}, {"type": "Feature", "properties": {"building": "house", "source": "way"}, "geometry": {"type": "Point", "coordinates": [-82.92510853873809, 42.36289930098775]}}, {"type": "Feature", "properties": {"building": "house", "source": "way"}, "geometry": {"type": "Point", "coordinates": [-82.92631507945687, 42.36205696150397]}}, {"type": "Feature", "properties": {"building": "house", "source": "way"}, "geometry": {"type": "Point", "coordinates": [-82.92492912790739, 42.36368661220962]}}, {"type": "Feature", "properties": {"building": "house", "source": "way"}, "geometry": {"type": "Point", "coordinates": [-82.92449368306572, 42.36544535306854]}}, {"type": "Feature", "properties": {"building": "house", "source": "way"}, "geometry": {"type": "Point", "coordinates": [-82.92474053656258, 42.36429133465188]}}, {"type": "Feature", "properties": {"building": "house", "source": "way"}, "geometry": {"type": "Point", "coordinates": [-82.92465286818955, 42.36496183793659]}}, {"type": "Feature", "properties": {"building": "house", "source": "way"}, "geometry": {"type": "Point", "coordinates": [-82.92442187128772, 42.36601403887099]}}, {"type": "Feature", "properties": {"building": "yes", "source": "way"}, "geometry": {"type": "Point", "coordinates": [-82.92497500698823, 42.364021562177086]}}, {"type": "Feature", "properties": {"building": "yes", "source": "way"}, "geometry": {"type": "Point", "coordinates": [-82.9267197654656, 42.36603512630067]}}, {"type": "Feature", "properties": {"building": "yes", "source": "way"}, "geometry": {"type": "Point", "coordinates": [-82.9268659178979, 42.366229044311325]}}, {"type": "Feature", "properties": {"building": "yes", "source": "way"}, "geometry": {"type": "Point", "coordinates": [-82.9258613860374, 42.36560488050062]}}, {"type": "Feature", "properties": {"building": "yes", "source": "way"}, "geometry": {"type": "Point", "coordinates": [-82.9259609387517, 42.36510486223577]}}, {"type": "Feature", "properties": {"building": "yes", "source": "way"}, "geometry": {"type": "Point", "coordinates": [-82.92581641322123, 42.3658870591965]}}, {"type": "Feature", "properties": {"building": "yes", "source": "way"}, "geometry": {"type": "Point", "coordinates": [-82.9263682108169, 42.3656679496704]}}, {"type": "Feature", "properties": {"building": "yes", "source": "way"}, "geometry": {"type": "Point", "coordinates": [-82.9257289396313, 42.36612773268988]}}, {"type": "Feature", "properties": {"building": "yes", "source": "way"}, "geometry": {"type": "Point", "coordinates": [-82.92656994841678, 42.36585418560701]}}, {"type": "Feature", "properties": {"building": "yes", "source": "way"}, "geometry": {"type": "Point", "coordinates": [-82.92576472525651, 42.366386085757696]}}, {"type": "Feature", "properties": {"building": "yes", "source": "way"}, "geometry": {"type": "Point", "coordinates": [-82.93214661421297, 42.36859711607049]}}, {"type": "Feature", "properties": {"building": "yes", "source": "way"}, "geometry": {"type": "Point", "coordinates": [-82.93160355972424, 42.36860176734434]}}, {"type": "Feature", "properties": {"building": "yes", "source": "way"}, "geometry": {"type": "Point", "coordinates": [-82.931187182193, 42.36803230172691]}}, {"type": "Feature", "properties": {"building": "garage", "source": "way"}, "geometry": {"type": "Point", "coordinates": [-82.93088996793043, 42.36742649792679]}}, {"type": "Feature", "properties": {"building": "yes", "source": "way"}, "geometry": {"type": "Point", "coordinates": [-82.93277752392252, 42.36946346429219]}}, {"type": "Feature", "properties": {"building": "garage", "source": "way"}, "geometry": {"type": "Point", "coordinates": [-82.93268899999998, 42.369757]}}, {"type": "Feature", "properties": {"building": "yes", "source": "way"}, "geometry": {"type": "Point", "coordinates": [-82.9306486105942, 42.36706052897733]}}, {"type": "Feature", "properties": {"building": "yes", "source": "way"}, "geometry": {"type": "Point", "coordinates": [-82.93228641368061, 42.36877202723614]}}, {"type": "Feature", "properties": {"building": "yes", "source": "way"}, "geometry": {"type": "Point", "coordinates": [-82.93114500488268, 42.367049618070794]}}, {"type": "Feature", "properties": {"building": "yes", "source": "way"}, "geometry": {"type": "Point", "coordinates": [-82.93090049569086, 42.36666808199238]}}, {"type": "Feature", "properties": {"building": "yes", "source": "way"}, "geometry": {"type": "Point", "coordinates": [-82.9329482628383, 42.36979907774523]}}, {"type": "Feature", "properties": {"building": "yes", "source": "way"}, "geometry": {"type": "Point", "coordinates": [-82.93064335331066, 42.367217817838565]}}, {"type": "Feature", "properties": {"building": "yes", "source": "way"}, "geometry": {"type": "Point", "coordinates": [-82.93064545, 42.366298199999996]}}, {"type": "Feature", "properties": {"building": "yes", "source": "way"}, "geometry": {"type": "Point", "coordinates": [-82.93034510000001, 42.36683705]}}, {"type": "Feature", "properties": {"building": "yes", "source": "way"}, "geometry": {"type": "Point", "coordinates": [-82.9308942, 42.367588500000004]}}, {"type": "Feature", "properties": {"building": "yes", "source": "way"}, "geometry": {"type": "Point", "coordinates": [-82.9318332, 42.36807125000001]}}, {"type": "Feature", "properties": {"building": "yes", "source": "way"}, "geometry": {"type": "Point", "coordinates": [-82.93208195, 42.368401399999996]}}, {"type": "Feature", "properties": {"building": "garage", "source": "way"}, "geometry": {"type": "Point", "coordinates": [-82.93167935, 42.368068900000004]}}, {"type": "Feature", "properties": {"building": "yes", "source": "way"}, "geometry": {"type": "Point", "coordinates": [-82.9320577, 42.36932645000001]}}, {"type": "Feature", "properties": {"building": "yes", "source": "way"}, "geometry": {"type": "Point", "coordinates": [-82.93147385, 42.3684302]}}, {"type": "Feature", "properties": {"building": "yes", "source": "way"}, "geometry": {"type": "Point", "coordinates": [-82.9313811, 42.367453]}}, {"type": "Feature", "properties": {"building": "yes", "source": "way"}, "geometry": {"type": "Point", "coordinates": [-82.93261839999998, 42.3692813]}}, {"type": "Feature", "properties": {"building": "yes", "source": "way"}, "geometry": {"type": "Point", "coordinates": [-82.93047895530435, 42.36701071810171]}}, {"type": "Feature", "properties": {"building": "yes", "source": "way"}, "geometry": {"type": "Point", "coordinates": [-82.93000784999998, 42.36631225]}}, {"type": "Feature", "properties": {"building": "yes", "source": "way"}, "geometry": {"type": "Point", "coordinates": [-82.93206401561478, 42.368789175848306]}}, {"type": "Feature", "properties": {"building": "yes", "source": "way"}, "geometry": {"type": "Point", "coordinates": [-82.93014065, 42.3664921]}}, {"type": "Feature", "properties": {"building": "yes", "source": "way"}, "geometry": {"type": "Point", "coordinates": [-82.93100695000001, 42.366822250000006]}}, {"type": "Feature", "properties": {"building": "yes", "source": "way"}, "geometry": {"type": "Point", "coordinates": [-82.93113554999998, 42.36789835]}}, {"type": "Feature", "properties": {"building": "garage", "source": "way"}, "geometry": {"type": "Point", "coordinates": [-82.93141694153896, 42.368281481968175]}}, {"type": "Feature", "properties": {"building": "yes", "source": "way"}, "geometry": {"type": "Point", "coordinates": [-82.93289240091622, 42.36961686709258]}}, {"type": "Feature", "properties": {"building": "yes", "source": "way"}, "geometry": {"type": "Point", "coordinates": [-82.93075613913695, 42.367364232293305]}}, {"type": "Feature", "properties": {"building": "yes", "source": "way"}, "geometry": {"type": "Point", "coordinates": [-82.930263982325, 42.36667200603221]}}, {"type": "Feature", "properties": {"building": "garage", "source": "way"}, "geometry": {"type": "Point", "coordinates": [-82.93182585, 42.36882419999999]}}, {"type": "Feature", "properties": {"building": "yes", "source": "way"}, "geometry": {"type": "Point", "coordinates": [-82.93125253229717, 42.36723185594001]}}, {"type": "Feature", "properties": {"building": "garage", "source": "way"}, "geometry": {"type": "Point", "coordinates": [-82.93086889599584, 42.36720148203747]}}, {"type": "Feature", "properties": {"building": "yes", "source": "way"}, "geometry": {"type": "Point", "coordinates": [-82.93074347589403, 42.366517015313825]}}, {"type": "Feature", "properties": {"building": "yes", "source": "way"}, "geometry": {"type": "Point", "coordinates": [-82.93153495, 42.36776835]}}, {"type": "Feature", "properties": {"building": "yes", "source": "way"}, "geometry": {"type": "Point", "coordinates": [-82.9313010105858, 42.368219167751114]}}, {"type": "Feature", "properties": {"building": "yes", "source": "way"}, "geometry": {"type": "Point", "coordinates": [-82.9305074, 42.3668869]}}, {"type": "Feature", "properties": {"building": "yes", "source": "way"}, "geometry": {"type": "Point", "coordinates": [-82.9316667, 42.3687775]}}, {"type": "Feature", "properties": {"building": "yes", "source": "way"}, "geometry": {"type": "Point", "coordinates": [-82.9317236, 42.3678945]}}, {"type": "Feature", "properties": {"building": "yes", "source": "way"}, "geometry": {"type": "Point", "coordinates": [-82.93732012083288, 42.372911436576736]}}, {"type": "Feature", "properties": {"building": "yes", "source": "way"}, "geometry": {"type": "Point", "coordinates": [-82.93735905, 42.37310960000001]}}, {"type": "Feature", "properties": {"building": "garage", "source": "way"}, "geometry": {"type": "Point", "coordinates": [-82.9375609, 42.37306255]}}, {"type": "Feature", "properties": {"building": "garage", "source": "way"}, "geometry": {"type": "Point", "coordinates": [-82.93762056826708, 42.373145744381866]}}, {"type": "Feature", "properties": {"building": "yes", "source": "way"}, "geometry": {"type": "Point", "coordinates": [-82.93745826838891, 42.373259197222765]}}, {"type": "Feature", "properties": {"building": "yes", "source": "way"}, "geometry": {"type": "Point", "coordinates": [-82.93614890000002, 42.373356750000006]}}, {"type": "Feature", "properties": {"building": "yes", "source": "way"}, "geometry": {"type": "Point", "coordinates": [-82.93672625748003, 42.37331267963696]}}, {"type": "Feature", "properties": {"building": "garage", "source": "way"}, "geometry": {"type": "Point", "coordinates": [-82.93646410000001, 42.37327105]}}, {"type": "Feature", "properties": {"building": "garage", "source": "way"}, "geometry": {"type": "Point", "coordinates": [-82.93636684195731, 42.373308231542424]}}, {"type": "Feature", "properties": {"building": "yes", "source": "way"}, "geometry": {"type": "Point", "coordinates": [-82.93664376844993, 42.373167045486106]}}, {"type": "Feature", "properties": {"building": "yes", "source": "way"}, "geometry": {"type": "Point", "coordinates": [-82.93594038152949, 42.373047154269706]}}, {"type": "Feature", "properties": {"building": "yes", "source": "way"}, "geometry": {"type": "Point", "coordinates": [-82.93585855782347, 42.37283166846645]}}, {"type": "Feature", "properties": {"building": "yes", "source": "way"}, "geometry": {"type": "Point", "coordinates": [-82.9361234, 42.37295055]}}, {"type": "Feature", "properties": {"building": "yes", "source": "way"}, "geometry": {"type": "Point", "coordinates": [-82.93636350801731, 42.37273257939555]}}, {"type": "Feature", "properties": {"building": "garage", "source": "way"}, "geometry": {"type": "Point", "coordinates": [-82.93626157507104, 42.372948564396516]}}, {"type": "Feature", "properties": {"building": "yes", "source": "way"}, "geometry": {"type": "Point", "coordinates": [-82.93646075, 42.372865850000004]}}, {"type": "Feature", "properties": {"building": "garage", "source": "way"}, "geometry": {"type": "Point", "coordinates": [-82.93602485000001, 42.372608250000006]}}, {"type": "Feature", "properties": {"building": "yes", "source": "way"}, "geometry": {"type": "Point", "coordinates": [-82.93625755, 42.372585449999995]}}, {"type": "Feature", "properties": {"building": "yes", "source": "way"}, "geometry": {"type": "Point", "coordinates": [-82.9357238, 42.3726563]}}, {"type": "Feature", "properties": {"building": "yes", "source": "way"}, "geometry": {"type": "Point", "coordinates": [-82.93556554999999, 42.372457149999995]}}, {"type": "Feature", "properties": {"building": "garage", "source": "way"}, "geometry": {"type": "Point", "coordinates": [-82.93578075689356, 42.372481429919134]}}, {"type": "Feature", "properties": {"building": "garage", "source": "way"}, "geometry": {"type": "Point", "coordinates": [-82.93592965, 42.3724641]}}, {"type": "Feature", "properties": {"building": "yes", "source": "way"}, "geometry": {"type": "Point", "coordinates": [-82.93615363354908, 42.37244479980632]}}, {"type": "Feature", "properties": {"building": "yes", "source": "way"}, "geometry": {"type": "Point", "coordinates": [-82.93604094999999, 42.37229370000001]}}, {"type": "Feature", "properties": {"building": "garage", "source": "way"}, "geometry": {"type": "Point", "coordinates": [-82.9356842455752, 42.37227733171707]}}, {"type": "Feature", "properties": {"building": "yes", "source": "way"}, "geometry": {"type": "Point", "coordinates": [-82.93545354999999, 42.372296150000004]}}, {"type": "Feature", "properties": {"building": "yes", "source": "way"}, "geometry": {"type": "Point", "coordinates": [-82.93533825502475, 42.3721088683685]}}, {"type": "Feature", "properties": {"building": "garage", "source": "way"}, "geometry": {"type": "Point", "coordinates": [-82.93556151831548, 42.37210194747924]}}, {"type": "Feature", "properties": {"building": "garage", "source": "way"}, "geometry": {"type": "Point", "coordinates": [-82.9356983078245, 42.37209452948539]}}, {"type": "Feature", "properties": {"building": "garage", "source": "way"}, "geometry": {"type": "Point", "coordinates": [-82.9357472587816, 42.37216336841313]}}, {"type": "Feature", "properties": {"building": "yes", "source": "way"}, "geometry": {"type": "Point", "coordinates": [-82.93596585000002, 42.3721401]}}, {"type": "Feature", "properties": {"building": "yes", "source": "way"}, "geometry": {"type": "Point", "coordinates": [-82.93585186848019, 42.37198754594273]}}, {"type": "Feature", "properties": {"building": "yes", "source": "way"}, "geometry": {"type": "Point", "coordinates": [-82.93567014330318, 42.37167938152291]}}, {"type": "Feature", "properties": {"building": "garage", "source": "way"}, "geometry": {"type": "Point", "coordinates": [-82.93523160851525, 42.37185326843165]}}, {"type": "Feature", "properties": {"building": "yes", "source": "way"}, "geometry": {"type": "Point", "coordinates": [-82.93522155, 42.3719548]}}, {"type": "Feature", "properties": {"building": "yes", "source": "way"}, "geometry": {"type": "Point", "coordinates": [-82.93554811824033, 42.37188049430279]}}, {"type": "Feature", "properties": {"building": "yes", "source": "way"}, "geometry": {"type": "Point", "coordinates": [-82.93575865000001, 42.371845349999994]}}, {"type": "Feature", "properties": {"building": "garage", "source": "way"}, "geometry": {"type": "Point", "coordinates": [-82.93556686826804, 42.37178044764928]}}, {"type": "Feature", "properties": {"building": "yes", "source": "way"}, "geometry": {"type": "Point", "coordinates": [-82.93554873611366, 42.37153473236463]}}, {"type": "Feature", "properties": {"building": "garage", "source": "way"}, "geometry": {"type": "Point", "coordinates": [-82.93519001055154, 42.37153372814971]}}, {"type": "Feature", "properties": {"building": "yes", "source": "way"}, "geometry": {"type": "Point", "coordinates": [-82.93493989999997, 42.3715476]}}, {"type": "Feature", "properties": {"building": "yes", "source": "way"}, "geometry": {"type": "Point", "coordinates": [-82.93508475, 42.371761600000006]}}, {"type": "Feature", "properties": {"building": "garage", "source": "way"}, "geometry": {"type": "Point", "coordinates": [-82.9353121, 42.371719]}}, {"type": "Feature", "properties": {"building": "garage", "source": "way"}, "geometry": {"type": "Point", "coordinates": [-82.93539589233308, 42.371648181529714]}}, {"type": "Feature", "properties": {"building": "yes", "source": "way"}, "geometry": {"type": "Point", "coordinates": [-82.9348427, 42.37135490000001]}}, {"type": "Feature", "properties": {"building": "yes", "source": "way"}, "geometry": {"type": "Point", "coordinates": [-82.93543610260272, 42.371401981748924]}}, {"type": "Feature", "properties": {"building": "yes", "source": "way"}, "geometry": {"type": "Point", "coordinates": [-82.93536639999999, 42.3712563]}}, {"type": "Feature", "properties": {"building": "garage", "source": "way"}, "geometry": {"type": "Point", "coordinates": [-82.93519004145999, 42.371329631570525]}}, {"type": "Feature", "properties": {"building": "garage", "source": "way"}, "geometry": {"type": "Point", "coordinates": [-82.93506529999999, 42.37136135]}}, {"type": "Feature", "properties": {"building": "yes", "source": "way"}, "geometry": {"type": "Point", "coordinates": [-82.93472335, 42.37118695]}}, {"type": "Feature", "properties": {"building": "yes", "source": "way"}, "geometry": {"type": "Point", "coordinates": [-82.93525374999999, 42.371096800000004]}}, {"type": "Feature", "properties": {"building": "garage", "source": "way"}, "geometry": {"type": "Point", "coordinates": [-82.93510488155114, 42.371212703216244]}}, {"type": "Feature", "properties": {"building": "yes", "source": "way"}, "geometry": {"type": "Point", "coordinates": [-82.93515514109977, 42.37095363159579]}}, {"type": "Feature", "properties": {"building": "garage", "source": "way"}, "geometry": {"type": "Point", "coordinates": [-82.93501099155564, 42.37107153156049]}}, {"type": "Feature", "properties": {"building": "garage", "source": "way"}, "geometry": {"type": "Point", "coordinates": [-82.93471058200785, 42.37103985168821]}}, {"type": "Feature", "properties": {"building": "yes", "source": "way"}, "geometry": {"type": "Point", "coordinates": [-82.93456709524273, 42.37098533166648]}}, {"type": "Feature", "properties": {"building": "yes", "source": "way"}, "geometry": {"type": "Point", "coordinates": [-82.93499086840788, 42.37064599517963]}}, {"type": "Feature", "properties": {"building": "yes", "source": "way"}, "geometry": {"type": "Point", "coordinates": [-82.93507405000001, 42.3707961]}}, {"type": "Feature", "properties": {"building": "garage", "source": "way"}, "geometry": {"type": "Point", "coordinates": [-82.93491441840693, 42.37091894702782]}}, {"type": "Feature", "properties": {"building": "garage", "source": "way"}, "geometry": {"type": "Point", "coordinates": [-82.93470255, 42.370804]}}, {"type": "Feature", "properties": {"building": "yes", "source": "way"}, "geometry": {"type": "Point", "coordinates": [-82.93446180638605, 42.37081141847488]}}, {"type": "Feature", "properties": {"building": "garage", "source": "way"}, "geometry": {"type": "Point", "coordinates": [-82.93444370000002, 42.370655400000004]}}, {"type": "Feature", "properties": {"building": "yes", "source": "way"}, "geometry": {"type": "Point", "coordinates": [-82.93432031846719, 42.37060584655087]}}, {"type": "Feature", "properties": {"building": "yes", "source": "way"}, "geometry": {"type": "Point", "coordinates": [-82.93490639999999, 42.3705246]}}, {"type": "Feature", "properties": {"building": "garage", "source": "way"}, "geometry": {"type": "Point", "coordinates": [-82.93465155, 42.370541949999996]}}, {"type": "Feature", "properties": {"building": "yes", "source": "way"}, "geometry": {"type": "Point", "coordinates": [-82.9347488, 42.37037945000001]}}, {"type": "Feature", "properties": {"building": "yes", "source": "way"}, "geometry": {"type": "Point", "coordinates": [-82.93422709999999, 42.37043345]}}, {"type": "Feature", "properties": {"building": "garage", "source": "way"}, "geometry": {"type": "Point", "coordinates": [-82.93445779303173, 42.37043048151524]}}, {"type": "Feature", "properties": {"building": "garage", "source": "way"}, "geometry": {"type": "Point", "coordinates": [-82.93458923152048, 42.370295753696155]}}, {"type": "Feature", "properties": {"building": "yes", "source": "way"}, "geometry": {"type": "Point", "coordinates": [-82.93472267573644, 42.37021943610018]}}, {"type": "Feature", "properties": {"building": "yes", "source": "way"}, "geometry": {"type": "Point", "coordinates": [-82.93459995, 42.370078250000006]}}, {"type": "Feature", "properties": {"building": "yes", "source": "way"}, "geometry": {"type": "Point", "coordinates": [-82.93450741833651, 42.36991724476873]}}, {"type": "Feature", "properties": {"building": "yes", "source": "way"}, "geometry": {"type": "Point", "coordinates": [-82.93439274999999, 42.369768099999995]}}, {"type": "Feature", "properties": {"building": "garage", "source": "way"}, "geometry": {"type": "Point", "coordinates": [-82.93412723151526, 42.36972550370881]}}, {"type": "Feature", "properties": {"building": "yes", "source": "way"}, "geometry": {"type": "Point", "coordinates": [-82.93431765276524, 42.369605617896525]}}, {"type": "Feature", "properties": {"building": "yes", "source": "way"}, "geometry": {"type": "Point", "coordinates": [-82.93360081810705, 42.37085754772516]}}, {"type": "Feature", "properties": {"building": "yes", "source": "way"}, "geometry": {"type": "Point", "coordinates": [-82.93319783489834, 42.371070024225446]}}, {"type": "Feature", "properties": {"building": "garage", "source": "way"}, "geometry": {"type": "Point", "coordinates": [-82.93340769999999, 42.37102645]}}, {"type": "Feature", "properties": {"building": "yes", "source": "way"}, "geometry": {"type": "Point", "coordinates": [-82.93379395000001, 42.37106560000001]}}, {"type": "Feature", "properties": {"building": "yes", "source": "way"}, "geometry": {"type": "Point", "coordinates": [-82.93341106814532, 42.37141434491388]}}, {"type": "Feature", "properties": {"building": "yes", "source": "way"}, "geometry": {"type": "Point", "coordinates": [-82.9333305917734, 42.37125383175184]}}, {"type": "Feature", "properties": {"building": "garage", "source": "way"}, "geometry": {"type": "Point", "coordinates": [-82.93354720709306, 42.371228068296915]}}, {"type": "Feature", "properties": {"building": "garage", "source": "way"}, "geometry": {"type": "Point", "coordinates": [-82.93358606829956, 42.37128899655838]}}, {"type": "Feature", "properties": {"building": "yes", "source": "way"}, "geometry": {"type": "Point", "coordinates": [-82.93392940739051, 42.371256818291464]}}, {"type": "Feature", "properties": {"building": "yes", "source": "way"}, "geometry": {"type": "Point", "coordinates": [-82.93403534082462, 42.37143318183872]}}, {"type": "Feature", "properties": {"building": "garage", "source": "way"}, "geometry": {"type": "Point", "coordinates": [-82.93382345000002, 42.3714411]}}, {"type": "Feature", "properties": {"building": "garage", "source": "way"}, "geometry": {"type": "Point", "coordinates": [-82.93367660000001, 42.3714426]}}, {"type": "Feature", "properties": {"building": "yes", "source": "way"}, "geometry": {"type": "Point", "coordinates": [-82.93353713190396, 42.37156545223479]}}, {"type": "Feature", "properties": {"building": "yes", "source": "way"}, "geometry": {"type": "Point", "coordinates": [-82.93361959368315, 42.37171308169967]}}, {"type": "Feature", "properties": {"building": "yes", "source": "way"}, "geometry": {"type": "Point", "coordinates": [-82.93368330000001, 42.3718612]}}, {"type": "Feature", "properties": {"building": "garage", "source": "way"}, "geometry": {"type": "Point", "coordinates": [-82.93388380691313, 42.371733368298344]}}, {"type": "Feature", "properties": {"building": "garage", "source": "way"}, "geometry": {"type": "Point", "coordinates": [-82.9339434428864, 42.3716273817058]}}, {"type": "Feature", "properties": {"building": "yes", "source": "way"}, "geometry": {"type": "Point", "coordinates": [-82.93419225, 42.371621399999995]}}, {"type": "Feature", "properties": {"building": "yes", "source": "way"}, "geometry": {"type": "Point", "coordinates": [-82.9342982, 42.3718166]}}, {"type": "Feature", "properties": {"building": "yes", "source": "way"}, "geometry": {"type": "Point", "coordinates": [-82.9337966572456, 42.37199446829507]}}, {"type": "Feature", "properties": {"building": "garage", "source": "way"}, "geometry": {"type": "Point", "coordinates": [-82.93403199999999, 42.371967700000006]}}, {"type": "Feature", "properties": {"building": "yes", "source": "way"}, "geometry": {"type": "Point", "coordinates": [-82.9344282619267, 42.371965227849735]}}, {"type": "Feature", "properties": {"building": "yes", "source": "way"}, "geometry": {"type": "Point", "coordinates": [-82.93388515000001, 42.3721302]}}, {"type": "Feature", "properties": {"building": "garage", "source": "way"}, "geometry": {"type": "Point", "coordinates": [-82.93430085992027, 42.372082128910655]}}, {"type": "Feature", "properties": {"building": "garage", "source": "way"}, "geometry": {"type": "Point", "coordinates": [-82.93404805, 42.37214555]}}, {"type": "Feature", "properties": {"building": "yes", "source": "way"}, "geometry": {"type": "Point", "coordinates": [-82.93400450000001, 42.372298150000006]}}, {"type": "Feature", "properties": {"building": "yes", "source": "way"}, "geometry": {"type": "Point", "coordinates": [-82.93408091829045, 42.37244029590939]}}, {"type": "Feature", "properties": {"building": "garage", "source": "way"}, "geometry": {"type": "Point", "coordinates": [-82.93422915823551, 42.37226196824521]}}, {"type": "Feature", "properties": {"building": "garage", "source": "way"}, "geometry": {"type": "Point", "coordinates": [-82.93426264276277, 42.37233133170683]}}, {"type": "Feature", "properties": {"building": "yes", "source": "way"}, "geometry": {"type": "Point", "coordinates": [-82.93450005, 42.372183699999994]}}, {"type": "Feature", "properties": {"building": "yes", "source": "way"}, "geometry": {"type": "Point", "coordinates": [-82.93467301816835, 42.37234864750234]}}, {"type": "Feature", "properties": {"building": "garage", "source": "way"}, "geometry": {"type": "Point", "coordinates": [-82.93460065000001, 42.372851]}}, {"type": "Feature", "properties": {"building": "yes", "source": "way"}, "geometry": {"type": "Point", "coordinates": [-82.93479108520849, 42.37252897397821]}}, {"type": "Feature", "properties": {"building": "garage", "source": "way"}, "geometry": {"type": "Point", "coordinates": [-82.93442158858338, 42.372555721863606]}}, {"type": "Feature", "properties": {"building": "yes", "source": "way"}, "geometry": {"type": "Point", "coordinates": [-82.93419155981684, 42.37258147895662]}}, {"type": "Feature", "properties": {"building": "yes", "source": "way"}, "geometry": {"type": "Point", "coordinates": [-82.93430760000001, 42.3727321]}}, {"type": "Feature", "properties": {"building": "yes", "source": "way"}, "geometry": {"type": "Point", "coordinates": [-82.93437799999998, 42.37288515]}}, {"type": "Feature", "properties": {"building": "yes", "source": "way"}, "geometry": {"type": "Point", "coordinates": [-82.93487353177639, 42.372716252760156]}}, {"type": "Feature", "properties": {"building": "yes", "source": "way"}, "geometry": {"type": "Point", "coordinates": [-82.93502910000001, 42.3729144]}}, {"type": "Feature", "properties": {"building": "garage", "source": "way"}, "geometry": {"type": "Point", "coordinates": [-82.93487285, 42.37302785000001]}}, {"type": "Feature", "properties": {"building": "yes", "source": "way"}, "geometry": {"type": "Point", "coordinates": [-82.93448460787717, 42.37301497989729]}}, {"type": "Feature", "properties": {"building": "yes", "source": "way"}, "geometry": {"type": "Point", "coordinates": [-82.93458184999999, 42.373186849999996]}}, {"type": "Feature", "properties": {"building": "yes", "source": "way"}, "geometry": {"type": "Point", "coordinates": [-82.934663, 42.373332000000005]}}, {"type": "Feature", "properties": {"building": "garage", "source": "way"}, "geometry": {"type": "Point", "coordinates": [-82.9348192083721, 42.373153668232035]}}, {"type": "Feature", "properties": {"building": "garage", "source": "way"}, "geometry": {"type": "Point", "coordinates": [-82.9349345551156, 42.37311351823566]}}, {"type": "Feature", "properties": {"building": "yes", "source": "way"}, "geometry": {"type": "Point", "coordinates": [-82.93515249999999, 42.37310610000001]}}, {"type": "Feature", "properties": {"building": "yes", "source": "way"}, "geometry": {"type": "Point", "coordinates": [-82.93518202414579, 42.37331266449862]}}, {"type": "Feature", "properties": {"building": "garage", "source": "way"}, "geometry": {"type": "Point", "coordinates": [-82.93490974538024, 42.3732983318268]}}, {"type": "Feature", "properties": {"building": "yes", "source": "way"}, "geometry": {"type": "Point", "coordinates": [-82.93287930523235, 42.370636068241005]}}, {"type": "Feature", "properties": {"building": "garage", "source": "way"}, "geometry": {"type": "Point", "coordinates": [-82.93316765755583, 42.37046466828312]}}, {"type": "Feature", "properties": {"building": "garage", "source": "way"}, "geometry": {"type": "Point", "coordinates": [-82.93310930000001, 42.370558300000006]}}, {"type": "Feature", "properties": {"building": "yes", "source": "way"}, "geometry": {"type": "Point", "coordinates": [-82.93330576727905, 42.37335134930807]}}, {"type": "Feature", "properties": {"building": "garage", "source": "way"}, "geometry": {"type": "Point", "coordinates": [-82.93351433170096, 42.373291403378815]}}, {"type": "Feature", "properties": {"building": "yes", "source": "way"}, "geometry": {"type": "Point", "coordinates": [-82.93391198182418, 42.373233452531416]}}, {"type": "Feature", "properties": {"building": "yes", "source": "way"}, "geometry": {"type": "Point", "coordinates": [-82.9337993, 42.37309965]}}, {"type": "Feature", "properties": {"building": "garage", "source": "way"}, "geometry": {"type": "Point", "coordinates": [-82.93363230938279, 42.3732131291735]}}, {"type": "Feature", "properties": {"building": "yes", "source": "way"}, "geometry": {"type": "Point", "coordinates": [-82.93321931638371, 42.373197766746515]}}, {"type": "Feature", "properties": {"building": "yes", "source": "way"}, "geometry": {"type": "Point", "coordinates": [-82.93315359999998, 42.3731309]}}, {"type": "Feature", "properties": {"building": "yes", "source": "way"}, "geometry": {"type": "Point", "coordinates": [-82.93310661739406, 42.37305954915344]}}, {"type": "Feature", "properties": {"building": "yes", "source": "way"}, "geometry": {"type": "Point", "coordinates": [-82.93308586396942, 42.37296541733294]}}, {"type": "Feature", "properties": {"building": "garage", "source": "way"}, "geometry": {"type": "Point", "coordinates": [-82.93335610939543, 42.373065468133674]}}, {"type": "Feature", "properties": {"building": "garage", "source": "way"}, "geometry": {"type": "Point", "coordinates": [-82.93340638170028, 42.37313880338682]}}, {"type": "Feature", "properties": {"building": "garage", "source": "way"}, "geometry": {"type": "Point", "coordinates": [-82.93345065619214, 42.37321411829293]}}, {"type": "Feature", "properties": {"building": "yes", "source": "way"}, "geometry": {"type": "Point", "coordinates": [-82.93362631198771, 42.37280936773906]}}, {"type": "Feature", "properties": {"building": "garage", "source": "way"}, "geometry": {"type": "Point", "coordinates": [-82.9335284182987, 42.37306549602103]}}, {"type": "Feature", "properties": {"building": "yes", "source": "way"}, "geometry": {"type": "Point", "coordinates": [-82.9337262317134, 42.3729570040947]}}, {"type": "Feature", "properties": {"building": "yes", "source": "way"}, "geometry": {"type": "Point", "coordinates": [-82.93301543303616, 42.37286880031299]}}, {"type": "Feature", "properties": {"building": "yes", "source": "way"}, "geometry": {"type": "Point", "coordinates": [-82.93295106466817, 42.372770717170894]}}, {"type": "Feature", "properties": {"building": "yes", "source": "way"}, "geometry": {"type": "Point", "coordinates": [-82.93288739800124, 42.37267461751521]}}, {"type": "Feature", "properties": {"building": "yes", "source": "way"}, "geometry": {"type": "Point", "coordinates": [-82.93282501463887, 42.372577517180815]}}, {"type": "Feature", "properties": {"building": "yes", "source": "way"}, "geometry": {"type": "Point", "coordinates": [-82.93341441972706, 42.3725091835629]}}, {"type": "Feature", "properties": {"building": "garage", "source": "way"}, "geometry": {"type": "Point", "coordinates": [-82.933336618298, 42.37277669661021]}}, {"type": "Feature", "properties": {"building": "yes", "source": "way"}, "geometry": {"type": "Point", "coordinates": [-82.93350899343903, 42.3726567816976]}}, {"type": "Feature", "properties": {"building": "yes", "source": "way"}, "geometry": {"type": "Point", "coordinates": [-82.93276128309239, 42.37247895025142]}}, {"type": "Feature", "properties": {"building": "yes", "source": "way"}, "geometry": {"type": "Point", "coordinates": [-82.93270361702658, 42.372387799616]}}, {"type": "Feature", "properties": {"building": "yes", "source": "way"}, "geometry": {"type": "Point", "coordinates": [-82.9326419650918, 42.37229711707107]}}, {"type": "Feature", "properties": {"building": "yes", "source": "way"}, "geometry": {"type": "Point", "coordinates": [-82.9333325882902, 42.37236403220666]}}, {"type": "Feature", "properties": {"building": "garage", "source": "way"}, "geometry": {"type": "Point", "coordinates": [-82.93309658613072, 42.372398673319836]}}, {"type": "Feature", "properties": {"building": "garage", "source": "way"}, "geometry": {"type": "Point", "coordinates": [-82.93304091397677, 42.37231942660947]}}, {"type": "Feature", "properties": {"building": "yes", "source": "way"}, "geometry": {"type": "Point", "coordinates": [-82.93321325, 42.37221245]}}, {"type": "Feature", "properties": {"building": "yes", "source": "way"}, "geometry": {"type": "Point", "coordinates": [-82.93258291672994, 42.37220599993619]}}, {"type": "Feature", "properties": {"building": "yes", "source": "way"}, "geometry": {"type": "Point", "coordinates": [-82.93252390253913, 42.37211188225771]}}, {"type": "Feature", "properties": {"building": "yes", "source": "way"}, "geometry": {"type": "Point", "coordinates": [-82.93246421703184, 42.37202119961001]}}, {"type": "Feature", "properties": {"building": "yes", "source": "way"}, "geometry": {"type": "Point", "coordinates": [-82.93303555000001, 42.37191914999999]}}, {"type": "Feature", "properties": {"building": "garage", "source": "way"}, "geometry": {"type": "Point", "coordinates": [-82.9329779, 42.3721703]}}, {"type": "Feature", "properties": {"building": "yes", "source": "way"}, "geometry": {"type": "Point", "coordinates": [-82.93312340000001, 42.372053400000006]}}, {"type": "Feature", "properties": {"building": "yes", "source": "way"}, "geometry": {"type": "Point", "coordinates": [-82.93288198535251, 42.37170268282392]}}, {"type": "Feature", "properties": {"building": "yes", "source": "way"}, "geometry": {"type": "Point", "coordinates": [-82.93294839014342, 42.37177898192147]}}, {"type": "Feature", "properties": {"building": "yes", "source": "way"}, "geometry": {"type": "Point", "coordinates": [-82.93283170913459, 42.37194491816555]}}, {"type": "Feature", "properties": {"building": "garage", "source": "way"}, "geometry": {"type": "Point", "coordinates": [-82.93254203174253, 42.37180670296108]}}, {"type": "Feature", "properties": {"building": "yes", "source": "way"}, "geometry": {"type": "Point", "coordinates": [-82.932369, 42.37195185]}}, {"type": "Feature", "properties": {"building": "yes", "source": "way"}, "geometry": {"type": "Point", "coordinates": [-82.932304, 42.371876549999996]}}, {"type": "Feature", "properties": {"building": "yes", "source": "way"}, "geometry": {"type": "Point", "coordinates": [-82.9322329, 42.37173535000001]}}, {"type": "Feature", "properties": {"building": "yes", "source": "way"}, "geometry": {"type": "Point", "coordinates": [-82.9321141963017, 42.37151193197757]}}, {"type": "Feature", "properties": {"building": "yes", "source": "way"}, "geometry": {"type": "Point", "coordinates": [-82.93228789999999, 42.37144805]}}, {"type": "Feature", "properties": {"building": "garage", "source": "way"}, "geometry": {"type": "Point", "coordinates": [-82.93248503177506, 42.371468854617795]}}, {"type": "Feature", "properties": {"building": "yes", "source": "way"}, "geometry": {"type": "Point", "coordinates": [-82.93250714999998, 42.371360349999996]}}, {"type": "Feature", "properties": {"building": "yes", "source": "way"}, "geometry": {"type": "Point", "coordinates": [-82.93269286144093, 42.37128702812022]}}, {"type": "Feature", "properties": {"building": "yes", "source": "way"}, "geometry": {"type": "Point", "coordinates": [-82.93154982968112, 42.37112403084478]}}, {"type": "Feature", "properties": {"building": "yes", "source": "way"}, "geometry": {"type": "Point", "coordinates": [-82.93129074241209, 42.370714720916254]}}, {"type": "Feature", "properties": {"building": "yes", "source": "way"}, "geometry": {"type": "Point", "coordinates": [-82.93223642242322, 42.37089529841662]}}, {"type": "Feature", "properties": {"building": "yes", "source": "way"}, "geometry": {"type": "Point", "coordinates": [-82.93215554875395, 42.370689461537545]}}, {"type": "Feature", "properties": {"building": "garage", "source": "way"}, "geometry": {"type": "Point", "coordinates": [-82.93162065000001, 42.3706663]}}, {"type": "Feature", "properties": {"building": "yes", "source": "way"}, "geometry": {"type": "Point", "coordinates": [-82.9320384, 42.37048]}}, {"type": "Feature", "properties": {"building": "yes", "source": "way"}, "geometry": {"type": "Point", "coordinates": [-82.93144165, 42.3695873]}}, {"type": "Feature", "properties": {"building": "yes", "source": "way"}, "geometry": {"type": "Point", "coordinates": [-82.93061419272085, 42.3697943816409]}}, {"type": "Feature", "properties": {"building": "yes", "source": "way"}, "geometry": {"type": "Point", "coordinates": [-82.93118615, 42.36919890000001]}}, {"type": "Feature", "properties": {"building": "yes", "source": "way"}, "geometry": {"type": "Point", "coordinates": [-82.93102657897747, 42.36903602545948]}}, {"type": "Feature", "properties": {"building": "yes", "source": "way"}, "geometry": {"type": "Point", "coordinates": [-82.93024879777528, 42.36914623874343]}}, {"type": "Feature", "properties": {"building": "yes", "source": "way"}, "geometry": {"type": "Point", "coordinates": [-82.93008445, 42.3689799]}}, {"type": "Feature", "properties": {"building": "yes", "source": "way"}, "geometry": {"type": "Point", "coordinates": [-82.93053440627561, 42.369004168452335]}}, {"type": "Feature", "properties": {"building": "yes", "source": "way"}, "geometry": {"type": "Point", "coordinates": [-82.92998519678548, 42.368776781987485]}}, {"type": "Feature", "properties": {"building": "yes", "source": "way"}, "geometry": {"type": "Point", "coordinates": [-82.92987670537853, 42.36852082017388]}}, {"type": "Feature", "properties": {"building": "yes", "source": "way"}, "geometry": {"type": "Point", "coordinates": [-82.93083883378306, 42.36865837467386]}}, {"type": "Feature", "properties": {"building": "yes", "source": "way"}, "geometry": {"type": "Point", "coordinates": [-82.93069934630091, 42.36847853208827]}}, {"type": "Feature", "properties": {"building": "yes", "source": "way"}, "geometry": {"type": "Point", "coordinates": [-82.93209074999999, 42.37323639999999]}}, {"type": "Feature", "properties": {"building": "yes", "source": "way"}, "geometry": {"type": "Point", "coordinates": [-82.93212360000001, 42.373318649999995]}}, {"type": "Feature", "properties": {"building": "yes", "source": "way"}, "geometry": {"type": "Point", "coordinates": [-82.93273716694928, 42.3733037666015]}}, {"type": "Feature", "properties": {"building": "yes", "source": "way"}, "geometry": {"type": "Point", "coordinates": [-82.9326808506771, 42.373216066402506]}}, {"type": "Feature", "properties": {"building": "garage", "source": "way"}, "geometry": {"type": "Point", "coordinates": [-82.9322785, 42.37316555]}}, {"type": "Feature", "properties": {"building": "yes", "source": "way"}, "geometry": {"type": "Point", "coordinates": [-82.93262986538335, 42.37313635108413]}}, {"type": "Feature", "properties": {"building": "yes", "source": "way"}, "geometry": {"type": "Point", "coordinates": [-82.93259231681333, 42.373052599849814]}}, {"type": "Feature", "properties": {"building": "yes", "source": "way"}, "geometry": {"type": "Point", "coordinates": [-82.92776605399496, 42.36073003532777]}}, {"type": "Feature", "properties": {"building": "yes", "source": "way"}, "geometry": {"type": "Point", "coordinates": [-82.92752290444193, 42.36077242727989]}}, {"type": "Feature", "properties": {"building": "yes", "source": "way"}, "geometry": {"type": "Point", "coordinates": [-82.92892129999998, 42.36013905]}}, {"type": "Feature", "properties": {"building": "yes", "source": "way"}, "geometry": {"type": "Point", "coordinates": [-82.92959715000002, 42.3669161]}}, {"type": "Feature", "properties": {"building": "yes", "source": "way"}, "geometry": {"type": "Point", "coordinates": [-82.9297413054514, 42.36705131841375]}}, {"type": "Feature", "properties": {"building": "yes", "source": "way"}, "geometry": {"type": "Point", "coordinates": [-82.9298737350884, 42.36726121898772]}}, {"type": "Feature", "properties": {"building": "yes", "source": "way"}, "geometry": {"type": "Point", "coordinates": [-82.92999774255259, 42.367437502991265]}}, {"type": "Feature", "properties": {"building": "yes", "source": "way"}, "geometry": {"type": "Point", "coordinates": [-82.93012436613937, 42.3676377125973]}}, {"type": "Feature", "properties": {"building": "yes", "source": "way"}, "geometry": {"type": "Point", "coordinates": [-82.93020459240331, 42.36780858585295]}}, {"type": "Feature", "properties": {"building": "yes", "source": "way"}, "geometry": {"type": "Point", "coordinates": [-82.93043311161446, 42.36812962097334]}}, {"type": "Feature", "properties": {"building": "yes", "source": "way"}, "geometry": {"type": "Point", "coordinates": [-82.92836900170167, 42.366451990518996]}}, {"type": "Feature", "properties": {"building": "yes", "source": "way"}, "geometry": {"type": "Point", "coordinates": [-82.92921327942024, 42.36632336167794]}}, {"type": "Feature", "properties": {"building": "yes", "source": "way"}, "geometry": {"type": "Point", "coordinates": [-82.9293587757206, 42.3665128520495]}}, {"type": "Feature", "properties": {"building": "yes", "source": "way"}, "geometry": {"type": "Point", "coordinates": [-82.92940970000001, 42.36669584999999]}}, {"type": "Feature", "properties": {"building": "yes", "source": "way"}, "geometry": {"type": "Point", "coordinates": [-82.92959658100581, 42.368065812733974]}}, {"type": "Feature", "properties": {"building": "yes", "source": "way"}, "geometry": {"type": "Point", "coordinates": [-82.92924207371607, 42.36770158471012]}}, {"type": "Feature", "properties": {"building": "garage", "source": "way"}, "geometry": {"type": "Point", "coordinates": [-82.92927124999999, 42.367579199999994]}}, {"type": "Feature", "properties": {"building": "yes", "source": "way"}, "geometry": {"type": "Point", "coordinates": [-82.92910961815927, 42.36750439674039]}}, {"type": "Feature", "properties": {"building": "yes", "source": "way"}, "geometry": {"type": "Point", "coordinates": [-82.92894940179784, 42.36728149608976]}}, {"type": "Feature", "properties": {"building": "yes", "source": "way"}, "geometry": {"type": "Point", "coordinates": [-82.92881892852702, 42.36708901757294]}}, {"type": "Feature", "properties": {"building": "yes", "source": "way"}, "geometry": {"type": "Point", "coordinates": [-82.92867510551028, 42.36692272901453]}}, {"type": "Feature", "properties": {"building": "yes", "source": "way"}, "geometry": {"type": "Point", "coordinates": [-82.92848232743933, 42.36662451555938]}}, {"type": "Feature", "properties": {"building": "yes", "source": "way"}, "geometry": {"type": "Point", "coordinates": [-82.92856611604067, 42.36672431005656]}}, {"type": "Feature", "properties": {"building": "yes", "source": "way"}, "geometry": {"type": "Point", "coordinates": [-82.9285256, 42.368188599999996]}}, {"type": "Feature", "properties": {"building": "yes", "source": "way"}, "geometry": {"type": "Point", "coordinates": [-82.92862549263936, 42.368396384051636]}}, {"type": "Feature", "properties": {"building": "yes", "source": "way"}, "geometry": {"type": "Point", "coordinates": [-82.92809743326794, 42.36897824728618]}}, {"type": "Feature", "properties": {"building": "yes", "source": "way"}, "geometry": {"type": "Point", "coordinates": [-82.92819958087362, 42.36917012400614]}}, {"type": "Feature", "properties": {"building": "yes", "source": "way"}, "geometry": {"type": "Point", "coordinates": [-82.92831585759599, 42.36935691842294]}}, {"type": "Feature", "properties": {"building": "yes", "source": "way"}, "geometry": {"type": "Point", "coordinates": [-82.92884222733149, 42.36875898733081]}}, {"type": "Feature", "properties": {"building": "yes", "source": "way"}, "geometry": {"type": "Point", "coordinates": [-82.92900600787296, 42.36911528388343]}}, {"type": "Feature", "properties": {"building": "yes", "source": "way"}, "geometry": {"type": "Point", "coordinates": [-82.9284763102476, 42.369543410785575]}}, {"type": "Feature", "properties": {"building": "yes", "source": "way"}, "geometry": {"type": "Point", "coordinates": [-82.92899561685903, 42.36952769981337]}}, {"type": "Feature", "properties": {"building": "yes", "source": "way"}, "geometry": {"type": "Point", "coordinates": [-82.92858542681735, 42.3697647729168]}}, {"type": "Feature", "properties": {"building": "yes", "source": "way"}, "geometry": {"type": "Point", "coordinates": [-82.92934702380832, 42.36949001344916]}}, {"type": "Feature", "properties": {"building": "yes", "source": "way"}, "geometry": {"type": "Point", "coordinates": [-82.92871532208892, 42.36996239323059]}}, {"type": "Feature", "properties": {"building": "yes", "source": "way"}, "geometry": {"type": "Point", "coordinates": [-82.92950056754542, 42.36967434187951]}}, {"type": "Feature", "properties": {"building": "yes", "source": "way"}, "geometry": {"type": "Point", "coordinates": [-82.9288378853522, 42.37015883643116]}}, {"type": "Feature", "properties": {"building": "yes", "source": "way"}, "geometry": {"type": "Point", "coordinates": [-82.92959254268956, 42.369866338035116]}}, {"type": "Feature", "properties": {"building": "yes", "source": "way"}, "geometry": {"type": "Point", "coordinates": [-82.92894333177831, 42.37035355550684]}}, {"type": "Feature", "properties": {"building": "yes", "source": "way"}, "geometry": {"type": "Point", "coordinates": [-82.92967950593919, 42.37011369560541]}}, {"type": "Feature", "properties": {"building": "yes", "source": "way"}, "geometry": {"type": "Point", "coordinates": [-82.92906954133353, 42.37052271899491]}}, {"type": "Feature", "properties": {"building": "yes", "source": "way"}, "geometry": {"type": "Point", "coordinates": [-82.92987875, 42.370257450000004]}}, {"type": "Feature", "properties": {"building": "yes", "source": "way"}, "geometry": {"type": "Point", "coordinates": [-82.92920416607124, 42.37076027420871]}}, {"type": "Feature", "properties": {"building": "yes", "source": "way"}, "geometry": {"type": "Point", "coordinates": [-82.92997337076739, 42.37047588658881]}}, {"type": "Feature", "properties": {"building": "yes", "source": "way"}, "geometry": {"type": "Point", "coordinates": [-82.92931723809603, 42.37094664874644]}}, {"type": "Feature", "properties": {"building": "yes", "source": "way"}, "geometry": {"type": "Point", "coordinates": [-82.93011210823664, 42.370641868301476]}}, {"type": "Feature", "properties": {"building": "yes", "source": "way"}, "geometry": {"type": "Point", "coordinates": [-82.93027052907169, 42.3708894783026]}}, {"type": "Feature", "properties": {"building": "yes", "source": "way"}, "geometry": {"type": "Point", "coordinates": [-82.92949193129266, 42.37114523408516]}}, {"type": "Feature", "properties": {"building": "yes", "source": "way"}, "geometry": {"type": "Point", "coordinates": [-82.9295940853376, 42.371339875402455]}}, {"type": "Feature", "properties": {"building": "yes", "source": "way"}, "geometry": {"type": "Point", "coordinates": [-82.93037900694662, 42.37103916811971]}}, {"type": "Feature", "properties": {"building": "yes", "source": "way"}, "geometry": {"type": "Point", "coordinates": [-82.92969769999999, 42.371560800000005]}}, {"type": "Feature", "properties": {"building": "yes", "source": "way"}, "geometry": {"type": "Point", "coordinates": [-82.92984455, 42.3717402]}}, {"type": "Feature", "properties": {"building": "yes", "source": "way"}, "geometry": {"type": "Point", "coordinates": [-82.93053043398251, 42.371238963020225]}}, {"type": "Feature", "properties": {"building": "yes", "source": "way"}, "geometry": {"type": "Point", "coordinates": [-82.93064301977635, 42.371451643372055]}}, {"type": "Feature", "properties": {"building": "yes", "source": "way"}, "geometry": {"type": "Point", "coordinates": [-82.92630003293554, 42.36683655091018]}}, {"type": "Feature", "properties": {"building": "yes", "source": "way"}, "geometry": {"type": "Point", "coordinates": [-82.92651795, 42.36712490000001]}}, {"type": "Feature", "properties": {"building": "yes", "source": "way"}, "geometry": {"type": "Point", "coordinates": [-82.92674892320842, 42.36736545717583]}}, {"type": "Feature", "properties": {"building": "yes", "source": "way"}, "geometry": {"type": "Point", "coordinates": [-82.92730833465262, 42.366648844812346]}}, {"type": "Feature", "properties": {"building": "yes", "source": "way"}, "geometry": {"type": "Point", "coordinates": [-82.92694921471771, 42.36754570452405]}}, {"type": "Feature", "properties": {"building": "yes", "source": "way"}, "geometry": {"type": "Point", "coordinates": [-82.92748569841837, 42.366877826494004]}}, {"type": "Feature", "properties": {"building": "yes", "source": "way"}, "geometry": {"type": "Point", "coordinates": [-82.92764753241491, 42.36706014979288]}}, {"type": "Feature", "properties": {"building": "yes", "source": "way"}, "geometry": {"type": "Point", "coordinates": [-82.92778678669717, 42.367240074459346]}}, {"type": "Feature", "properties": {"building": "yes", "source": "way"}, "geometry": {"type": "Point", "coordinates": [-82.92792460570888, 42.36742457404013]}}, {"type": "Feature", "properties": {"building": "yes", "source": "way"}, "geometry": {"type": "Point", "coordinates": [-82.92711841020581, 42.36771584331292]}}, {"type": "Feature", "properties": {"building": "yes", "source": "way"}, "geometry": {"type": "Point", "coordinates": [-82.92727718952577, 42.36790239590456]}}, {"type": "Feature", "properties": {"building": "yes", "source": "way"}, "geometry": {"type": "Point", "coordinates": [-82.92808036374416, 42.36759786319067]}}, {"type": "Feature", "properties": {"building": "yes", "source": "way"}, "geometry": {"type": "Point", "coordinates": [-82.92819307131197, 42.36782622010369]}}, {"type": "Feature", "properties": {"building": "yes", "source": "way"}, "geometry": {"type": "Point", "coordinates": [-82.92743375645396, 42.36810252114752]}}, {"type": "Feature", "properties": {"building": "yes", "source": "way"}, "geometry": {"type": "Point", "coordinates": [-82.92756914788006, 42.368280937618245]}}, {"type": "Feature", "properties": {"building": "yes", "source": "way"}, "geometry": {"type": "Point", "coordinates": [-82.92830212224408, 42.36801319738911]}}, {"type": "Feature", "properties": {"building": "yes", "source": "way"}, "geometry": {"type": "Point", "coordinates": [-82.92771558178912, 42.36847790540341]}}, {"type": "Feature", "properties": {"building": "yes", "source": "way"}, "geometry": {"type": "Point", "coordinates": [-82.92787014725778, 42.36867250282109]}}, {"type": "Feature", "properties": {"building": "yes", "source": "way"}, "geometry": {"type": "Point", "coordinates": [-82.92693149867726, 42.368691509791816]}}, {"type": "Feature", "properties": {"building": "yes", "source": "way"}, "geometry": {"type": "Point", "coordinates": [-82.92618936696088, 42.36894250418725]}}, {"type": "Feature", "properties": {"building": "yes", "source": "way"}, "geometry": {"type": "Point", "coordinates": [-82.92640529268989, 42.368943131672445]}}, {"type": "Feature", "properties": {"building": "yes", "source": "way"}, "geometry": {"type": "Point", "coordinates": [-82.9264604948327, 42.36910530437279]}}, {"type": "Feature", "properties": {"building": "yes", "source": "way"}, "geometry": {"type": "Point", "coordinates": [-82.92703989375806, 42.36894591907558]}}, {"type": "Feature", "properties": {"building": "yes", "source": "way"}, "geometry": {"type": "Point", "coordinates": [-82.9260050426988, 42.36869581376667]}}, {"type": "Feature", "properties": {"building": "yes", "source": "way"}, "geometry": {"type": "Point", "coordinates": [-82.92579170495569, 42.36850462318977]}}, {"type": "Feature", "properties": {"building": "yes", "source": "way"}, "geometry": {"type": "Point", "coordinates": [-82.92602775, 42.36848335]}}, {"type": "Feature", "properties": {"building": "yes", "source": "way"}, "geometry": {"type": "Point", "coordinates": [-82.92559305784712, 42.36827046423006]}}, {"type": "Feature", "properties": {"building": "yes", "source": "way"}, "geometry": {"type": "Point", "coordinates": [-82.92680224594386, 42.36844423197089]}}, {"type": "Feature", "properties": {"building": "yes", "source": "way"}, "geometry": {"type": "Point", "coordinates": [-82.92538067692536, 42.368026593056776]}}, {"type": "Feature", "properties": {"building": "yes", "source": "way"}, "geometry": {"type": "Point", "coordinates": [-82.92664143703094, 42.368308264341486]}}, {"type": "Feature", "properties": {"building": "yes", "source": "way"}, "geometry": {"type": "Point", "coordinates": [-82.92647836745793, 42.36812764725753]}}, {"type": "Feature", "properties": {"building": "yes", "source": "way"}, "geometry": {"type": "Point", "coordinates": [-82.92622961711191, 42.368121199087405]}}, {"type": "Feature", "properties": {"building": "yes", "source": "way"}, "geometry": {"type": "Point", "coordinates": [-82.92629846745058, 42.36788841900766]}}, {"type": "Feature", "properties": {"building": "yes", "source": "way"}, "geometry": {"type": "Point", "coordinates": [-82.92553225, 42.36768375]}}, {"type": "Feature", "properties": {"building": "yes", "source": "way"}, "geometry": {"type": "Point", "coordinates": [-82.92575085, 42.3677214]}}, {"type": "Feature", "properties": {"building": "yes", "source": "way"}, "geometry": {"type": "Point", "coordinates": [-82.92610889709171, 42.367739733458265]}}, {"type": "Feature", "properties": {"building": "yes", "source": "way"}, "geometry": {"type": "Point", "coordinates": [-82.92563890319241, 42.36725032149557]}}, {"type": "Feature", "properties": {"building": "yes", "source": "way"}, "geometry": {"type": "Point", "coordinates": [-82.92855365338177, 42.37245052532148]}}, {"type": "Feature", "properties": {"building": "yes", "source": "way"}, "geometry": {"type": "Point", "coordinates": [-82.92839414745916, 42.372223182256064]}}, {"type": "Feature", "properties": {"building": "yes", "source": "way"}, "geometry": {"type": "Point", "coordinates": [-82.92912182119494, 42.37202361848872]}}, {"type": "Feature", "properties": {"building": "yes", "source": "way"}, "geometry": {"type": "Point", "coordinates": [-82.92825938111247, 42.371975313212964]}}, {"type": "Feature", "properties": {"building": "yes", "source": "way"}, "geometry": {"type": "Point", "coordinates": [-82.9289998265314, 42.371793588005076]}}, {"type": "Feature", "properties": {"building": "yes", "source": "way"}, "geometry": {"type": "Point", "coordinates": [-82.92890580000001, 42.37158215]}}, {"type": "Feature", "properties": {"building": "yes", "source": "way"}, "geometry": {"type": "Point", "coordinates": [-82.92876116207253, 42.37140074017138]}}, {"type": "Feature", "properties": {"building": "yes", "source": "way"}, "geometry": {"type": "Point", "coordinates": [-82.92793873306958, 42.37148742735509]}}, {"type": "Feature", "properties": {"building": "yes", "source": "way"}, "geometry": {"type": "Point", "coordinates": [-82.92823055, 42.371537550000006]}}, {"type": "Feature", "properties": {"building": "yes", "source": "way"}, "geometry": {"type": "Point", "coordinates": [-82.92860711927425, 42.37121502143323]}}, {"type": "Feature", "properties": {"building": "yes", "source": "way"}, "geometry": {"type": "Point", "coordinates": [-82.92776852155387, 42.37122791197512]}}, {"type": "Feature", "properties": {"building": "yes", "source": "way"}, "geometry": {"type": "Point", "coordinates": [-82.92851820262919, 42.371009967749885]}}, {"type": "Feature", "properties": {"building": "yes", "source": "way"}, "geometry": {"type": "Point", "coordinates": [-82.9275953256005, 42.37099829413079]}}, {"type": "Feature", "properties": {"building": "yes", "source": "way"}, "geometry": {"type": "Point", "coordinates": [-82.92836324218993, 42.37078730271104]}}, {"type": "Feature", "properties": {"building": "yes", "source": "way"}, "geometry": {"type": "Point", "coordinates": [-82.9274232, 42.37075185000001]}}, {"type": "Feature", "properties": {"building": "yes", "source": "way"}, "geometry": {"type": "Point", "coordinates": [-82.92823496776394, 42.370603112827844]}}, {"type": "Feature", "properties": {"building": "yes", "source": "way"}, "geometry": {"type": "Point", "coordinates": [-82.92726640956147, 42.37050042304497]}}, {"type": "Feature", "properties": {"building": "yes", "source": "way"}, "geometry": {"type": "Point", "coordinates": [-82.92743995705445, 42.37046896824508]}}, {"type": "Feature", "properties": {"building": "yes", "source": "way"}, "geometry": {"type": "Point", "coordinates": [-82.92812591799114, 42.37038524423339]}}, {"type": "Feature", "properties": {"building": "yes", "source": "way"}, "geometry": {"type": "Point", "coordinates": [-82.92800011741245, 42.37020405261166]}}, {"type": "Feature", "properties": {"building": "yes", "source": "way"}, "geometry": {"type": "Point", "coordinates": [-82.92712326987996, 42.370288150259626]}}, {"type": "Feature", "properties": {"building": "yes", "source": "way"}, "geometry": {"type": "Point", "coordinates": [-82.92783166622993, 42.37001673887857]}}, {"type": "Feature", "properties": {"building": "yes", "source": "way"}, "geometry": {"type": "Point", "coordinates": [-82.92696116790343, 42.370008742314845]}}, {"type": "Feature", "properties": {"building": "yes", "source": "way"}, "geometry": {"type": "Point", "coordinates": [-82.92770336375636, 42.36982547428085]}}, {"type": "Feature", "properties": {"building": "yes", "source": "way"}, "geometry": {"type": "Point", "coordinates": [-82.9275817192718, 42.36962498510902]}}, {"type": "Feature", "properties": {"building": "yes", "source": "way"}, "geometry": {"type": "Point", "coordinates": [-82.92680576186987, 42.369767507087545]}}, {"type": "Feature", "properties": {"building": "yes", "source": "way"}, "geometry": {"type": "Point", "coordinates": [-82.92667551847838, 42.369513796550635]}}, {"type": "Feature", "properties": {"building": "yes", "source": "way"}, "geometry": {"type": "Point", "coordinates": [-82.92749033655838, 42.36942499383265]}}, {"type": "Feature", "properties": {"building": "yes", "source": "way"}, "geometry": {"type": "Point", "coordinates": [-82.92731848220534, 42.36926681905095]}}, {"type": "Feature", "properties": {"building": "garage", "source": "way"}, "geometry": {"type": "Point", "coordinates": [-82.93092244473391, 42.37308713171504]}}, {"type": "Feature", "properties": {"building": "garage", "source": "way"}, "geometry": {"type": "Point", "coordinates": [-82.93083764999999, 42.37294419999999]}}, {"type": "Feature", "properties": {"building": "yes", "source": "way"}, "geometry": {"type": "Point", "coordinates": [-82.93073581573664, 42.37308530420051]}}, {"type": "Feature", "properties": {"building": "yes", "source": "way"}, "geometry": {"type": "Point", "coordinates": [-82.93087585208866, 42.373253582077695]}}, {"type": "Feature", "properties": {"building": "yes", "source": "way"}, "geometry": {"type": "Point", "coordinates": [-82.93063409086766, 42.37294595937587]}}, {"type": "Feature", "properties": {"building": "yes", "source": "way"}, "geometry": {"type": "Point", "coordinates": [-82.92895948190076, 42.372990005116925]}}, {"type": "Feature", "properties": {"building": "yes", "source": "way"}, "geometry": {"type": "Point", "coordinates": [-82.92979158858496, 42.37298205667958]}}, {"type": "Feature", "properties": {"building": "yes", "source": "way"}, "geometry": {"type": "Point", "coordinates": [-82.93053990657408, 42.37281316833285]}}, {"type": "Feature", "properties": {"building": "yes", "source": "way"}, "geometry": {"type": "Point", "coordinates": [-82.92967770194159, 42.37279893208973]}}, {"type": "Feature", "properties": {"building": "yes", "source": "way"}, "geometry": {"type": "Point", "coordinates": [-82.92953859327469, 42.372639759289]}}, {"type": "Feature", "properties": {"building": "yes", "source": "way"}, "geometry": {"type": "Point", "coordinates": [-82.92916125, 42.372545699999996]}}, {"type": "Feature", "properties": {"building": "yes", "source": "way"}, "geometry": {"type": "Point", "coordinates": [-82.9294677, 42.37245060000001]}}, {"type": "Feature", "properties": {"building": "yes", "source": "way"}, "geometry": {"type": "Point", "coordinates": [-82.93044056237471, 42.37262452244733]}}, {"type": "Feature", "properties": {"building": "yes", "source": "way"}, "geometry": {"type": "Point", "coordinates": [-82.930012196974, 42.37226133203019]}}, {"type": "Feature", "properties": {"building": "yes", "source": "way"}, "geometry": {"type": "Point", "coordinates": [-82.9302065518257, 42.372211286977794]}}, {"type": "Feature", "properties": {"building": "yes", "source": "way"}, "geometry": {"type": "Point", "coordinates": [-82.93038970507233, 42.37212906830632]}}, {"type": "Feature", "properties": {"building": "yes", "source": "way"}, "geometry": {"type": "Point", "coordinates": [-82.93016610000001, 42.372502350000005]}}, {"type": "Feature", "properties": {"building": "detached", "source": "way"}, "geometry": {"type": "Point", "coordinates": [-82.92428044601694, 42.36647463983879]}}, {"type": "Feature", "properties": {"building": "detached", "source": "way"}, "geometry": {"type": "Point", "coordinates": [-82.92419277454306, 42.36686144288905]}}, {"type": "Feature", "properties": {"building": "house", "source": "way"}, "geometry": {"type": "Point", "coordinates": [-82.9339658778013, 42.3679419832955]}}, {"type": "Feature", "properties": {"building": "garage", "source": "way"}, "geometry": {"type": "Point", "coordinates": [-82.934175244549, 42.3679329812669]}}, {"type": "Feature", "properties": {"building": "garage", "source": "way"}, "geometry": {"type": "Point", "coordinates": [-82.93421764694969, 42.36800698190202]}}, {"type": "Feature", "properties": {"building": "garage", "source": "way"}, "geometry": {"type": "Point", "coordinates": [-82.93430185000001, 42.368148149999996]}}, {"type": "Feature", "properties": {"building": "garage", "source": "way"}, "geometry": {"type": "Point", "coordinates": [-82.93459120716518, 42.368588718761444]}}, {"type": "Feature", "properties": {"building": "garage", "source": "way"}, "geometry": {"type": "Point", "coordinates": [-82.93481220000001, 42.368934749999994]}}, {"type": "Feature", "properties": {"building": "detached", "source": "way"}, "geometry": {"type": "Point", "coordinates": [-82.9241848286371, 42.36736076717122]}}, {"type": "Feature", "properties": {"building": "detached", "source": "way"}, "geometry": {"type": "Point", "coordinates": [-82.92409113927654, 42.367835758759114]}}, {"type": "Feature", "properties": {"building": "detached", "source": "way"}, "geometry": {"type": "Point", "coordinates": [-82.9239742405703, 42.3682365319192]}}, {"type": "Feature", "properties": {"building": "detached", "source": "way"}, "geometry": {"type": "Point", "coordinates": [-82.92383548364492, 42.3685539813188]}}, {"type": "Feature", "properties": {"building": "yes", "source": "way"}, "geometry": {"type": "Point", "coordinates": [-82.923454, 42.3686533]}}, {"type": "Feature", "properties": {"building": "yes", "source": "way"}, "geometry": {"type": "Point", "coordinates": [-82.9233564418874, 42.36864652314976]}}, {"type": "Feature", "properties": {"building": "detached", "source": "way"}, "geometry": {"type": "Point", "coordinates": [-82.92360686909926, 42.36899672006982]}}, {"type": "Feature", "properties": {"building": "garage", "source": "way"}, "geometry": {"type": "Point", "coordinates": [-82.92384604999998, 42.369043600000005]}}, {"type": "Feature", "properties": {"building": "detached", "source": "way"}, "geometry": {"type": "Point", "coordinates": [-82.923496456333, 42.36924449333664]}}, {"type": "Feature", "properties": {"building": "detached", "source": "way"}, "geometry": {"type": "Point", "coordinates": [-82.92352604788454, 42.369508880495616]}}, {"type": "Feature", "properties": {"building": "detached", "source": "way"}, "geometry": {"type": "Point", "coordinates": [-82.92335576766204, 42.36979738863033]}}, {"type": "Feature", "properties": {"building": "garage", "source": "way"}, "geometry": {"type": "Point", "coordinates": [-82.93339260983703, 42.36674083637635]}}, {"type": "Feature", "properties": {"building": "garage", "source": "way"}, "geometry": {"type": "Point", "coordinates": [-82.9330937109244, 42.36631407734024]}}, {"type": "Feature", "properties": {"building": "detached", "source": "way"}, "geometry": {"type": "Point", "coordinates": [-82.93247663077995, 42.36574227393018]}}, {"type": "Feature", "properties": {"building": "garage", "source": "way"}, "geometry": {"type": "Point", "coordinates": [-82.93239385000001, 42.3652488]}}, {"type": "Feature", "properties": {"building": "garage", "source": "way"}, "geometry": {"type": "Point", "coordinates": [-82.93269541144277, 42.36571897836823]}}, {"type": "Feature", "properties": {"building": "garage", "source": "way"}, "geometry": {"type": "Point", "coordinates": [-82.93041003886643, 42.362025721907465]}}, {"type": "Feature", "properties": {"building": "detached", "source": "way"}, "geometry": {"type": "Point", "coordinates": [-82.93057838082841, 42.36496638136778]}}, {"type": "Feature", "properties": {"building": "detached", "source": "way"}, "geometry": {"type": "Point", "coordinates": [-82.93082720578458, 42.365411361669885]}}, {"type": "Feature", "properties": {"building": "garage", "source": "way"}, "geometry": {"type": "Point", "coordinates": [-82.93062290000002, 42.36257195]}}, {"type": "Feature", "properties": {"building": "garage", "source": "way"}, "geometry": {"type": "Point", "coordinates": [-82.93071658812778, 42.36272142196774]}}, {"type": "Feature", "properties": {"building": "garage", "source": "way"}, "geometry": {"type": "Point", "coordinates": [-82.93081745, 42.362871600000005]}}, {"type": "Feature", "properties": {"building": "garage", "source": "way"}, "geometry": {"type": "Point", "coordinates": [-82.93092481158895, 42.36302147779801]}}, {"type": "Feature", "properties": {"building": "garage", "source": "way"}, "geometry": {"type": "Point", "coordinates": [-82.9316307444099, 42.364125069533266]}}, {"type": "Feature", "properties": {"building": "garage", "source": "way"}, "geometry": {"type": "Point", "coordinates": [-82.9317215, 42.36426955]}}, {"type": "Feature", "properties": {"building": "house", "source": "way"}, "geometry": {"type": "Point", "coordinates": [-82.92882795388097, 42.3621199850061]}}, {"type": "Feature", "properties": {"building": "garage", "source": "way"}, "geometry": {"type": "Point", "coordinates": [-82.92942763152458, 42.363052104227975]}}, {"type": "Feature", "properties": {"building": "garage", "source": "way"}, "geometry": {"type": "Point", "coordinates": [-82.92955849222732, 42.36303288178023]}}, {"type": "Feature", "properties": {"building": "house", "source": "way"}, "geometry": {"type": "Point", "coordinates": [-82.93025877200834, 42.36365190376379]}}, {"type": "Feature", "properties": {"building": "garage", "source": "way"}, "geometry": {"type": "Point", "coordinates": [-82.93071012641063, 42.36463388544997]}}, {"type": "Feature", "properties": {"building": "garage", "source": "way"}, "geometry": {"type": "Point", "coordinates": [-82.93020046849375, 42.36411019599086]}}, {"type": "Feature", "properties": {"building": "house", "source": "way"}, "geometry": {"type": "Point", "coordinates": [-82.92852953733049, 42.362278193766365]}}, {"type": "Feature", "properties": {"building": "garage", "source": "way"}, "geometry": {"type": "Point", "coordinates": [-82.93004105, 42.36359110000001]}}, {"type": "Feature", "properties": {"building": "detached", "source": "way"}, "geometry": {"type": "Point", "coordinates": [-82.92914411269399, 42.37330932093356]}}, {"type": "Feature", "properties": {"building": "yes", "source": "way"}, "geometry": {"type": "Point", "coordinates": [-82.92990649617582, 42.37312205077761]}}, {"type": "Feature", "properties": {"building": "yes", "source": "way"}, "geometry": {"type": "Point", "coordinates": [-82.92999517555081, 42.373312963390326]}}, {"type": "Feature", "properties": {"building": "yes", "source": "way"}, "geometry": {"type": "Point", "coordinates": [-82.92550263527873, 42.37190179666625]}}, {"type": "Feature", "properties": {"building": "yes", "source": "way"}, "geometry": {"type": "Point", "coordinates": [-82.9256340049488, 42.37212726760402]}}, {"type": "Feature", "properties": {"building": "yes", "source": "way"}, "geometry": {"type": "Point", "coordinates": [-82.92575821229724, 42.37232812571675]}}, {"type": "Feature", "properties": {"building": "yes", "source": "way"}, "geometry": {"type": "Point", "coordinates": [-82.925884059802, 42.372505037281655]}}, {"type": "Feature", "properties": {"building": "yes", "source": "way"}, "geometry": {"type": "Point", "coordinates": [-82.92601218991358, 42.37270685622819]}}, {"type": "Feature", "properties": {"building": "yes", "source": "way"}, "geometry": {"type": "Point", "coordinates": [-82.9261751904577, 42.372917007171935]}}, {"type": "Feature", "properties": {"building": "yes", "source": "way"}, "geometry": {"type": "Point", "coordinates": [-82.92627111529833, 42.37310682065261]}}, {"type": "Feature", "properties": {"building": "yes", "source": "way"}, "geometry": {"type": "Point", "coordinates": [-82.92639487386873, 42.37332273567458]}}, {"type": "Feature", "properties": {"building": "yes", "source": "way"}, "geometry": {"type": "Point", "coordinates": [-82.92469639944993, 42.3719315954791]}}, {"type": "Feature", "properties": {"building": "yes", "source": "way"}, "geometry": {"type": "Point", "coordinates": [-82.92485404432223, 42.37216634497244]}}, {"type": "Feature", "properties": {"building": "yes", "source": "way"}, "geometry": {"type": "Point", "coordinates": [-82.92498849389187, 42.372363164144744]}}, {"type": "Feature", "properties": {"building": "yes", "source": "way"}, "geometry": {"type": "Point", "coordinates": [-82.92511506274907, 42.37256591859024]}}, {"type": "Feature", "properties": {"building": "yes", "source": "way"}, "geometry": {"type": "Point", "coordinates": [-82.92526075572094, 42.37273870513532]}}, {"type": "Feature", "properties": {"building": "yes", "source": "way"}, "geometry": {"type": "Point", "coordinates": [-82.92535140000001, 42.3729586]}}, {"type": "Feature", "properties": {"building": "yes", "source": "way"}, "geometry": {"type": "Point", "coordinates": [-82.92547786459929, 42.37316415468635]}}, {"type": "Feature", "properties": {"building": "yes", "source": "way"}, "geometry": {"type": "Point", "coordinates": [-82.92561433523153, 42.373351307415845]}}, {"type": "Feature", "properties": {"building": "yes", "source": "way"}, "geometry": {"type": "Point", "coordinates": [-82.92360175501692, 42.37152369500262]}}, {"type": "Feature", "properties": {"building": "yes", "source": "way"}, "geometry": {"type": "Point", "coordinates": [-82.92368600429161, 42.37165728332215]}}, {"type": "Feature", "properties": {"building": "yes", "source": "way"}, "geometry": {"type": "Point", "coordinates": [-82.92379515753446, 42.371822269685595]}}, {"type": "Feature", "properties": {"building": "yes", "source": "way"}, "geometry": {"type": "Point", "coordinates": [-82.92394933089089, 42.37201749182876]}}, {"type": "Feature", "properties": {"building": "yes", "source": "way"}, "geometry": {"type": "Point", "coordinates": [-82.92322114239573, 42.371906825826976]}}, {"type": "Feature", "properties": {"building": "yes", "source": "way"}, "geometry": {"type": "Point", "coordinates": [-82.92332536830196, 42.372228075683005]}}, {"type": "Feature", "properties": {"building": "yes", "source": "way"}, "geometry": {"type": "Point", "coordinates": [-82.92340386281387, 42.37235075478343]}}, {"type": "Feature", "properties": {"building": "yes", "source": "way"}, "geometry": {"type": "Point", "coordinates": [-82.92357066416122, 42.37259946775923]}}, {"type": "Feature", "properties": {"building": "yes", "source": "way"}, "geometry": {"type": "Point", "coordinates": [-82.92366099437132, 42.37272807563385]}}, {"type": "Feature", "properties": {"building": "yes", "source": "way"}, "geometry": {"type": "Point", "coordinates": [-82.92371333190783, 42.37285045176814]}}, {"type": "Feature", "properties": {"building": "yes", "source": "way"}, "geometry": {"type": "Point", "coordinates": [-82.92379048225462, 42.37296870114059]}}, {"type": "Feature", "properties": {"building": "yes", "source": "way"}, "geometry": {"type": "Point", "coordinates": [-82.92387853913797, 42.373094432188395]}}, {"type": "Feature", "properties": {"building": "yes", "source": "way"}, "geometry": {"type": "Point", "coordinates": [-82.92396187725369, 42.3732459174236]}}, {"type": "Feature", "properties": {"building": "yes", "source": "way"}, "geometry": {"type": "Point", "coordinates": [-82.92327719224016, 42.373312807148665]}}, {"type": "Feature", "properties": {"building": "yes", "source": "way"}, "geometry": {"type": "Point", "coordinates": [-82.92423801874364, 42.372504552509646]}}, {"type": "Feature", "properties": {"building": "yes", "source": "way"}, "geometry": {"type": "Point", "coordinates": [-82.9244386314368, 42.37275175505078]}}, {"type": "Feature", "properties": {"building": "yes", "source": "way"}, "geometry": {"type": "Point", "coordinates": [-82.92447395641955, 42.37288218647471]}}, {"type": "Feature", "properties": {"building": "yes", "source": "way"}, "geometry": {"type": "Point", "coordinates": [-82.9244965661029, 42.37305441092678]}}, {"type": "Feature", "properties": {"building": "yes", "source": "way"}, "geometry": {"type": "Point", "coordinates": [-82.92470743928341, 42.373229040247246]}}, {"type": "Feature", "properties": {"building": "yes", "source": "way"}, "geometry": {"type": "Point", "coordinates": [-82.92637527758328, 42.371777890317624]}}, {"type": "Feature", "properties": {"building": "yes", "source": "way"}, "geometry": {"type": "Point", "coordinates": [-82.92647210164533, 42.37196533358981]}}, {"type": "Feature", "properties": {"building": "yes", "source": "way"}, "geometry": {"type": "Point", "coordinates": [-82.92659761301783, 42.37216219078501]}}, {"type": "Feature", "properties": {"building": "yes", "source": "way"}, "geometry": {"type": "Point", "coordinates": [-82.92676309255027, 42.37238577243345]}}, {"type": "Feature", "properties": {"building": "yes", "source": "way"}, "geometry": {"type": "Point", "coordinates": [-82.92690454999999, 42.372550450000006]}}, {"type": "Feature", "properties": {"building": "yes", "source": "way"}, "geometry": {"type": "Point", "coordinates": [-82.92698914969208, 42.37275278406842]}}, {"type": "Feature", "properties": {"building": "yes", "source": "way"}, "geometry": {"type": "Point", "coordinates": [-82.92711477036245, 42.37296177095943]}}, {"type": "Feature", "properties": {"building": "yes", "source": "way"}, "geometry": {"type": "Point", "coordinates": [-82.92723859755974, 42.373162349338514]}}, {"type": "Feature", "properties": {"building": "yes", "source": "way"}, "geometry": {"type": "Point", "coordinates": [-82.92737693400551, 42.37335021156321]}}, {"type": "Feature", "properties": {"building": "yes", "source": "way"}, "geometry": {"type": "Point", "coordinates": [-82.9280601369158, 42.37323906409981]}}, {"type": "Feature", "properties": {"building": "yes", "source": "way"}, "geometry": {"type": "Point", "coordinates": [-82.92752191739206, 42.37302634223521]}}, {"type": "Feature", "properties": {"building": "yes", "source": "way"}, "geometry": {"type": "Point", "coordinates": [-82.92787997806641, 42.372795979359175]}}, {"type": "Feature", "properties": {"building": "yes", "source": "way"}, "geometry": {"type": "Point", "coordinates": [-82.92767953060812, 42.37257801115456]}}, {"type": "Feature", "properties": {"building": "yes", "source": "way"}, "geometry": {"type": "Point", "coordinates": [-82.9275549403686, 42.37232099256342]}}, {"type": "Feature", "properties": {"building": "yes", "source": "way"}, "geometry": {"type": "Point", "coordinates": [-82.927347484849, 42.37206994284705]}}, {"type": "Feature", "properties": {"building": "yes", "source": "way"}, "geometry": {"type": "Point", "coordinates": [-82.92723777280207, 42.3718336561886]}}, {"type": "Feature", "properties": {"building": "yes", "source": "way"}, "geometry": {"type": "Point", "coordinates": [-82.92705502374702, 42.371555286067604]}}, {"type": "Feature", "properties": {"building": "yes", "source": "way"}, "geometry": {"type": "Point", "coordinates": [-82.92689300975455, 42.3713205720301]}}, {"type": "Feature", "properties": {"building": "yes", "source": "way"}, "geometry": {"type": "Point", "coordinates": [-82.92951435594252, 42.37313791919049]}}, {"type": "Feature", "properties": {"building": "yes", "source": "way"}, "geometry": {"type": "Point", "coordinates": [-82.9298367, 42.3732396]}}, {"type": "Feature", "properties": {"building": "yes", "source": "way"}, "geometry": {"type": "Point", "coordinates": [-82.924848237938, 42.37094002618882]}}, {"type": "Feature", "properties": {"building": "yes", "source": "way"}, "geometry": {"type": "Point", "coordinates": [-82.92495398822395, 42.371146624912285]}}, {"type": "Feature", "properties": {"building": "yes", "source": "way"}, "geometry": {"type": "Point", "coordinates": [-82.92512753780387, 42.37132145290268]}}, {"type": "Feature", "properties": {"building": "yes", "source": "way"}, "geometry": {"type": "Point", "coordinates": [-82.9252554282938, 42.37150728959862]}}, {"type": "Feature", "properties": {"building": "yes", "source": "way"}, "geometry": {"type": "Point", "coordinates": [-82.9241834, 42.371173]}}, {"type": "Feature", "properties": {"building": "yes", "source": "way"}, "geometry": {"type": "Point", "coordinates": [-82.9243236147835, 42.37136561033658]}}, {"type": "Feature", "properties": {"building": "yes", "source": "way"}, "geometry": {"type": "Point", "coordinates": [-82.9244493459366, 42.37156613376528]}}, {"type": "Feature", "properties": {"building": "yes", "source": "way"}, "geometry": {"type": "Point", "coordinates": [-82.92484499848302, 42.37198900157477]}}, {"type": "Feature", "properties": {"building": "yes", "source": "way"}, "geometry": {"type": "Point", "coordinates": [-82.92519109999999, 42.37163105]}}, {"type": "Feature", "properties": {"building": "yes", "source": "way"}, "geometry": {"type": "Point", "coordinates": [-82.92562388020741, 42.37056735626927]}}, {"type": "Feature", "properties": {"building": "yes", "source": "way"}, "geometry": {"type": "Point", "coordinates": [-82.92574590795776, 42.3708573582456]}}, {"type": "Feature", "properties": {"building": "yes", "source": "way"}, "geometry": {"type": "Point", "coordinates": [-82.92595004640178, 42.37118283498267]}}, {"type": "Feature", "properties": {"building": "yes", "source": "way"}, "geometry": {"type": "Point", "coordinates": [-82.92615078148562, 42.37141551316183]}}, {"type": "Feature", "properties": {"building": "yes", "source": "way"}, "geometry": {"type": "Point", "coordinates": [-82.92607702738198, 42.37008165730551]}}, {"type": "Feature", "properties": {"building": "yes", "source": "way"}, "geometry": {"type": "Point", "coordinates": [-82.9264171273937, 42.37055843488814]}}, {"type": "Feature", "properties": {"building": "yes", "source": "way"}, "geometry": {"type": "Point", "coordinates": [-82.92656299713127, 42.3708178113385]}}, {"type": "Feature", "properties": {"building": "yes", "source": "way"}, "geometry": {"type": "Point", "coordinates": [-82.92673641238197, 42.37105851855552]}}, {"type": "Feature", "properties": {"building": "yes", "source": "way"}, "geometry": {"type": "Point", "coordinates": [-82.92551896683042, 42.37038534340355]}}, {"type": "Feature", "properties": {"building": "yes", "source": "way"}, "geometry": {"type": "Point", "coordinates": [-82.92517340312794, 42.3700808168216]}}, {"type": "Feature", "properties": {"building": "yes", "source": "way"}, "geometry": {"type": "Point", "coordinates": [-82.92584609864312, 42.3698355315054]}}, {"type": "Feature", "properties": {"building": "yes", "source": "way"}, "geometry": {"type": "Point", "coordinates": [-82.92625057136033, 42.37032205677952]}}, {"type": "Feature", "properties": {"building": "yes", "source": "way"}, "geometry": {"type": "Point", "coordinates": [-82.92442773121198, 42.370394519851025]}}, {"type": "Feature", "properties": {"building": "yes", "source": "way"}, "geometry": {"type": "Point", "coordinates": [-82.9279686, 42.370966300000006]}}, {"type": "Feature", "properties": {"building": "yes", "source": "way"}, "geometry": {"type": "Point", "coordinates": [-82.9280253, 42.3710792]}}, {"type": "Feature", "properties": {"building": "yes", "source": "way"}, "geometry": {"type": "Point", "coordinates": [-82.92941805, 42.370767699999995]}}, {"type": "Feature", "properties": {"building": "yes", "source": "way"}, "geometry": {"type": "Point", "coordinates": [-82.93037124848482, 42.36936611988336]}}, {"type": "Feature", "properties": {"building": "yes", "source": "way"}, "geometry": {"type": "Point", "coordinates": [-82.9305052846749, 42.36956597209034]}}, {"type": "Feature", "properties": {"building": "yes", "source": "way"}, "geometry": {"type": "Point", "coordinates": [-82.93119888443057, 42.36945406397073]}}, {"type": "Feature", "properties": {"building": "yes", "source": "way"}, "geometry": {"type": "Point", "coordinates": [-82.93090302140102, 42.36886892529706]}}, {"type": "Feature", "properties": {"building": "yes", "source": "way"}, "geometry": {"type": "Point", "coordinates": [-82.9315304959773, 42.36977056762632]}}, {"type": "Feature", "properties": {"building": "yes", "source": "way"}, "geometry": {"type": "Point", "coordinates": [-82.93167476002283, 42.369946394481474]}}, {"type": "Feature", "properties": {"building": "yes", "source": "way"}, "geometry": {"type": "Point", "coordinates": [-82.93182062349658, 42.37014035135083]}}, {"type": "Feature", "properties": {"building": "yes", "source": "way"}, "geometry": {"type": "Point", "coordinates": [-82.93245004301939, 42.36992444709199]}}, {"type": "Feature", "properties": {"building": "yes", "source": "way"}, "geometry": {"type": "Point", "coordinates": [-82.93254043591362, 42.370102326642694]}}, {"type": "Feature", "properties": {"building": "yes", "source": "way"}, "geometry": {"type": "Point", "coordinates": [-82.932722803431, 42.370289986243876]}}, {"type": "Feature", "properties": {"building": "yes", "source": "way"}, "geometry": {"type": "Point", "coordinates": [-82.93232548707289, 42.36972086173027]}}, {"type": "Feature", "properties": {"building": "yes", "source": "way"}, "geometry": {"type": "Point", "coordinates": [-82.93217345, 42.36951055]}}, {"type": "Feature", "properties": {"building": "yes", "source": "way"}, "geometry": {"type": "Point", "coordinates": [-82.93229065, 42.369561000000004]}}, {"type": "Feature", "properties": {"building": "yes", "source": "way"}, "geometry": {"type": "Point", "coordinates": [-82.93308161949211, 42.36995389644823]}}, {"type": "Feature", "properties": {"building": "yes", "source": "way"}, "geometry": {"type": "Point", "coordinates": [-82.93399470713338, 42.37003312684329]}}, {"type": "Feature", "properties": {"building": "yes", "source": "way"}, "geometry": {"type": "Point", "coordinates": [-82.93408756340496, 42.37024698801917]}}, {"type": "Feature", "properties": {"building": "yes", "source": "way"}, "geometry": {"type": "Point", "coordinates": [-82.93280245000001, 42.3704715]}}, {"type": "Feature", "properties": {"building": "yes", "source": "way"}, "geometry": {"type": "Point", "coordinates": [-82.93320785163938, 42.370198135761825]}}, {"type": "Feature", "properties": {"building": "yes", "source": "way"}, "geometry": {"type": "Point", "coordinates": [-82.93295828105315, 42.37034595447444]}}, {"type": "Feature", "properties": {"building": "yes", "source": "way"}, "geometry": {"type": "Point", "coordinates": [-82.93204921366795, 42.370503071829326]}}, {"type": "Feature", "properties": {"building": "yes", "source": "way"}, "geometry": {"type": "Point", "coordinates": [-82.93155495379901, 42.37030698194505]}}, {"type": "Feature", "properties": {"building": "yes", "source": "way"}, "geometry": {"type": "Point", "coordinates": [-82.93101585967197, 42.3703458083464]}}, {"type": "Feature", "properties": {"building": "yes", "source": "way"}, "geometry": {"type": "Point", "coordinates": [-82.93085360389965, 42.370141970035284]}}, {"type": "Feature", "properties": {"building": "yes", "source": "way"}, "geometry": {"type": "Point", "coordinates": [-82.93078873968892, 42.36994574124935]}}, {"type": "Feature", "properties": {"building": "yes", "source": "way"}, "geometry": {"type": "Point", "coordinates": [-82.93251223122164, 42.36912289995288]}}, {"type": "Feature", "properties": {"building": "yes", "source": "way"}, "geometry": {"type": "Point", "coordinates": [-82.93237463912625, 42.36896332157767]}}, {"type": "Feature", "properties": {"building": "yes", "source": "way"}, "geometry": {"type": "Point", "coordinates": [-82.93227728051026, 42.36878156945025]}}, {"type": "Feature", "properties": {"building": "yes", "source": "way"}, "geometry": {"type": "Point", "coordinates": [-82.93183315276072, 42.36899614828417]}}, {"type": "Feature", "properties": {"building": "yes", "source": "way"}, "geometry": {"type": "Point", "coordinates": [-82.93195368858225, 42.36916216594795]}}, {"type": "Feature", "properties": {"building": "yes", "source": "way"}, "geometry": {"type": "Point", "coordinates": [-82.92512493404529, 42.368897596307406]}}, {"type": "Feature", "properties": {"building": "yes", "source": "way"}, "geometry": {"type": "Point", "coordinates": [-82.92505744268804, 42.36922588413444]}}, {"type": "Feature", "properties": {"building": "yes", "source": "way"}, "geometry": {"type": "Point", "coordinates": [-82.92481040889139, 42.369513135721434]}}, {"type": "Feature", "properties": {"building": "yes", "source": "way"}, "geometry": {"type": "Point", "coordinates": [-82.92560491529974, 42.36942297147478]}}, {"type": "Feature", "properties": {"building": "yes", "source": "way"}, "geometry": {"type": "Point", "coordinates": [-82.92393303046767, 42.37087001634916]}}, {"type": "Feature", "properties": {"building": "yes", "source": "way"}, "geometry": {"type": "Point", "coordinates": [-82.92301320161054, 42.3704661013754]}}, {"type": "Feature", "properties": {"building": "yes", "source": "way"}, "geometry": {"type": "Point", "coordinates": [-82.92289187305113, 42.37068568482873]}}, {"type": "Feature", "properties": {"building": "yes", "source": "way"}, "geometry": {"type": "Point", "coordinates": [-82.92272533200472, 42.37075280810831]}}, {"type": "Feature", "properties": {"building": "yes", "source": "way"}, "geometry": {"type": "Point", "coordinates": [-82.92280802364934, 42.37091419903431]}}, {"type": "Feature", "properties": {"building": "yes", "source": "way"}, "geometry": {"type": "Point", "coordinates": [-82.92270280000001, 42.371114999999996]}}, {"type": "Feature", "properties": {"building": "yes", "source": "way"}, "geometry": {"type": "Point", "coordinates": [-82.92324583670168, 42.37210312772257]}}, {"type": "Feature", "properties": {"building": "yes", "source": "way"}, "geometry": {"type": "Point", "coordinates": [-82.9235106, 42.372047499999994]}}, {"type": "Feature", "properties": {"building": "yes", "source": "way"}, "geometry": {"type": "Point", "coordinates": [-82.92358295, 42.37217065]}}, {"type": "Feature", "properties": {"building": "yes", "source": "way"}, "geometry": {"type": "Point", "coordinates": [-82.92370340102333, 42.37213981714854]}}, {"type": "Feature", "properties": {"building": "yes", "source": "way"}, "geometry": {"type": "Point", "coordinates": [-82.92366955, 42.37229315]}}, {"type": "Feature", "properties": {"building": "yes", "source": "way"}, "geometry": {"type": "Point", "coordinates": [-82.92384189793532, 42.37235728237607]}}, {"type": "Feature", "properties": {"building": "yes", "source": "way"}, "geometry": {"type": "Point", "coordinates": [-82.92374866833363, 42.37241614481566]}}, {"type": "Feature", "properties": {"building": "yes", "source": "way"}, "geometry": {"type": "Point", "coordinates": [-82.92348976324338, 42.37176096787554]}}, {"type": "Feature", "properties": {"building": "yes", "source": "way"}, "geometry": {"type": "Point", "coordinates": [-82.9233662827632, 42.37157980068343]}}, {"type": "Feature", "properties": {"building": "yes", "source": "way"}, "geometry": {"type": "Point", "coordinates": [-82.92346058852799, 42.37139606499569]}}, {"type": "Feature", "properties": {"building": "yes", "source": "way"}, "geometry": {"type": "Point", "coordinates": [-82.92405353341859, 42.372229566519984]}}, {"type": "Feature", "properties": {"building": "yes", "source": "way"}, "geometry": {"type": "Point", "coordinates": [-82.92416926864692, 42.372392683468796]}}, {"type": "Feature", "properties": {"building": "yes", "source": "way"}, "geometry": {"type": "Point", "coordinates": [-82.9239382, 42.37251344999999]}}, {"type": "Feature", "properties": {"building": "yes", "source": "way"}, "geometry": {"type": "Point", "coordinates": [-82.92383013177124, 42.37253920518283]}}, {"type": "Feature", "properties": {"building": "yes", "source": "way"}, "geometry": {"type": "Point", "coordinates": [-82.92349574999999, 42.37247035]}}, {"type": "Feature", "properties": {"building": "yes", "source": "way"}, "geometry": {"type": "Point", "coordinates": [-82.92391149999999, 42.37266089999999]}}, {"type": "Feature", "properties": {"building": "yes", "source": "way"}, "geometry": {"type": "Point", "coordinates": [-82.92403463157149, 42.372632103129625]}}, {"type": "Feature", "properties": {"building": "yes", "source": "way"}, "geometry": {"type": "Point", "coordinates": [-82.92432042792491, 42.37262674378347]}}, {"type": "Feature", "properties": {"building": "yes", "source": "way"}, "geometry": {"type": "Point", "coordinates": [-82.92411064999999, 42.37275515]}}, {"type": "Feature", "properties": {"building": "yes", "source": "way"}, "geometry": {"type": "Point", "coordinates": [-82.92399790000002, 42.37279645000001]}}, {"type": "Feature", "properties": {"building": "yes", "source": "way"}, "geometry": {"type": "Point", "coordinates": [-82.92417559999998, 42.3728488]}}, {"type": "Feature", "properties": {"building": "yes", "source": "way"}, "geometry": {"type": "Point", "coordinates": [-82.92426672249745, 42.37299671268019]}}, {"type": "Feature", "properties": {"building": "yes", "source": "way"}, "geometry": {"type": "Point", "coordinates": [-82.92270261182804, 42.37325058772294]}}, {"type": "Feature", "properties": {"building": "yes", "source": "way"}, "geometry": {"type": "Point", "coordinates": [-82.9231810738565, 42.373110942750486]}}, {"type": "Feature", "properties": {"building": "yes", "source": "way"}, "geometry": {"type": "Point", "coordinates": [-82.9230167395784, 42.37290909965529]}}, {"type": "Feature", "properties": {"building": "yes", "source": "way"}, "geometry": {"type": "Point", "coordinates": [-82.92282469277714, 42.372727689235674]}}, {"type": "Feature", "properties": {"building": "yes", "source": "way"}, "geometry": {"type": "Point", "coordinates": [-82.91955433316384, 42.372829651109946]}}, {"type": "Feature", "properties": {"building": "detached", "source": "way"}, "geometry": {"type": "Point", "coordinates": [-82.92248080595054, 42.369571223583975]}}, {"type": "Feature", "properties": {"building": "detached", "source": "way"}, "geometry": {"type": "Point", "coordinates": [-82.92222318874232, 42.3696213209891]}}, {"type": "Feature", "properties": {"building": "garage", "source": "way"}, "geometry": {"type": "Point", "coordinates": [-82.92224556960154, 42.369745446098584]}}, {"type": "Feature", "properties": {"building": "detached", "source": "way"}, "geometry": {"type": "Point", "coordinates": [-82.92208620502318, 42.36984396091579]}}, {"type": "Feature", "properties": {"building": "detached", "source": "way"}, "geometry": {"type": "Point", "coordinates": [-82.9219633012485, 42.370043564881655]}}, {"type": "Feature", "properties": {"building": "detached", "source": "way"}, "geometry": {"type": "Point", "coordinates": [-82.9219333246122, 42.3703493054241]}}, {"type": "Feature", "properties": {"building": "detached", "source": "way"}, "geometry": {"type": "Point", "coordinates": [-82.9218049074808, 42.37060816062727]}}, {"type": "Feature", "properties": {"building": "detached", "source": "way"}, "geometry": {"type": "Point", "coordinates": [-82.92171946304533, 42.371126178347666]}}, {"type": "Feature", "properties": {"building": "detached", "source": "way"}, "geometry": {"type": "Point", "coordinates": [-82.9213468109887, 42.371213550768424]}}, {"type": "Feature", "properties": {"building": "detached", "source": "way"}, "geometry": {"type": "Point", "coordinates": [-82.92102729027718, 42.37152616741674]}}, {"type": "Feature", "properties": {"building": "detached", "source": "way"}, "geometry": {"type": "Point", "coordinates": [-82.92080821788774, 42.37181396919748]}}, {"type": "Feature", "properties": {"building": "detached", "source": "way"}, "geometry": {"type": "Point", "coordinates": [-82.92164142713267, 42.37164691402511]}}, {"type": "Feature", "properties": {"building": "detached", "source": "way"}, "geometry": {"type": "Point", "coordinates": [-82.92106108811765, 42.37208653688997]}}, {"type": "Feature", "properties": {"building": "detached", "source": "way"}, "geometry": {"type": "Point", "coordinates": [-82.92173977163111, 42.37190917114274]}}, {"type": "Feature", "properties": {"building": "detached", "source": "way"}, "geometry": {"type": "Point", "coordinates": [-82.92120764043781, 42.37231007666993]}}, {"type": "Feature", "properties": {"building": "yes", "source": "way"}, "geometry": {"type": "Point", "coordinates": [-82.92262429713725, 42.370940581958514]}}, {"type": "Feature", "properties": {"building": "yes", "source": "way"}, "geometry": {"type": "Point", "coordinates": [-82.92251226843348, 42.371387254152296]}}, {"type": "Feature", "properties": {"building": "yes", "source": "way"}, "geometry": {"type": "Point", "coordinates": [-82.92243673317832, 42.37159953632988]}}, {"type": "Feature", "properties": {"building": "yes", "source": "way"}, "geometry": {"type": "Point", "coordinates": [-82.9222738, 42.37165965]}}, {"type": "Feature", "properties": {"building": "yes", "source": "way"}, "geometry": {"type": "Point", "coordinates": [-82.92233229195764, 42.371803615885895]}}, {"type": "Feature", "properties": {"building": "yes", "source": "way"}, "geometry": {"type": "Point", "coordinates": [-82.9221595895737, 42.37188913184802]}}, {"type": "Feature", "properties": {"building": "yes", "source": "way"}, "geometry": {"type": "Point", "coordinates": [-82.92225583798397, 42.37205667265047]}}, {"type": "Feature", "properties": {"building": "yes", "source": "way"}, "geometry": {"type": "Point", "coordinates": [-82.92181865435315, 42.37216648716301]}}, {"type": "Feature", "properties": {"building": "yes", "source": "way"}, "geometry": {"type": "Point", "coordinates": [-82.92200832007119, 42.37238629540866]}}, {"type": "Feature", "properties": {"building": "yes", "source": "way"}, "geometry": {"type": "Point", "coordinates": [-82.92136240366484, 42.37254920356536]}}, {"type": "Feature", "properties": {"building": "yes", "source": "way"}, "geometry": {"type": "Point", "coordinates": [-82.92154556186323, 42.37279818995759]}}, {"type": "Feature", "properties": {"building": "yes", "source": "way"}, "geometry": {"type": "Point", "coordinates": [-82.92178048573847, 42.37301578974097]}}, {"type": "Feature", "properties": {"building": "yes", "source": "way"}, "geometry": {"type": "Point", "coordinates": [-82.9218635, 42.373384650000006]}}, {"type": "Feature", "properties": {"building": "yes", "source": "way"}, "geometry": {"type": "Point", "coordinates": [-82.94130436561777, 42.378910416196256]}}, {"type": "Feature", "properties": {"building": "yes", "source": "way"}, "geometry": {"type": "Point", "coordinates": [-82.9419822, 42.3799995]}}, {"type": "Feature", "properties": {"building": "yes", "source": "way"}, "geometry": {"type": "Point", "coordinates": [-82.94144215, 42.37913645]}}, {"type": "Feature", "properties": {"building": "garage", "source": "way"}, "geometry": {"type": "Point", "coordinates": [-82.9413126, 42.378602150000006]}}, {"type": "Feature", "properties": {"building": "yes", "source": "way"}, "geometry": {"type": "Point", "coordinates": [-82.94125578223432, 42.378837101340594]}}, {"type": "Feature", "properties": {"building": "yes", "source": "way"}, "geometry": {"type": "Point", "coordinates": [-82.94136626809689, 42.37907084798897]}}, {"type": "Feature", "properties": {"building": "garage", "source": "way"}, "geometry": {"type": "Point", "coordinates": [-82.94205342337982, 42.37971883472125]}}, {"type": "Feature", "properties": {"building": "yes", "source": "way"}, "geometry": {"type": "Point", "coordinates": [-82.94181078197454, 42.3797413018459]}}, {"type": "Feature", "properties": {"building": "yes", "source": "way"}, "geometry": {"type": "Point", "coordinates": [-82.94152996536491, 42.37928671720368]}}, {"type": "Feature", "properties": {"building": "yes", "source": "way"}, "geometry": {"type": "Point", "coordinates": [-82.94187118199822, 42.379825201792]}}, {"type": "Feature", "properties": {"building": "yes", "source": "way"}, "geometry": {"type": "Point", "coordinates": [-82.94118610000001, 42.37876994999999]}}, {"type": "Feature", "properties": {"building": "garage", "source": "way"}, "geometry": {"type": "Point", "coordinates": [-82.94167345, 42.37915705]}}, {"type": "Feature", "properties": {"building": "yes", "source": "way"}, "geometry": {"type": "Point", "coordinates": [-82.94133685000001, 42.37898965]}}, {"type": "Feature", "properties": {"building": "garage", "source": "way"}, "geometry": {"type": "Point", "coordinates": [-82.9421061, 42.37982710000001]}}, {"type": "Feature", "properties": {"building": "yes", "source": "way"}, "geometry": {"type": "Point", "coordinates": [-82.94192594234316, 42.3799133202903]}}, {"type": "Feature", "properties": {"building": "yes", "source": "way"}, "geometry": {"type": "Point", "coordinates": [-82.9411587, 42.3786883]}}, {"type": "Feature", "properties": {"building": "garage", "source": "way"}, "geometry": {"type": "Point", "coordinates": [-82.9417163, 42.37922685]}}, {"type": "Feature", "properties": {"building": "garage", "source": "way"}, "geometry": {"type": "Point", "coordinates": [-82.94217579999999, 42.37990185]}}, {"type": "Feature", "properties": {"building": "yes", "source": "way"}, "geometry": {"type": "Point", "coordinates": [-82.94150570000001, 42.3792055]}}, {"type": "Feature", "properties": {"building": "garage", "source": "way"}, "geometry": {"type": "Point", "coordinates": [-82.94197600126832, 42.3796009673114]}}, {"type": "Feature", "properties": {"building": "yes", "source": "way"}, "geometry": {"type": "Point", "coordinates": [-82.94178498190733, 42.37965130199819]}}, {"type": "Feature", "properties": {"building": "yes", "source": "way"}, "geometry": {"type": "Point", "coordinates": [-82.94158619999999, 42.3793592]}}, {"type": "Feature", "properties": {"building": "yes", "source": "way"}, "geometry": {"type": "Point", "coordinates": [-82.9417242478128, 42.37958066914146]}}, {"type": "Feature", "properties": {"building": "yes", "source": "way"}, "geometry": {"type": "Point", "coordinates": [-82.94218596540726, 42.38102717207243]}}, {"type": "Feature", "properties": {"building": "yes", "source": "way"}, "geometry": {"type": "Point", "coordinates": [-82.9420562329458, 42.381784616653775]}}, {"type": "Feature", "properties": {"building": "garage", "source": "way"}, "geometry": {"type": "Point", "coordinates": [-82.94246510593167, 42.38182581842906]}}, {"type": "Feature", "properties": {"building": "yes", "source": "way"}, "geometry": {"type": "Point", "coordinates": [-82.94246318292176, 42.38241721663813]}}, {"type": "Feature", "properties": {"building": "yes", "source": "way"}, "geometry": {"type": "Point", "coordinates": [-82.94259885000001, 42.38168114999999]}}, {"type": "Feature", "properties": {"building": "yes", "source": "way"}, "geometry": {"type": "Point", "coordinates": [-82.94252471670916, 42.38252676739517]}}, {"type": "Feature", "properties": {"building": "garage", "source": "way"}, "geometry": {"type": "Point", "coordinates": [-82.94212532584334, 42.38159076484855]}}, {"type": "Feature", "properties": {"building": "yes", "source": "way"}, "geometry": {"type": "Point", "coordinates": [-82.94243466673989, 42.381468049930696]}}, {"type": "Feature", "properties": {"building": "garage", "source": "way"}, "geometry": {"type": "Point", "coordinates": [-82.94237823228649, 42.381963033281004]}}, {"type": "Feature", "properties": {"building": "garage", "source": "way"}, "geometry": {"type": "Point", "coordinates": [-82.94261215, 42.382048700000006]}}, {"type": "Feature", "properties": {"building": "garage", "source": "way"}, "geometry": {"type": "Point", "coordinates": [-82.94250311844966, 42.38189604587899]}}, {"type": "Feature", "properties": {"building": "yes", "source": "way"}, "geometry": {"type": "Point", "coordinates": [-82.94262865, 42.38176024999999]}}, {"type": "Feature", "properties": {"building": "yes", "source": "way"}, "geometry": {"type": "Point", "coordinates": [-82.9423979159132, 42.382316067567714]}}, {"type": "Feature", "properties": {"building": "yes", "source": "way"}, "geometry": {"type": "Point", "coordinates": [-82.94250249999999, 42.3815327]}}, {"type": "Feature", "properties": {"building": "yes", "source": "way"}, "geometry": {"type": "Point", "coordinates": [-82.94263674438972, 42.38269927008341]}}, {"type": "Feature", "properties": {"building": "yes", "source": "way"}, "geometry": {"type": "Point", "coordinates": [-82.94306475, 42.382440149999994]}}, {"type": "Feature", "properties": {"building": "yes", "source": "way"}, "geometry": {"type": "Point", "coordinates": [-82.94292023806265, 42.382205132026904]}}, {"type": "Feature", "properties": {"building": "garage", "source": "way"}, "geometry": {"type": "Point", "coordinates": [-82.94268250634573, 42.38242516869057]}}, {"type": "Feature", "properties": {"building": "yes", "source": "way"}, "geometry": {"type": "Point", "coordinates": [-82.94311675000002, 42.382556750000006]}}, {"type": "Feature", "properties": {"building": "garage", "source": "way"}, "geometry": {"type": "Point", "coordinates": [-82.94239535, 42.3820164]}}, {"type": "Feature", "properties": {"building": "garage", "source": "way"}, "geometry": {"type": "Point", "coordinates": [-82.94198080953282, 42.38171671832422]}}, {"type": "Feature", "properties": {"building": "garage", "source": "way"}, "geometry": {"type": "Point", "coordinates": [-82.94274402350439, 42.382537085137464]}}, {"type": "Feature", "properties": {"building": "yes", "source": "way"}, "geometry": {"type": "Point", "coordinates": [-82.94217919999998, 42.38201780000001]}}, {"type": "Feature", "properties": {"building": "yes", "source": "way"}, "geometry": {"type": "Point", "coordinates": [-82.94252149999998, 42.38161655]}}, {"type": "Feature", "properties": {"building": "yes", "source": "way"}, "geometry": {"type": "Point", "coordinates": [-82.94259060000002, 42.38261295]}}, {"type": "Feature", "properties": {"building": "yes", "source": "way"}, "geometry": {"type": "Point", "coordinates": [-82.9416386616721, 42.381283444540465]}}, {"type": "Feature", "properties": {"building": "garage", "source": "way"}, "geometry": {"type": "Point", "coordinates": [-82.94223815, 42.38152195000001]}}, {"type": "Feature", "properties": {"building": "garage", "source": "way"}, "geometry": {"type": "Point", "coordinates": [-82.94245813014324, 42.382097866333496]}}, {"type": "Feature", "properties": {"building": "garage", "source": "way"}, "geometry": {"type": "Point", "coordinates": [-82.94231420497377, 42.38187731834824]}}, {"type": "Feature", "properties": {"building": "garage", "source": "way"}, "geometry": {"type": "Point", "coordinates": [-82.94261405, 42.38232215]}}, {"type": "Feature", "properties": {"building": "yes", "source": "way"}, "geometry": {"type": "Point", "coordinates": [-82.94297474999999, 42.3822772]}}, {"type": "Feature", "properties": {"building": "yes", "source": "way"}, "geometry": {"type": "Point", "coordinates": [-82.9419428161524, 42.38164366709133]}}, {"type": "Feature", "properties": {"building": "yes", "source": "way"}, "geometry": {"type": "Point", "coordinates": [-82.94275543257086, 42.38198690082578]}}, {"type": "Feature", "properties": {"building": "yes", "source": "way"}, "geometry": {"type": "Point", "coordinates": [-82.94274084999999, 42.38190685]}}, {"type": "Feature", "properties": {"building": "yes", "source": "way"}, "geometry": {"type": "Point", "coordinates": [-82.94267681697407, 42.38183469969735]}}, {"type": "Feature", "properties": {"building": "yes", "source": "way"}, "geometry": {"type": "Point", "coordinates": [-82.94229244999998, 42.382160799999994]}}, {"type": "Feature", "properties": {"building": "garage", "source": "way"}, "geometry": {"type": "Point", "coordinates": [-82.9428086684371, 42.38235259765077]}}, {"type": "Feature", "properties": {"building": "yes", "source": "way"}, "geometry": {"type": "Point", "coordinates": [-82.94300835, 42.382356349999995]}}, {"type": "Feature", "properties": {"building": "yes", "source": "way"}, "geometry": {"type": "Point", "coordinates": [-82.94281375, 42.382059049999995]}}, {"type": "Feature", "properties": {"building": "garage", "source": "way"}, "geometry": {"type": "Point", "coordinates": [-82.94256464322002, 42.38198502000782]}}, {"type": "Feature", "properties": {"building": "yes", "source": "way"}, "geometry": {"type": "Point", "coordinates": [-82.942234, 42.38208734999999]}}, {"type": "Feature", "properties": {"building": "yes", "source": "way"}, "geometry": {"type": "Point", "coordinates": [-82.94209233658219, 42.38186468229877]}}, {"type": "Feature", "properties": {"building": "garage", "source": "way"}, "geometry": {"type": "Point", "coordinates": [-82.94275858175261, 42.382278151921476]}}, {"type": "Feature", "properties": {"building": "garage", "source": "way"}, "geometry": {"type": "Point", "coordinates": [-82.94281219819676, 42.38262447718612]}}, {"type": "Feature", "properties": {"building": "yes", "source": "way"}, "geometry": {"type": "Point", "coordinates": [-82.94233344479193, 42.38224037263982]}}, {"type": "Feature", "properties": {"building": "yes", "source": "way"}, "geometry": {"type": "Point", "coordinates": [-82.94395575, 42.383766300000005]}}, {"type": "Feature", "properties": {"building": "garage", "source": "way"}, "geometry": {"type": "Point", "coordinates": [-82.9436989, 42.383967850000005]}}, {"type": "Feature", "properties": {"building": "yes", "source": "way"}, "geometry": {"type": "Point", "coordinates": [-82.9444902, 42.38375245]}}, {"type": "Feature", "properties": {"building": "yes", "source": "way"}, "geometry": {"type": "Point", "coordinates": [-82.94468796649296, 42.3840535501612]}}, {"type": "Feature", "properties": {"building": "garage", "source": "way"}, "geometry": {"type": "Point", "coordinates": [-82.94436008159225, 42.38320310357461]}}, {"type": "Feature", "properties": {"building": "yes", "source": "way"}, "geometry": {"type": "Point", "coordinates": [-82.94335896585697, 42.38380241706905]}}, {"type": "Feature", "properties": {"building": "garage", "source": "way"}, "geometry": {"type": "Point", "coordinates": [-82.94385785, 42.38420115]}}, {"type": "Feature", "properties": {"building": "yes", "source": "way"}, "geometry": {"type": "Point", "coordinates": [-82.94367076513522, 42.38337201724178]}}, {"type": "Feature", "properties": {"building": "garage", "source": "way"}, "geometry": {"type": "Point", "coordinates": [-82.94386588163358, 42.383967903085285]}}, {"type": "Feature", "properties": {"building": "yes", "source": "way"}, "geometry": {"type": "Point", "coordinates": [-82.94484825, 42.384269]}}, {"type": "Feature", "properties": {"building": "yes", "source": "way"}, "geometry": {"type": "Point", "coordinates": [-82.94374116629083, 42.38436556696653]}}, {"type": "Feature", "properties": {"building": "yes", "source": "way"}, "geometry": {"type": "Point", "coordinates": [-82.94392355000001, 42.382862349999996]}}, {"type": "Feature", "properties": {"building": "garage", "source": "way"}, "geometry": {"type": "Point", "coordinates": [-82.94429571368003, 42.38315061756587]}}, {"type": "Feature", "properties": {"building": "yes", "source": "way"}, "geometry": {"type": "Point", "coordinates": [-82.94396780000001, 42.382951000000006]}}, {"type": "Feature", "properties": {"building": "yes", "source": "way"}, "geometry": {"type": "Point", "coordinates": [-82.9441676185078, 42.38406148344294]}}, {"type": "Feature", "properties": {"building": "yes", "source": "way"}, "geometry": {"type": "Point", "coordinates": [-82.94487773269388, 42.384349750689246]}}, {"type": "Feature", "properties": {"building": "yes", "source": "way"}, "geometry": {"type": "Point", "coordinates": [-82.94425145, 42.383370500000005]}}, {"type": "Feature", "properties": {"building": "garage", "source": "way"}, "geometry": {"type": "Point", "coordinates": [-82.94408849999999, 42.38454635]}}, {"type": "Feature", "properties": {"building": "yes", "source": "way"}, "geometry": {"type": "Point", "coordinates": [-82.9444546, 42.3845013]}}, {"type": "Feature", "properties": {"building": "yes", "source": "way"}, "geometry": {"type": "Point", "coordinates": [-82.94401004999999, 42.383836099999996]}}, {"type": "Feature", "properties": {"building": "garage", "source": "way"}, "geometry": {"type": "Point", "coordinates": [-82.94516471195305, 42.38443147757566]}}, {"type": "Feature", "properties": {"building": "yes", "source": "way"}, "geometry": {"type": "Point", "coordinates": [-82.94296065000002, 42.38321005]}}, {"type": "Feature", "properties": {"building": "yes", "source": "way"}, "geometry": {"type": "Point", "coordinates": [-82.94428831728659, 42.3834611493342]}}, {"type": "Feature", "properties": {"building": "garage", "source": "way"}, "geometry": {"type": "Point", "coordinates": [-82.9440308, 42.3827083]}}, {"type": "Feature", "properties": {"building": "yes", "source": "way"}, "geometry": {"type": "Point", "coordinates": [-82.94292709999999, 42.383119900000004]}}, {"type": "Feature", "properties": {"building": "garage", "source": "way"}, "geometry": {"type": "Point", "coordinates": [-82.94427628158459, 42.384838103679556]}}, {"type": "Feature", "properties": {"building": "garage", "source": "way"}, "geometry": {"type": "Point", "coordinates": [-82.94422329999999, 42.38449785]}}, {"type": "Feature", "properties": {"building": "yes", "source": "way"}, "geometry": {"type": "Point", "coordinates": [-82.94281645000001, 42.382951]}}, {"type": "Feature", "properties": {"building": "yes", "source": "way"}, "geometry": {"type": "Point", "coordinates": [-82.94382895944564, 42.38352407888872]}}, {"type": "Feature", "properties": {"building": "garage", "source": "way"}, "geometry": {"type": "Point", "coordinates": [-82.94325835, 42.38329375]}}, {"type": "Feature", "properties": {"building": "yes", "source": "way"}, "geometry": {"type": "Point", "coordinates": [-82.9430584991986, 42.38327493333333]}}, {"type": "Feature", "properties": {"building": "yes", "source": "way"}, "geometry": {"type": "Point", "coordinates": [-82.94444521666667, 42.3836791]}}, {"type": "Feature", "properties": {"building": "garage", "source": "way"}, "geometry": {"type": "Point", "coordinates": [-82.94440501039225, 42.383277918153055]}}, {"type": "Feature", "properties": {"building": "yes", "source": "way"}, "geometry": {"type": "Point", "coordinates": [-82.94415086788294, 42.38497924844298]}}, {"type": "Feature", "properties": {"building": "garage", "source": "way"}, "geometry": {"type": "Point", "coordinates": [-82.94335087441112, 42.3834775141139]}}, {"type": "Feature", "properties": {"building": "yes", "source": "way"}, "geometry": {"type": "Point", "coordinates": [-82.94457801422362, 42.38390991744984]}}, {"type": "Feature", "properties": {"building": "yes", "source": "way"}, "geometry": {"type": "Point", "coordinates": [-82.94353796749819, 42.38411744906041]}}, {"type": "Feature", "properties": {"building": "yes", "source": "way"}, "geometry": {"type": "Point", "coordinates": [-82.94357018255512, 42.383200150866784]}}, {"type": "Feature", "properties": {"building": "yes", "source": "way"}, "geometry": {"type": "Point", "coordinates": [-82.94417701765053, 42.38329274883924]}}, {"type": "Feature", "properties": {"building": "yes", "source": "way"}, "geometry": {"type": "Point", "coordinates": [-82.9440409, 42.38303175]}}, {"type": "Feature", "properties": {"building": "garage", "source": "way"}, "geometry": {"type": "Point", "coordinates": [-82.94308803158695, 42.38305650381281]}}, {"type": "Feature", "properties": {"building": "yes", "source": "way"}, "geometry": {"type": "Point", "coordinates": [-82.94449753333333, 42.384576599999995]}}, {"type": "Feature", "properties": {"building": "yes", "source": "way"}, "geometry": {"type": "Point", "coordinates": [-82.94420585, 42.384135799999996]}}, {"type": "Feature", "properties": {"building": "yes", "source": "way"}, "geometry": {"type": "Point", "coordinates": [-82.94395568221621, 42.3846880334162]}}, {"type": "Feature", "properties": {"building": "yes", "source": "way"}, "geometry": {"type": "Point", "coordinates": [-82.94435136728437, 42.38435768335195]}}, {"type": "Feature", "properties": {"building": "garage", "source": "way"}, "geometry": {"type": "Point", "coordinates": [-82.94393628782564, 42.384062482135256]}}, {"type": "Feature", "properties": {"building": "yes", "source": "way"}, "geometry": {"type": "Point", "coordinates": [-82.94378809999999, 42.38445425]}}, {"type": "Feature", "properties": {"building": "yes", "source": "way"}, "geometry": {"type": "Point", "coordinates": [-82.94386856705928, 42.38277914959827]}}, {"type": "Feature", "properties": {"building": "yes", "source": "way"}, "geometry": {"type": "Point", "coordinates": [-82.94351585000001, 42.38311344999999]}}, {"type": "Feature", "properties": {"building": "yes", "source": "way"}, "geometry": {"type": "Point", "coordinates": [-82.94335760000001, 42.3828574]}}, {"type": "Feature", "properties": {"building": "yes", "source": "way"}, "geometry": {"type": "Point", "coordinates": [-82.94430645, 42.38428185]}}, {"type": "Feature", "properties": {"building": "garage", "source": "way"}, "geometry": {"type": "Point", "coordinates": [-82.943827, 42.38391635]}}, {"type": "Feature", "properties": {"building": "garage", "source": "way"}, "geometry": {"type": "Point", "coordinates": [-82.94418904999999, 42.38469545]}}, {"type": "Feature", "properties": {"building": "yes", "source": "way"}, "geometry": {"type": "Point", "coordinates": [-82.94341194999998, 42.383872749999995]}}, {"type": "Feature", "properties": {"building": "garage", "source": "way"}, "geometry": {"type": "Point", "coordinates": [-82.94396579999999, 42.382616649999996]}}, {"type": "Feature", "properties": {"building": "garage", "source": "way"}, "geometry": {"type": "Point", "coordinates": [-82.94379950000001, 42.38411005]}}, {"type": "Feature", "properties": {"building": "yes", "source": "way"}, "geometry": {"type": "Point", "coordinates": [-82.94308470000001, 42.383380450000004]}}, {"type": "Feature", "properties": {"building": "yes", "source": "way"}, "geometry": {"type": "Point", "coordinates": [-82.94479930000001, 42.384193249999996]}}, {"type": "Feature", "properties": {"building": "yes", "source": "way"}, "geometry": {"type": "Point", "coordinates": [-82.94325029840799, 42.38363453365493]}}, {"type": "Feature", "properties": {"building": "yes", "source": "way"}, "geometry": {"type": "Point", "coordinates": [-82.94424208149971, 42.38421351655787]}}, {"type": "Feature", "properties": {"building": "yes", "source": "way"}, "geometry": {"type": "Point", "coordinates": [-82.94361439999999, 42.3842061]}}, {"type": "Feature", "properties": {"building": "garage", "source": "way"}, "geometry": {"type": "Point", "coordinates": [-82.94355275, 42.3837222]}}, {"type": "Feature", "properties": {"building": "garage", "source": "way"}, "geometry": {"type": "Point", "coordinates": [-82.94338106838572, 42.38324424570237]}}, {"type": "Feature", "properties": {"building": "yes", "source": "way"}, "geometry": {"type": "Point", "coordinates": [-82.944061, 42.38391234999999]}}, {"type": "Feature", "properties": {"building": "garage", "source": "way"}, "geometry": {"type": "Point", "coordinates": [-82.9451151376636, 42.384349722646924]}}, {"type": "Feature", "properties": {"building": "garage", "source": "way"}, "geometry": {"type": "Point", "coordinates": [-82.94418974999999, 42.38294505]}}, {"type": "Feature", "properties": {"building": "yes", "source": "way"}, "geometry": {"type": "Point", "coordinates": [-82.94350645104791, 42.38402138258676]}}, {"type": "Feature", "properties": {"building": "garage", "source": "way"}, "geometry": {"type": "Point", "coordinates": [-82.9446236, 42.3836172]}}, {"type": "Feature", "properties": {"building": "yes", "source": "way"}, "geometry": {"type": "Point", "coordinates": [-82.94407913309884, 42.38311990023264]}}, {"type": "Feature", "properties": {"building": "garage", "source": "way"}, "geometry": {"type": "Point", "coordinates": [-82.9445692683934, 42.38354289667107]}}, {"type": "Feature", "properties": {"building": "yes", "source": "way"}, "geometry": {"type": "Point", "coordinates": [-82.94380622250496, 42.38270581525188]}}, {"type": "Feature", "properties": {"building": "garage", "source": "way"}, "geometry": {"type": "Point", "coordinates": [-82.9434186, 42.383534950000005]}}, {"type": "Feature", "properties": {"building": "garage", "source": "way"}, "geometry": {"type": "Point", "coordinates": [-82.94422864218352, 42.384773731605264]}}, {"type": "Feature", "properties": {"building": "garage", "source": "way"}, "geometry": {"type": "Point", "coordinates": [-82.94399195, 42.38412339999999]}}, {"type": "Feature", "properties": {"building": "yes", "source": "way"}, "geometry": {"type": "Point", "coordinates": [-82.94384643231564, 42.38454091662643]}}, {"type": "Feature", "properties": {"building": "yes", "source": "way"}, "geometry": {"type": "Point", "coordinates": [-82.94461756840458, 42.38472664652097]}}, {"type": "Feature", "properties": {"building": "yes", "source": "way"}, "geometry": {"type": "Point", "coordinates": [-82.9441227, 42.38321005]}}, {"type": "Feature", "properties": {"building": "yes", "source": "way"}, "geometry": {"type": "Point", "coordinates": [-82.9433006, 42.3827727]}}, {"type": "Feature", "properties": {"building": "garage", "source": "way"}, "geometry": {"type": "Point", "coordinates": [-82.94304376840515, 42.38298019654969]}}, {"type": "Feature", "properties": {"building": "yes", "source": "way"}, "geometry": {"type": "Point", "coordinates": [-82.94318994999999, 42.38354835]}}, {"type": "Feature", "properties": {"building": "yes", "source": "way"}, "geometry": {"type": "Point", "coordinates": [-82.94454250000001, 42.38465385]}}, {"type": "Feature", "properties": {"building": "yes", "source": "way"}, "geometry": {"type": "Point", "coordinates": [-82.94425075000001, 42.3850382]}}, {"type": "Feature", "properties": {"building": "yes", "source": "way"}, "geometry": {"type": "Point", "coordinates": [-82.94454114968066, 42.383829167125405]}}, {"type": "Feature", "properties": {"building": "yes", "source": "way"}, "geometry": {"type": "Point", "coordinates": [-82.94405896586137, 42.38483513333333]}}, {"type": "Feature", "properties": {"building": "garage", "source": "way"}, "geometry": {"type": "Point", "coordinates": [-82.94332674214161, 42.38316003160812]}}, {"type": "Feature", "properties": {"building": "yes", "source": "way"}, "geometry": {"type": "Point", "coordinates": [-82.94330864999999, 42.38371625]}}, {"type": "Feature", "properties": {"building": "yes", "source": "way"}, "geometry": {"type": "Point", "coordinates": [-82.94342733192286, 42.382939616597845]}}, {"type": "Feature", "properties": {"building": "garage", "source": "way"}, "geometry": {"type": "Point", "coordinates": [-82.94411059999999, 42.38434085]}}, {"type": "Feature", "properties": {"building": "yes", "source": "way"}, "geometry": {"type": "Point", "coordinates": [-82.94361711720329, 42.38328829943488]}}, {"type": "Feature", "properties": {"building": "garage", "source": "way"}, "geometry": {"type": "Point", "coordinates": [-82.94481068890892, 42.38392083195783]}}, {"type": "Feature", "properties": {"building": "garage", "source": "way"}, "geometry": {"type": "Point", "coordinates": [-82.94343338159929, 42.383330904203724]}}, {"type": "Feature", "properties": {"building": "garage", "source": "way"}, "geometry": {"type": "Point", "coordinates": [-82.94446130000001, 42.38338095]}}, {"type": "Feature", "properties": {"building": "yes", "source": "way"}, "geometry": {"type": "Point", "coordinates": [-82.94440298109542, 42.383604816510285]}}, {"type": "Feature", "properties": {"building": "garage", "source": "way"}, "geometry": {"type": "Point", "coordinates": [-82.9437291, 42.38376185]}}, {"type": "Feature", "properties": {"building": "garage", "source": "way"}, "geometry": {"type": "Point", "coordinates": [-82.94374047812214, 42.38403373771454]}}, {"type": "Feature", "properties": {"building": "yes", "source": "way"}, "geometry": {"type": "Point", "coordinates": [-82.94330529999998, 42.3833869]}}, {"type": "Feature", "properties": {"building": "yes", "source": "way"}, "geometry": {"type": "Point", "coordinates": [-82.9444003, 42.38443045]}}, {"type": "Feature", "properties": {"building": "yes", "source": "way"}, "geometry": {"type": "Point", "coordinates": [-82.94497901710156, 42.38449486675773]}}, {"type": "Feature", "properties": {"building": "yes", "source": "way"}, "geometry": {"type": "Point", "coordinates": [-82.9447329, 42.38413129999999]}}, {"type": "Feature", "properties": {"building": "yes", "source": "way"}, "geometry": {"type": "Point", "coordinates": [-82.9443413, 42.38353445]}}, {"type": "Feature", "properties": {"building": "yes", "source": "way"}, "geometry": {"type": "Point", "coordinates": [-82.94287481388758, 42.383035217522064]}}, {"type": "Feature", "properties": {"building": "yes", "source": "way"}, "geometry": {"type": "Point", "coordinates": [-82.94368885000002, 42.384291299999994]}}, {"type": "Feature", "properties": {"building": "garage", "source": "way"}, "geometry": {"type": "Point", "coordinates": [-82.94445324999998, 42.38484055]}}, {"type": "Feature", "properties": {"building": "garage", "source": "way"}, "geometry": {"type": "Point", "coordinates": [-82.94427358158784, 42.38456620363533]}}, {"type": "Feature", "properties": {"building": "yes", "source": "way"}, "geometry": {"type": "Point", "coordinates": [-82.94411328626042, 42.38398618244378]}}, {"type": "Feature", "properties": {"building": "yes", "source": "way"}, "geometry": {"type": "Point", "coordinates": [-82.94492198252577, 42.38442105090754]}}, {"type": "Feature", "properties": {"building": "garage", "source": "way"}, "geometry": {"type": "Point", "coordinates": [-82.9429874435684, 42.38288168159522]}}, {"type": "Feature", "properties": {"building": "garage", "source": "way"}, "geometry": {"type": "Point", "coordinates": [-82.94392086838687, 42.38255129566508]}}, {"type": "Feature", "properties": {"building": "garage", "source": "way"}, "geometry": {"type": "Point", "coordinates": [-82.94413275, 42.3846137]}}, {"type": "Feature", "properties": {"building": "yes", "source": "way"}, "geometry": {"type": "Point", "coordinates": [-82.94328853160543, 42.38308770414537]}}, {"type": "Feature", "properties": {"building": "yes", "source": "way"}, "geometry": {"type": "Point", "coordinates": [-82.94375456651707, 42.38262163333131]}}, {"type": "Feature", "properties": {"building": "garage", "source": "way"}, "geometry": {"type": "Point", "coordinates": [-82.94402478166731, 42.3841932028607]}}, {"type": "Feature", "properties": {"building": "yes", "source": "way"}, "geometry": {"type": "Point", "coordinates": [-82.94390408253028, 42.38461223333333]}}, {"type": "Feature", "properties": {"building": "yes", "source": "way"}, "geometry": {"type": "Point", "coordinates": [-82.9440972, 42.3849084]}}, {"type": "Feature", "properties": {"building": "yes", "source": "way"}, "geometry": {"type": "Point", "coordinates": [-82.94347228286507, 42.38302530048644]}}, {"type": "Feature", "properties": {"building": "garage", "source": "way"}, "geometry": {"type": "Point", "coordinates": [-82.94347897514362, 42.38363796454193]}}, {"type": "Feature", "properties": {"building": "garage", "source": "way"}, "geometry": {"type": "Point", "coordinates": [-82.94312293209651, 42.382830151599364]}}, {"type": "Feature", "properties": {"building": "yes", "source": "way"}, "geometry": {"type": "Point", "coordinates": [-82.94346288359617, 42.38394509975883]}}, {"type": "Feature", "properties": {"building": "yes", "source": "way"}, "geometry": {"type": "Point", "coordinates": [-82.94374386776882, 42.38345076658586]}}, {"type": "Feature", "properties": {"building": "garage", "source": "way"}, "geometry": {"type": "Point", "coordinates": [-82.94424608161661, 42.383041653239154]}}, {"type": "Feature", "properties": {"building": "church", "source": "way"}, "geometry": {"type": "Point", "coordinates": [-82.94515141098324, 42.38461814502782]}}, {"type": "Feature", "properties": {"building": "yes", "source": "way"}, "geometry": {"type": "Point", "coordinates": [-82.94366604999999, 42.3851833]}}, {"type": "Feature", "properties": {"building": "garage", "source": "way"}, "geometry": {"type": "Point", "coordinates": [-82.94270781811207, 42.38501394793746]}}, {"type": "Feature", "properties": {"building": "yes", "source": "way"}, "geometry": {"type": "Point", "coordinates": [-82.94338243692323, 42.38470781648766]}}, {"type": "Feature", "properties": {"building": "garage", "source": "way"}, "geometry": {"type": "Point", "coordinates": [-82.94255154061578, 42.38398043205145]}}, {"type": "Feature", "properties": {"building": "garage", "source": "way"}, "geometry": {"type": "Point", "coordinates": [-82.94231889999999, 42.38570384999999]}}, {"type": "Feature", "properties": {"building": "yes", "source": "way"}, "geometry": {"type": "Point", "coordinates": [-82.94223845, 42.385628100000005]}}, {"type": "Feature", "properties": {"building": "yes", "source": "way"}, "geometry": {"type": "Point", "coordinates": [-82.9425516, 42.38346464999999]}}, {"type": "Feature", "properties": {"building": "yes", "source": "way"}, "geometry": {"type": "Point", "coordinates": [-82.9413781328413, 42.3834953505136]}}, {"type": "Feature", "properties": {"building": "yes", "source": "way"}, "geometry": {"type": "Point", "coordinates": [-82.941758348323, 42.38495101767467]}}, {"type": "Feature", "properties": {"building": "yes", "source": "way"}, "geometry": {"type": "Point", "coordinates": [-82.94216334507306, 42.38319816904818]}}, {"type": "Feature", "properties": {"building": "garage", "source": "way"}, "geometry": {"type": "Point", "coordinates": [-82.94223980000001, 42.383793999999995]}}, {"type": "Feature", "properties": {"building": "yes", "source": "way"}, "geometry": {"type": "Point", "coordinates": [-82.94161415, 42.3846915]}}, {"type": "Feature", "properties": {"building": "yes", "source": "way"}, "geometry": {"type": "Point", "coordinates": [-82.94179723264429, 42.384091650752]}}, {"type": "Feature", "properties": {"building": "yes", "source": "way"}, "geometry": {"type": "Point", "coordinates": [-82.94240875, 42.3850481]}}, {"type": "Feature", "properties": {"building": "yes", "source": "way"}, "geometry": {"type": "Point", "coordinates": [-82.9423095330207, 42.384866800314654]}}, {"type": "Feature", "properties": {"building": "garage", "source": "way"}, "geometry": {"type": "Point", "coordinates": [-82.94289158158485, 42.384614703681464]}}, {"type": "Feature", "properties": {"building": "yes", "source": "way"}, "geometry": {"type": "Point", "coordinates": [-82.94289759999998, 42.383968849999995]}}, {"type": "Feature", "properties": {"building": "yes", "source": "way"}, "geometry": {"type": "Point", "coordinates": [-82.9425368, 42.38521255]}}, {"type": "Feature", "properties": {"building": "garage", "source": "way"}, "geometry": {"type": "Point", "coordinates": [-82.9423377, 42.384417600000006]}}, {"type": "Feature", "properties": {"building": "shed", "source": "way"}, "geometry": {"type": "Point", "coordinates": [-82.94312486750592, 42.38479154240175]}}, {"type": "Feature", "properties": {"building": "yes", "source": "way"}, "geometry": {"type": "Point", "coordinates": [-82.94249394999999, 42.3833839]}}, {"type": "Feature", "properties": {"building": "yes", "source": "way"}, "geometry": {"type": "Point", "coordinates": [-82.94337166118002, 42.384621168030584]}}, {"type": "Feature", "properties": {"building": "yes", "source": "way"}, "geometry": {"type": "Point", "coordinates": [-82.94204468443736, 42.385817799085785]}}, {"type": "Feature", "properties": {"building": "yes", "source": "way"}, "geometry": {"type": "Point", "coordinates": [-82.942105, 42.384616699999995]}}, {"type": "Feature", "properties": {"building": "yes", "source": "way"}, "geometry": {"type": "Point", "coordinates": [-82.9420118, 42.385295750000004]}}, {"type": "Feature", "properties": {"building": "garage", "source": "way"}, "geometry": {"type": "Point", "coordinates": [-82.94225719999999, 42.3834795]}}, {"type": "Feature", "properties": {"building": "yes", "source": "way"}, "geometry": {"type": "Point", "coordinates": [-82.94217005, 42.38555875]}}, {"type": "Feature", "properties": {"building": "yes", "source": "way"}, "geometry": {"type": "Point", "coordinates": [-82.94143313270703, 42.38357855067371]}}, {"type": "Feature", "properties": {"building": "yes", "source": "way"}, "geometry": {"type": "Point", "coordinates": [-82.9426803, 42.3854795]}}, {"type": "Feature", "properties": {"building": "yes", "source": "way"}, "geometry": {"type": "Point", "coordinates": [-82.9419212668166, 42.38425759985338]}}, {"type": "Feature", "properties": {"building": "yes", "source": "way"}, "geometry": {"type": "Point", "coordinates": [-82.9424745, 42.38513029999999]}}, {"type": "Feature", "properties": {"building": "garage", "source": "way"}, "geometry": {"type": "Point", "coordinates": [-82.94189044999999, 42.385773199999996]}}, {"type": "Feature", "properties": {"building": "yes", "source": "way"}, "geometry": {"type": "Point", "coordinates": [-82.9417402, 42.384006]}}, {"type": "Feature", "properties": {"building": "garage", "source": "way"}, "geometry": {"type": "Point", "coordinates": [-82.94170199999999, 42.38550574999999]}}, {"type": "Feature", "properties": {"building": "yes", "source": "way"}, "geometry": {"type": "Point", "coordinates": [-82.94226526655649, 42.38434030010337]}}, {"type": "Feature", "properties": {"building": "yes", "source": "way"}, "geometry": {"type": "Point", "coordinates": [-82.94243626594012, 42.38329725062749]}}, {"type": "Feature", "properties": {"building": "yes", "source": "way"}, "geometry": {"type": "Point", "coordinates": [-82.94221164336663, 42.38404563159526]}}, {"type": "Feature", "properties": {"building": "yes", "source": "way"}, "geometry": {"type": "Point", "coordinates": [-82.94266824999998, 42.3835226]}}, {"type": "Feature", "properties": {"building": "yes", "source": "way"}, "geometry": {"type": "Point", "coordinates": [-82.94205069440144, 42.38453051934661]}}, {"type": "Feature", "properties": {"building": "yes", "source": "way"}, "geometry": {"type": "Point", "coordinates": [-82.9419548492976, 42.385212517267234]}}, {"type": "Feature", "properties": {"building": "yes", "source": "way"}, "geometry": {"type": "Point", "coordinates": [-82.94318994999999, 42.38441265]}}, {"type": "Feature", "properties": {"building": "yes", "source": "way"}, "geometry": {"type": "Point", "coordinates": [-82.94175631304452, 42.383337826937954]}}, {"type": "Feature", "properties": {"building": "yes", "source": "way"}, "geometry": {"type": "Point", "coordinates": [-82.94300555000001, 42.384116950000006]}}, {"type": "Feature", "properties": {"building": "yes", "source": "way"}, "geometry": {"type": "Point", "coordinates": [-82.9413171, 42.3842576]}}, {"type": "Feature", "properties": {"building": "yes", "source": "way"}, "geometry": {"type": "Point", "coordinates": [-82.9420299, 42.3844364]}}, {"type": "Feature", "properties": {"building": "garage", "source": "way"}, "geometry": {"type": "Point", "coordinates": [-82.94265949232869, 42.38472813160213]}}, {"type": "Feature", "properties": {"building": "yes", "source": "way"}, "geometry": {"type": "Point", "coordinates": [-82.94294185, 42.384848500000004]}}, {"type": "Feature", "properties": {"building": "yes", "source": "way"}, "geometry": {"type": "Point", "coordinates": [-82.94276885000001, 42.38555475]}}, {"type": "Feature", "properties": {"building": "garage", "source": "way"}, "geometry": {"type": "Point", "coordinates": [-82.9426173, 42.384347250000005]}}, {"type": "Feature", "properties": {"building": "yes", "source": "way"}, "geometry": {"type": "Point", "coordinates": [-82.94189380004997, 42.38512536697209]}}, {"type": "Feature", "properties": {"building": "garage", "source": "way"}, "geometry": {"type": "Point", "coordinates": [-82.94184884999999, 42.38568754999999]}}, {"type": "Feature", "properties": {"building": "garage", "source": "way"}, "geometry": {"type": "Point", "coordinates": [-82.94210235000003, 42.383878700000004]}}, {"type": "Feature", "properties": {"building": "yes", "source": "way"}, "geometry": {"type": "Point", "coordinates": [-82.94356145000002, 42.38495700000001]}}, {"type": "Feature", "properties": {"building": "yes", "source": "way"}, "geometry": {"type": "Point", "coordinates": [-82.9420580968288, 42.3853834183007]}}, {"type": "Feature", "properties": {"building": "shed", "source": "way"}, "geometry": {"type": "Point", "coordinates": [-82.94306605, 42.384652249999995]}}, {"type": "Feature", "properties": {"building": "yes", "source": "way"}, "geometry": {"type": "Point", "coordinates": [-82.94185286793521, 42.38417788339099]}}, {"type": "Feature", "properties": {"building": "yes", "source": "way"}, "geometry": {"type": "Point", "coordinates": [-82.94236585000002, 42.38495449999999]}}, {"type": "Feature", "properties": {"building": "yes", "source": "way"}, "geometry": {"type": "Point", "coordinates": [-82.9431504, 42.38433785]}}, {"type": "Feature", "properties": {"building": "garage", "source": "way"}, "geometry": {"type": "Point", "coordinates": [-82.94289089999998, 42.38505499999999]}}, {"type": "Feature", "properties": {"building": "yes", "source": "way"}, "geometry": {"type": "Point", "coordinates": [-82.94262605, 42.3853953]}}, {"type": "Feature", "properties": {"building": "yes", "source": "way"}, "geometry": {"type": "Point", "coordinates": [-82.94161948318082, 42.38383363316615]}}, {"type": "Feature", "properties": {"building": "yes", "source": "way"}, "geometry": {"type": "Point", "coordinates": [-82.94196819999999, 42.38434975]}}, {"type": "Feature", "properties": {"building": "garage", "source": "way"}, "geometry": {"type": "Point", "coordinates": [-82.94262805, 42.38466474999999]}}, {"type": "Feature", "properties": {"building": "yes", "source": "way"}, "geometry": {"type": "Point", "coordinates": [-82.94167114999999, 42.38477915]}}, {"type": "Feature", "properties": {"building": "yes", "source": "way"}, "geometry": {"type": "Point", "coordinates": [-82.94271921666666, 42.3837197]}}, {"type": "Feature", "properties": {"building": "garage", "source": "way"}, "geometry": {"type": "Point", "coordinates": [-82.9421848183779, 42.383380945574416]}}, {"type": "Feature", "properties": {"building": "yes", "source": "way"}, "geometry": {"type": "Point", "coordinates": [-82.94309675000001, 42.38425759999999]}}, {"type": "Feature", "properties": {"building": "yes", "source": "way"}, "geometry": {"type": "Point", "coordinates": [-82.94184279999999, 42.385038699999996]}}, {"type": "Feature", "properties": {"building": "yes", "source": "way"}, "geometry": {"type": "Point", "coordinates": [-82.9414177, 42.384442850000006]}}, {"type": "Feature", "properties": {"building": "garage", "source": "way"}, "geometry": {"type": "Point", "coordinates": [-82.94265419999999, 42.38441660000001]}}, {"type": "Feature", "properties": {"building": "garage", "source": "way"}, "geometry": {"type": "Point", "coordinates": [-82.94227198159545, 42.384113503509575]}}, {"type": "Feature", "properties": {"building": "yes", "source": "way"}, "geometry": {"type": "Point", "coordinates": [-82.94284396626497, 42.383881700361464]}}, {"type": "Feature", "properties": {"building": "yes", "source": "way"}, "geometry": {"type": "Point", "coordinates": [-82.94347627965456, 42.38486088411952]}}, {"type": "Feature", "properties": {"building": "yes", "source": "way"}, "geometry": {"type": "Point", "coordinates": [-82.9432342, 42.38448694999999]}}, {"type": "Feature", "properties": {"building": "garage", "source": "way"}, "geometry": {"type": "Point", "coordinates": [-82.94253623170462, 42.384541402675225]}}, {"type": "Feature", "properties": {"building": "garage", "source": "way"}, "geometry": {"type": "Point", "coordinates": [-82.9415330321097, 42.38524625655039]}}, {"type": "Feature", "properties": {"building": "yes", "source": "way"}, "geometry": {"type": "Point", "coordinates": [-82.94312489999999, 42.38489355]}}, {"type": "Feature", "properties": {"building": "yes", "source": "way"}, "geometry": {"type": "Point", "coordinates": [-82.94166911619658, 42.384876750418826]}}, {"type": "Feature", "properties": {"building": "yes", "source": "way"}, "geometry": {"type": "Point", "coordinates": [-82.94305450000002, 42.38419124999999]}}, {"type": "Feature", "properties": {"building": "yes", "source": "way"}, "geometry": {"type": "Point", "coordinates": [-82.9416846, 42.38391535]}}, {"type": "Feature", "properties": {"building": "yes", "source": "way"}, "geometry": {"type": "Point", "coordinates": [-82.94335490000002, 42.385326500000005]}}, {"type": "Feature", "properties": {"building": "garage", "source": "way"}, "geometry": {"type": "Point", "coordinates": [-82.94175026063785, 42.385580028279584]}}, {"type": "Feature", "properties": {"building": "yes", "source": "way"}, "geometry": {"type": "Point", "coordinates": [-82.94155450000001, 42.384605300000004]}}, {"type": "Feature", "properties": {"building": "yes", "source": "way"}, "geometry": {"type": "Point", "coordinates": [-82.9427011, 42.38362265000001]}}, {"type": "Feature", "properties": {"building": "garage", "source": "way"}, "geometry": {"type": "Point", "coordinates": [-82.9430357, 42.38501145]}}, {"type": "Feature", "properties": {"building": "yes", "source": "way"}, "geometry": {"type": "Point", "coordinates": [-82.94137475, 42.38434825]}}, {"type": "Feature", "properties": {"building": "yes", "source": "way"}, "geometry": {"type": "Point", "coordinates": [-82.94257105000001, 42.38530514999999]}}, {"type": "Feature", "properties": {"building": "yes", "source": "way"}, "geometry": {"type": "Point", "coordinates": [-82.94272324558386, 42.3848148317714]}}, {"type": "Feature", "properties": {"building": "yes", "source": "way"}, "geometry": {"type": "Point", "coordinates": [-82.94343671625795, 42.38478115036696]}}, {"type": "Feature", "properties": {"building": "yes", "source": "way"}, "geometry": {"type": "Point", "coordinates": [-82.94206008192286, 42.38400155197225]}}, {"type": "Feature", "properties": {"building": "garage", "source": "way"}, "geometry": {"type": "Point", "coordinates": [-82.94248925000001, 42.384450300000005]}}, {"type": "Feature", "properties": {"building": "yes", "source": "way"}, "geometry": {"type": "Point", "coordinates": [-82.94195276767145, 42.38327444880689]}}, {"type": "Feature", "properties": {"building": "garage", "source": "way"}, "geometry": {"type": "Point", "coordinates": [-82.94146465, 42.3851457]}}, {"type": "Feature", "properties": {"building": "garage", "source": "way"}, "geometry": {"type": "Point", "coordinates": [-82.94218615, 42.38370635]}}, {"type": "Feature", "properties": {"building": "yes", "source": "way"}, "geometry": {"type": "Point", "coordinates": [-82.94156654999999, 42.38374745]}}, {"type": "Feature", "properties": {"building": "garage", "source": "way"}, "geometry": {"type": "Point", "coordinates": [-82.94265285000002, 42.38492775]}}, {"type": "Feature", "properties": {"building": "yes", "source": "way"}, "geometry": {"type": "Point", "coordinates": [-82.9414988176695, 42.38366574880801]}}, {"type": "Feature", "properties": {"building": "garage", "source": "way"}, "geometry": {"type": "Point", "coordinates": [-82.94143915622885, 42.384965368403265]}}, {"type": "Feature", "properties": {"building": "yes", "source": "way"}, "geometry": {"type": "Point", "coordinates": [-82.94278493428166, 42.383797982900994]}}, {"type": "Feature", "properties": {"building": "garage", "source": "way"}, "geometry": {"type": "Point", "coordinates": [-82.94263475, 42.3840481]}}, {"type": "Feature", "properties": {"building": "yes", "source": "way"}, "geometry": {"type": "Point", "coordinates": [-82.94358894999999, 42.385070400000004]}}, {"type": "Feature", "properties": {"building": "yes", "source": "way"}, "geometry": {"type": "Point", "coordinates": [-82.94222166613443, 42.38468605047074]}}, {"type": "Feature", "properties": {"building": "garage", "source": "way"}, "geometry": {"type": "Point", "coordinates": [-82.94312766861377, 42.38470599555313]}}, {"type": "Feature", "properties": {"building": "yes", "source": "way"}, "geometry": {"type": "Point", "coordinates": [-82.94329054999999, 42.384558750000004]}}, {"type": "Feature", "properties": {"building": "yes", "source": "way"}, "geometry": {"type": "Point", "coordinates": [-82.94148406809926, 42.38452308340382]}}, {"type": "Feature", "properties": {"building": "yes", "source": "way"}, "geometry": {"type": "Point", "coordinates": [-82.94277491216914, 42.3845567678634]}}, {"type": "Feature", "properties": {"building": "garage", "source": "way"}, "geometry": {"type": "Point", "coordinates": [-82.94294065, 42.385139800000005]}}, {"type": "Feature", "properties": {"building": "garage", "source": "way"}, "geometry": {"type": "Point", "coordinates": [-82.94152365000001, 42.3850065]}}, {"type": "Feature", "properties": {"building": "yes", "source": "way"}, "geometry": {"type": "Point", "coordinates": [-82.94212245000001, 42.3854701]}}, {"type": "Feature", "properties": {"building": "yes", "source": "way"}, "geometry": {"type": "Point", "coordinates": [-82.94239335111908, 42.383154567241114]}}, {"type": "Feature", "properties": {"building": "garage", "source": "way"}, "geometry": {"type": "Point", "coordinates": [-82.94158198163693, 42.38532245453689]}}, {"type": "Feature", "properties": {"building": "yes", "source": "way"}, "geometry": {"type": "Point", "coordinates": [-82.94225790000002, 42.38478015]}}, {"type": "Feature", "properties": {"building": "garage", "source": "way"}, "geometry": {"type": "Point", "coordinates": [-82.94165038885619, 42.38542847199035]}}, {"type": "Feature", "properties": {"building": "garage", "source": "way"}, "geometry": {"type": "Point", "coordinates": [-82.9420419752441, 42.383771714606674]}}, {"type": "Feature", "properties": {"building": "yes", "source": "way"}, "geometry": {"type": "Point", "coordinates": [-82.94293247954039, 42.38405008415135]}}, {"type": "Feature", "properties": {"building": "yes", "source": "way"}, "geometry": {"type": "Point", "coordinates": [-82.94462219057618, 42.38487846501762]}}, {"type": "Feature", "properties": {"building": "garage", "source": "way"}, "geometry": {"type": "Point", "coordinates": [-82.94196219999999, 42.38614565]}}, {"type": "Feature", "properties": {"building": "garage", "source": "way"}, "geometry": {"type": "Point", "coordinates": [-82.94149078159718, 42.3870485540186]}}, {"type": "Feature", "properties": {"building": "garage", "source": "way"}, "geometry": {"type": "Point", "coordinates": [-82.9412621, 42.38668745]}}, {"type": "Feature", "properties": {"building": "yes", "source": "way"}, "geometry": {"type": "Point", "coordinates": [-82.94146398462559, 42.3866523489498]}}, {"type": "Feature", "properties": {"building": "yes", "source": "way"}, "geometry": {"type": "Point", "coordinates": [-82.94142841717374, 42.38571229946943]}}, {"type": "Feature", "properties": {"building": "garage", "source": "way"}, "geometry": {"type": "Point", "coordinates": [-82.94255898160797, 42.38667360327444]}}, {"type": "Feature", "properties": {"building": "garage", "source": "way"}, "geometry": {"type": "Point", "coordinates": [-82.94252006205049, 42.38698861788526]}}, {"type": "Feature", "properties": {"building": "garage", "source": "way"}, "geometry": {"type": "Point", "coordinates": [-82.9422981, 42.3866449]}}, {"type": "Feature", "properties": {"building": "yes", "source": "way"}, "geometry": {"type": "Point", "coordinates": [-82.94175696961962, 42.387083216089856]}}, {"type": "Feature", "properties": {"building": "garage", "source": "way"}, "geometry": {"type": "Point", "coordinates": [-82.94175296833443, 42.38582569712509]}}, {"type": "Feature", "properties": {"building": "yes", "source": "way"}, "geometry": {"type": "Point", "coordinates": [-82.94221631790245, 42.386911848405965]}}, {"type": "Feature", "properties": {"building": "yes", "source": "way"}, "geometry": {"type": "Point", "coordinates": [-82.94136938481688, 42.385629582770726]}}, {"type": "Feature", "properties": {"building": "garage", "source": "way"}, "geometry": {"type": "Point", "coordinates": [-82.94251538172907, 42.38660875256608]}}, {"type": "Feature", "properties": {"building": "garage", "source": "way"}, "geometry": {"type": "Point", "coordinates": [-82.9424101, 42.38681775]}}, {"type": "Feature", "properties": {"building": "yes", "source": "way"}, "geometry": {"type": "Point", "coordinates": [-82.9415431, 42.3867291]}}, {"type": "Feature", "properties": {"building": "garage", "source": "way"}, "geometry": {"type": "Point", "coordinates": [-82.94144318170206, 42.385359152675285]}}, {"type": "Feature", "properties": {"building": "garage", "source": "way"}, "geometry": {"type": "Point", "coordinates": [-82.94154710000001, 42.387126800000004]}}, {"type": "Feature", "properties": {"building": "yes", "source": "way"}, "geometry": {"type": "Point", "coordinates": [-82.9423189, 42.38708815]}}, {"type": "Feature", "properties": {"building": "garage", "source": "way"}, "geometry": {"type": "Point", "coordinates": [-82.94254490000002, 42.38677320000001]}}, {"type": "Feature", "properties": {"building": "yes", "source": "way"}, "geometry": {"type": "Point", "coordinates": [-82.942622, 42.386827649999994]}}, {"type": "Feature", "properties": {"building": "yes", "source": "way"}, "geometry": {"type": "Point", "coordinates": [-82.94165441235747, 42.38690241782928]}}, {"type": "Feature", "properties": {"building": "garage", "source": "way"}, "geometry": {"type": "Point", "coordinates": [-82.94172145000003, 42.38577865]}}, {"type": "Feature", "properties": {"building": "garage", "source": "way"}, "geometry": {"type": "Point", "coordinates": [-82.94135668158458, 42.38707480367956]}}, {"type": "Feature", "properties": {"building": "garage", "source": "way"}, "geometry": {"type": "Point", "coordinates": [-82.94226593161726, 42.38623085435753]}}, {"type": "Feature", "properties": {"building": "garage", "source": "way"}, "geometry": {"type": "Point", "coordinates": [-82.94138280731613, 42.38527197988562]}}, {"type": "Feature", "properties": {"building": "yes", "source": "way"}, "geometry": {"type": "Point", "coordinates": [-82.94186696450664, 42.38640221738511]}}, {"type": "Feature", "properties": {"building": "yes", "source": "way"}, "geometry": {"type": "Point", "coordinates": [-82.94226725, 42.38699904999999]}}, {"type": "Feature", "properties": {"building": "yes", "source": "way"}, "geometry": {"type": "Point", "coordinates": [-82.94135535, 42.38647255]}}, {"type": "Feature", "properties": {"building": "garage", "source": "way"}, "geometry": {"type": "Point", "coordinates": [-82.94270583166, 42.38698265470901]}}, {"type": "Feature", "properties": {"building": "yes", "source": "way"}, "geometry": {"type": "Point", "coordinates": [-82.94152830171824, 42.3858920823107]}}, {"type": "Feature", "properties": {"building": "yes", "source": "way"}, "geometry": {"type": "Point", "coordinates": [-82.94140630860457, 42.3868826183428]}}, {"type": "Feature", "properties": {"building": "yes", "source": "way"}, "geometry": {"type": "Point", "coordinates": [-82.94215865000001, 42.3868222]}}, {"type": "Feature", "properties": {"building": "yes", "source": "way"}, "geometry": {"type": "Point", "coordinates": [-82.942111732984, 42.38673455035489]}}, {"type": "Feature", "properties": {"building": "garage", "source": "way"}, "geometry": {"type": "Point", "coordinates": [-82.9423444, 42.3864691]}}, {"type": "Feature", "properties": {"building": "yes", "source": "way"}, "geometry": {"type": "Point", "coordinates": [-82.94191455, 42.38649185]}}, {"type": "Feature", "properties": {"building": "garage", "source": "way"}, "geometry": {"type": "Point", "coordinates": [-82.9415652, 42.385539900000005]}}, {"type": "Feature", "properties": {"building": "yes", "source": "way"}, "geometry": {"type": "Point", "coordinates": [-82.9414975, 42.38579745]}}, {"type": "Feature", "properties": {"building": "yes", "source": "way"}, "geometry": {"type": "Point", "coordinates": [-82.9417596488077, 42.38622443349325]}}, {"type": "Feature", "properties": {"building": "garage", "source": "way"}, "geometry": {"type": "Point", "coordinates": [-82.94217409301493, 42.3864641199602]}}, {"type": "Feature", "properties": {"building": "garage", "source": "way"}, "geometry": {"type": "Point", "coordinates": [-82.94121855, 42.3866157]}}, {"type": "Feature", "properties": {"building": "yes", "source": "way"}, "geometry": {"type": "Point", "coordinates": [-82.94131308302805, 42.38554240030697]}}, {"type": "Feature", "properties": {"building": "yes", "source": "way"}, "geometry": {"type": "Point", "coordinates": [-82.94170805, 42.3869896]}}, {"type": "Feature", "properties": {"building": "garage", "source": "way"}, "geometry": {"type": "Point", "coordinates": [-82.94167989319722, 42.38570733158687]}}, {"type": "Feature", "properties": {"building": "garage", "source": "way"}, "geometry": {"type": "Point", "coordinates": [-82.94212580000001, 42.386385399999995]}}, {"type": "Feature", "properties": {"building": "garage", "source": "way"}, "geometry": {"type": "Point", "coordinates": [-82.94240473347786, 42.386529499865176]}}, {"type": "Feature", "properties": {"building": "yes", "source": "way"}, "geometry": {"type": "Point", "coordinates": [-82.94181201590177, 42.38631156706461]}}, {"type": "Feature", "properties": {"building": "yes", "source": "way"}, "geometry": {"type": "Point", "coordinates": [-82.94204330000001, 42.386654300000004]}}, {"type": "Feature", "properties": {"building": "yes", "source": "way"}, "geometry": {"type": "Point", "coordinates": [-82.9414338, 42.38655625]}}, {"type": "Feature", "properties": {"building": "yes", "source": "way"}, "geometry": {"type": "Point", "coordinates": [-82.94168993445504, 42.385945099072856]}}, {"type": "Feature", "properties": {"building": "garage", "source": "way"}, "geometry": {"type": "Point", "coordinates": [-82.94162355, 42.3856261]}}, {"type": "Feature", "properties": {"building": "yes", "source": "way"}, "geometry": {"type": "Point", "coordinates": [-82.94198766609777, 42.38657013333072]}}, {"type": "Feature", "properties": {"building": "yes", "source": "way"}, "geometry": {"type": "Point", "coordinates": [-82.94424405463619, 42.386455886452296]}}, {"type": "Feature", "properties": {"building": "yes", "source": "way"}, "geometry": {"type": "Point", "coordinates": [-82.94308938308076, 42.386936600251495]}}, {"type": "Feature", "properties": {"building": "garage", "source": "way"}, "geometry": {"type": "Point", "coordinates": [-82.94433794361984, 42.38702133159273]}}, {"type": "Feature", "properties": {"building": "garage", "source": "way"}, "geometry": {"type": "Point", "coordinates": [-82.94390209269594, 42.386647381592375]}}, {"type": "Feature", "properties": {"building": "yes", "source": "way"}, "geometry": {"type": "Point", "coordinates": [-82.94475638438166, 42.386861849126724]}}, {"type": "Feature", "properties": {"building": "yes", "source": "way"}, "geometry": {"type": "Point", "coordinates": [-82.9442615, 42.386151600000005]}}, {"type": "Feature", "properties": {"building": "garage", "source": "way"}, "geometry": {"type": "Point", "coordinates": [-82.94386116839335, 42.3860029957576]}}, {"type": "Feature", "properties": {"building": "yes", "source": "way"}, "geometry": {"type": "Point", "coordinates": [-82.94273265, 42.386424500000004]}}, {"type": "Feature", "properties": {"building": "yes", "source": "way"}, "geometry": {"type": "Point", "coordinates": [-82.94413211622997, 42.38598616698304]}}, {"type": "Feature", "properties": {"building": "yes", "source": "way"}, "geometry": {"type": "Point", "coordinates": [-82.94254289999999, 42.386128799999994]}}, {"type": "Feature", "properties": {"building": "garage", "source": "way"}, "geometry": {"type": "Point", "coordinates": [-82.94416494263255, 42.387018831592634]}}, {"type": "Feature", "properties": {"building": "garage", "source": "way"}, "geometry": {"type": "Point", "coordinates": [-82.94427358159396, 42.38690245401013]}}, {"type": "Feature", "properties": {"building": "yes", "source": "way"}, "geometry": {"type": "Point", "coordinates": [-82.94467055000001, 42.386782100000005]}}, {"type": "Feature", "properties": {"building": "yes", "source": "way"}, "geometry": {"type": "Point", "coordinates": [-82.94398726321778, 42.38572961766681]}}, {"type": "Feature", "properties": {"building": "garage", "source": "way"}, "geometry": {"type": "Point", "coordinates": [-82.94414481742109, 42.387125833358915]}}, {"type": "Feature", "properties": {"building": "yes", "source": "way"}, "geometry": {"type": "Point", "coordinates": [-82.942793, 42.3870436]}}, {"type": "Feature", "properties": {"building": "garage", "source": "way"}, "geometry": {"type": "Point", "coordinates": [-82.94345281958765, 42.385998583588446]}}, {"type": "Feature", "properties": {"building": "garage", "source": "way"}, "geometry": {"type": "Point", "coordinates": [-82.94379611840307, 42.38649134604619]}}, {"type": "Feature", "properties": {"building": "yes", "source": "way"}, "geometry": {"type": "Point", "coordinates": [-82.94368483278826, 42.38699705057607]}}, {"type": "Feature", "properties": {"building": "yes", "source": "way"}, "geometry": {"type": "Point", "coordinates": [-82.9436419168215, 42.386922249848155]}}, {"type": "Feature", "properties": {"building": "garage", "source": "way"}, "geometry": {"type": "Point", "coordinates": [-82.94381021105426, 42.386233828062544]}}, {"type": "Feature", "properties": {"building": "yes", "source": "way"}, "geometry": {"type": "Point", "coordinates": [-82.94284664999999, 42.38656665]}}, {"type": "Feature", "properties": {"building": "yes", "source": "way"}, "geometry": {"type": "Point", "coordinates": [-82.94332275000001, 42.38639480000001]}}, {"type": "Feature", "properties": {"building": "yes", "source": "way"}, "geometry": {"type": "Point", "coordinates": [-82.94314166724536, 42.38700944938452]}}, {"type": "Feature", "properties": {"building": "yes", "source": "way"}, "geometry": {"type": "Point", "coordinates": [-82.94352121566796, 42.38614665083598]}}, {"type": "Feature", "properties": {"building": "garage", "source": "way"}, "geometry": {"type": "Point", "coordinates": [-82.9439181815927, 42.3860842536673]}}, {"type": "Feature", "properties": {"building": "yes", "source": "way"}, "geometry": {"type": "Point", "coordinates": [-82.9435037684505, 42.38669788343687]}}, {"type": "Feature", "properties": {"building": "yes", "source": "way"}, "geometry": {"type": "Point", "coordinates": [-82.94308131140183, 42.38573705333608]}}, {"type": "Feature", "properties": {"building": "yes", "source": "way"}, "geometry": {"type": "Point", "coordinates": [-82.94378611971145, 42.38715006605829]}}, {"type": "Feature", "properties": {"building": "garage", "source": "way"}, "geometry": {"type": "Point", "coordinates": [-82.94340455, 42.3859084]}}, {"type": "Feature", "properties": {"building": "yes", "source": "way"}, "geometry": {"type": "Point", "coordinates": [-82.9448281, 42.38694354999999]}}, {"type": "Feature", "properties": {"building": "yes", "source": "way"}, "geometry": {"type": "Point", "coordinates": [-82.94320205, 42.3862561]}}, {"type": "Feature", "properties": {"building": "yes", "source": "way"}, "geometry": {"type": "Point", "coordinates": [-82.94406504999999, 42.38590394999999]}}, {"type": "Feature", "properties": {"building": "garage", "source": "way"}, "geometry": {"type": "Point", "coordinates": [-82.94366269999999, 42.386274900000004]}}, {"type": "Feature", "properties": {"building": "yes", "source": "way"}, "geometry": {"type": "Point", "coordinates": [-82.94294654999999, 42.38671275]}}, {"type": "Feature", "properties": {"building": "yes", "source": "way"}, "geometry": {"type": "Point", "coordinates": [-82.94335021649682, 42.386477500157945]}}, {"type": "Feature", "properties": {"building": "yes", "source": "way"}, "geometry": {"type": "Point", "coordinates": [-82.943544, 42.38677370000001]}}, {"type": "Feature", "properties": {"building": "garage", "source": "way"}, "geometry": {"type": "Point", "coordinates": [-82.94282115, 42.387125350000005]}}, {"type": "Feature", "properties": {"building": "garage", "source": "way"}, "geometry": {"type": "Point", "coordinates": [-82.94350575000001, 42.3860545]}}, {"type": "Feature", "properties": {"building": "garage", "source": "way"}, "geometry": {"type": "Point", "coordinates": [-82.94386253159519, 42.386572603439475]}}, {"type": "Feature", "properties": {"building": "garage", "source": "way"}, "geometry": {"type": "Point", "coordinates": [-82.9437512, 42.38642945]}}, {"type": "Feature", "properties": {"building": "garage", "source": "way"}, "geometry": {"type": "Point", "coordinates": [-82.9433730180917, 42.385837597983105]}}, {"type": "Feature", "properties": {"building": "yes", "source": "way"}, "geometry": {"type": "Point", "coordinates": [-82.9432483, 42.3863289]}}, {"type": "Feature", "properties": {"building": "yes", "source": "way"}, "geometry": {"type": "Point", "coordinates": [-82.9440207660833, 42.38581233333059]}}, {"type": "Feature", "properties": {"building": "yes", "source": "way"}, "geometry": {"type": "Point", "coordinates": [-82.9433985, 42.3865513]}}, {"type": "Feature", "properties": {"building": "yes", "source": "way"}, "geometry": {"type": "Point", "coordinates": [-82.943027, 42.386869250000004]}}, {"type": "Feature", "properties": {"building": "garage", "source": "way"}, "geometry": {"type": "Point", "coordinates": [-82.94395843348508, 42.38673354985893]}}, {"type": "Feature", "properties": {"building": "yes", "source": "way"}, "geometry": {"type": "Point", "coordinates": [-82.94287885358726, 42.386646365546405]}}, {"type": "Feature", "properties": {"building": "yes", "source": "way"}, "geometry": {"type": "Point", "coordinates": [-82.94302767988769, 42.38595298405106]}}, {"type": "Feature", "properties": {"building": "yes", "source": "way"}, "geometry": {"type": "Point", "coordinates": [-82.94359228313853, 42.3868489831802]}}, {"type": "Feature", "properties": {"building": "garage", "source": "way"}, "geometry": {"type": "Point", "coordinates": [-82.94362515, 42.386377450000005]}}, {"type": "Feature", "properties": {"building": "garage", "source": "way"}, "geometry": {"type": "Point", "coordinates": [-82.94409588166062, 42.386943552906985]}}, {"type": "Feature", "properties": {"building": "yes", "source": "way"}, "geometry": {"type": "Point", "coordinates": [-82.94360704999998, 42.38562065]}}, {"type": "Feature", "properties": {"building": "yes", "source": "way"}, "geometry": {"type": "Point", "coordinates": [-82.94346423325082, 42.38661670007977]}}, {"type": "Feature", "properties": {"building": "yes", "source": "way"}, "geometry": {"type": "Point", "coordinates": [-82.94299753277775, 42.386786050587865]}}, {"type": "Feature", "properties": {"building": "garage", "source": "way"}, "geometry": {"type": "Point", "coordinates": [-82.94401073167847, 42.386788054854705]}}, {"type": "Feature", "properties": {"building": "yes", "source": "way"}, "geometry": {"type": "Point", "coordinates": [-82.94269374999999, 42.38634675000001]}}, {"type": "Feature", "properties": {"building": "yes", "source": "way"}, "geometry": {"type": "Point", "coordinates": [-82.94306791616616, 42.386030750444235]}}, {"type": "Feature", "properties": {"building": "yes", "source": "way"}, "geometry": {"type": "Point", "coordinates": [-82.94313094999998, 42.38618775]}}, {"type": "Feature", "properties": {"building": "garage", "source": "way"}, "geometry": {"type": "Point", "coordinates": [-82.94388598163796, 42.386320003068654]}}, {"type": "Feature", "properties": {"building": "garage", "source": "way"}, "geometry": {"type": "Point", "coordinates": [-82.94438085, 42.38709015]}}, {"type": "Feature", "properties": {"building": "yes", "source": "way"}, "geometry": {"type": "Point", "coordinates": [-82.94312425000001, 42.3860976]}}, {"type": "Feature", "properties": {"building": "garage", "source": "way"}, "geometry": {"type": "Point", "coordinates": [-82.9440617, 42.3868861]}}, {"type": "Feature", "properties": {"building": "yes", "source": "way"}, "geometry": {"type": "Point", "coordinates": [-82.9443024, 42.386255150000004]}}, {"type": "Feature", "properties": {"building": "yes", "source": "way"}, "geometry": {"type": "Point", "coordinates": [-82.94281446759261, 42.38648544892533]}}, {"type": "Feature", "properties": {"building": "yes", "source": "way"}, "geometry": {"type": "Point", "coordinates": [-82.94293651146529, 42.38589256798419]}}, {"type": "Feature", "properties": {"building": "yes", "source": "way"}, "geometry": {"type": "Point", "coordinates": [-82.94418105, 42.3860763]}}, {"type": "Feature", "properties": {"building": "yes", "source": "way"}, "geometry": {"type": "Point", "coordinates": [-82.94265690039379, 42.38627096683546]}}, {"type": "Feature", "properties": {"building": "yes", "source": "way"}, "geometry": {"type": "Point", "coordinates": [-82.94376058018207, 42.38706588396412]}}, {"type": "Feature", "properties": {"building": "yes", "source": "way"}, "geometry": {"type": "Point", "coordinates": [-82.94243546561812, 42.3859776416231]}}, {"type": "Feature", "properties": {"building": "yes", "source": "way"}, "geometry": {"type": "Point", "coordinates": [-82.94384396706543, 42.387213783346226]}}, {"type": "Feature", "properties": {"building": "yes", "source": "way"}, "geometry": {"type": "Point", "coordinates": [-82.94391234999999, 42.3872831]}}, {"type": "Feature", "properties": {"building": "yes", "source": "way"}, "geometry": {"type": "Point", "coordinates": [-82.94393248390467, 42.38736829950561]}}, {"type": "Feature", "properties": {"building": "yes", "source": "way"}, "geometry": {"type": "Point", "coordinates": [-82.94402099999999, 42.38747035]}}, {"type": "Feature", "properties": {"building": "garage", "source": "way"}, "geometry": {"type": "Point", "coordinates": [-82.94428789999999, 42.38723159999999]}}, {"type": "Feature", "properties": {"building": "yes", "source": "way"}, "geometry": {"type": "Point", "coordinates": [-82.944498435946, 42.387150382438584]}}, {"type": "Feature", "properties": {"building": "garage", "source": "way"}, "geometry": {"type": "Point", "coordinates": [-82.94451050000002, 42.38725935]}}, {"type": "Feature", "properties": {"building": "yes", "source": "way"}, "geometry": {"type": "Point", "coordinates": [-82.94465936820792, 42.38731779776269]}}, {"type": "Feature", "properties": {"building": "yes", "source": "way"}, "geometry": {"type": "Point", "coordinates": [-82.9448296672886, 42.38734849934733]}}, {"type": "Feature", "properties": {"building": "yes", "source": "way"}, "geometry": {"type": "Point", "coordinates": [-82.94491819999999, 42.3871296]}}, {"type": "Feature", "properties": {"building": "yes", "source": "way"}, "geometry": {"type": "Point", "coordinates": [-82.944996, 42.387202900000005]}}, {"type": "Feature", "properties": {"building": "yes", "source": "way"}, "geometry": {"type": "Point", "coordinates": [-82.94502685, 42.387293]}}, {"type": "Feature", "properties": {"building": "yes", "source": "way"}, "geometry": {"type": "Point", "coordinates": [-82.94432425379438, 42.38761109583709]}}, {"type": "Feature", "properties": {"building": "yes", "source": "way"}, "geometry": {"type": "Point", "coordinates": [-82.94506249366353, 42.387492129248045]}}, {"type": "Feature", "properties": {"building": "yes", "source": "way"}, "geometry": {"type": "Point", "coordinates": [-82.9459926161178, 42.38734306396023]}}, {"type": "Feature", "properties": {"building": "garage", "source": "way"}, "geometry": {"type": "Point", "coordinates": [-82.9457724860081, 42.38717117379457]}}, {"type": "Feature", "properties": {"building": "garage", "source": "way"}, "geometry": {"type": "Point", "coordinates": [-82.94567325, 42.38705234999999]}}, {"type": "Feature", "properties": {"building": "garage", "source": "way"}, "geometry": {"type": "Point", "coordinates": [-82.94562633204544, 42.38696315656178]}}, {"type": "Feature", "properties": {"building": "garage", "source": "way"}, "geometry": {"type": "Point", "coordinates": [-82.94574030000001, 42.3868978]}}, {"type": "Feature", "properties": {"building": "garage", "source": "way"}, "geometry": {"type": "Point", "coordinates": [-82.94579528158258, 42.3869869545204]}}, {"type": "Feature", "properties": {"building": "garage", "source": "way"}, "geometry": {"type": "Point", "coordinates": [-82.94563031834745, 42.38672739724036]}}, {"type": "Feature", "properties": {"building": "garage", "source": "way"}, "geometry": {"type": "Point", "coordinates": [-82.94571081250967, 42.386834367862896]}}, {"type": "Feature", "properties": {"building": "garage", "source": "way"}, "geometry": {"type": "Point", "coordinates": [-82.94556060000001, 42.3868651]}}, {"type": "Feature", "properties": {"building": "garage", "source": "way"}, "geometry": {"type": "Point", "coordinates": [-82.94551095000001, 42.3867839]}}, {"type": "Feature", "properties": {"building": "garage", "source": "way"}, "geometry": {"type": "Point", "coordinates": [-82.94556595, 42.38663335000001]}}, {"type": "Feature", "properties": {"building": "garage", "source": "way"}, "geometry": {"type": "Point", "coordinates": [-82.94534064999999, 42.3865402]}}, {"type": "Feature", "properties": {"building": "garage", "source": "way"}, "geometry": {"type": "Point", "coordinates": [-82.9453822381593, 42.38659368200878]}}, {"type": "Feature", "properties": {"building": "garage", "source": "way"}, "geometry": {"type": "Point", "coordinates": [-82.94540099073636, 42.38637873166587]}}, {"type": "Feature", "properties": {"building": "garage", "source": "way"}, "geometry": {"type": "Point", "coordinates": [-82.94545600000001, 42.38647185]}}, {"type": "Feature", "properties": {"building": "garage", "source": "way"}, "geometry": {"type": "Point", "coordinates": [-82.9452856684493, 42.386455995833074]}}, {"type": "Feature", "properties": {"building": "yes", "source": "way"}, "geometry": {"type": "Point", "coordinates": [-82.94510998301683, 42.38651545031289]}}, {"type": "Feature", "properties": {"building": "yes", "source": "way"}, "geometry": {"type": "Point", "coordinates": [-82.94516630000001, 42.3866006]}}, {"type": "Feature", "properties": {"building": "yes", "source": "way"}, "geometry": {"type": "Point", "coordinates": [-82.94522265, 42.386689800000006]}}, {"type": "Feature", "properties": {"building": "yes", "source": "way"}, "geometry": {"type": "Point", "coordinates": [-82.94527495, 42.38677695]}}, {"type": "Feature", "properties": {"building": "yes", "source": "way"}, "geometry": {"type": "Point", "coordinates": [-82.94534736923303, 42.38686211629368]}}, {"type": "Feature", "properties": {"building": "yes", "source": "way"}, "geometry": {"type": "Point", "coordinates": [-82.94540231609533, 42.386950300494405]}}, {"type": "Feature", "properties": {"building": "yes", "source": "way"}, "geometry": {"type": "Point", "coordinates": [-82.94545865, 42.38703445000001]}}, {"type": "Feature", "properties": {"building": "yes", "source": "way"}, "geometry": {"type": "Point", "coordinates": [-82.94549349999998, 42.3871276]}}, {"type": "Feature", "properties": {"building": "yes", "source": "way"}, "geometry": {"type": "Point", "coordinates": [-82.94556996414944, 42.38719398339697]}}, {"type": "Feature", "properties": {"building": "yes", "source": "way"}, "geometry": {"type": "Point", "coordinates": [-82.9459844, 42.38694435000001]}}, {"type": "Feature", "properties": {"building": "yes", "source": "way"}, "geometry": {"type": "Point", "coordinates": [-82.94604205, 42.387031500000006]}}, {"type": "Feature", "properties": {"building": "yes", "source": "way"}, "geometry": {"type": "Point", "coordinates": [-82.94594414999999, 42.3868552]}}, {"type": "Feature", "properties": {"building": "yes", "source": "way"}, "geometry": {"type": "Point", "coordinates": [-82.9458945, 42.386764050000004]}}, {"type": "Feature", "properties": {"building": "yes", "source": "way"}, "geometry": {"type": "Point", "coordinates": [-82.94582614999997, 42.38668085]}}, {"type": "Feature", "properties": {"building": "yes", "source": "way"}, "geometry": {"type": "Point", "coordinates": [-82.94576441748549, 42.38659464909852]}}, {"type": "Feature", "properties": {"building": "yes", "source": "way"}, "geometry": {"type": "Point", "coordinates": [-82.94570545, 42.3865105]}}, {"type": "Feature", "properties": {"building": "yes", "source": "way"}, "geometry": {"type": "Point", "coordinates": [-82.94565045000002, 42.386425300000006]}}, {"type": "Feature", "properties": {"building": "yes", "source": "way"}, "geometry": {"type": "Point", "coordinates": [-82.9455981171814, 42.386333149471426]}}, {"type": "Feature", "properties": {"building": "garage", "source": "way"}, "geometry": {"type": "Point", "coordinates": [-82.94654091845459, 42.386609546576736]}}, {"type": "Feature", "properties": {"building": "yes", "source": "way"}, "geometry": {"type": "Point", "coordinates": [-82.94644839999998, 42.386771]}}, {"type": "Feature", "properties": {"building": "yes", "source": "way"}, "geometry": {"type": "Point", "coordinates": [-82.94638538464942, 42.386689782730606]}}, {"type": "Feature", "properties": {"building": "yes", "source": "way"}, "geometry": {"type": "Point", "coordinates": [-82.94634781275799, 42.386594683523874]}}, {"type": "Feature", "properties": {"building": "yes", "source": "way"}, "geometry": {"type": "Point", "coordinates": [-82.94628076651946, 42.386512500134785]}}, {"type": "Feature", "properties": {"building": "garage", "source": "way"}, "geometry": {"type": "Point", "coordinates": [-82.94645645, 42.38646195]}}, {"type": "Feature", "properties": {"building": "garage", "source": "way"}, "geometry": {"type": "Point", "coordinates": [-82.94636929130112, 42.38634803160939]}}, {"type": "Feature", "properties": {"building": "garage", "source": "way"}, "geometry": {"type": "Point", "coordinates": [-82.94631030699205, 42.38627671845991]}}, {"type": "Feature", "properties": {"building": "garage", "source": "way"}, "geometry": {"type": "Point", "coordinates": [-82.9461962588907, 42.38611226837718]}}, {"type": "Feature", "properties": {"building": "yes", "source": "way"}, "geometry": {"type": "Point", "coordinates": [-82.94603668299656, 42.38617270033361]}}, {"type": "Feature", "properties": {"building": "yes", "source": "way"}, "geometry": {"type": "Point", "coordinates": [-82.94611043153783, 42.38625591654952]}}, {"type": "Feature", "properties": {"building": "yes", "source": "way"}, "geometry": {"type": "Point", "coordinates": [-82.94621369999999, 42.3864322]}}, {"type": "Feature", "properties": {"building": "garage", "source": "way"}, "geometry": {"type": "Point", "coordinates": [-82.94583150000001, 42.38564375]}}, {"type": "Feature", "properties": {"building": "garage", "source": "way"}, "geometry": {"type": "Point", "coordinates": [-82.94590525, 42.3857507]}}, {"type": "Feature", "properties": {"building": "garage", "source": "way"}, "geometry": {"type": "Point", "coordinates": [-82.94570813192892, 42.38547140620163]}}, {"type": "Feature", "properties": {"building": "garage", "source": "way"}, "geometry": {"type": "Point", "coordinates": [-82.94552305, 42.385060300000006]}}, {"type": "Feature", "properties": {"building": "garage", "source": "way"}, "geometry": {"type": "Point", "coordinates": [-82.9455780184524, 42.385148446059254]}}, {"type": "Feature", "properties": {"building": "garage", "source": "way"}, "geometry": {"type": "Point", "coordinates": [-82.94563435, 42.385233649999996]}}, {"type": "Feature", "properties": {"building": "yes", "source": "way"}, "geometry": {"type": "Point", "coordinates": [-82.9453661163236, 42.385146500305666]}}, {"type": "Feature", "properties": {"building": "yes", "source": "way"}, "geometry": {"type": "Point", "coordinates": [-82.9454238, 42.38522869999999]}}, {"type": "Feature", "properties": {"building": "yes", "source": "way"}, "geometry": {"type": "Point", "coordinates": [-82.9454734155411, 42.385318833333336]}}, {"type": "Feature", "properties": {"building": "yes", "source": "way"}, "geometry": {"type": "Point", "coordinates": [-82.9455016, 42.38540305]}}, {"type": "Feature", "properties": {"building": "yes", "source": "way"}, "geometry": {"type": "Point", "coordinates": [-82.94558475000001, 42.38553280000001]}}, {"type": "Feature", "properties": {"building": "yes", "source": "way"}, "geometry": {"type": "Point", "coordinates": [-82.94567190000002, 42.3856358]}}, {"type": "Feature", "properties": {"building": "yes", "source": "way"}, "geometry": {"type": "Point", "coordinates": [-82.9457309495961, 42.38573486728828]}}, {"type": "Feature", "properties": {"building": "yes", "source": "way"}, "geometry": {"type": "Point", "coordinates": [-82.94580065, 42.385833899999994]}}, {"type": "Feature", "properties": {"building": "yes", "source": "way"}, "geometry": {"type": "Point", "coordinates": [-82.9458811, 42.385934950000006]}}, {"type": "Feature", "properties": {"building": "yes", "source": "way"}, "geometry": {"type": "Point", "coordinates": [-82.9453876041557, 42.38494241821771]}}, {"type": "Feature", "properties": {"building": "yes", "source": "way"}, "geometry": {"type": "Point", "coordinates": [-82.94489483569431, 42.38533939107824]}}, {"type": "Feature", "properties": {"building": "yes", "source": "way"}, "geometry": {"type": "Point", "coordinates": [-82.94441461391791, 42.385469867584774]}}, {"type": "Feature", "properties": {"building": "yes", "source": "way"}, "geometry": {"type": "Point", "coordinates": [-82.94446693317919, 42.38555905014807]}}, {"type": "Feature", "properties": {"building": "yes", "source": "way"}, "geometry": {"type": "Point", "coordinates": [-82.94509455, 42.38554814999999]}}, {"type": "Feature", "properties": {"building": "garage", "source": "way"}, "geometry": {"type": "Point", "coordinates": [-82.94485181136564, 42.385603618066774]}}, {"type": "Feature", "properties": {"building": "garage", "source": "way"}, "geometry": {"type": "Point", "coordinates": [-82.94475793169781, 42.385679905233644]}}, {"type": "Feature", "properties": {"building": "yes", "source": "way"}, "geometry": {"type": "Point", "coordinates": [-82.94452458374529, 42.38564919963624]}}, {"type": "Feature", "properties": {"building": "yes", "source": "way"}, "geometry": {"type": "Point", "coordinates": [-82.944597, 42.38571854999999]}}, {"type": "Feature", "properties": {"building": "yes", "source": "way"}, "geometry": {"type": "Point", "coordinates": [-82.94465199999998, 42.38585619999999]}}, {"type": "Feature", "properties": {"building": "yes", "source": "way"}, "geometry": {"type": "Point", "coordinates": [-82.9451737, 42.3856799]}}, {"type": "Feature", "properties": {"building": "yes", "source": "way"}, "geometry": {"type": "Point", "coordinates": [-82.94522735113728, 42.385768066666664]}}, {"type": "Feature", "properties": {"building": "garage", "source": "way"}, "geometry": {"type": "Point", "coordinates": [-82.94493495, 42.3859444]}}, {"type": "Feature", "properties": {"building": "garage", "source": "way"}, "geometry": {"type": "Point", "coordinates": [-82.94487863644599, 42.385856223505385]}}, {"type": "Feature", "properties": {"building": "yes", "source": "way"}, "geometry": {"type": "Point", "coordinates": [-82.94470831682501, 42.385941399847994]}}, {"type": "Feature", "properties": {"building": "yes", "source": "way"}, "geometry": {"type": "Point", "coordinates": [-82.94477673270087, 42.38602560066428]}}, {"type": "Feature", "properties": {"building": "yes", "source": "way"}, "geometry": {"type": "Point", "coordinates": [-82.94530241869204, 42.38584138347827]}}, {"type": "Feature", "properties": {"building": "yes", "source": "way"}, "geometry": {"type": "Point", "coordinates": [-82.94534399999999, 42.385936449999996]}}, {"type": "Feature", "properties": {"building": "garage", "source": "way"}, "geometry": {"type": "Point", "coordinates": [-82.94509323157595, 42.386000803189624]}}, {"type": "Feature", "properties": {"building": "yes", "source": "way"}, "geometry": {"type": "Point", "coordinates": [-82.94482905000002, 42.3861128]}}, {"type": "Feature", "properties": {"building": "yes", "source": "way"}, "geometry": {"type": "Point", "coordinates": [-82.94489608333332, 42.386194]}}, {"type": "Feature", "properties": {"building": "yes", "source": "way"}, "geometry": {"type": "Point", "coordinates": [-82.94498591639122, 42.38627520024769]}}, {"type": "Feature", "properties": {"building": "yes", "source": "way"}, "geometry": {"type": "Point", "coordinates": [-82.94539628145087, 42.38602263352535]}}, {"type": "Feature", "properties": {"building": "yes", "source": "way"}, "geometry": {"type": "Point", "coordinates": [-82.94544995, 42.3861009]}}, {"type": "Feature", "properties": {"building": "yes", "source": "way"}, "geometry": {"type": "Point", "coordinates": [-82.9399484, 42.38215460000001]}}, {"type": "Feature", "properties": {"building": "yes", "source": "way"}, "geometry": {"type": "Point", "coordinates": [-82.93999805, 42.38223685]}}, {"type": "Feature", "properties": {"building": "yes", "source": "way"}, "geometry": {"type": "Point", "coordinates": [-82.94006909999999, 42.382322]}}, {"type": "Feature", "properties": {"building": "garage", "source": "way"}, "geometry": {"type": "Point", "coordinates": [-82.93966813183542, 42.38233290222928]}}, {"type": "Feature", "properties": {"building": "yes", "source": "way"}, "geometry": {"type": "Point", "coordinates": [-82.93964529999998, 42.38226455]}}, {"type": "Feature", "properties": {"building": "yes", "source": "way"}, "geometry": {"type": "Point", "coordinates": [-82.93930334999999, 42.3823735]}}, {"type": "Feature", "properties": {"building": "yes", "source": "way"}, "geometry": {"type": "Point", "coordinates": [-82.93910218164893, 42.382181354615994]}}, {"type": "Feature", "properties": {"building": "yes", "source": "way"}, "geometry": {"type": "Point", "coordinates": [-82.93969555478141, 42.3819753379856]}}, {"type": "Feature", "properties": {"building": "yes", "source": "way"}, "geometry": {"type": "Point", "coordinates": [-82.9391001204028, 42.381634472067944]}}, {"type": "Feature", "properties": {"building": "yes", "source": "way"}, "geometry": {"type": "Point", "coordinates": [-82.94037000907964, 42.38171680959117]}}, {"type": "Feature", "properties": {"building": "yes", "source": "way"}, "geometry": {"type": "Point", "coordinates": [-82.94109151019269, 42.381501937466574]}}, {"type": "Feature", "properties": {"building": "yes", "source": "way"}, "geometry": {"type": "Point", "coordinates": [-82.94094619999998, 42.381782099999995]}}, {"type": "Feature", "properties": {"building": "yes", "source": "way"}, "geometry": {"type": "Point", "coordinates": [-82.94112725, 42.3817207]}}, {"type": "Feature", "properties": {"building": "yes", "source": "way"}, "geometry": {"type": "Point", "coordinates": [-82.94133645, 42.381662250000005]}}, {"type": "Feature", "properties": {"building": "yes", "source": "way"}, "geometry": {"type": "Point", "coordinates": [-82.941441066834, 42.38173654983544]}}, {"type": "Feature", "properties": {"building": "yes", "source": "way"}, "geometry": {"type": "Point", "coordinates": [-82.94146118661307, 42.38182371651901]}}, {"type": "Feature", "properties": {"building": "garage", "source": "way"}, "geometry": {"type": "Point", "coordinates": [-82.94107895, 42.3818713]}}, {"type": "Feature", "properties": {"building": "garage", "source": "way"}, "geometry": {"type": "Point", "coordinates": [-82.94113661833956, 42.381952497073584]}}, {"type": "Feature", "properties": {"building": "yes", "source": "way"}, "geometry": {"type": "Point", "coordinates": [-82.9404594, 42.38207535]}}, {"type": "Feature", "properties": {"building": "yes", "source": "way"}, "geometry": {"type": "Point", "coordinates": [-82.94052105, 42.3821566]}}, {"type": "Feature", "properties": {"building": "yes", "source": "way"}, "geometry": {"type": "Point", "coordinates": [-82.94056259999999, 42.38224970000001]}}, {"type": "Feature", "properties": {"building": "yes", "source": "way"}, "geometry": {"type": "Point", "coordinates": [-82.94062835000001, 42.382333900000006]}}, {"type": "Feature", "properties": {"building": "yes", "source": "way"}, "geometry": {"type": "Point", "coordinates": [-82.94069135000001, 42.382418099999995]}}, {"type": "Feature", "properties": {"building": "yes", "source": "way"}, "geometry": {"type": "Point", "coordinates": [-82.94074769999999, 42.38251124999999]}}, {"type": "Feature", "properties": {"building": "yes", "source": "way"}, "geometry": {"type": "Point", "coordinates": [-82.94079731727126, 42.382605349351934]}}, {"type": "Feature", "properties": {"building": "yes", "source": "way"}, "geometry": {"type": "Point", "coordinates": [-82.94088851571833, 42.382682600798844]}}, {"type": "Feature", "properties": {"building": "yes", "source": "way"}, "geometry": {"type": "Point", "coordinates": [-82.94095020000002, 42.382773750000005]}}, {"type": "Feature", "properties": {"building": "yes", "source": "way"}, "geometry": {"type": "Point", "coordinates": [-82.9415443, 42.381884150000005]}}, {"type": "Feature", "properties": {"building": "yes", "source": "way"}, "geometry": {"type": "Point", "coordinates": [-82.94156037175131, 42.38197628652582]}}, {"type": "Feature", "properties": {"building": "garage", "source": "way"}, "geometry": {"type": "Point", "coordinates": [-82.9412828, 42.38218034999999]}}, {"type": "Feature", "properties": {"building": "garage", "source": "way"}, "geometry": {"type": "Point", "coordinates": [-82.94113795, 42.382125900000005]}}, {"type": "Feature", "properties": {"building": "garage", "source": "way"}, "geometry": {"type": "Point", "coordinates": [-82.94116345, 42.382449799999996]}}, {"type": "Feature", "properties": {"building": "garage", "source": "way"}, "geometry": {"type": "Point", "coordinates": [-82.9412694, 42.38226455]}}, {"type": "Feature", "properties": {"building": "yes", "source": "way"}, "geometry": {"type": "Point", "coordinates": [-82.94168245000002, 42.3821021]}}, {"type": "Feature", "properties": {"building": "yes", "source": "way"}, "geometry": {"type": "Point", "coordinates": [-82.94173203378597, 42.38218333301526]}}, {"type": "Feature", "properties": {"building": "yes", "source": "way"}, "geometry": {"type": "Point", "coordinates": [-82.94176695000002, 42.3822626]}}, {"type": "Feature", "properties": {"building": "yes", "source": "way"}, "geometry": {"type": "Point", "coordinates": [-82.94180315, 42.38234185000001]}}, {"type": "Feature", "properties": {"building": "garage", "source": "way"}, "geometry": {"type": "Point", "coordinates": [-82.94149471176067, 42.3824527679256]}}, {"type": "Feature", "properties": {"building": "garage", "source": "way"}, "geometry": {"type": "Point", "coordinates": [-82.941433, 42.38256470000001]}}, {"type": "Feature", "properties": {"building": "garage", "source": "way"}, "geometry": {"type": "Point", "coordinates": [-82.9415443, 42.3826172]}}, {"type": "Feature", "properties": {"building": "garage", "source": "way"}, "geometry": {"type": "Point", "coordinates": [-82.94154835, 42.3825261]}}, {"type": "Feature", "properties": {"building": "yes", "source": "way"}, "geometry": {"type": "Point", "coordinates": [-82.94185946649583, 42.38241220015892]}}, {"type": "Feature", "properties": {"building": "yes", "source": "way"}, "geometry": {"type": "Point", "coordinates": [-82.94101190000002, 42.382856950000004]}}, {"type": "Feature", "properties": {"building": "garage", "source": "way"}, "geometry": {"type": "Point", "coordinates": [-82.941319006453, 42.38286091840022]}}, {"type": "Feature", "properties": {"building": "yes", "source": "way"}, "geometry": {"type": "Point", "coordinates": [-82.94106016765322, 42.382956998830984]}}, {"type": "Feature", "properties": {"building": "yes", "source": "way"}, "geometry": {"type": "Point", "coordinates": [-82.9410991, 42.383059]}}, {"type": "Feature", "properties": {"building": "yes", "source": "way"}, "geometry": {"type": "Point", "coordinates": [-82.94119962770684, 42.38313533468325]}}, {"type": "Feature", "properties": {"building": "yes", "source": "way"}, "geometry": {"type": "Point", "coordinates": [-82.94123723390379, 42.383227449497326]}}, {"type": "Feature", "properties": {"building": "yes", "source": "way"}, "geometry": {"type": "Point", "coordinates": [-82.9415054382251, 42.38303923207202]}}, {"type": "Feature", "properties": {"building": "garage", "source": "way"}, "geometry": {"type": "Point", "coordinates": [-82.94155908165312, 42.38271530297004]}}, {"type": "Feature", "properties": {"building": "garage", "source": "way"}, "geometry": {"type": "Point", "coordinates": [-82.94163685000001, 42.3828619]}}, {"type": "Feature", "properties": {"building": "garage", "source": "way"}, "geometry": {"type": "Point", "coordinates": [-82.9416972, 42.38295205]}}, {"type": "Feature", "properties": {"building": "yes", "source": "way"}, "geometry": {"type": "Point", "coordinates": [-82.94197883261448, 42.382542916643416]}}, {"type": "Feature", "properties": {"building": "yes", "source": "way"}, "geometry": {"type": "Point", "coordinates": [-82.94201505, 42.382628100000005]}}, {"type": "Feature", "properties": {"building": "yes", "source": "way"}, "geometry": {"type": "Point", "coordinates": [-82.9420727, 42.382700449999994]}}, {"type": "Feature", "properties": {"building": "yes", "source": "way"}, "geometry": {"type": "Point", "coordinates": [-82.94212499999999, 42.382788600000005]}}, {"type": "Feature", "properties": {"building": "yes", "source": "way"}, "geometry": {"type": "Point", "coordinates": [-82.94218803216803, 42.38288070146643]}}, {"type": "Feature", "properties": {"building": "yes", "source": "way"}, "geometry": {"type": "Point", "coordinates": [-82.94127346396635, 42.38545031750394]}}, {"type": "Feature", "properties": {"building": "yes", "source": "way"}, "geometry": {"type": "Point", "coordinates": [-82.94120366680121, 42.385367133335976]}}, {"type": "Feature", "properties": {"building": "yes", "source": "way"}, "geometry": {"type": "Point", "coordinates": [-82.9411487, 42.385277949999995]}}, {"type": "Feature", "properties": {"building": "garage", "source": "way"}, "geometry": {"type": "Point", "coordinates": [-82.9412144, 42.385023399999994]}}, {"type": "Feature", "properties": {"building": "garage", "source": "way"}, "geometry": {"type": "Point", "coordinates": [-82.94127477450499, 42.385104635266686]}}, {"type": "Feature", "properties": {"building": "garage", "source": "way"}, "geometry": {"type": "Point", "coordinates": [-82.94134445, 42.3851918]}}, {"type": "Feature", "properties": {"building": "yes", "source": "way"}, "geometry": {"type": "Point", "coordinates": [-82.94108431780555, 42.38519474858433]}}, {"type": "Feature", "properties": {"building": "yes", "source": "way"}, "geometry": {"type": "Point", "coordinates": [-82.94102665, 42.38511055]}}, {"type": "Feature", "properties": {"building": "yes", "source": "way"}, "geometry": {"type": "Point", "coordinates": [-82.94097838317234, 42.385021400157804]}}, {"type": "Feature", "properties": {"building": "garage", "source": "way"}, "geometry": {"type": "Point", "coordinates": [-82.94116075, 42.384926300000004]}}, {"type": "Feature", "properties": {"building": "garage", "source": "way"}, "geometry": {"type": "Point", "coordinates": [-82.94092605, 42.38458355]}}, {"type": "Feature", "properties": {"building": "yes", "source": "way"}, "geometry": {"type": "Point", "coordinates": [-82.94071415, 42.384585550000004]}}, {"type": "Feature", "properties": {"building": "yes", "source": "way"}, "geometry": {"type": "Point", "coordinates": [-82.94074099999999, 42.3846836]}}, {"type": "Feature", "properties": {"building": "yes", "source": "way"}, "geometry": {"type": "Point", "coordinates": [-82.94081478364883, 42.384761866669756]}}, {"type": "Feature", "properties": {"building": "garage", "source": "way"}, "geometry": {"type": "Point", "coordinates": [-82.94104275000002, 42.384759900000006]}}, {"type": "Feature", "properties": {"building": "yes", "source": "way"}, "geometry": {"type": "Point", "coordinates": [-82.94086166539823, 42.38485103334562]}}, {"type": "Feature", "properties": {"building": "yes", "source": "way"}, "geometry": {"type": "Point", "coordinates": [-82.94092205, 42.38493819999999]}}, {"type": "Feature", "properties": {"building": "garage", "source": "way"}, "geometry": {"type": "Point", "coordinates": [-82.94111249313772, 42.38484113158977]}}, {"type": "Feature", "properties": {"building": "garage", "source": "way"}, "geometry": {"type": "Point", "coordinates": [-82.9411352898041, 42.3846271714888]}}, {"type": "Feature", "properties": {"building": "garage", "source": "way"}, "geometry": {"type": "Point", "coordinates": [-82.94118489999998, 42.38471830000001]}}, {"type": "Feature", "properties": {"building": "garage", "source": "way"}, "geometry": {"type": "Point", "coordinates": [-82.94124392583726, 42.38480446491759]}}, {"type": "Feature", "properties": {"building": "yes", "source": "way"}, "geometry": {"type": "Point", "coordinates": [-82.94003960000002, 42.38450535]}}, {"type": "Feature", "properties": {"building": "yes", "source": "way"}, "geometry": {"type": "Point", "coordinates": [-82.93998463348444, 42.38441319985909]}}, {"type": "Feature", "properties": {"building": "yes", "source": "way"}, "geometry": {"type": "Point", "coordinates": [-82.93994305000001, 42.384328]}}, {"type": "Feature", "properties": {"building": "yes", "source": "way"}, "geometry": {"type": "Point", "coordinates": [-82.93987865, 42.3842418]}}, {"type": "Feature", "properties": {"building": "garage", "source": "way"}, "geometry": {"type": "Point", "coordinates": [-82.93968420589181, 42.384288368382336]}}, {"type": "Feature", "properties": {"building": "yes", "source": "way"}, "geometry": {"type": "Point", "coordinates": [-82.93983171401054, 42.38415461749533]}}, {"type": "Feature", "properties": {"building": "yes", "source": "way"}, "geometry": {"type": "Point", "coordinates": [-82.93974183306686, 42.384072433198995]}}, {"type": "Feature", "properties": {"building": "yes", "source": "way"}, "geometry": {"type": "Point", "coordinates": [-82.94063505, 42.3845063]}}, {"type": "Feature", "properties": {"building": "yes", "source": "way"}, "geometry": {"type": "Point", "coordinates": [-82.94057738220208, 42.38442010140746]}}, {"type": "Feature", "properties": {"building": "yes", "source": "way"}, "geometry": {"type": "Point", "coordinates": [-82.94051838122606, 42.38433691652712]}}, {"type": "Feature", "properties": {"building": "yes", "source": "way"}, "geometry": {"type": "Point", "coordinates": [-82.94047411723813, 42.38424574939219]}}, {"type": "Feature", "properties": {"building": "yes", "source": "way"}, "geometry": {"type": "Point", "coordinates": [-82.9404043673883, 42.384163549204764]}}, {"type": "Feature", "properties": {"building": "yes", "source": "way"}, "geometry": {"type": "Point", "coordinates": [-82.94033868238112, 42.38408035111558]}}, {"type": "Feature", "properties": {"building": "yes", "source": "way"}, "geometry": {"type": "Point", "coordinates": [-82.9402796538696, 42.38398923141451]}}, {"type": "Feature", "properties": {"building": "yes", "source": "way"}, "geometry": {"type": "Point", "coordinates": [-82.94022063246868, 42.38390305098711]}}, {"type": "Feature", "properties": {"building": "garage", "source": "way"}, "geometry": {"type": "Point", "coordinates": [-82.94042449999999, 42.38380695000001]}}, {"type": "Feature", "properties": {"building": "garage", "source": "way"}, "geometry": {"type": "Point", "coordinates": [-82.94047009999998, 42.3839288]}}, {"type": "Feature", "properties": {"building": "garage", "source": "way"}, "geometry": {"type": "Point", "coordinates": [-82.94054519420904, 42.38398228162322]}}, {"type": "Feature", "properties": {"building": "garage", "source": "way"}, "geometry": {"type": "Point", "coordinates": [-82.94059215743486, 42.384075368403174]}}, {"type": "Feature", "properties": {"building": "garage", "source": "way"}, "geometry": {"type": "Point", "coordinates": [-82.94109639999998, 42.38453995]}}, {"type": "Feature", "properties": {"building": "garage", "source": "way"}, "geometry": {"type": "Point", "coordinates": [-82.94088582377265, 42.38450233489336]}}, {"type": "Feature", "properties": {"building": "garage", "source": "way"}, "geometry": {"type": "Point", "coordinates": [-82.9408335592446, 42.38441516828152]}}, {"type": "Feature", "properties": {"building": "garage", "source": "way"}, "geometry": {"type": "Point", "coordinates": [-82.94075974276562, 42.38434088159533]}}, {"type": "Feature", "properties": {"building": "garage", "source": "way"}, "geometry": {"type": "Point", "coordinates": [-82.94086705000001, 42.38420119999999]}}, {"type": "Feature", "properties": {"building": "garage", "source": "way"}, "geometry": {"type": "Point", "coordinates": [-82.94103067869521, 42.38445576603109]}}, {"type": "Feature", "properties": {"building": "garage", "source": "way"}, "geometry": {"type": "Point", "coordinates": [-82.94082820554372, 42.38411996835583]}}, {"type": "Feature", "properties": {"building": "garage", "source": "way"}, "geometry": {"type": "Point", "coordinates": [-82.94075171836305, 42.384029845463125]}}, {"type": "Feature", "properties": {"building": "garage", "source": "way"}, "geometry": {"type": "Point", "coordinates": [-82.94068335, 42.383950600000006]}}, {"type": "Feature", "properties": {"building": "garage", "source": "way"}, "geometry": {"type": "Point", "coordinates": [-82.9407826, 42.3837901]}}, {"type": "Feature", "properties": {"building": "yes", "source": "way"}, "geometry": {"type": "Point", "coordinates": [-82.94099446586858, 42.38374453333333]}}, {"type": "Feature", "properties": {"building": "yes", "source": "way"}, "geometry": {"type": "Point", "coordinates": [-82.94104943313265, 42.38383073318186]}}, {"type": "Feature", "properties": {"building": "yes", "source": "way"}, "geometry": {"type": "Point", "coordinates": [-82.94110979999999, 42.38391394999999]}}, {"type": "Feature", "properties": {"building": "yes", "source": "way"}, "geometry": {"type": "Point", "coordinates": [-82.94116213388496, 42.384003099512455]}}, {"type": "Feature", "properties": {"building": "yes", "source": "way"}, "geometry": {"type": "Point", "coordinates": [-82.94123725, 42.38408035]}}, {"type": "Feature", "properties": {"building": "yes", "source": "way"}, "geometry": {"type": "Point", "coordinates": [-82.94125061154469, 42.38417943370683]}}, {"type": "Feature", "properties": {"building": "yes", "source": "way"}, "geometry": {"type": "Point", "coordinates": [-82.9409167, 42.383659349999995]}}, {"type": "Feature", "properties": {"building": "garage", "source": "way"}, "geometry": {"type": "Point", "coordinates": [-82.9407598, 42.3837267]}}, {"type": "Feature", "properties": {"building": "garage", "source": "way"}, "geometry": {"type": "Point", "coordinates": [-82.94029980790498, 42.38359591839155]}}, {"type": "Feature", "properties": {"building": "yes", "source": "way"}, "geometry": {"type": "Point", "coordinates": [-82.93999936651448, 42.38348005014183]}}, {"type": "Feature", "properties": {"building": "yes", "source": "way"}, "geometry": {"type": "Point", "coordinates": [-82.94005033251321, 42.38356425092484]}}, {"type": "Feature", "properties": {"building": "yes", "source": "way"}, "geometry": {"type": "Point", "coordinates": [-82.94012140000002, 42.383639550000005]}}, {"type": "Feature", "properties": {"building": "yes", "source": "way"}, "geometry": {"type": "Point", "coordinates": [-82.93993905, 42.3833889]}}, {"type": "Feature", "properties": {"building": "yes", "source": "way"}, "geometry": {"type": "Point", "coordinates": [-82.93987461875332, 42.383293833469224]}}, {"type": "Feature", "properties": {"building": "yes", "source": "way"}, "geometry": {"type": "Point", "coordinates": [-82.93980623428166, 42.383192782900984]}}, {"type": "Feature", "properties": {"building": "yes", "source": "way"}, "geometry": {"type": "Point", "coordinates": [-82.93974588087849, 42.383096666483624]}}, {"type": "Feature", "properties": {"building": "garage", "source": "way"}, "geometry": {"type": "Point", "coordinates": [-82.93997523159423, 42.38311055366898]}}, {"type": "Feature", "properties": {"building": "garage", "source": "way"}, "geometry": {"type": "Point", "coordinates": [-82.94009860000001, 42.38329775]}}, {"type": "Feature", "properties": {"building": "garage", "source": "way"}, "geometry": {"type": "Point", "coordinates": [-82.94003420000001, 42.383211599999996]}}, {"type": "Feature", "properties": {"building": "garage", "source": "way"}, "geometry": {"type": "Point", "coordinates": [-82.94027965425761, 42.383108568200804]}}, {"type": "Feature", "properties": {"building": "garage", "source": "way"}, "geometry": {"type": "Point", "coordinates": [-82.94034270000002, 42.383420599999994]}}, {"type": "Feature", "properties": {"building": "garage", "source": "way"}, "geometry": {"type": "Point", "coordinates": [-82.94042180208956, 42.38352856763508]}}, {"type": "Feature", "properties": {"building": "yes", "source": "way"}, "geometry": {"type": "Point", "coordinates": [-82.9407517, 42.383400800000004]}}, {"type": "Feature", "properties": {"building": "yes", "source": "way"}, "geometry": {"type": "Point", "coordinates": [-82.9406954, 42.383310699999996]}}, {"type": "Feature", "properties": {"building": "yes", "source": "way"}, "geometry": {"type": "Point", "coordinates": [-82.9406565, 42.38321655]}}, {"type": "Feature", "properties": {"building": "yes", "source": "way"}, "geometry": {"type": "Point", "coordinates": [-82.94058405, 42.38313135]}}, {"type": "Feature", "properties": {"building": "yes", "source": "way"}, "geometry": {"type": "Point", "coordinates": [-82.94054655000001, 42.383034249999994]}}, {"type": "Feature", "properties": {"building": "yes", "source": "way"}, "geometry": {"type": "Point", "coordinates": [-82.94045531570302, 42.382947100809915]}}, {"type": "Feature", "properties": {"building": "yes", "source": "way"}, "geometry": {"type": "Point", "coordinates": [-82.94042586308325, 42.3828490176869]}}, {"type": "Feature", "properties": {"building": "yes", "source": "way"}, "geometry": {"type": "Point", "coordinates": [-82.94035475, 42.38276085]}}, {"type": "Feature", "properties": {"building": "garage", "source": "way"}, "geometry": {"type": "Point", "coordinates": [-82.94000205, 42.382871800000004]}}, {"type": "Feature", "properties": {"building": "garage", "source": "way"}, "geometry": {"type": "Point", "coordinates": [-82.93994570000001, 42.3827787]}}, {"type": "Feature", "properties": {"building": "garage", "source": "way"}, "geometry": {"type": "Point", "coordinates": [-82.93984111837251, 42.382908446851054]}}, {"type": "Feature", "properties": {"building": "yes", "source": "way"}, "geometry": {"type": "Point", "coordinates": [-82.9396869, 42.382995650000005]}}, {"type": "Feature", "properties": {"building": "yes", "source": "way"}, "geometry": {"type": "Point", "coordinates": [-82.93962385, 42.38289755]}}, {"type": "Feature", "properties": {"building": "garage", "source": "way"}, "geometry": {"type": "Point", "coordinates": [-82.93978210598802, 42.38280741838373]}}, {"type": "Feature", "properties": {"building": "garage", "source": "way"}, "geometry": {"type": "Point", "coordinates": [-82.93970564155724, 42.38270043164989]}}, {"type": "Feature", "properties": {"building": "yes", "source": "way"}, "geometry": {"type": "Point", "coordinates": [-82.93955679999999, 42.38280244999999]}}, {"type": "Feature", "properties": {"building": "yes", "source": "way"}, "geometry": {"type": "Point", "coordinates": [-82.93947233302647, 42.382712300308825]}}, {"type": "Feature", "properties": {"building": "yes", "source": "way"}, "geometry": {"type": "Point", "coordinates": [-82.94027833285679, 42.382674650496696]}}, {"type": "Feature", "properties": {"building": "garage", "source": "way"}, "geometry": {"type": "Point", "coordinates": [-82.9398894, 42.38269745]}}, {"type": "Feature", "properties": {"building": "yes", "source": "way"}, "geometry": {"type": "Point", "coordinates": [-82.94026893787068, 42.38257463213188]}}, {"type": "Feature", "properties": {"building": "yes", "source": "way"}, "geometry": {"type": "Point", "coordinates": [-82.93934221812152, 42.3825052979102]}}, {"type": "Feature", "properties": {"building": "yes", "source": "way"}, "geometry": {"type": "Point", "coordinates": [-82.9394039, 42.382614249999996]}}, {"type": "Feature", "properties": {"building": "garage", "source": "way"}, "geometry": {"type": "Point", "coordinates": [-82.9396493, 42.38261025]}}, {"type": "Feature", "properties": {"building": "garage", "source": "way"}, "geometry": {"type": "Point", "coordinates": [-82.9398196682868, 42.38260334734077]}}, {"type": "Feature", "properties": {"building": "garage", "source": "way"}, "geometry": {"type": "Point", "coordinates": [-82.93978076836788, 42.382512246897285]}}, {"type": "Feature", "properties": {"building": "garage", "source": "way"}, "geometry": {"type": "Point", "coordinates": [-82.9397512598241, 42.38241512869771]}}, {"type": "Feature", "properties": {"building": "yes", "source": "way"}, "geometry": {"type": "Point", "coordinates": [-82.94012541701888, 42.38240519964223]}}, {"type": "Feature", "properties": {"building": "yes", "source": "way"}, "geometry": {"type": "Point", "coordinates": [-82.94018175, 42.3824904]}}, {"type": "Feature", "properties": {"building": "garage", "source": "way"}, "geometry": {"type": "Point", "coordinates": [-82.9395045, 42.38241215]}}, {"type": "Feature", "properties": {"building": "yes", "source": "way"}, "geometry": {"type": "Point", "coordinates": [-82.94170817401437, 42.38808566173668]}}, {"type": "Feature", "properties": {"building": "yes", "source": "way"}, "geometry": {"type": "Point", "coordinates": [-82.94229938269835, 42.38798642865944]}}, {"type": "Feature", "properties": {"building": "yes", "source": "way"}, "geometry": {"type": "Point", "coordinates": [-82.9415745, 42.387760799999995]}}, {"type": "Feature", "properties": {"building": "yes", "source": "way"}, "geometry": {"type": "Point", "coordinates": [-82.94163953340639, 42.387862299931015]}}, {"type": "Feature", "properties": {"building": "yes", "source": "way"}, "geometry": {"type": "Point", "coordinates": [-82.94203985000001, 42.3875097]}}, {"type": "Feature", "properties": {"building": "yes", "source": "way"}, "geometry": {"type": "Point", "coordinates": [-82.94209753401758, 42.387598349405835]}}, {"type": "Feature", "properties": {"building": "yes", "source": "way"}, "geometry": {"type": "Point", "coordinates": [-82.94221825, 42.38777965]}}, {"type": "Feature", "properties": {"building": "yes", "source": "way"}, "geometry": {"type": "Point", "coordinates": [-82.94215051801365, 42.387681566516555]}}, {"type": "Feature", "properties": {"building": "garage", "source": "way"}, "geometry": {"type": "Point", "coordinates": [-82.94189098162865, 42.387645904494626]}}, {"type": "Feature", "properties": {"building": "garage", "source": "way"}, "geometry": {"type": "Point", "coordinates": [-82.94174815000001, 42.3876672]}}, {"type": "Feature", "properties": {"building": "yes", "source": "way"}, "geometry": {"type": "Point", "coordinates": [-82.9415195, 42.38766125]}}, {"type": "Feature", "properties": {"building": "yes", "source": "way"}, "geometry": {"type": "Point", "coordinates": [-82.9414537835373, 42.3875621998113]}}, {"type": "Feature", "properties": {"building": "yes", "source": "way"}, "geometry": {"type": "Point", "coordinates": [-82.94138745000001, 42.387464650000005]}}, {"type": "Feature", "properties": {"building": "yes", "source": "way"}, "geometry": {"type": "Point", "coordinates": [-82.94131564999999, 42.3873631]}}, {"type": "Feature", "properties": {"building": "garage", "source": "way"}, "geometry": {"type": "Point", "coordinates": [-82.94155299999998, 42.38737105]}}, {"type": "Feature", "properties": {"building": "garage", "source": "way"}, "geometry": {"type": "Point", "coordinates": [-82.94161606841212, 42.387466096273165]}}, {"type": "Feature", "properties": {"building": "garage", "source": "way"}, "geometry": {"type": "Point", "coordinates": [-82.9416831071506, 42.38756911840231]}}, {"type": "Feature", "properties": {"building": "garage", "source": "way"}, "geometry": {"type": "Point", "coordinates": [-82.94183464999999, 42.387562700000004]}}, {"type": "Feature", "properties": {"building": "yes", "source": "way"}, "geometry": {"type": "Point", "coordinates": [-82.94199693300737, 42.38741810032929]}}, {"type": "Feature", "properties": {"building": "garage", "source": "way"}, "geometry": {"type": "Point", "coordinates": [-82.94177835, 42.387477999999994]}}, {"type": "Feature", "properties": {"building": "garage", "source": "way"}, "geometry": {"type": "Point", "coordinates": [-82.94171665, 42.38738985]}}, {"type": "Feature", "properties": {"building": "yes", "source": "way"}, "geometry": {"type": "Point", "coordinates": [-82.94193725000001, 42.38733685]}}, {"type": "Feature", "properties": {"building": "yes", "source": "way"}, "geometry": {"type": "Point", "coordinates": [-82.94188496635249, 42.387243716944795]}}, {"type": "Feature", "properties": {"building": "yes", "source": "way"}, "geometry": {"type": "Point", "coordinates": [-82.94181255000001, 42.387164999999996]}}, {"type": "Feature", "properties": {"building": "garage", "source": "way"}, "geometry": {"type": "Point", "coordinates": [-82.94129155, 42.38695845]}}, {"type": "Feature", "properties": {"building": "yes", "source": "way"}, "geometry": {"type": "Point", "coordinates": [-82.94104475, 42.38697185]}}, {"type": "Feature", "properties": {"building": "yes", "source": "way"}, "geometry": {"type": "Point", "coordinates": [-82.94111649999998, 42.38707335]}}, {"type": "Feature", "properties": {"building": "yes", "source": "way"}, "geometry": {"type": "Point", "coordinates": [-82.9411580654159, 42.387171433344776]}}, {"type": "Feature", "properties": {"building": "yes", "source": "way"}, "geometry": {"type": "Point", "coordinates": [-82.9412439, 42.387272450000005]}}, {"type": "Feature", "properties": {"building": "garage", "source": "way"}, "geometry": {"type": "Point", "coordinates": [-82.94142427503668, 42.38717343555786]}}, {"type": "Feature", "properties": {"building": "garage", "source": "way"}, "geometry": {"type": "Point", "coordinates": [-82.94148731841072, 42.387268496033954]}}, {"type": "Feature", "properties": {"building": "garage", "source": "way"}, "geometry": {"type": "Point", "coordinates": [-82.94160735000001, 42.387212549999994]}}, {"type": "Feature", "properties": {"building": "garage", "source": "way"}, "geometry": {"type": "Point", "coordinates": [-82.94123255, 42.38687825]}}, {"type": "Feature", "properties": {"building": "yes", "source": "way"}, "geometry": {"type": "Point", "coordinates": [-82.9410058671234, 42.386863849526264]}}, {"type": "Feature", "properties": {"building": "yes", "source": "way"}, "geometry": {"type": "Point", "coordinates": [-82.9408543336995, 42.38667764966894]}}, {"type": "Feature", "properties": {"building": "yes", "source": "way"}, "geometry": {"type": "Point", "coordinates": [-82.94092203305222, 42.38677223320241]}}, {"type": "Feature", "properties": {"building": "garage", "source": "way"}, "geometry": {"type": "Point", "coordinates": [-82.94109574999999, 42.38666919999999]}}, {"type": "Feature", "properties": {"building": "garage", "source": "way"}, "geometry": {"type": "Point", "coordinates": [-82.94115809085658, 42.38677172097978]}}, {"type": "Feature", "properties": {"building": "yes", "source": "way"}, "geometry": {"type": "Point", "coordinates": [-82.9407832, 42.386569650000006]}}, {"type": "Feature", "properties": {"building": "garage", "source": "way"}, "geometry": {"type": "Point", "coordinates": [-82.94103, 42.386581050000004]}}, {"type": "Feature", "properties": {"building": "garage", "source": "way"}, "geometry": {"type": "Point", "coordinates": [-82.9409703183228, 42.38649439719475]}}, {"type": "Feature", "properties": {"building": "yes", "source": "way"}, "geometry": {"type": "Point", "coordinates": [-82.94129755, 42.3863909]}}, {"type": "Feature", "properties": {"building": "yes", "source": "way"}, "geometry": {"type": "Point", "coordinates": [-82.94049290000001, 42.38613530000001]}}, {"type": "Feature", "properties": {"building": "yes", "source": "way"}, "geometry": {"type": "Point", "coordinates": [-82.94057, 42.3862294]}}, {"type": "Feature", "properties": {"building": "yes", "source": "way"}, "geometry": {"type": "Point", "coordinates": [-82.94061831423228, 42.38632301744462]}}, {"type": "Feature", "properties": {"building": "garage", "source": "way"}, "geometry": {"type": "Point", "coordinates": [-82.94081143187368, 42.386240305745154]}}, {"type": "Feature", "properties": {"building": "garage", "source": "way"}, "geometry": {"type": "Point", "coordinates": [-82.94073965, 42.38613335]}}, {"type": "Feature", "properties": {"building": "yes", "source": "way"}, "geometry": {"type": "Point", "coordinates": [-82.94106150000002, 42.3860566]}}, {"type": "Feature", "properties": {"building": "yes", "source": "way"}, "geometry": {"type": "Point", "coordinates": [-82.94112051777944, 42.38612984862951]}}, {"type": "Feature", "properties": {"building": "garage", "source": "way"}, "geometry": {"type": "Point", "coordinates": [-82.94095692437152, 42.38622298518167]}}, {"type": "Feature", "properties": {"building": "yes", "source": "way"}, "geometry": {"type": "Point", "coordinates": [-82.940226, 42.38574255]}}, {"type": "Feature", "properties": {"building": "yes", "source": "way"}, "geometry": {"type": "Point", "coordinates": [-82.94030113360938, 42.38583814974731]}}, {"type": "Feature", "properties": {"building": "yes", "source": "way"}, "geometry": {"type": "Point", "coordinates": [-82.9403661843447, 42.38594066666228]}}, {"type": "Feature", "properties": {"building": "yes", "source": "way"}, "geometry": {"type": "Point", "coordinates": [-82.94042920000001, 42.386036749999995]}}, {"type": "Feature", "properties": {"building": "garage", "source": "way"}, "geometry": {"type": "Point", "coordinates": [-82.94067595, 42.3860353]}}, {"type": "Feature", "properties": {"building": "yes", "source": "way"}, "geometry": {"type": "Point", "coordinates": [-82.9410360321654, 42.38596395146947]}}, {"type": "Feature", "properties": {"building": "garage", "source": "way"}, "geometry": {"type": "Point", "coordinates": [-82.94081205, 42.38600755]}}, {"type": "Feature", "properties": {"building": "yes", "source": "way"}, "geometry": {"type": "Point", "coordinates": [-82.94078055000001, 42.385928250000006]}}, {"type": "Feature", "properties": {"building": "yes", "source": "way"}, "geometry": {"type": "Point", "coordinates": [-82.94077183141606, 42.38562518363196]}}, {"type": "Feature", "properties": {"building": "yes", "source": "way"}, "geometry": {"type": "Point", "coordinates": [-82.94082881666667, 42.3857133]}}, {"type": "Feature", "properties": {"building": "garage", "source": "way"}, "geometry": {"type": "Point", "coordinates": [-82.9405948, 42.385675199999994]}}, {"type": "Feature", "properties": {"building": "garage", "source": "way"}, "geometry": {"type": "Point", "coordinates": [-82.94065785000001, 42.38575195]}}, {"type": "Feature", "properties": {"building": "garage", "source": "way"}, "geometry": {"type": "Point", "coordinates": [-82.94048016040516, 42.38573361814745]}}, {"type": "Feature", "properties": {"building": "garage", "source": "way"}, "geometry": {"type": "Point", "coordinates": [-82.94054185, 42.3858396]}}, {"type": "Feature", "properties": {"building": "garage", "source": "way"}, "geometry": {"type": "Point", "coordinates": [-82.94061225, 42.38594215]}}, {"type": "Feature", "properties": {"building": "garage", "source": "way"}, "geometry": {"type": "Point", "coordinates": [-82.9407001078388, 42.385835168389306]}}, {"type": "Feature", "properties": {"building": "yes", "source": "way"}, "geometry": {"type": "Point", "coordinates": [-82.9408764680649, 42.38580446650341]}}, {"type": "Feature", "properties": {"building": "garage", "source": "way"}, "geometry": {"type": "Point", "coordinates": [-82.94041645000001, 42.38563755]}}, {"type": "Feature", "properties": {"building": "yes", "source": "way"}, "geometry": {"type": "Point", "coordinates": [-82.94017974999998, 42.38563804999999]}}, {"type": "Feature", "properties": {"building": "yes", "source": "way"}, "geometry": {"type": "Point", "coordinates": [-82.94005704999998, 42.38543845]}}, {"type": "Feature", "properties": {"building": "yes", "source": "way"}, "geometry": {"type": "Point", "coordinates": [-82.9401234, 42.38553944999999]}}, {"type": "Feature", "properties": {"building": "garage", "source": "way"}, "geometry": {"type": "Point", "coordinates": [-82.94028365, 42.385441900000004]}}, {"type": "Feature", "properties": {"building": "garage", "source": "way"}, "geometry": {"type": "Point", "coordinates": [-82.940356775278, 42.38553653570434]}}, {"type": "Feature", "properties": {"building": "yes", "source": "way"}, "geometry": {"type": "Point", "coordinates": [-82.9407363, 42.38553255000001]}}, {"type": "Feature", "properties": {"building": "garage", "source": "way"}, "geometry": {"type": "Point", "coordinates": [-82.94053784120877, 42.38558602079862]}}, {"type": "Feature", "properties": {"building": "garage", "source": "way"}, "geometry": {"type": "Point", "coordinates": [-82.9404807908117, 42.385498381706455]}}, {"type": "Feature", "properties": {"building": "yes", "source": "way"}, "geometry": {"type": "Point", "coordinates": [-82.94068398541734, 42.385443882634554]}}, {"type": "Feature", "properties": {"building": "yes", "source": "way"}, "geometry": {"type": "Point", "coordinates": [-82.94055460000001, 42.385277]}}, {"type": "Feature", "properties": {"building": "garage", "source": "way"}, "geometry": {"type": "Point", "coordinates": [-82.94036213886871, 42.38531758196236]}}, {"type": "Feature", "properties": {"building": "garage", "source": "way"}, "geometry": {"type": "Point", "coordinates": [-82.94042114999999, 42.38540725]}}, {"type": "Feature", "properties": {"building": "yes", "source": "way"}, "geometry": {"type": "Point", "coordinates": [-82.94060218408373, 42.38536713294285]}}, {"type": "Feature", "properties": {"building": "yes", "source": "way"}, "geometry": {"type": "Point", "coordinates": [-82.93997053289885, 42.385347800448194]}}, {"type": "Feature", "properties": {"building": "garage", "source": "way"}, "geometry": {"type": "Point", "coordinates": [-82.94015896050776, 42.38525022835147]}}, {"type": "Feature", "properties": {"building": "garage", "source": "way"}, "geometry": {"type": "Point", "coordinates": [-82.940222, 42.38534335]}}, {"type": "Feature", "properties": {"building": "yes", "source": "way"}, "geometry": {"type": "Point", "coordinates": [-82.94050295000001, 42.38518834999999]}}, {"type": "Feature", "properties": {"building": "garage", "source": "way"}, "geometry": {"type": "Point", "coordinates": [-82.94031118159717, 42.3852373540186]}}, {"type": "Feature", "properties": {"building": "yes", "source": "way"}, "geometry": {"type": "Point", "coordinates": [-82.94043723304344, 42.385106100290756]}}, {"type": "Feature", "properties": {"building": "yes", "source": "way"}, "geometry": {"type": "Point", "coordinates": [-82.94040236621403, 42.38501396698474]}}, {"type": "Feature", "properties": {"building": "garage", "source": "way"}, "geometry": {"type": "Point", "coordinates": [-82.94019851098676, 42.385067478112354]}}, {"type": "Feature", "properties": {"building": "garage", "source": "way"}, "geometry": {"type": "Point", "coordinates": [-82.94008855, 42.385143250000006]}}, {"type": "Feature", "properties": {"building": "yes", "source": "way"}, "geometry": {"type": "Point", "coordinates": [-82.93992896637874, 42.38524380026338]}}, {"type": "Feature", "properties": {"building": "yes", "source": "way"}, "geometry": {"type": "Point", "coordinates": [-82.93985989999999, 42.3851487]}}, {"type": "Feature", "properties": {"building": "yes", "source": "way"}, "geometry": {"type": "Point", "coordinates": [-82.93978681745597, 42.38504666666667]}}, {"type": "Feature", "properties": {"building": "garage", "source": "way"}, "geometry": {"type": "Point", "coordinates": [-82.94002485, 42.38504915]}}, {"type": "Feature", "properties": {"building": "garage", "source": "way"}, "geometry": {"type": "Point", "coordinates": [-82.94014620246642, 42.38498971776402]}}, {"type": "Feature", "properties": {"building": "yes", "source": "way"}, "geometry": {"type": "Point", "coordinates": [-82.94027898528238, 42.38484263265821]}}, {"type": "Feature", "properties": {"building": "yes", "source": "way"}, "geometry": {"type": "Point", "coordinates": [-82.94017236674215, 42.38467223333471]}}, {"type": "Feature", "properties": {"building": "yes", "source": "way"}, "geometry": {"type": "Point", "coordinates": [-82.94023670040166, 42.38475893285188]}}, {"type": "Feature", "properties": {"building": "garage", "source": "way"}, "geometry": {"type": "Point", "coordinates": [-82.94003625, 42.384806450000006]}}, {"type": "Feature", "properties": {"building": "garage", "source": "way"}, "geometry": {"type": "Point", "coordinates": [-82.94008720496456, 42.384899568300064]}}, {"type": "Feature", "properties": {"building": "garage", "source": "way"}, "geometry": {"type": "Point", "coordinates": [-82.9399618265448, 42.384941665249414]}}, {"type": "Feature", "properties": {"building": "garage", "source": "way"}, "geometry": {"type": "Point", "coordinates": [-82.9399008, 42.384851]}}, {"type": "Feature", "properties": {"building": "yes", "source": "way"}, "geometry": {"type": "Point", "coordinates": [-82.93972443320096, 42.384947600129124]}}, {"type": "Feature", "properties": {"building": "yes", "source": "way"}, "geometry": {"type": "Point", "coordinates": [-82.9396708, 42.38484904999999]}}, {"type": "Feature", "properties": {"building": "yes", "source": "way"}, "geometry": {"type": "Point", "coordinates": [-82.9395293, 42.3846534]}}, {"type": "Feature", "properties": {"building": "yes", "source": "way"}, "geometry": {"type": "Point", "coordinates": [-82.93957358252992, 42.38475845090235]}}, {"type": "Feature", "properties": {"building": "garage", "source": "way"}, "geometry": {"type": "Point", "coordinates": [-82.93982501836544, 42.38474949692169]}}, {"type": "Feature", "properties": {"building": "garage", "source": "way"}, "geometry": {"type": "Point", "coordinates": [-82.93996784999999, 42.3847173]}}, {"type": "Feature", "properties": {"building": "garage", "source": "way"}, "geometry": {"type": "Point", "coordinates": [-82.9399149, 42.384636549999996]}}, {"type": "Feature", "properties": {"building": "yes", "source": "way"}, "geometry": {"type": "Point", "coordinates": [-82.94011403318586, 42.384586050144435]}}, {"type": "Feature", "properties": {"building": "yes", "source": "way"}, "geometry": {"type": "Point", "coordinates": [-82.93947296450399, 42.38454793339033]}}, {"type": "Feature", "properties": {"building": "yes", "source": "way"}, "geometry": {"type": "Point", "coordinates": [-82.93940391630323, 42.38445380032901]}}, {"type": "Feature", "properties": {"building": "yes", "source": "way"}, "geometry": {"type": "Point", "coordinates": [-82.93931470000001, 42.384359200000006]}}, {"type": "Feature", "properties": {"building": "yes", "source": "way"}, "geometry": {"type": "Point", "coordinates": [-82.93926176767847, 42.38424229879365]}}, {"type": "Feature", "properties": {"building": "garage", "source": "way"}, "geometry": {"type": "Point", "coordinates": [-82.93943878164589, 42.38415710300688]}}, {"type": "Feature", "properties": {"building": "garage", "source": "way"}, "geometry": {"type": "Point", "coordinates": [-82.93957760547522, 42.38435771835397]}}, {"type": "Feature", "properties": {"building": "garage", "source": "way"}, "geometry": {"type": "Point", "coordinates": [-82.93963525, 42.38445085]}}, {"type": "Feature", "properties": {"building": "garage", "source": "way"}, "geometry": {"type": "Point", "coordinates": [-82.93970433159052, 42.384553353798104]}}, {"type": "Feature", "properties": {"building": "garage", "source": "way"}, "geometry": {"type": "Point", "coordinates": [-82.93983709999999, 42.38453405]}}, {"type": "Feature", "properties": {"building": "garage", "source": "way"}, "geometry": {"type": "Point", "coordinates": [-82.93977875, 42.3844434]}}, {"type": "Feature", "properties": {"building": "garage", "source": "way"}, "geometry": {"type": "Point", "coordinates": [-82.9397298, 42.384363650000004]}}, {"type": "Feature", "properties": {"building": "yes", "source": "way"}, "geometry": {"type": "Point", "coordinates": [-82.93987465000001, 42.387027800000006]}}, {"type": "Feature", "properties": {"building": "yes", "source": "way"}, "geometry": {"type": "Point", "coordinates": [-82.93979619999999, 42.3869243]}}, {"type": "Feature", "properties": {"building": "yes", "source": "way"}, "geometry": {"type": "Point", "coordinates": [-82.94001546815115, 42.386849494325276]}}, {"type": "Feature", "properties": {"building": "garage", "source": "way"}, "geometry": {"type": "Point", "coordinates": [-82.94007041807328, 42.38693419402984]}}, {"type": "Feature", "properties": {"building": "garage", "source": "way"}, "geometry": {"type": "Point", "coordinates": [-82.94010395751722, 42.386798968398615]}}, {"type": "Feature", "properties": {"building": "garage", "source": "way"}, "geometry": {"type": "Point", "coordinates": [-82.94015963162398, 42.38689060317738]}}, {"type": "Feature", "properties": {"building": "yes", "source": "way"}, "geometry": {"type": "Point", "coordinates": [-82.94031653265678, 42.38674695073699]}}, {"type": "Feature", "properties": {"building": "yes", "source": "way"}, "geometry": {"type": "Point", "coordinates": [-82.94035882202635, 42.38685841539097]}}, {"type": "Feature", "properties": {"building": "yes", "source": "way"}, "geometry": {"type": "Point", "coordinates": [-82.93994906702324, 42.38712439963804]}}, {"type": "Feature", "properties": {"building": "garage", "source": "way"}, "geometry": {"type": "Point", "coordinates": [-82.94013415330885, 42.387030268003976]}}, {"type": "Feature", "properties": {"building": "garage", "source": "way"}, "geometry": {"type": "Point", "coordinates": [-82.94021463231209, 42.386978751219814]}}, {"type": "Feature", "properties": {"building": "yes", "source": "way"}, "geometry": {"type": "Point", "coordinates": [-82.94042851747058, 42.386946049096956]}}, {"type": "Feature", "properties": {"building": "yes", "source": "way"}, "geometry": {"type": "Point", "coordinates": [-82.94049423169274, 42.387033752747335]}}, {"type": "Feature", "properties": {"building": "yes", "source": "way"}, "geometry": {"type": "Point", "coordinates": [-82.94053844663708, 42.387132334368694]}}, {"type": "Feature", "properties": {"building": "garage", "source": "way"}, "geometry": {"type": "Point", "coordinates": [-82.94031184377289, 42.3871258816032]}}, {"type": "Feature", "properties": {"building": "garage", "source": "way"}, "geometry": {"type": "Point", "coordinates": [-82.94018644999998, 42.387120900000006]}}, {"type": "Feature", "properties": {"building": "yes", "source": "way"}, "geometry": {"type": "Point", "coordinates": [-82.94000068708111, 42.38722593228334]}}, {"type": "Feature", "properties": {"building": "yes", "source": "way"}, "geometry": {"type": "Point", "coordinates": [-82.94006573720905, 42.38732003225886]}}, {"type": "Feature", "properties": {"building": "yes", "source": "way"}, "geometry": {"type": "Point", "coordinates": [-82.94013348234516, 42.38742105116926]}}, {"type": "Feature", "properties": {"building": "yes", "source": "way"}, "geometry": {"type": "Point", "coordinates": [-82.94021331744811, 42.38751516666667]}}, {"type": "Feature", "properties": {"building": "garage", "source": "way"}, "geometry": {"type": "Point", "coordinates": [-82.9402515, 42.387229899999994]}}, {"type": "Feature", "properties": {"building": "garage", "source": "way"}, "geometry": {"type": "Point", "coordinates": [-82.9403782, 42.387222449999996]}}, {"type": "Feature", "properties": {"building": "yes", "source": "way"}, "geometry": {"type": "Point", "coordinates": [-82.94060284999998, 42.38723185]}}, {"type": "Feature", "properties": {"building": "garage", "source": "way"}, "geometry": {"type": "Point", "coordinates": [-82.9403876315987, 42.38742255361944]}}, {"type": "Feature", "properties": {"building": "garage", "source": "way"}, "geometry": {"type": "Point", "coordinates": [-82.94031921837133, 42.38732099550536]}}, {"type": "Feature", "properties": {"building": "garage", "source": "way"}, "geometry": {"type": "Point", "coordinates": [-82.94044194328669, 42.387320531591634]}}, {"type": "Feature", "properties": {"building": "yes", "source": "way"}, "geometry": {"type": "Point", "coordinates": [-82.9406565, 42.3873324]}}, {"type": "Feature", "properties": {"building": "yes", "source": "way"}, "geometry": {"type": "Point", "coordinates": [-82.94073360000002, 42.38742995]}}, {"type": "Feature", "properties": {"building": "garage", "source": "way"}, "geometry": {"type": "Point", "coordinates": [-82.94050899999999, 42.387428449999994]}}, {"type": "Feature", "properties": {"building": "garage", "source": "way"}, "geometry": {"type": "Point", "coordinates": [-82.9405753816112, 42.38752505338609]}}, {"type": "Feature", "properties": {"building": "yes", "source": "way"}, "geometry": {"type": "Point", "coordinates": [-82.9407933, 42.387530999999996]}}, {"type": "Feature", "properties": {"building": "yes", "source": "way"}, "geometry": {"type": "Point", "coordinates": [-82.94026358262717, 42.38759935077397]}}, {"type": "Feature", "properties": {"building": "garage", "source": "way"}, "geometry": {"type": "Point", "coordinates": [-82.9404721, 42.38755475000001]}}, {"type": "Feature", "properties": {"building": "yes", "source": "way"}, "geometry": {"type": "Point", "coordinates": [-82.94031386243397, 42.38772216781283]}}, {"type": "Feature", "properties": {"building": "garage", "source": "way"}, "geometry": {"type": "Point", "coordinates": [-82.94050629128866, 42.38762213166748]}}, {"type": "Feature", "properties": {"building": "garage", "source": "way"}, "geometry": {"type": "Point", "coordinates": [-82.94063571837545, 42.38762464560988]}}, {"type": "Feature", "properties": {"building": "garage", "source": "way"}, "geometry": {"type": "Point", "coordinates": [-82.94058407232592, 42.387723662648526]}}, {"type": "Feature", "properties": {"building": "garage", "source": "way"}, "geometry": {"type": "Point", "coordinates": [-82.94064645, 42.3878227]}}, {"type": "Feature", "properties": {"building": "yes", "source": "way"}, "geometry": {"type": "Point", "coordinates": [-82.94040104847757, 42.38781181760749]}}, {"type": "Feature", "properties": {"building": "yes", "source": "way"}, "geometry": {"type": "Point", "coordinates": [-82.94046338361787, 42.3879153330603]}}, {"type": "Feature", "properties": {"building": "yes", "source": "way"}, "geometry": {"type": "Point", "coordinates": [-82.94050430151933, 42.38803516741406]}}, {"type": "Feature", "properties": {"building": "yes", "source": "way"}, "geometry": {"type": "Point", "coordinates": [-82.94086105000001, 42.38763005]}}, {"type": "Feature", "properties": {"building": "garage", "source": "way"}, "geometry": {"type": "Point", "coordinates": [-82.9407021, 42.38772315]}}, {"type": "Feature", "properties": {"building": "yes", "source": "way"}, "geometry": {"type": "Point", "coordinates": [-82.94094683534786, 42.387719682648765]}}, {"type": "Feature", "properties": {"building": "garage", "source": "way"}, "geometry": {"type": "Point", "coordinates": [-82.94077655, 42.3878237]}}, {"type": "Feature", "properties": {"building": "yes", "source": "way"}, "geometry": {"type": "Point", "coordinates": [-82.94099379999999, 42.3878252]}}, {"type": "Feature", "properties": {"building": "garage", "source": "way"}, "geometry": {"type": "Point", "coordinates": [-82.94083488158986, 42.38791830390097]}}, {"type": "Feature", "properties": {"building": "garage", "source": "way"}, "geometry": {"type": "Point", "coordinates": [-82.94077651840485, 42.388033696515876]}}, {"type": "Feature", "properties": {"building": "garage", "source": "way"}, "geometry": {"type": "Point", "coordinates": [-82.94091603163261, 42.38802875316615]}}, {"type": "Feature", "properties": {"building": "yes", "source": "way"}, "geometry": {"type": "Point", "coordinates": [-82.94107898176378, 42.38792030244052]}}, {"type": "Feature", "properties": {"building": "yes", "source": "way"}, "geometry": {"type": "Point", "coordinates": [-82.94129513250056, 42.38815018090556]}}, {"type": "Feature", "properties": {"building": "yes", "source": "way"}, "geometry": {"type": "Point", "coordinates": [-82.93857675, 42.37491575]}}, {"type": "Feature", "properties": {"building": "garage", "source": "way"}, "geometry": {"type": "Point", "coordinates": [-82.93777345, 42.37338055]}}, {"type": "Feature", "properties": {"building": "yes", "source": "way"}, "geometry": {"type": "Point", "coordinates": [-82.93753675, 42.37340430000001]}}, {"type": "Feature", "properties": {"building": "yes", "source": "way"}, "geometry": {"type": "Point", "coordinates": [-82.93765143265973, 42.373546050702906]}}, {"type": "Feature", "properties": {"building": "garage", "source": "way"}, "geometry": {"type": "Point", "coordinates": [-82.93788543151251, 42.37355095418131]}}, {"type": "Feature", "properties": {"building": "yes", "source": "way"}, "geometry": {"type": "Point", "coordinates": [-82.9377834870274, 42.37370358216219]}}, {"type": "Feature", "properties": {"building": "garage", "source": "way"}, "geometry": {"type": "Point", "coordinates": [-82.93799609999999, 42.37370555]}}, {"type": "Feature", "properties": {"building": "yes", "source": "way"}, "geometry": {"type": "Point", "coordinates": [-82.93789095654542, 42.37386556168955]}}, {"type": "Feature", "properties": {"building": "yes", "source": "way"}, "geometry": {"type": "Point", "coordinates": [-82.93795248151605, 42.3740389542147]}}, {"type": "Feature", "properties": {"building": "yes", "source": "way"}, "geometry": {"type": "Point", "coordinates": [-82.9380725, 42.37419695]}}, {"type": "Feature", "properties": {"building": "yes", "source": "way"}, "geometry": {"type": "Point", "coordinates": [-82.93820461643494, 42.374337617077245]}}, {"type": "Feature", "properties": {"building": "garage", "source": "way"}, "geometry": {"type": "Point", "coordinates": [-82.93829714085665, 42.374190531604214]}}, {"type": "Feature", "properties": {"building": "yes", "source": "way"}, "geometry": {"type": "Point", "coordinates": [-82.93827365472646, 42.374509530819715]}}, {"type": "Feature", "properties": {"building": "garage", "source": "way"}, "geometry": {"type": "Point", "coordinates": [-82.93850704063797, 42.37449913162159]}}, {"type": "Feature", "properties": {"building": "yes", "source": "way"}, "geometry": {"type": "Point", "coordinates": [-82.93838164999998, 42.374680950000005]}}, {"type": "Feature", "properties": {"building": "garage", "source": "way"}, "geometry": {"type": "Point", "coordinates": [-82.93858215, 42.37463735]}}, {"type": "Feature", "properties": {"building": "commercial", "source": "way"}, "geometry": {"type": "Point", "coordinates": [-82.9375785155319, 42.375267437934575]}}, {"type": "Feature", "properties": {"building": "yes", "source": "way"}, "geometry": {"type": "Point", "coordinates": [-82.93793125, 42.375204999999994]}}, {"type": "Feature", "properties": {"building": "yes", "source": "way"}, "geometry": {"type": "Point", "coordinates": [-82.9372268887717, 42.375017796470765]}}, {"type": "Feature", "properties": {"building": "yes", "source": "way"}, "geometry": {"type": "Point", "coordinates": [-82.93774686436501, 42.37485031753543]}}, {"type": "Feature", "properties": {"building": "yes", "source": "way"}, "geometry": {"type": "Point", "coordinates": [-82.9376006707041, 42.37463238386341]}}, {"type": "Feature", "properties": {"building": "garage", "source": "way"}, "geometry": {"type": "Point", "coordinates": [-82.93745649999998, 42.3747582]}}, {"type": "Feature", "properties": {"building": "garage", "source": "way"}, "geometry": {"type": "Point", "coordinates": [-82.93736735644829, 42.37480771847352]}}, {"type": "Feature", "properties": {"building": "yes", "source": "way"}, "geometry": {"type": "Point", "coordinates": [-82.9371069403986, 42.37482933743023]}}, {"type": "Feature", "properties": {"building": "yes", "source": "way"}, "geometry": {"type": "Point", "coordinates": [-82.9370361325071, 42.37465890861663]}}, {"type": "Feature", "properties": {"building": "garage", "source": "way"}, "geometry": {"type": "Point", "coordinates": [-82.9373586, 42.3746076]}}, {"type": "Feature", "properties": {"building": "yes", "source": "way"}, "geometry": {"type": "Point", "coordinates": [-82.93752889999998, 42.374486749999996]}}, {"type": "Feature", "properties": {"building": "yes", "source": "way"}, "geometry": {"type": "Point", "coordinates": [-82.93742499999999, 42.374351]}}, {"type": "Feature", "properties": {"building": "yes", "source": "way"}, "geometry": {"type": "Point", "coordinates": [-82.93689575449454, 42.374453033783155]}}, {"type": "Feature", "properties": {"building": "yes", "source": "way"}, "geometry": {"type": "Point", "coordinates": [-82.93676878683092, 42.374269525173354]}}, {"type": "Feature", "properties": {"building": "yes", "source": "way"}, "geometry": {"type": "Point", "coordinates": [-82.93721913165204, 42.37404485264371]}}, {"type": "Feature", "properties": {"building": "garage", "source": "way"}, "geometry": {"type": "Point", "coordinates": [-82.93715004999999, 42.37432475]}}, {"type": "Feature", "properties": {"building": "yes", "source": "way"}, "geometry": {"type": "Point", "coordinates": [-82.93736735000002, 42.37418555]}}, {"type": "Feature", "properties": {"building": "garage", "source": "way"}, "geometry": {"type": "Point", "coordinates": [-82.93706021818129, 42.374158794086384]}}, {"type": "Feature", "properties": {"building": "yes", "source": "way"}, "geometry": {"type": "Point", "coordinates": [-82.9366172673099, 42.37407508533871]}}, {"type": "Feature", "properties": {"building": "yes", "source": "way"}, "geometry": {"type": "Point", "coordinates": [-82.93648727998662, 42.37389658649333]}}, {"type": "Feature", "properties": {"building": "garage", "source": "way"}, "geometry": {"type": "Point", "coordinates": [-82.93674035311845, 42.37387691799724]}}, {"type": "Feature", "properties": {"building": "garage", "source": "way"}, "geometry": {"type": "Point", "coordinates": [-82.9369643, 42.374006699999995]}}, {"type": "Feature", "properties": {"building": "yes", "source": "way"}, "geometry": {"type": "Point", "coordinates": [-82.93711384999999, 42.37391159999999]}}, {"type": "Feature", "properties": {"building": "yes", "source": "way"}, "geometry": {"type": "Point", "coordinates": [-82.93704410719162, 42.3737704184836]}}, {"type": "Feature", "properties": {"building": "yes", "source": "way"}, "geometry": {"type": "Point", "coordinates": [-82.9364039702771, 42.37371572121231]}}, {"type": "Feature", "properties": {"building": "garage", "source": "way"}, "geometry": {"type": "Point", "coordinates": [-82.93662566844667, 42.373699545483824]}}, {"type": "Feature", "properties": {"building": "garage", "source": "way"}, "geometry": {"type": "Point", "coordinates": [-82.93676719999999, 42.37371495000001]}}, {"type": "Feature", "properties": {"building": "garage", "source": "way"}, "geometry": {"type": "Point", "coordinates": [-82.93680673880272, 42.37378872217582]}}, {"type": "Feature", "properties": {"building": "yes", "source": "way"}, "geometry": {"type": "Point", "coordinates": [-82.93692874999998, 42.373601]}}, {"type": "Feature", "properties": {"building": "garage", "source": "way"}, "geometry": {"type": "Point", "coordinates": [-82.93667194999999, 42.3735767]}}, {"type": "Feature", "properties": {"building": "yes", "source": "way"}, "geometry": {"type": "Point", "coordinates": [-82.93629308833059, 42.373554931949265]}}, {"type": "Feature", "properties": {"building": "garage", "source": "way"}, "geometry": {"type": "Point", "coordinates": [-82.93650433151895, 42.373519753891614]}}, {"type": "Feature", "properties": {"building": "yes", "source": "way"}, "geometry": {"type": "Point", "coordinates": [-82.93482794999998, 42.373471699999996]}}, {"type": "Feature", "properties": {"building": "garage", "source": "way"}, "geometry": {"type": "Point", "coordinates": [-82.93500426830279, 42.373428596110685]}}, {"type": "Feature", "properties": {"building": "yes", "source": "way"}, "geometry": {"type": "Point", "coordinates": [-82.93545826274581, 42.37358512737987]}}, {"type": "Feature", "properties": {"building": "garage", "source": "way"}, "geometry": {"type": "Point", "coordinates": [-82.9351618817236, 42.373681254234]}}, {"type": "Feature", "properties": {"building": "yes", "source": "way"}, "geometry": {"type": "Point", "coordinates": [-82.93496070000002, 42.373766450000005]}}, {"type": "Feature", "properties": {"building": "yes", "source": "way"}, "geometry": {"type": "Point", "coordinates": [-82.93514376743275, 42.37404929262531]}}, {"type": "Feature", "properties": {"building": "yes", "source": "way"}, "geometry": {"type": "Point", "coordinates": [-82.9350566, 42.3739121]}}, {"type": "Feature", "properties": {"building": "garage", "source": "way"}, "geometry": {"type": "Point", "coordinates": [-82.93522756816354, 42.37379119752063]}}, {"type": "Feature", "properties": {"building": "yes", "source": "way"}, "geometry": {"type": "Point", "coordinates": [-82.93555548174358, 42.37376296660776]}}, {"type": "Feature", "properties": {"building": "garage", "source": "way"}, "geometry": {"type": "Point", "coordinates": [-82.93543413169257, 42.373880403752985]}}, {"type": "Feature", "properties": {"building": "yes", "source": "way"}, "geometry": {"type": "Point", "coordinates": [-82.93523574157601, 42.37417277625641]}}, {"type": "Feature", "properties": {"building": "garage", "source": "way"}, "geometry": {"type": "Point", "coordinates": [-82.93554474255549, 42.37405873170851]}}, {"type": "Feature", "properties": {"building": "yes", "source": "way"}, "geometry": {"type": "Point", "coordinates": [-82.93571644600203, 42.37394578192044]}}, {"type": "Feature", "properties": {"building": "yes", "source": "way"}, "geometry": {"type": "Point", "coordinates": [-82.93585789999999, 42.37412259999999]}}, {"type": "Feature", "properties": {"building": "garage", "source": "way"}, "geometry": {"type": "Point", "coordinates": [-82.9353818, 42.374198400000004]}}, {"type": "Feature", "properties": {"building": "yes", "source": "way"}, "geometry": {"type": "Point", "coordinates": [-82.93534493184774, 42.37433465504536]}}, {"type": "Feature", "properties": {"building": "yes", "source": "way"}, "geometry": {"type": "Point", "coordinates": [-82.93547369999999, 42.37449815]}}, {"type": "Feature", "properties": {"building": "garage", "source": "way"}, "geometry": {"type": "Point", "coordinates": [-82.93568022360839, 42.37427421379558]}}, {"type": "Feature", "properties": {"building": "garage", "source": "way"}, "geometry": {"type": "Point", "coordinates": [-82.93559438170307, 42.3743034536968]}}, {"type": "Feature", "properties": {"building": "garage", "source": "way"}, "geometry": {"type": "Point", "coordinates": [-82.93562525608533, 42.37437921829051]}}, {"type": "Feature", "properties": {"building": "yes", "source": "way"}, "geometry": {"type": "Point", "coordinates": [-82.93597525440333, 42.37429401814365]}}, {"type": "Feature", "properties": {"building": "yes", "source": "way"}, "geometry": {"type": "Point", "coordinates": [-82.9356192, 42.374635850000004]}}, {"type": "Feature", "properties": {"building": "yes", "source": "way"}, "geometry": {"type": "Point", "coordinates": [-82.93604815633063, 42.37453932938126]}}, {"type": "Feature", "properties": {"building": "garage", "source": "way"}, "geometry": {"type": "Point", "coordinates": [-82.93587265853158, 42.37475126843664]}}, {"type": "Feature", "properties": {"building": "yes", "source": "way"}, "geometry": {"type": "Point", "coordinates": [-82.93565338157502, 42.37477255305235]}}, {"type": "Feature", "properties": {"building": "garage", "source": "way"}, "geometry": {"type": "Point", "coordinates": [-82.93603756838176, 42.37481264503845]}}, {"type": "Feature", "properties": {"building": "yes", "source": "way"}, "geometry": {"type": "Point", "coordinates": [-82.93621666158751, 42.37471656806994]}}, {"type": "Feature", "properties": {"building": "yes", "source": "way"}, "geometry": {"type": "Point", "coordinates": [-82.93572714528997, 42.374942481675795]}}, {"type": "Feature", "properties": {"building": "yes", "source": "way"}, "geometry": {"type": "Point", "coordinates": [-82.93633935000001, 42.37487165]}}, {"type": "Feature", "properties": {"building": "garage", "source": "way"}, "geometry": {"type": "Point", "coordinates": [-82.93612414112707, 42.37494693159541]}}, {"type": "Feature", "properties": {"building": "yes", "source": "way"}, "geometry": {"type": "Point", "coordinates": [-82.93583175332427, 42.37507821805193]}}, {"type": "Feature", "properties": {"building": "yes", "source": "way"}, "geometry": {"type": "Point", "coordinates": [-82.93592494999999, 42.37524764999999]}}, {"type": "Feature", "properties": {"building": "yes", "source": "way"}, "geometry": {"type": "Point", "coordinates": [-82.9364701318374, 42.37506285599381]}}, {"type": "Feature", "properties": {"building": "yes", "source": "way"}, "geometry": {"type": "Point", "coordinates": [-82.93658277367305, 42.37524861350055]}}, {"type": "Feature", "properties": {"building": "garage", "source": "way"}, "geometry": {"type": "Point", "coordinates": [-82.93634339197882, 42.375258031540035]}}, {"type": "Feature", "properties": {"building": "yes", "source": "way"}, "geometry": {"type": "Point", "coordinates": [-82.9360255567213, 42.37536946848444]}}, {"type": "Feature", "properties": {"building": "yes", "source": "way"}, "geometry": {"type": "Point", "coordinates": [-82.93615495, 42.375517599999995]}}, {"type": "Feature", "properties": {"building": "yes", "source": "way"}, "geometry": {"type": "Point", "coordinates": [-82.9362495, 42.37566075]}}, {"type": "Feature", "properties": {"building": "yes", "source": "way"}, "geometry": {"type": "Point", "coordinates": [-82.93671085, 42.375421499999995]}}, {"type": "Feature", "properties": {"building": "yes", "source": "way"}, "geometry": {"type": "Point", "coordinates": [-82.93421303195856, 42.3736921520715]}}, {"type": "Feature", "properties": {"building": "yes", "source": "way"}, "geometry": {"type": "Point", "coordinates": [-82.93377253705677, 42.37390366020403]}}, {"type": "Feature", "properties": {"building": "yes", "source": "way"}, "geometry": {"type": "Point", "coordinates": [-82.93361558402727, 42.373779333145265]}}, {"type": "Feature", "properties": {"building": "yes", "source": "way"}, "geometry": {"type": "Point", "coordinates": [-82.93363031274858, 42.37387591759397]}}, {"type": "Feature", "properties": {"building": "garage", "source": "way"}, "geometry": {"type": "Point", "coordinates": [-82.93385228169403, 42.373804103611214]}}, {"type": "Feature", "properties": {"building": "yes", "source": "way"}, "geometry": {"type": "Point", "coordinates": [-82.9340138888043, 42.37376548211735]}}, {"type": "Feature", "properties": {"building": "yes", "source": "way"}, "geometry": {"type": "Point", "coordinates": [-82.93355324999999, 42.3736877]}}, {"type": "Feature", "properties": {"building": "yes", "source": "way"}, "geometry": {"type": "Point", "coordinates": [-82.93349620000001, 42.373599]}}, {"type": "Feature", "properties": {"building": "yes", "source": "way"}, "geometry": {"type": "Point", "coordinates": [-82.93343721691252, 42.37350834974322]}}, {"type": "Feature", "properties": {"building": "yes", "source": "way"}, "geometry": {"type": "Point", "coordinates": [-82.93336008587661, 42.37343058270421]}}, {"type": "Feature", "properties": {"building": "garage", "source": "way"}, "geometry": {"type": "Point", "coordinates": [-82.9335599, 42.37337014999999]}}, {"type": "Feature", "properties": {"building": "garage", "source": "way"}, "geometry": {"type": "Point", "coordinates": [-82.9337859, 42.3733424]}}, {"type": "Feature", "properties": {"building": "yes", "source": "way"}, "geometry": {"type": "Point", "coordinates": [-82.9341373, 42.37353910000001]}}, {"type": "Feature", "properties": {"building": "garage", "source": "way"}, "geometry": {"type": "Point", "coordinates": [-82.93391465, 42.3736634]}}, {"type": "Feature", "properties": {"building": "yes", "source": "way"}, "geometry": {"type": "Point", "coordinates": [-82.93402999999999, 42.37338155]}}, {"type": "Feature", "properties": {"building": "yes", "source": "way"}, "geometry": {"type": "Point", "coordinates": [-82.93530641637672, 42.37624279122489]}}, {"type": "Feature", "properties": {"building": "yes", "source": "way"}, "geometry": {"type": "Point", "coordinates": [-82.93501635, 42.37589855]}}, {"type": "Feature", "properties": {"building": "yes", "source": "way"}, "geometry": {"type": "Point", "coordinates": [-82.93508274999999, 42.375999549999996]}}, {"type": "Feature", "properties": {"building": "garage", "source": "way"}, "geometry": {"type": "Point", "coordinates": [-82.93526314999998, 42.375940650000004]}}, {"type": "Feature", "properties": {"building": "yes", "source": "way"}, "geometry": {"type": "Point", "coordinates": [-82.93566678247113, 42.37587575104405]}}, {"type": "Feature", "properties": {"building": "garage", "source": "way"}, "geometry": {"type": "Point", "coordinates": [-82.93556286666666, 42.3757207]}}, {"type": "Feature", "properties": {"building": "yes", "source": "way"}, "geometry": {"type": "Point", "coordinates": [-82.9349472855444, 42.375795482773796]}}, {"type": "Feature", "properties": {"building": "yes", "source": "way"}, "geometry": {"type": "Point", "coordinates": [-82.93485003833175, 42.37571873220271]}}, {"type": "Feature", "properties": {"building": "yes", "source": "way"}, "geometry": {"type": "Point", "coordinates": [-82.93548105, 42.375602300000004]}}, {"type": "Feature", "properties": {"building": "yes", "source": "way"}, "geometry": {"type": "Point", "coordinates": [-82.93534155000002, 42.3754433]}}, {"type": "Feature", "properties": {"building": "yes", "source": "way"}, "geometry": {"type": "Point", "coordinates": [-82.93525841829722, 42.375272396041346]}}, {"type": "Feature", "properties": {"building": "yes", "source": "way"}, "geometry": {"type": "Point", "coordinates": [-82.93481388432957, 42.375637466646985]}}, {"type": "Feature", "properties": {"building": "garage", "source": "way"}, "geometry": {"type": "Point", "coordinates": [-82.93501235, 42.37556909999999]}}, {"type": "Feature", "properties": {"building": "garage", "source": "way"}, "geometry": {"type": "Point", "coordinates": [-82.9349104, 42.375421]}}, {"type": "Feature", "properties": {"building": "yes", "source": "way"}, "geometry": {"type": "Point", "coordinates": [-82.93485745000002, 42.37534720000001]}}, {"type": "Feature", "properties": {"building": "yes", "source": "way"}, "geometry": {"type": "Point", "coordinates": [-82.93455435, 42.37528974999999]}}, {"type": "Feature", "properties": {"building": "yes", "source": "way"}, "geometry": {"type": "Point", "coordinates": [-82.93466299999999, 42.37540465]}}, {"type": "Feature", "properties": {"building": "yes", "source": "way"}, "geometry": {"type": "Point", "coordinates": [-82.93472399999999, 42.37549875]}}, {"type": "Feature", "properties": {"building": "yes", "source": "way"}, "geometry": {"type": "Point", "coordinates": [-82.934523475016, 42.3752040357645]}}, {"type": "Feature", "properties": {"building": "garage", "source": "way"}, "geometry": {"type": "Point", "coordinates": [-82.93472064279109, 42.37513123170479]}}, {"type": "Feature", "properties": {"building": "garage", "source": "way"}, "geometry": {"type": "Point", "coordinates": [-82.93479974999998, 42.37525304999999]}}, {"type": "Feature", "properties": {"building": "yes", "source": "way"}, "geometry": {"type": "Point", "coordinates": [-82.93517326829647, 42.37512429604774]}}, {"type": "Feature", "properties": {"building": "yes", "source": "way"}, "geometry": {"type": "Point", "coordinates": [-82.93498485420339, 42.37481711811285]}}, {"type": "Feature", "properties": {"building": "yes", "source": "way"}, "geometry": {"type": "Point", "coordinates": [-82.93509415, 42.3749925]}}, {"type": "Feature", "properties": {"building": "yes", "source": "way"}, "geometry": {"type": "Point", "coordinates": [-82.9344866136702, 42.37503958349904]}}, {"type": "Feature", "properties": {"building": "garage", "source": "way"}, "geometry": {"type": "Point", "coordinates": [-82.93460865, 42.37495685]}}, {"type": "Feature", "properties": {"building": "garage", "source": "way"}, "geometry": {"type": "Point", "coordinates": [-82.93478838169926, 42.37496430343287]}}, {"type": "Feature", "properties": {"building": "garage", "source": "way"}, "geometry": {"type": "Point", "coordinates": [-82.93458453171263, 42.37466360321737]}}, {"type": "Feature", "properties": {"building": "yes", "source": "way"}, "geometry": {"type": "Point", "coordinates": [-82.93429485, 42.3748236]}}, {"type": "Feature", "properties": {"building": "yes", "source": "way"}, "geometry": {"type": "Point", "coordinates": [-82.93434849999997, 42.374897399999995]}}, {"type": "Feature", "properties": {"building": "garage", "source": "way"}, "geometry": {"type": "Point", "coordinates": [-82.93453222411785, 42.37484143491643]}}, {"type": "Feature", "properties": {"building": "garage", "source": "way"}, "geometry": {"type": "Point", "coordinates": [-82.93466634391466, 42.37478248170948]}}, {"type": "Feature", "properties": {"building": "yes", "source": "way"}, "geometry": {"type": "Point", "coordinates": [-82.93414065, 42.374703700000005]}}, {"type": "Feature", "properties": {"building": "yes", "source": "way"}, "geometry": {"type": "Point", "coordinates": [-82.93422847983831, 42.374755216363376]}}, {"type": "Feature", "properties": {"building": "garage", "source": "way"}, "geometry": {"type": "Point", "coordinates": [-82.9344162, 42.37469825]}}, {"type": "Feature", "properties": {"building": "garage", "source": "way"}, "geometry": {"type": "Point", "coordinates": [-82.93437798170585, 42.37460710402305]}}, {"type": "Feature", "properties": {"building": "garage", "source": "way"}, "geometry": {"type": "Point", "coordinates": [-82.93448595000002, 42.37476265]}}, {"type": "Feature", "properties": {"building": "yes", "source": "way"}, "geometry": {"type": "Point", "coordinates": [-82.93487355685355, 42.374676468302404]}}, {"type": "Feature", "properties": {"building": "yes", "source": "way"}, "geometry": {"type": "Point", "coordinates": [-82.93476355, 42.37453525000001]}}, {"type": "Feature", "properties": {"building": "yes", "source": "way"}, "geometry": {"type": "Point", "coordinates": [-82.93469650000002, 42.3743931]}}, {"type": "Feature", "properties": {"building": "garage", "source": "way"}, "geometry": {"type": "Point", "coordinates": [-82.93416409080115, 42.3742752318448]}}, {"type": "Feature", "properties": {"building": "yes", "source": "way"}, "geometry": {"type": "Point", "coordinates": [-82.93392335000001, 42.374310900000005]}}, {"type": "Feature", "properties": {"building": "yes", "source": "way"}, "geometry": {"type": "Point", "coordinates": [-82.93396156765836, 42.374394598746676]}}, {"type": "Feature", "properties": {"building": "yes", "source": "way"}, "geometry": {"type": "Point", "coordinates": [-82.93407021511359, 42.37444663338027]}}, {"type": "Feature", "properties": {"building": "yes", "source": "way"}, "geometry": {"type": "Point", "coordinates": [-82.9340883, 42.3745323]}}, {"type": "Feature", "properties": {"building": "yes", "source": "way"}, "geometry": {"type": "Point", "coordinates": [-82.93410911132624, 42.37461601786565]}}, {"type": "Feature", "properties": {"building": "garage", "source": "way"}, "geometry": {"type": "Point", "coordinates": [-82.93423585663899, 42.3743787182974]}}, {"type": "Feature", "properties": {"building": "garage", "source": "way"}, "geometry": {"type": "Point", "coordinates": [-82.93427675000001, 42.3744679]}}, {"type": "Feature", "properties": {"building": "garage", "source": "way"}, "geometry": {"type": "Point", "coordinates": [-82.9343217, 42.37453775]}}, {"type": "Feature", "properties": {"building": "yes", "source": "way"}, "geometry": {"type": "Point", "coordinates": [-82.9345926, 42.374244]}}, {"type": "Feature", "properties": {"building": "yes", "source": "way"}, "geometry": {"type": "Point", "coordinates": [-82.93441958602325, 42.37394527340185]}}, {"type": "Feature", "properties": {"building": "garage", "source": "way"}, "geometry": {"type": "Point", "coordinates": [-82.93418016799903, 42.37401959804337]}}, {"type": "Feature", "properties": {"building": "garage", "source": "way"}, "geometry": {"type": "Point", "coordinates": [-82.93427405, 42.374184549999995]}}, {"type": "Feature", "properties": {"building": "yes", "source": "way"}, "geometry": {"type": "Point", "coordinates": [-82.93445444999998, 42.37410034999999]}}, {"type": "Feature", "properties": {"building": "yes", "source": "way"}, "geometry": {"type": "Point", "coordinates": [-82.93435102190904, 42.376639280993075]}}, {"type": "Feature", "properties": {"building": "roof", "source": "way"}, "geometry": {"type": "Point", "coordinates": [-82.93474706110935, 42.37654281887632]}}, {"type": "Feature", "properties": {"building": "retail", "source": "way"}, "geometry": {"type": "Point", "coordinates": [-82.93457706168022, 42.37641144157622]}}, {"type": "Feature", "properties": {"building": "yes", "source": "way"}, "geometry": {"type": "Point", "coordinates": [-82.9339877168367, 42.37609669982512]}}, {"type": "Feature", "properties": {"building": "yes", "source": "way"}, "geometry": {"type": "Point", "coordinates": [-82.9340528, 42.376212599999995]}}, {"type": "Feature", "properties": {"building": "yes", "source": "way"}, "geometry": {"type": "Point", "coordinates": [-82.93414465000001, 42.37632755]}}, {"type": "Feature", "properties": {"building": "garage", "source": "way"}, "geometry": {"type": "Point", "coordinates": [-82.93431964999999, 42.37627405]}}, {"type": "Feature", "properties": {"building": "garage", "source": "way"}, "geometry": {"type": "Point", "coordinates": [-82.93438334999998, 42.376142249999994]}}, {"type": "Feature", "properties": {"building": "garage", "source": "way"}, "geometry": {"type": "Point", "coordinates": [-82.93442425846283, 42.37620516822831]}}, {"type": "Feature", "properties": {"building": "yes", "source": "way"}, "geometry": {"type": "Point", "coordinates": [-82.93455568308374, 42.376051600260375]}}, {"type": "Feature", "properties": {"building": "yes", "source": "way"}, "geometry": {"type": "Point", "coordinates": [-82.93463415, 42.3761467]}}, {"type": "Feature", "properties": {"building": "yes", "source": "way"}, "geometry": {"type": "Point", "coordinates": [-82.93450001744645, 42.37595054907868]}}, {"type": "Feature", "properties": {"building": "garage", "source": "way"}, "geometry": {"type": "Point", "coordinates": [-82.93424721830107, 42.37594609614852]}}, {"type": "Feature", "properties": {"building": "yes", "source": "way"}, "geometry": {"type": "Point", "coordinates": [-82.93443498249282, 42.375855933548586]}}, {"type": "Feature", "properties": {"building": "yes", "source": "way"}, "geometry": {"type": "Point", "coordinates": [-82.93438401639521, 42.37576925025925]}}, {"type": "Feature", "properties": {"building": "garage", "source": "way"}, "geometry": {"type": "Point", "coordinates": [-82.93419089360121, 42.37586288169999]}}, {"type": "Feature", "properties": {"building": "yes", "source": "way"}, "geometry": {"type": "Point", "coordinates": [-82.9338864680123, 42.375989698011594]}}, {"type": "Feature", "properties": {"building": "yes", "source": "way"}, "geometry": {"type": "Point", "coordinates": [-82.93382613513482, 42.37589063287148]}}, {"type": "Feature", "properties": {"building": "garage", "source": "way"}, "geometry": {"type": "Point", "coordinates": [-82.93413256822905, 42.3757781453649]}}, {"type": "Feature", "properties": {"building": "yes", "source": "way"}, "geometry": {"type": "Point", "coordinates": [-82.93432368375201, 42.37568206666335]}}, {"type": "Feature", "properties": {"building": "yes", "source": "way"}, "geometry": {"type": "Point", "coordinates": [-82.93421101561098, 42.375511183354995]}}, {"type": "Feature", "properties": {"building": "yes", "source": "way"}, "geometry": {"type": "Point", "coordinates": [-82.93426535000002, 42.37559685]}}, {"type": "Feature", "properties": {"building": "garage", "source": "way"}, "geometry": {"type": "Point", "coordinates": [-82.9340756, 42.3756875]}}, {"type": "Feature", "properties": {"building": "garage", "source": "way"}, "geometry": {"type": "Point", "coordinates": [-82.933969, 42.37574695]}}, {"type": "Feature", "properties": {"building": "yes", "source": "way"}, "geometry": {"type": "Point", "coordinates": [-82.93376308410663, 42.3757915331242]}}, {"type": "Feature", "properties": {"building": "yes", "source": "way"}, "geometry": {"type": "Point", "coordinates": [-82.93369741644112, 42.37569046673712]}}, {"type": "Feature", "properties": {"building": "yes", "source": "way"}, "geometry": {"type": "Point", "coordinates": [-82.9336377, 42.3755919]}}, {"type": "Feature", "properties": {"building": "yes", "source": "way"}, "geometry": {"type": "Point", "coordinates": [-82.93357605068809, 42.37549876639825]}}, {"type": "Feature", "properties": {"building": "garage", "source": "way"}, "geometry": {"type": "Point", "coordinates": [-82.93377854438116, 42.375455181732995]}}, {"type": "Feature", "properties": {"building": "garage", "source": "way"}, "geometry": {"type": "Point", "coordinates": [-82.93383280000002, 42.3755379]}}, {"type": "Feature", "properties": {"building": "garage", "source": "way"}, "geometry": {"type": "Point", "coordinates": [-82.93390459491489, 42.37564638177133]}}, {"type": "Feature", "properties": {"building": "garage", "source": "way"}, "geometry": {"type": "Point", "coordinates": [-82.93402060498805, 42.375601818216865]}}, {"type": "Feature", "properties": {"building": "yes", "source": "way"}, "geometry": {"type": "Point", "coordinates": [-82.93415340004927, 42.37542546666668]}}, {"type": "Feature", "properties": {"building": "yes", "source": "way"}, "geometry": {"type": "Point", "coordinates": [-82.93403536671481, 42.375253066666666]}}, {"type": "Feature", "properties": {"building": "yes", "source": "way"}, "geometry": {"type": "Point", "coordinates": [-82.93409170000001, 42.37533825]}}, {"type": "Feature", "properties": {"building": "garage", "source": "way"}, "geometry": {"type": "Point", "coordinates": [-82.9339186925058, 42.37542843171187]}}, {"type": "Feature", "properties": {"building": "garage", "source": "way"}, "geometry": {"type": "Point", "coordinates": [-82.93364709511184, 42.375251081793024]}}, {"type": "Feature", "properties": {"building": "yes", "source": "way"}, "geometry": {"type": "Point", "coordinates": [-82.93348146770741, 42.375389766397255]}}, {"type": "Feature", "properties": {"building": "yes", "source": "way"}, "geometry": {"type": "Point", "coordinates": [-82.93343453619714, 42.37529668262928]}}, {"type": "Feature", "properties": {"building": "yes", "source": "way"}, "geometry": {"type": "Point", "coordinates": [-82.93337086563636, 42.37519856693944]}}, {"type": "Feature", "properties": {"building": "yes", "source": "way"}, "geometry": {"type": "Point", "coordinates": [-82.93390058296818, 42.37506880038999]}}, {"type": "Feature", "properties": {"building": "yes", "source": "way"}, "geometry": {"type": "Point", "coordinates": [-82.93396154999999, 42.3751664]}}, {"type": "Feature", "properties": {"building": "yes", "source": "way"}, "geometry": {"type": "Point", "coordinates": [-82.93386770000001, 42.374956850000004]}}, {"type": "Feature", "properties": {"building": "garage", "source": "way"}, "geometry": {"type": "Point", "coordinates": [-82.93367525, 42.37505145]}}, {"type": "Feature", "properties": {"building": "yes", "source": "way"}, "geometry": {"type": "Point", "coordinates": [-82.93330846703486, 42.37509254960606]}}, {"type": "Feature", "properties": {"building": "yes", "source": "way"}, "geometry": {"type": "Point", "coordinates": [-82.93325215000002, 42.37499945000001]}}, {"type": "Feature", "properties": {"building": "yes", "source": "way"}, "geometry": {"type": "Point", "coordinates": [-82.93318105, 42.374916199999994]}}, {"type": "Feature", "properties": {"building": "garage", "source": "way"}, "geometry": {"type": "Point", "coordinates": [-82.93339831298118, 42.37486767724]}}, {"type": "Feature", "properties": {"building": "garage", "source": "way"}, "geometry": {"type": "Point", "coordinates": [-82.93345799999999, 42.37495634999999]}}, {"type": "Feature", "properties": {"building": "yes", "source": "way"}, "geometry": {"type": "Point", "coordinates": [-82.93381271714445, 42.37485974947635]}}, {"type": "Feature", "properties": {"building": "garage", "source": "way"}, "geometry": {"type": "Point", "coordinates": [-82.93361959226249, 42.37495783172074]}}, {"type": "Feature", "properties": {"building": "yes", "source": "way"}, "geometry": {"type": "Point", "coordinates": [-82.933659864414, 42.374692317232714]}}, {"type": "Feature", "properties": {"building": "yes", "source": "way"}, "geometry": {"type": "Point", "coordinates": [-82.93374568806534, 42.37477208224637]}}, {"type": "Feature", "properties": {"building": "yes", "source": "way"}, "geometry": {"type": "Point", "coordinates": [-82.93359076634059, 42.37460465030895]}}, {"type": "Feature", "properties": {"building": "garage", "source": "way"}, "geometry": {"type": "Point", "coordinates": [-82.93347678247015, 42.37475075713266]}}, {"type": "Feature", "properties": {"building": "garage", "source": "way"}, "geometry": {"type": "Point", "coordinates": [-82.93327760000001, 42.37468785]}}, {"type": "Feature", "properties": {"building": "garage", "source": "way"}, "geometry": {"type": "Point", "coordinates": [-82.93334, 42.374779000000004]}}, {"type": "Feature", "properties": {"building": "yes", "source": "way"}, "geometry": {"type": "Point", "coordinates": [-82.93313408047304, 42.374823084108456]}}, {"type": "Feature", "properties": {"building": "yes", "source": "way"}, "geometry": {"type": "Point", "coordinates": [-82.9330778191937, 42.37473441598933]}}, {"type": "Feature", "properties": {"building": "yes", "source": "way"}, "geometry": {"type": "Point", "coordinates": [-82.93300939999999, 42.3746507]}}, {"type": "Feature", "properties": {"building": "yes", "source": "way"}, "geometry": {"type": "Point", "coordinates": [-82.93295175000002, 42.374575400000005]}}, {"type": "Feature", "properties": {"building": "yes", "source": "way"}, "geometry": {"type": "Point", "coordinates": [-82.9334439, 42.374414900000005]}}, {"type": "Feature", "properties": {"building": "yes", "source": "way"}, "geometry": {"type": "Point", "coordinates": [-82.93352843690555, 42.37450953247902]}}, {"type": "Feature", "properties": {"building": "yes", "source": "way"}, "geometry": {"type": "Point", "coordinates": [-82.9333574132721, 42.3743208024348]}}, {"type": "Feature", "properties": {"building": "garage", "source": "way"}, "geometry": {"type": "Point", "coordinates": [-82.93308718170827, 42.374425804074896]}}, {"type": "Feature", "properties": {"building": "yes", "source": "way"}, "geometry": {"type": "Point", "coordinates": [-82.93267213341211, 42.374126099922435]}}, {"type": "Feature", "properties": {"building": "yes", "source": "way"}, "geometry": {"type": "Point", "coordinates": [-82.93276263281913, 42.374239550567665]}}, {"type": "Feature", "properties": {"building": "garage", "source": "way"}, "geometry": {"type": "Point", "coordinates": [-82.93305366478307, 42.37410677602844]}}, {"type": "Feature", "properties": {"building": "yes", "source": "way"}, "geometry": {"type": "Point", "coordinates": [-82.93327024999999, 42.3740285]}}, {"type": "Feature", "properties": {"building": "yes", "source": "way"}, "geometry": {"type": "Point", "coordinates": [-82.93308851690831, 42.37379319974835]}}, {"type": "Feature", "properties": {"building": "yes", "source": "way"}, "geometry": {"type": "Point", "coordinates": [-82.93313345, 42.37387]}}, {"type": "Feature", "properties": {"building": "yes", "source": "way"}, "geometry": {"type": "Point", "coordinates": [-82.93319984999998, 42.37393685000001]}}, {"type": "Feature", "properties": {"building": "garage", "source": "way"}, "geometry": {"type": "Point", "coordinates": [-82.9329839, 42.374008700000005]}}, {"type": "Feature", "properties": {"building": "garage", "source": "way"}, "geometry": {"type": "Point", "coordinates": [-82.93294029175931, 42.373930931755]}}, {"type": "Feature", "properties": {"building": "yes", "source": "way"}, "geometry": {"type": "Point", "coordinates": [-82.93260976492677, 42.37405821711034]}}, {"type": "Feature", "properties": {"building": "yes", "source": "way"}, "geometry": {"type": "Point", "coordinates": [-82.93257084999998, 42.373979]}}, {"type": "Feature", "properties": {"building": "yes", "source": "way"}, "geometry": {"type": "Point", "coordinates": [-82.9324669, 42.37388185]}}, {"type": "Feature", "properties": {"building": "garage", "source": "way"}, "geometry": {"type": "Point", "coordinates": [-82.93275595, 42.3739111]}}, {"type": "Feature", "properties": {"building": "yes", "source": "way"}, "geometry": {"type": "Point", "coordinates": [-82.93299735, 42.3736659]}}, {"type": "Feature", "properties": {"building": "garage", "source": "way"}, "geometry": {"type": "Point", "coordinates": [-82.93264263173879, 42.373784802988936]}}, {"type": "Feature", "properties": {"building": "garage", "source": "way"}, "geometry": {"type": "Point", "coordinates": [-82.93262384246766, 42.37369513171164]}}, {"type": "Feature", "properties": {"building": "yes", "source": "way"}, "geometry": {"type": "Point", "coordinates": [-82.93241665000001, 42.373745650000004]}}, {"type": "Feature", "properties": {"building": "yes", "source": "way"}, "geometry": {"type": "Point", "coordinates": [-82.93236093385332, 42.37366093318741]}}, {"type": "Feature", "properties": {"building": "yes", "source": "way"}, "geometry": {"type": "Point", "coordinates": [-82.93230531670277, 42.37357276666666]}}, {"type": "Feature", "properties": {"building": "yes", "source": "way"}, "geometry": {"type": "Point", "coordinates": [-82.93225305, 42.3734826]}}, {"type": "Feature", "properties": {"building": "garage", "source": "way"}, "geometry": {"type": "Point", "coordinates": [-82.9325085, 42.373527700000004]}}, {"type": "Feature", "properties": {"building": "garage", "source": "way"}, "geometry": {"type": "Point", "coordinates": [-82.93252995867772, 42.37359456821041]}}, {"type": "Feature", "properties": {"building": "yes", "source": "way"}, "geometry": {"type": "Point", "coordinates": [-82.9329168499666, 42.37356583333333]}}, {"type": "Feature", "properties": {"building": "yes", "source": "way"}, "geometry": {"type": "Point", "coordinates": [-82.93285783354865, 42.373480133269446]}}, {"type": "Feature", "properties": {"building": "yes", "source": "way"}, "geometry": {"type": "Point", "coordinates": [-82.93280088321052, 42.37339245012533]}}, {"type": "Feature", "properties": {"building": "yes", "source": "way"}, "geometry": {"type": "Point", "coordinates": [-82.93216851752811, 42.37340974895869]}}, {"type": "Feature", "properties": {"building": "school", "source": "way"}, "geometry": {"type": "Point", "coordinates": [-82.93722855446926, 42.38311875968465]}}, {"type": "Feature", "properties": {"building": "house", "source": "way"}, "geometry": {"type": "Point", "coordinates": [-82.93102193516364, 42.3826218885754]}}, {"type": "Feature", "properties": {"building": "house", "source": "way"}, "geometry": {"type": "Point", "coordinates": [-82.93089939752916, 42.38241361520006]}}, {"type": "Feature", "properties": {"building": "house", "source": "way"}, "geometry": {"type": "Point", "coordinates": [-82.9311371751985, 42.38279568145563]}}, {"type": "Feature", "properties": {"building": "house", "source": "way"}, "geometry": {"type": "Point", "coordinates": [-82.93051577016395, 42.38301894341032]}}, {"type": "Feature", "properties": {"building": "house", "source": "way"}, "geometry": {"type": "Point", "coordinates": [-82.93038715630433, 42.382841871877105]}}, {"type": "Feature", "properties": {"building": "house", "source": "way"}, "geometry": {"type": "Point", "coordinates": [-82.93023970047574, 42.382636687727256]}}, {"type": "Feature", "properties": {"building": "yes", "source": "way"}, "geometry": {"type": "Point", "coordinates": [-82.93093953631721, 42.37338438205847]}}, {"type": "Feature", "properties": {"building": "garage", "source": "way"}, "geometry": {"type": "Point", "coordinates": [-82.93213850563826, 42.37447271829796]}}, {"type": "Feature", "properties": {"building": "yes", "source": "way"}, "geometry": {"type": "Point", "coordinates": [-82.93171403462985, 42.37456513299223]}}, {"type": "Feature", "properties": {"building": "garage", "source": "way"}, "geometry": {"type": "Point", "coordinates": [-82.93196885000002, 42.37448905]}}, {"type": "Feature", "properties": {"building": "garage", "source": "way"}, "geometry": {"type": "Point", "coordinates": [-82.93189744999998, 42.374384049999996]}}, {"type": "Feature", "properties": {"building": "yes", "source": "way"}, "geometry": {"type": "Point", "coordinates": [-82.93160651442052, 42.37444085548939]}}, {"type": "Feature", "properties": {"building": "yes", "source": "way"}, "geometry": {"type": "Point", "coordinates": [-82.93155077023859, 42.374273557566305]}}, {"type": "Feature", "properties": {"building": "yes", "source": "way"}, "geometry": {"type": "Point", "coordinates": [-82.93139486777225, 42.37414329405551]}}, {"type": "Feature", "properties": {"building": "yes", "source": "way"}, "geometry": {"type": "Point", "coordinates": [-82.93230815, 42.37441675]}}, {"type": "Feature", "properties": {"building": "yes", "source": "way"}, "geometry": {"type": "Point", "coordinates": [-82.93224785000001, 42.37432955]}}, {"type": "Feature", "properties": {"building": "yes", "source": "way"}, "geometry": {"type": "Point", "coordinates": [-82.93218074999999, 42.374232449999994]}}, {"type": "Feature", "properties": {"building": "yes", "source": "way"}, "geometry": {"type": "Point", "coordinates": [-82.93210435, 42.37413535]}}, {"type": "Feature", "properties": {"building": "yes", "source": "way"}, "geometry": {"type": "Point", "coordinates": [-82.93204664999999, 42.374042249999995]}}, {"type": "Feature", "properties": {"building": "yes", "source": "way"}, "geometry": {"type": "Point", "coordinates": [-82.93198896701384, 42.37395104965593]}}, {"type": "Feature", "properties": {"building": "yes", "source": "way"}, "geometry": {"type": "Point", "coordinates": [-82.93192596648541, 42.37385396700742]}}, {"type": "Feature", "properties": {"building": "yes", "source": "way"}, "geometry": {"type": "Point", "coordinates": [-82.93186826701385, 42.37376184965594]}}, {"type": "Feature", "properties": {"building": "yes", "source": "way"}, "geometry": {"type": "Point", "coordinates": [-82.93181065, 42.37366874999999]}}, {"type": "Feature", "properties": {"building": "yes", "source": "way"}, "geometry": {"type": "Point", "coordinates": [-82.93174895, 42.37357855]}}, {"type": "Feature", "properties": {"building": "yes", "source": "way"}, "geometry": {"type": "Point", "coordinates": [-82.93168455, 42.373481950000006]}}, {"type": "Feature", "properties": {"building": "yes", "source": "way"}, "geometry": {"type": "Point", "coordinates": [-82.93129765, 42.3739788]}}, {"type": "Feature", "properties": {"building": "yes", "source": "way"}, "geometry": {"type": "Point", "coordinates": [-82.93120405334187, 42.3738518650203]}}, {"type": "Feature", "properties": {"building": "yes", "source": "way"}, "geometry": {"type": "Point", "coordinates": [-82.93102605000001, 42.37353645000001]}}, {"type": "Feature", "properties": {"building": "yes", "source": "way"}, "geometry": {"type": "Point", "coordinates": [-82.93111728206047, 42.3736920014726]}}, {"type": "Feature", "properties": {"building": "garage", "source": "way"}, "geometry": {"type": "Point", "coordinates": [-82.9314605412135, 42.3734542314124]}}, {"type": "Feature", "properties": {"building": "yes", "source": "way"}, "geometry": {"type": "Point", "coordinates": [-82.93164633266777, 42.373389350713325]}}, {"type": "Feature", "properties": {"building": "house", "source": "way"}, "geometry": {"type": "Point", "coordinates": [-82.93253205, 42.38760815]}}, {"type": "Feature", "properties": {"building": "house", "source": "way"}, "geometry": {"type": "Point", "coordinates": [-82.93265475000001, 42.38780375000001]}}, {"type": "Feature", "properties": {"building": "house", "source": "way"}, "geometry": {"type": "Point", "coordinates": [-82.93241309860754, 42.387440332623186]}}, {"type": "Feature", "properties": {"building": "house", "source": "way"}, "geometry": {"type": "Point", "coordinates": [-82.93230891228791, 42.38728262742749]}}, {"type": "Feature", "properties": {"building": "house", "source": "way"}, "geometry": {"type": "Point", "coordinates": [-82.93176125608653, 42.387497068375644]}}, {"type": "Feature", "properties": {"building": "house", "source": "way"}, "geometry": {"type": "Point", "coordinates": [-82.93218393927822, 42.38705988084882]}}, {"type": "Feature", "properties": {"building": "house", "source": "way"}, "geometry": {"type": "Point", "coordinates": [-82.93202932902936, 42.38688385742125]}}, {"type": "Feature", "properties": {"building": "house", "source": "way"}, "geometry": {"type": "Point", "coordinates": [-82.93332248162216, 42.38735225420518]}}, {"type": "Feature", "properties": {"building": "house", "source": "way"}, "geometry": {"type": "Point", "coordinates": [-82.93345181081226, 42.38751642582447]}}, {"type": "Feature", "properties": {"building": "house", "source": "way"}, "geometry": {"type": "Point", "coordinates": [-82.933108, 42.38695185]}}, {"type": "Feature", "properties": {"building": "house", "source": "way"}, "geometry": {"type": "Point", "coordinates": [-82.93945271520765, 42.38636921723663]}}, {"type": "Feature", "properties": {"building": "house", "source": "way"}, "geometry": {"type": "Point", "coordinates": [-82.9395201, 42.386466350000006]}}, {"type": "Feature", "properties": {"building": "house", "source": "way"}, "geometry": {"type": "Point", "coordinates": [-82.93938796723678, 42.386268149397]}}, {"type": "Feature", "properties": {"building": "house", "source": "way"}, "geometry": {"type": "Point", "coordinates": [-82.93958210000001, 42.386566949999995]}}, {"type": "Feature", "properties": {"building": "house", "source": "way"}, "geometry": {"type": "Point", "coordinates": [-82.93895698479234, 42.38654668276339]}}, {"type": "Feature", "properties": {"building": "house", "source": "way"}, "geometry": {"type": "Point", "coordinates": [-82.93882793277011, 42.38635000059616]}}, {"type": "Feature", "properties": {"building": "house", "source": "way"}, "geometry": {"type": "Point", "coordinates": [-82.93876390000001, 42.38624865000001]}}, {"type": "Feature", "properties": {"building": "house", "source": "way"}, "geometry": {"type": "Point", "coordinates": [-82.93926090000001, 42.38607150000001]}}, {"type": "Feature", "properties": {"building": "house", "source": "way"}, "geometry": {"type": "Point", "coordinates": [-82.93919383276325, 42.38597615060301]}}, {"type": "Feature", "properties": {"building": "house", "source": "way"}, "geometry": {"type": "Point", "coordinates": [-82.9391318327701, 42.38587330059617]}}, {"type": "Feature", "properties": {"building": "house", "source": "way"}, "geometry": {"type": "Point", "coordinates": [-82.93862671520765, 42.38605121723661]}}, {"type": "Feature", "properties": {"building": "house", "source": "way"}, "geometry": {"type": "Point", "coordinates": [-82.93900681520765, 42.385669117236624]}}, {"type": "Feature", "properties": {"building": "house", "source": "way"}, "geometry": {"type": "Point", "coordinates": [-82.93886861520765, 42.38547991723662]}}, {"type": "Feature", "properties": {"building": "house", "source": "way"}, "geometry": {"type": "Point", "coordinates": [-82.93837870000003, 42.38565785000001]}}, {"type": "Feature", "properties": {"building": "house", "source": "way"}, "geometry": {"type": "Point", "coordinates": [-82.9384427327701, 42.385757700596166]}}, {"type": "Feature", "properties": {"building": "house", "source": "way"}, "geometry": {"type": "Point", "coordinates": [-82.93823640000001, 42.38546565000001]}}, {"type": "Feature", "properties": {"building": "house", "source": "way"}, "geometry": {"type": "Point", "coordinates": [-82.93867345000001, 42.38518414999999]}}, {"type": "Feature", "properties": {"building": "house", "source": "way"}, "geometry": {"type": "Point", "coordinates": [-82.93855151520768, 42.38498671723662]}}, {"type": "Feature", "properties": {"building": "house", "source": "way"}, "geometry": {"type": "Point", "coordinates": [-82.93849051520765, 42.38488461723662]}}, {"type": "Feature", "properties": {"building": "house", "source": "way"}, "geometry": {"type": "Point", "coordinates": [-82.93842950000001, 42.384783250000005]}}, {"type": "Feature", "properties": {"building": "house", "source": "way"}, "geometry": {"type": "Point", "coordinates": [-82.93835634797152, 42.3846894178394]}}, {"type": "Feature", "properties": {"building": "house", "source": "way"}, "geometry": {"type": "Point", "coordinates": [-82.93777903277011, 42.38476450059616]}}, {"type": "Feature", "properties": {"building": "house", "source": "way"}, "geometry": {"type": "Point", "coordinates": [-82.93784610000002, 42.38487185000002]}}, {"type": "Feature", "properties": {"building": "house", "source": "way"}, "geometry": {"type": "Point", "coordinates": [-82.9379122, 42.384967950000004]}}, {"type": "Feature", "properties": {"building": "house", "source": "way"}, "geometry": {"type": "Point", "coordinates": [-82.93933338239513, 42.3776269831828]}}, {"type": "Feature", "properties": {"building": "house", "source": "way"}, "geometry": {"type": "Point", "coordinates": [-82.93918191680999, 42.377424799865445]}}, {"type": "Feature", "properties": {"building": "house", "source": "way"}, "geometry": {"type": "Point", "coordinates": [-82.93941721760484, 42.377769416817195]}}, {"type": "Feature", "properties": {"building": "house", "source": "way"}, "geometry": {"type": "Point", "coordinates": [-82.93954636148247, 42.37797631808723]}}, {"type": "Feature", "properties": {"building": "house", "source": "way"}, "geometry": {"type": "Point", "coordinates": [-82.93907908239514, 42.3782065831828]}}, {"type": "Feature", "properties": {"building": "house", "source": "way"}, "geometry": {"type": "Point", "coordinates": [-82.9387956, 42.3777966]}}, {"type": "Feature", "properties": {"building": "house", "source": "way"}, "geometry": {"type": "Point", "coordinates": [-82.93873135, 42.377688649999996]}}, {"type": "Feature", "properties": {"building": "house", "source": "way"}, "geometry": {"type": "Point", "coordinates": [-82.93856711657449, 42.37751790008722]}}, {"type": "Feature", "properties": {"building": "house", "source": "way"}, "geometry": {"type": "Point", "coordinates": [-82.94063491550395, 42.37961816723488]}}, {"type": "Feature", "properties": {"building": "house", "source": "way"}, "geometry": {"type": "Point", "coordinates": [-82.94066768229212, 42.37970320120196]}}, {"type": "Feature", "properties": {"building": "house", "source": "way"}, "geometry": {"type": "Point", "coordinates": [-82.9407177, 42.37977729999999]}}, {"type": "Feature", "properties": {"building": "house", "source": "way"}, "geometry": {"type": "Point", "coordinates": [-82.94076335, 42.37985145]}}, {"type": "Feature", "properties": {"building": "house", "source": "way"}, "geometry": {"type": "Point", "coordinates": [-82.9408601, 42.379997149999994]}}, {"type": "Feature", "properties": {"building": "house", "source": "way"}, "geometry": {"type": "Point", "coordinates": [-82.9408010822979, 42.37992835119428]}}, {"type": "Feature", "properties": {"building": "house", "source": "way"}, "geometry": {"type": "Point", "coordinates": [-82.94108041770791, 42.38031949879804]}}, {"type": "Feature", "properties": {"building": "house", "source": "way"}, "geometry": {"type": "Point", "coordinates": [-82.94114558229789, 42.38040675119428]}}, {"type": "Feature", "properties": {"building": "house", "source": "way"}, "geometry": {"type": "Point", "coordinates": [-82.94120908278015, 42.380506550571134]}}, {"type": "Feature", "properties": {"building": "house", "source": "way"}, "geometry": {"type": "Point", "coordinates": [-82.9410636, 42.37937275]}}, {"type": "Feature", "properties": {"building": "house", "source": "way"}, "geometry": {"type": "Point", "coordinates": [-82.94101534999999, 42.37929885]}}, {"type": "Feature", "properties": {"building": "house", "source": "way"}, "geometry": {"type": "Point", "coordinates": [-82.9406874822979, 42.37885885119428]}}, {"type": "Feature", "properties": {"building": "house", "source": "way"}, "geometry": {"type": "Point", "coordinates": [-82.94077069583783, 42.378928568910595]}}, {"type": "Feature", "properties": {"building": "garage", "source": "way"}, "geometry": {"type": "Point", "coordinates": [-82.94296016787062, 42.385185467281026]}}, {"type": "Feature", "properties": {"building": "yes", "source": "way"}, "geometry": {"type": "Point", "coordinates": [-82.9290579551909, 42.391406742661786]}}, {"type": "Feature", "properties": {"building": "detached", "source": "way"}, "geometry": {"type": "Point", "coordinates": [-82.92869329801609, 42.391044188635654]}}, {"type": "Feature", "properties": {"building": "school", "source": "way"}, "geometry": {"type": "Point", "coordinates": [-82.92942780537057, 42.39095740708148]}}, {"type": "Feature", "properties": {"building": "school", "source": "way"}, "geometry": {"type": "Point", "coordinates": [-82.93014904122228, 42.390755826197164]}}, {"type": "Feature", "properties": {"building": "retail", "source": "way"}, "geometry": {"type": "Point", "coordinates": [-82.94463806287123, 42.3851859327174]}}, {"type": "Feature", "properties": {"building": "yes", "source": "way"}, "geometry": {"type": "Point", "coordinates": [-82.9389680636424, 42.37634888970725]}}, {"type": "Feature", "properties": {"building": "yes", "source": "way"}, "geometry": {"type": "Point", "coordinates": [-82.93867490027367, 42.37660388546667]}}, {"type": "Feature", "properties": {"building": "yes", "source": "way"}, "geometry": {"type": "Point", "coordinates": [-82.92267925, 42.375641449999996]}}, {"type": "Feature", "properties": {"building": "retail", "source": "way"}, "geometry": {"type": "Point", "coordinates": [-82.9284269688852, 42.392071161271566]}}, {"type": "Feature", "properties": {"building": "retail", "source": "way"}, "geometry": {"type": "Point", "coordinates": [-82.94253935616949, 42.38039689998074]}}, {"type": "Feature", "properties": {"building": "retail", "source": "way"}, "geometry": {"type": "Point", "coordinates": [-82.9422921214561, 42.380517861839856]}}, {"type": "Feature", "properties": {"building": "retail", "source": "way"}, "geometry": {"type": "Point", "coordinates": [-82.94181597415997, 42.38072469584937]}}, {"type": "Feature", "properties": {"building": "retail", "source": "way"}, "geometry": {"type": "Point", "coordinates": [-82.94150255, 42.38078005]}}, {"type": "Feature", "properties": {"building": "retail", "source": "way"}, "geometry": {"type": "Point", "coordinates": [-82.94199796328881, 42.38108716619264]}}, {"type": "Feature", "properties": {"building": "yes", "source": "way"}, "geometry": {"type": "Point", "coordinates": [-82.93781309820857, 42.37646121214119]}}, {"type": "Feature", "properties": {"building": "yes", "source": "way"}, "geometry": {"type": "Point", "coordinates": [-82.9379931219287, 42.376694573451026]}}, {"type": "Feature", "properties": {"building": "yes", "source": "way"}, "geometry": {"type": "Point", "coordinates": [-82.93747383444367, 42.37627365908991]}}, {"type": "Feature", "properties": {"building": "yes", "source": "way"}, "geometry": {"type": "Point", "coordinates": [-82.93781944999999, 42.376196]}}, {"type": "Feature", "properties": {"building": "yes", "source": "way"}, "geometry": {"type": "Point", "coordinates": [-82.93725831629034, 42.376989994334]}}, {"type": "Feature", "properties": {"building": "retail", "source": "way"}, "geometry": {"type": "Point", "coordinates": [-82.94101711253062, 42.38102917197478]}}, {"type": "Feature", "properties": {"building": "retail", "source": "way"}, "geometry": {"type": "Point", "coordinates": [-82.94085816848497, 42.38108828309174]}}, {"type": "Feature", "properties": {"building": "retail", "source": "way"}, "geometry": {"type": "Point", "coordinates": [-82.94072215763735, 42.381065572393545]}}, {"type": "Feature", "properties": {"building": "retail", "source": "way"}, "geometry": {"type": "Point", "coordinates": [-82.94065305750337, 42.3811441506072]}}, {"type": "Feature", "properties": {"building": "yes", "source": "way"}, "geometry": {"type": "Point", "coordinates": [-82.94046877910674, 42.38120757928826]}}, {"type": "Feature", "properties": {"building": "yes", "source": "way"}, "geometry": {"type": "Point", "coordinates": [-82.94038990904491, 42.38122155746068]}}, {"type": "Feature", "properties": {"building": "yes", "source": "way"}, "geometry": {"type": "Point", "coordinates": [-82.94030169894894, 42.38128186917762]}}, {"type": "Feature", "properties": {"building": "church", "source": "way"}, "geometry": {"type": "Point", "coordinates": [-82.9400046474496, 42.38125930834272]}}, {"type": "Feature", "properties": {"building": "retail", "source": "way"}, "geometry": {"type": "Point", "coordinates": [-82.94093343258231, 42.38089615738201]}}, {"type": "Feature", "properties": {"building": "retail", "source": "way"}, "geometry": {"type": "Point", "coordinates": [-82.93859564979888, 42.382436267951675]}}, {"type": "Feature", "properties": {"building": "commercial", "source": "way"}, "geometry": {"type": "Point", "coordinates": [-82.93439790680746, 42.37730576045937]}}, {"type": "Feature", "properties": {"building": "commercial", "source": "way"}, "geometry": {"type": "Point", "coordinates": [-82.93370461006704, 42.377501106914]}}, {"type": "Feature", "properties": {"building": "garage", "source": "way"}, "geometry": {"type": "Point", "coordinates": [-82.94187365605418, 42.379472118519566]}}, {"type": "Feature", "properties": {"building": "yes", "source": "way"}, "geometry": {"type": "Point", "coordinates": [-82.9404595234575, 42.37862923584994]}}, {"type": "Feature", "properties": {"building": "garage", "source": "way"}, "geometry": {"type": "Point", "coordinates": [-82.94117066832187, 42.37838709552263]}}, {"type": "Feature", "properties": {"building": "detached", "source": "way"}, "geometry": {"type": "Point", "coordinates": [-82.94097433853076, 42.378455756428394]}}, {"type": "Feature", "properties": {"building": "yes", "source": "way"}, "geometry": {"type": "Point", "coordinates": [-82.94110518989123, 42.378293321932446]}}, {"type": "Feature", "properties": {"building": "detached", "source": "way"}, "geometry": {"type": "Point", "coordinates": [-82.94092540185758, 42.37836083090595]}}, {"type": "Feature", "properties": {"building": "house", "source": "way"}, "geometry": {"type": "Point", "coordinates": [-82.92591285, 42.38809285]}}, {"type": "Feature", "properties": {"building": "house", "source": "way"}, "geometry": {"type": "Point", "coordinates": [-82.92584395, 42.387975350000005]}}, {"type": "Feature", "properties": {"building": "house", "source": "way"}, "geometry": {"type": "Point", "coordinates": [-82.9259706, 42.3882128]}}, {"type": "Feature", "properties": {"building": "house", "source": "way"}, "geometry": {"type": "Point", "coordinates": [-82.9260888, 42.388342500000014]}}, {"type": "Feature", "properties": {"building": "house", "source": "way"}, "geometry": {"type": "Point", "coordinates": [-82.9261456, 42.388468599999996]}}, {"type": "Feature", "properties": {"building": "house", "source": "way"}, "geometry": {"type": "Point", "coordinates": [-82.9262151114004, 42.3886027681162]}}, {"type": "Feature", "properties": {"building": "house", "source": "way"}, "geometry": {"type": "Point", "coordinates": [-82.9257475, 42.387828999999996]}}, {"type": "Feature", "properties": {"building": "house", "source": "way"}, "geometry": {"type": "Point", "coordinates": [-82.92567145, 42.38771545]}}, {"type": "Feature", "properties": {"building": "house", "source": "way"}, "geometry": {"type": "Point", "coordinates": [-82.92559035000001, 42.3875794]}}, {"type": "Feature", "properties": {"building": "house", "source": "way"}, "geometry": {"type": "Point", "coordinates": [-82.92552445000001, 42.3874733]}}, {"type": "Feature", "properties": {"building": "house", "source": "way"}, "geometry": {"type": "Point", "coordinates": [-82.92542900000001, 42.3873298]}}, {"type": "Feature", "properties": {"building": "house", "source": "way"}, "geometry": {"type": "Point", "coordinates": [-82.92533519999999, 42.387226850000005]}}, {"type": "Feature", "properties": {"building": "house", "source": "way"}, "geometry": {"type": "Point", "coordinates": [-82.92526084999999, 42.3870983]}}, {"type": "Feature", "properties": {"building": "house", "source": "way"}, "geometry": {"type": "Point", "coordinates": [-82.92669274999999, 42.38795389999999]}}, {"type": "Feature", "properties": {"building": "house", "source": "way"}, "geometry": {"type": "Point", "coordinates": [-82.9266336, 42.38783535]}}, {"type": "Feature", "properties": {"building": "house", "source": "way"}, "geometry": {"type": "Point", "coordinates": [-82.92677552479937, 42.388074985441435]}}, {"type": "Feature", "properties": {"building": "house", "source": "way"}, "geometry": {"type": "Point", "coordinates": [-82.9268608932232, 42.38819978157561]}}, {"type": "Feature", "properties": {"building": "house", "source": "way"}, "geometry": {"type": "Point", "coordinates": [-82.92693270000001, 42.3883121]}}, {"type": "Feature", "properties": {"building": "house", "source": "way"}, "geometry": {"type": "Point", "coordinates": [-82.92480570000001, 42.3876407]}}, {"type": "Feature", "properties": {"building": "house", "source": "way"}, "geometry": {"type": "Point", "coordinates": [-82.92471450000001, 42.3874722]}}, {"type": "Feature", "properties": {"building": "house", "source": "way"}, "geometry": {"type": "Point", "coordinates": [-82.9249122, 42.387791050000004]}}, {"type": "Feature", "properties": {"building": "house", "source": "way"}, "geometry": {"type": "Point", "coordinates": [-82.92510395000001, 42.388088700000004]}}, {"type": "Feature", "properties": {"building": "house", "source": "way"}, "geometry": {"type": "Point", "coordinates": [-82.9251884315728, 42.38822970387317]}}, {"type": "Feature", "properties": {"building": "house", "source": "way"}, "geometry": {"type": "Point", "coordinates": [-82.92529234999999, 42.38838635]}}, {"type": "Feature", "properties": {"building": "house", "source": "way"}, "geometry": {"type": "Point", "coordinates": [-82.92266004999999, 42.38804485000001]}}, {"type": "Feature", "properties": {"building": "house", "source": "way"}, "geometry": {"type": "Point", "coordinates": [-82.9227437, 42.3881816]}}, {"type": "Feature", "properties": {"building": "house", "source": "way"}, "geometry": {"type": "Point", "coordinates": [-82.92285734999999, 42.3883429]}}, {"type": "Feature", "properties": {"building": "house", "source": "way"}, "geometry": {"type": "Point", "coordinates": [-82.92295229999999, 42.388472900000004]}}, {"type": "Feature", "properties": {"building": "house", "source": "way"}, "geometry": {"type": "Point", "coordinates": [-82.923063, 42.3886482]}}, {"type": "Feature", "properties": {"building": "house", "source": "way"}, "geometry": {"type": "Point", "coordinates": [-82.92314358161507, 42.38878100442979]}}, {"type": "Feature", "properties": {"building": "house", "source": "way"}, "geometry": {"type": "Point", "coordinates": [-82.9232578, 42.388941100000004]}}, {"type": "Feature", "properties": {"building": "house", "source": "way"}, "geometry": {"type": "Point", "coordinates": [-82.92333260000001, 42.38905559999999]}}, {"type": "Feature", "properties": {"building": "house", "source": "way"}, "geometry": {"type": "Point", "coordinates": [-82.92400839999999, 42.3888396]}}, {"type": "Feature", "properties": {"building": "house", "source": "way"}, "geometry": {"type": "Point", "coordinates": [-82.92391710000001, 42.388702699999996]}}, {"type": "Feature", "properties": {"building": "house", "source": "way"}, "geometry": {"type": "Point", "coordinates": [-82.92381230000001, 42.3885155]}}, {"type": "Feature", "properties": {"building": "house", "source": "way"}, "geometry": {"type": "Point", "coordinates": [-82.92410125, 42.3889704]}}, {"type": "Feature", "properties": {"building": "house", "source": "way"}, "geometry": {"type": "Point", "coordinates": [-82.92420092479934, 42.38909958544142]}}, {"type": "Feature", "properties": {"building": "house", "source": "way"}, "geometry": {"type": "Point", "coordinates": [-82.92613925, 42.387104750000006]}}, {"type": "Feature", "properties": {"building": "house", "source": "way"}, "geometry": {"type": "Point", "coordinates": [-82.92621355, 42.3872177]}}, {"type": "Feature", "properties": {"building": "house", "source": "way"}, "geometry": {"type": "Point", "coordinates": [-82.92631155, 42.387334349999996]}}, {"type": "Feature", "properties": {"building": "house", "source": "way"}, "geometry": {"type": "Point", "coordinates": [-82.92645015, 42.387573350000004]}}, {"type": "Feature", "properties": {"building": "house", "source": "way"}, "geometry": {"type": "Point", "coordinates": [-82.9265529438389, 42.387706231670755]}}, {"type": "Feature", "properties": {"building": "house", "source": "way"}, "geometry": {"type": "Point", "coordinates": [-82.92670430403695, 42.3867463232875]}}, {"type": "Feature", "properties": {"building": "house", "source": "way"}, "geometry": {"type": "Point", "coordinates": [-82.92681175000001, 42.38685695]}}, {"type": "Feature", "properties": {"building": "house", "source": "way"}, "geometry": {"type": "Point", "coordinates": [-82.92687675, 42.38698805]}}, {"type": "Feature", "properties": {"building": "house", "source": "way"}, "geometry": {"type": "Point", "coordinates": [-82.92696044999998, 42.38711405]}}, {"type": "Feature", "properties": {"building": "house", "source": "way"}, "geometry": {"type": "Point", "coordinates": [-82.92703643184444, 42.38723865218827]}}, {"type": "Feature", "properties": {"building": "house", "source": "way"}, "geometry": {"type": "Point", "coordinates": [-82.92663585, 42.38659185]}}, {"type": "Feature", "properties": {"building": "house", "source": "way"}, "geometry": {"type": "Point", "coordinates": [-82.92575165, 42.38651155000001]}}, {"type": "Feature", "properties": {"building": "house", "source": "way"}, "geometry": {"type": "Point", "coordinates": [-82.92566805, 42.38638575]}}, {"type": "Feature", "properties": {"building": "house", "source": "way"}, "geometry": {"type": "Point", "coordinates": [-82.92558765, 42.386261950000005]}}, {"type": "Feature", "properties": {"building": "house", "source": "way"}, "geometry": {"type": "Point", "coordinates": [-82.92550835, 42.38613975]}}, {"type": "Feature", "properties": {"building": "house", "source": "way"}, "geometry": {"type": "Point", "coordinates": [-82.92543495000001, 42.38602025]}}, {"type": "Feature", "properties": {"building": "house", "source": "way"}, "geometry": {"type": "Point", "coordinates": [-82.92428645, 42.385526049999996]}}, {"type": "Feature", "properties": {"building": "house", "source": "way"}, "geometry": {"type": "Point", "coordinates": [-82.92437155, 42.38564675000001]}}, {"type": "Feature", "properties": {"building": "house", "source": "way"}, "geometry": {"type": "Point", "coordinates": [-82.92445995, 42.38579455]}}, {"type": "Feature", "properties": {"building": "house", "source": "way"}, "geometry": {"type": "Point", "coordinates": [-82.92452805, 42.38594515]}}, {"type": "Feature", "properties": {"building": "house", "source": "way"}, "geometry": {"type": "Point", "coordinates": [-82.92479834999999, 42.386377450000005]}}, {"type": "Feature", "properties": {"building": "house", "source": "way"}, "geometry": {"type": "Point", "coordinates": [-82.92270984999999, 42.38684265]}}, {"type": "Feature", "properties": {"building": "house", "source": "way"}, "geometry": {"type": "Point", "coordinates": [-82.92820578627298, 42.38903328394029]}}, {"type": "Feature", "properties": {"building": "house", "source": "way"}, "geometry": {"type": "Point", "coordinates": [-82.9282972823207, 42.38914561419911]}}, {"type": "Feature", "properties": {"building": "house", "source": "way"}, "geometry": {"type": "Point", "coordinates": [-82.92838465, 42.389269049999996]}}, {"type": "Feature", "properties": {"building": "house", "source": "way"}, "geometry": {"type": "Point", "coordinates": [-82.9284624, 42.38939415000001]}}, {"type": "Feature", "properties": {"building": "house", "source": "way"}, "geometry": {"type": "Point", "coordinates": [-82.92855175, 42.389524550000004]}}, {"type": "Feature", "properties": {"building": "house", "source": "way"}, "geometry": {"type": "Point", "coordinates": [-82.92863005000001, 42.38965155]}}, {"type": "Feature", "properties": {"building": "house", "source": "way"}, "geometry": {"type": "Point", "coordinates": [-82.92871625, 42.38977735]}}, {"type": "Feature", "properties": {"building": "house", "source": "way"}, "geometry": {"type": "Point", "coordinates": [-82.9287742447632, 42.38990269699819]}}, {"type": "Feature", "properties": {"building": "house", "source": "way"}, "geometry": {"type": "Point", "coordinates": [-82.92887485, 42.39001945]}}, {"type": "Feature", "properties": {"building": "house", "source": "way"}, "geometry": {"type": "Point", "coordinates": [-82.92895574999999, 42.39014325]}}, {"type": "Feature", "properties": {"building": "house", "source": "way"}, "geometry": {"type": "Point", "coordinates": [-82.92903285, 42.39026125]}}, {"type": "Feature", "properties": {"building": "house", "source": "way"}, "geometry": {"type": "Point", "coordinates": [-82.92911915, 42.39039765]}}, {"type": "Feature", "properties": {"building": "house", "source": "way"}, "geometry": {"type": "Point", "coordinates": [-82.92917374999999, 42.38935035]}}, {"type": "Feature", "properties": {"building": "house", "source": "way"}, "geometry": {"type": "Point", "coordinates": [-82.92924245, 42.38951195]}}, {"type": "Feature", "properties": {"building": "house", "source": "way"}, "geometry": {"type": "Point", "coordinates": [-82.92931635, 42.38963295]}}, {"type": "Feature", "properties": {"building": "house", "source": "way"}, "geometry": {"type": "Point", "coordinates": [-82.92940315000001, 42.38975405000001]}}, {"type": "Feature", "properties": {"building": "house", "source": "way"}, "geometry": {"type": "Point", "coordinates": [-82.92947495, 42.38987554999999]}}, {"type": "Feature", "properties": {"building": "house", "source": "way"}, "geometry": {"type": "Point", "coordinates": [-82.92956385000001, 42.39000205]}}, {"type": "Feature", "properties": {"building": "house", "source": "way"}, "geometry": {"type": "Point", "coordinates": [-82.92904854999998, 42.3892179]}}, {"type": "Feature", "properties": {"building": "house", "source": "way"}, "geometry": {"type": "Point", "coordinates": [-82.92901484999999, 42.389093349999996]}}, {"type": "Feature", "properties": {"building": "house", "source": "way"}, "geometry": {"type": "Point", "coordinates": [-82.92887505, 42.388958849999995]}}, {"type": "Feature", "properties": {"building": "house", "source": "way"}, "geometry": {"type": "Point", "coordinates": [-82.92878895, 42.38882405]}}, {"type": "Feature", "properties": {"building": "house", "source": "way"}, "geometry": {"type": "Point", "coordinates": [-82.92871375, 42.388700549999996]}}, {"type": "Feature", "properties": {"building": "house", "source": "way"}, "geometry": {"type": "Point", "coordinates": [-82.92864105000001, 42.388583849999996]}}, {"type": "Feature", "properties": {"building": "house", "source": "way"}, "geometry": {"type": "Point", "coordinates": [-82.92806824999998, 42.38876915]}}, {"type": "Feature", "properties": {"building": "house", "source": "way"}, "geometry": {"type": "Point", "coordinates": [-82.92797195, 42.38865875]}}, {"type": "Feature", "properties": {"building": "house", "source": "way"}, "geometry": {"type": "Point", "coordinates": [-82.92813585000002, 42.388908949999994]}}, {"type": "Feature", "properties": {"building": "house", "source": "way"}, "geometry": {"type": "Point", "coordinates": [-82.92747385000001, 42.38913865000001]}}, {"type": "Feature", "properties": {"building": "house", "source": "way"}, "geometry": {"type": "Point", "coordinates": [-82.92755325, 42.38926784999999]}}, {"type": "Feature", "properties": {"building": "house", "source": "way"}, "geometry": {"type": "Point", "coordinates": [-82.92739275000001, 42.38902445000001]}}, {"type": "Feature", "properties": {"building": "house", "source": "way"}, "geometry": {"type": "Point", "coordinates": [-82.92731415, 42.388910949999996]}}, {"type": "Feature", "properties": {"building": "house", "source": "way"}, "geometry": {"type": "Point", "coordinates": [-82.92765465, 42.38938885]}}, {"type": "Feature", "properties": {"building": "house", "source": "way"}, "geometry": {"type": "Point", "coordinates": [-82.92772725, 42.38950245]}}, {"type": "Feature", "properties": {"building": "house", "source": "way"}, "geometry": {"type": "Point", "coordinates": [-82.92779825, 42.389633450000005]}}, {"type": "Feature", "properties": {"building": "house", "source": "way"}, "geometry": {"type": "Point", "coordinates": [-82.92787095, 42.38976145]}}, {"type": "Feature", "properties": {"building": "house", "source": "way"}, "geometry": {"type": "Point", "coordinates": [-82.92795704999999, 42.38988555]}}, {"type": "Feature", "properties": {"building": "house", "source": "way"}, "geometry": {"type": "Point", "coordinates": [-82.92803484999999, 42.39000535]}}, {"type": "Feature", "properties": {"building": "house", "source": "way"}, "geometry": {"type": "Point", "coordinates": [-82.92809565, 42.39014015]}}, {"type": "Feature", "properties": {"building": "house", "source": "way"}, "geometry": {"type": "Point", "coordinates": [-82.92818435, 42.39025685]}}, {"type": "Feature", "properties": {"building": "house", "source": "way"}, "geometry": {"type": "Point", "coordinates": [-82.9282581816383, 42.39038245460297]}}, {"type": "Feature", "properties": {"building": "house", "source": "way"}, "geometry": {"type": "Point", "coordinates": [-82.92740704999999, 42.390382550000005]}}, {"type": "Feature", "properties": {"building": "house", "source": "way"}, "geometry": {"type": "Point", "coordinates": [-82.92732085679869, 42.39025911842898]}}, {"type": "Feature", "properties": {"building": "house", "source": "way"}, "geometry": {"type": "Point", "coordinates": [-82.92722824257265, 42.3901378567369]}}, {"type": "Feature", "properties": {"building": "house", "source": "way"}, "geometry": {"type": "Point", "coordinates": [-82.92695395000001, 42.38971195]}}, {"type": "Feature", "properties": {"building": "house", "source": "way"}, "geometry": {"type": "Point", "coordinates": [-82.92705195, 42.389824250000004]}}, {"type": "Feature", "properties": {"building": "house", "source": "way"}, "geometry": {"type": "Point", "coordinates": [-82.92689034341215, 42.389571419390826]}}, {"type": "Feature", "properties": {"building": "house", "source": "way"}, "geometry": {"type": "Point", "coordinates": [-82.92678945, 42.389432150000005]}}, {"type": "Feature", "properties": {"building": "house", "source": "way"}, "geometry": {"type": "Point", "coordinates": [-82.92669095, 42.38929445]}}, {"type": "Feature", "properties": {"building": "house", "source": "way"}, "geometry": {"type": "Point", "coordinates": [-82.92659486970751, 42.38915897238293]}}, {"type": "Feature", "properties": {"building": "retail", "source": "way"}, "geometry": {"type": "Point", "coordinates": [-82.93384362878642, 42.37684125853342]}}, {"type": "Feature", "properties": {"building": "yes", "source": "way"}, "geometry": {"type": "Point", "coordinates": [-82.93328049220234, 42.376888081578585]}}, {"type": "Feature", "properties": {"building": "yes", "source": "way"}, "geometry": {"type": "Point", "coordinates": [-82.93709640000002, 42.3783206]}}, {"type": "Feature", "properties": {"building": "house", "source": "way"}, "geometry": {"type": "Point", "coordinates": [-82.93542458090344, 42.378422356534514]}}, {"type": "Feature", "properties": {"building": "yes", "source": "way"}, "geometry": {"type": "Point", "coordinates": [-82.92523751864793, 42.37516164712897]}}, {"type": "Feature", "properties": {"building": "yes", "source": "way"}, "geometry": {"type": "Point", "coordinates": [-82.92529594999999, 42.375269200000005]}}, {"type": "Feature", "properties": {"building": "yes", "source": "way"}, "geometry": {"type": "Point", "coordinates": [-82.92538712557804, 42.37539018724879]}}, {"type": "Feature", "properties": {"building": "yes", "source": "way"}, "geometry": {"type": "Point", "coordinates": [-82.9254685832204, 42.37551221949999]}}, {"type": "Feature", "properties": {"building": "yes", "source": "way"}, "geometry": {"type": "Point", "coordinates": [-82.9255427, 42.37563384999999]}}, {"type": "Feature", "properties": {"building": "yes", "source": "way"}, "geometry": {"type": "Point", "coordinates": [-82.92562055, 42.37575854999999]}}, {"type": "Feature", "properties": {"building": "yes", "source": "way"}, "geometry": {"type": "Point", "coordinates": [-82.92572081752371, 42.37587409920365]}}, {"type": "Feature", "properties": {"building": "yes", "source": "way"}, "geometry": {"type": "Point", "coordinates": [-82.92578788211718, 42.37600120132009]}}, {"type": "Feature", "properties": {"building": "yes", "source": "way"}, "geometry": {"type": "Point", "coordinates": [-82.9258727574508, 42.376135628218975]}}, {"type": "Feature", "properties": {"building": "yes", "source": "way"}, "geometry": {"type": "Point", "coordinates": [-82.92596908485768, 42.37624512357941]}}, {"type": "Feature", "properties": {"building": "yes", "source": "way"}, "geometry": {"type": "Point", "coordinates": [-82.92611598258785, 42.37649960077122]}}, {"type": "Feature", "properties": {"building": "yes", "source": "way"}, "geometry": {"type": "Point", "coordinates": [-82.9261922815784, 42.37662415192616]}}, {"type": "Feature", "properties": {"building": "yes", "source": "way"}, "geometry": {"type": "Point", "coordinates": [-82.9262825, 42.3767373]}}, {"type": "Feature", "properties": {"building": "yes", "source": "way"}, "geometry": {"type": "Point", "coordinates": [-82.92639413780924, 42.376879916668145]}}, {"type": "Feature", "properties": {"building": "yes", "source": "way"}, "geometry": {"type": "Point", "coordinates": [-82.92655525, 42.37722945]}}, {"type": "Feature", "properties": {"building": "yes", "source": "way"}, "geometry": {"type": "Point", "coordinates": [-82.92671484892945, 42.37735741870889]}}, {"type": "Feature", "properties": {"building": "yes", "source": "way"}, "geometry": {"type": "Point", "coordinates": [-82.92681316956498, 42.37747241999452]}}, {"type": "Feature", "properties": {"building": "yes", "source": "way"}, "geometry": {"type": "Point", "coordinates": [-82.92683034122824, 42.377616558796014]}}, {"type": "Feature", "properties": {"building": "yes", "source": "way"}, "geometry": {"type": "Point", "coordinates": [-82.92694833169217, 42.37773067955962]}}, {"type": "Feature", "properties": {"building": "yes", "source": "way"}, "geometry": {"type": "Point", "coordinates": [-82.92644694182856, 42.37700838155242]}}, {"type": "Feature", "properties": {"building": "yes", "source": "way"}, "geometry": {"type": "Point", "coordinates": [-82.92604625, 42.376368150000005]}}, {"type": "Feature", "properties": {"building": "yes", "source": "way"}, "geometry": {"type": "Point", "coordinates": [-82.92685050608061, 42.3765334603423]}}, {"type": "Feature", "properties": {"building": "yes", "source": "way"}, "geometry": {"type": "Point", "coordinates": [-82.92701009999999, 42.376794999999994]}}, {"type": "Feature", "properties": {"building": "yes", "source": "way"}, "geometry": {"type": "Point", "coordinates": [-82.92708562129947, 42.37691229979085]}}, {"type": "Feature", "properties": {"building": "yes", "source": "way"}, "geometry": {"type": "Point", "coordinates": [-82.92716788390882, 42.377036931658154]}}, {"type": "Feature", "properties": {"building": "yes", "source": "way"}, "geometry": {"type": "Point", "coordinates": [-82.92726935115658, 42.37714903096601]}}, {"type": "Feature", "properties": {"building": "yes", "source": "way"}, "geometry": {"type": "Point", "coordinates": [-82.92735495000001, 42.3772782]}}, {"type": "Feature", "properties": {"building": "yes", "source": "way"}, "geometry": {"type": "Point", "coordinates": [-82.92750968384087, 42.377525182491]}}, {"type": "Feature", "properties": {"building": "yes", "source": "way"}, "geometry": {"type": "Point", "coordinates": [-82.9276876184773, 42.37776574746377]}}, {"type": "Feature", "properties": {"building": "yes", "source": "way"}, "geometry": {"type": "Point", "coordinates": [-82.92695115000001, 42.37712514999999]}}, {"type": "Feature", "properties": {"building": "yes", "source": "way"}, "geometry": {"type": "Point", "coordinates": [-82.9270476, 42.37726779999999]}}, {"type": "Feature", "properties": {"building": "yes", "source": "way"}, "geometry": {"type": "Point", "coordinates": [-82.92713891055072, 42.377329169816136]}}, {"type": "Feature", "properties": {"building": "yes", "source": "way"}, "geometry": {"type": "Point", "coordinates": [-82.92729142010948, 42.37763724342239]}}, {"type": "Feature", "properties": {"building": "yes", "source": "way"}, "geometry": {"type": "Point", "coordinates": [-82.92576720371814, 42.377090311875435]}}, {"type": "Feature", "properties": {"building": "yes", "source": "way"}, "geometry": {"type": "Point", "coordinates": [-82.92586548139319, 42.37724060642806]}}, {"type": "Feature", "properties": {"building": "yes", "source": "way"}, "geometry": {"type": "Point", "coordinates": [-82.92599715911152, 42.37743228047315]}}, {"type": "Feature", "properties": {"building": "yes", "source": "way"}, "geometry": {"type": "Point", "coordinates": [-82.92549450978458, 42.37665614896311]}}, {"type": "Feature", "properties": {"building": "yes", "source": "way"}, "geometry": {"type": "Point", "coordinates": [-82.92558829923398, 42.37684110031517]}}, {"type": "Feature", "properties": {"building": "yes", "source": "way"}, "geometry": {"type": "Point", "coordinates": [-82.92637204425839, 42.37644283092722]}}, {"type": "Feature", "properties": {"building": "yes", "source": "way"}, "geometry": {"type": "Point", "coordinates": [-82.9264460051776, 42.37655821883062]}}, {"type": "Feature", "properties": {"building": "yes", "source": "way"}, "geometry": {"type": "Point", "coordinates": [-82.92648417118826, 42.37664628404019]}}, {"type": "Feature", "properties": {"building": "yes", "source": "way"}, "geometry": {"type": "Point", "coordinates": [-82.92662225, 42.37682175]}}, {"type": "Feature", "properties": {"building": "yes", "source": "way"}, "geometry": {"type": "Point", "coordinates": [-82.92679199695378, 42.37689628198238]}}, {"type": "Feature", "properties": {"building": "yes", "source": "way"}, "geometry": {"type": "Point", "coordinates": [-82.92688056859926, 42.37701904472888]}}, {"type": "Feature", "properties": {"building": "yes", "source": "way"}, "geometry": {"type": "Point", "coordinates": [-82.92679839504271, 42.37709618144622]}}, {"type": "Feature", "properties": {"building": "yes", "source": "way"}, "geometry": {"type": "Point", "coordinates": [-82.92690765, 42.377262800000004]}}, {"type": "Feature", "properties": {"building": "yes", "source": "way"}, "geometry": {"type": "Point", "coordinates": [-82.92718465, 42.37745365]}}, {"type": "Feature", "properties": {"building": "yes", "source": "way"}, "geometry": {"type": "Point", "coordinates": [-82.92739784999999, 42.377419249999996]}}, {"type": "Feature", "properties": {"building": "yes", "source": "way"}, "geometry": {"type": "Point", "coordinates": [-82.92758227932585, 42.37765922068901]}}, {"type": "Feature", "properties": {"building": "yes", "source": "way"}, "geometry": {"type": "Point", "coordinates": [-82.92736985480943, 42.37776441863705]}}, {"type": "Feature", "properties": {"building": "yes", "source": "way"}, "geometry": {"type": "Point", "coordinates": [-82.9256451, 42.37533415000001]}}, {"type": "Feature", "properties": {"building": "yes", "source": "way"}, "geometry": {"type": "Point", "coordinates": [-82.9257246, 42.375454749999996]}}, {"type": "Feature", "properties": {"building": "yes", "source": "way"}, "geometry": {"type": "Point", "coordinates": [-82.92580785459398, 42.375579018399186]}}, {"type": "Feature", "properties": {"building": "yes", "source": "way"}, "geometry": {"type": "Point", "coordinates": [-82.9258897, 42.37570155]}}, {"type": "Feature", "properties": {"building": "yes", "source": "way"}, "geometry": {"type": "Point", "coordinates": [-82.92596904999999, 42.37582555]}}, {"type": "Feature", "properties": {"building": "yes", "source": "way"}, "geometry": {"type": "Point", "coordinates": [-82.92612832532456, 42.3760702129594]}}, {"type": "Feature", "properties": {"building": "yes", "source": "way"}, "geometry": {"type": "Point", "coordinates": [-82.92621115, 42.37619365]}}, {"type": "Feature", "properties": {"building": "yes", "source": "way"}, "geometry": {"type": "Point", "coordinates": [-82.92640358656894, 42.37628002628725]}}, {"type": "Feature", "properties": {"building": "yes", "source": "way"}, "geometry": {"type": "Point", "coordinates": [-82.92647364999999, 42.37639365]}}, {"type": "Feature", "properties": {"building": "yes", "source": "way"}, "geometry": {"type": "Point", "coordinates": [-82.92670594387911, 42.37629362452463]}}, {"type": "Feature", "properties": {"building": "yes", "source": "way"}, "geometry": {"type": "Point", "coordinates": [-82.9268949039558, 42.37667422580625]}}, {"type": "Feature", "properties": {"building": "yes", "source": "way"}, "geometry": {"type": "Point", "coordinates": [-82.92658503713669, 42.376176491769016]}}, {"type": "Feature", "properties": {"building": "yes", "source": "way"}, "geometry": {"type": "Point", "coordinates": [-82.92653700243173, 42.37596616780251]}}, {"type": "Feature", "properties": {"building": "yes", "source": "way"}, "geometry": {"type": "Point", "coordinates": [-82.92643539806997, 42.37582322132565]}}, {"type": "Feature", "properties": {"building": "yes", "source": "way"}, "geometry": {"type": "Point", "coordinates": [-82.92634315000001, 42.37567035000001]}}, {"type": "Feature", "properties": {"building": "yes", "source": "way"}, "geometry": {"type": "Point", "coordinates": [-82.92619936773409, 42.37555939900139]}}, {"type": "Feature", "properties": {"building": "yes", "source": "way"}, "geometry": {"type": "Point", "coordinates": [-82.92609641872838, 42.375805594853965]}}, {"type": "Feature", "properties": {"building": "yes", "source": "way"}, "geometry": {"type": "Point", "coordinates": [-82.9261911178913, 42.375952745280294]}}, {"type": "Feature", "properties": {"building": "yes", "source": "way"}, "geometry": {"type": "Point", "coordinates": [-82.92628145716063, 42.3761094194486]}}, {"type": "Feature", "properties": {"building": "yes", "source": "way"}, "geometry": {"type": "Point", "coordinates": [-82.92704615816871, 42.37751516822862]}}, {"type": "Feature", "properties": {"building": "yes", "source": "way"}, "geometry": {"type": "Point", "coordinates": [-82.92718103052157, 42.37767715683375]}}, {"type": "Feature", "properties": {"building": "yes", "source": "way"}, "geometry": {"type": "Point", "coordinates": [-82.92725320435919, 42.37779941846876]}}, {"type": "Feature", "properties": {"building": "yes", "source": "way"}, "geometry": {"type": "Point", "coordinates": [-82.92733458568591, 42.37792472417347]}}, {"type": "Feature", "properties": {"building": "yes", "source": "way"}, "geometry": {"type": "Point", "coordinates": [-82.92744605, 42.37788315000001]}}, {"type": "Feature", "properties": {"building": "yes", "source": "way"}, "geometry": {"type": "Point", "coordinates": [-82.92705983284365, 42.37799190066571]}}, {"type": "Feature", "properties": {"building": "yes", "source": "way"}, "geometry": {"type": "Point", "coordinates": [-82.92699411640108, 42.377869598281876]}}, {"type": "Feature", "properties": {"building": "yes", "source": "way"}, "geometry": {"type": "Point", "coordinates": [-82.92607758996476, 42.37759208082536]}}, {"type": "Feature", "properties": {"building": "yes", "source": "way"}, "geometry": {"type": "Point", "coordinates": [-82.92621541829092, 42.37771594174832]}}, {"type": "Feature", "properties": {"building": "yes", "source": "way"}, "geometry": {"type": "Point", "coordinates": [-82.92410436584537, 42.37560035260513]}}, {"type": "Feature", "properties": {"building": "yes", "source": "way"}, "geometry": {"type": "Point", "coordinates": [-82.92420554593649, 42.37574930540901]}}, {"type": "Feature", "properties": {"building": "yes", "source": "way"}, "geometry": {"type": "Point", "coordinates": [-82.9242935801104, 42.37589567846254]}}, {"type": "Feature", "properties": {"building": "yes", "source": "way"}, "geometry": {"type": "Point", "coordinates": [-82.92439183167387, 42.37608695410841]}}, {"type": "Feature", "properties": {"building": "yes", "source": "way"}, "geometry": {"type": "Point", "coordinates": [-82.92454811937652, 42.37620422966166]}}, {"type": "Feature", "properties": {"building": "yes", "source": "way"}, "geometry": {"type": "Point", "coordinates": [-82.924595, 42.37640115]}}, {"type": "Feature", "properties": {"building": "yes", "source": "way"}, "geometry": {"type": "Point", "coordinates": [-82.92468865000002, 42.37654039999999]}}, {"type": "Feature", "properties": {"building": "yes", "source": "way"}, "geometry": {"type": "Point", "coordinates": [-82.92483196077387, 42.37671013180237]}}, {"type": "Feature", "properties": {"building": "yes", "source": "way"}, "geometry": {"type": "Point", "coordinates": [-82.9249100006532, 42.37686377863576]}}, {"type": "Feature", "properties": {"building": "yes", "source": "way"}, "geometry": {"type": "Point", "coordinates": [-82.9250240433558, 42.37703066358199]}}, {"type": "Feature", "properties": {"building": "yes", "source": "way"}, "geometry": {"type": "Point", "coordinates": [-82.92523119696273, 42.3773595827505]}}, {"type": "Feature", "properties": {"building": "yes", "source": "way"}, "geometry": {"type": "Point", "coordinates": [-82.92531065000001, 42.37681635]}}, {"type": "Feature", "properties": {"building": "yes", "source": "way"}, "geometry": {"type": "Point", "coordinates": [-82.92537653138712, 42.37694675827819]}}, {"type": "Feature", "properties": {"building": "yes", "source": "way"}, "geometry": {"type": "Point", "coordinates": [-82.92546223136335, 42.3770748566153]}}, {"type": "Feature", "properties": {"building": "yes", "source": "way"}, "geometry": {"type": "Point", "coordinates": [-82.92554695, 42.37719505]}}, {"type": "Feature", "properties": {"building": "yes", "source": "way"}, "geometry": {"type": "Point", "coordinates": [-82.92502653392474, 42.375973457478906]}}, {"type": "Feature", "properties": {"building": "yes", "source": "way"}, "geometry": {"type": "Point", "coordinates": [-82.92510717880162, 42.37609699257158]}}, {"type": "Feature", "properties": {"building": "yes", "source": "way"}, "geometry": {"type": "Point", "coordinates": [-82.92533819181145, 42.37641296657174]}}, {"type": "Feature", "properties": {"building": "yes", "source": "way"}, "geometry": {"type": "Point", "coordinates": [-82.92481560000002, 42.37608635]}}, {"type": "Feature", "properties": {"building": "yes", "source": "way"}, "geometry": {"type": "Point", "coordinates": [-82.92490545, 42.376210549999996]}}, {"type": "Feature", "properties": {"building": "yes", "source": "way"}, "geometry": {"type": "Point", "coordinates": [-82.92497865, 42.37633105]}}, {"type": "Feature", "properties": {"building": "yes", "source": "way"}, "geometry": {"type": "Point", "coordinates": [-82.92518836750807, 42.37623169913269]}}, {"type": "Feature", "properties": {"building": "yes", "source": "way"}, "geometry": {"type": "Point", "coordinates": [-82.92440665, 42.375450099999995]}}, {"type": "Feature", "properties": {"building": "yes", "source": "way"}, "geometry": {"type": "Point", "coordinates": [-82.9246601017636, 42.37540253688563]}}, {"type": "Feature", "properties": {"building": "yes", "source": "way"}, "geometry": {"type": "Point", "coordinates": [-82.92479025, 42.375570200000006]}}, {"type": "Feature", "properties": {"building": "yes", "source": "way"}, "geometry": {"type": "Point", "coordinates": [-82.9248676, 42.375729899999996]}}, {"type": "Feature", "properties": {"building": "yes", "source": "way"}, "geometry": {"type": "Point", "coordinates": [-82.9246483540481, 42.375844069058516]}}, {"type": "Feature", "properties": {"building": "yes", "source": "way"}, "geometry": {"type": "Point", "coordinates": [-82.92458126917776, 42.37594934552914]}}, {"type": "Feature", "properties": {"building": "yes", "source": "way"}, "geometry": {"type": "Point", "coordinates": [-82.9245816904426, 42.3757201795566]}}, {"type": "Feature", "properties": {"building": "yes", "source": "way"}, "geometry": {"type": "Point", "coordinates": [-82.92428524145599, 42.375488581018054]}}, {"type": "Feature", "properties": {"building": "yes", "source": "way"}, "geometry": {"type": "Point", "coordinates": [-82.92352647953436, 42.37579965670062]}}, {"type": "Feature", "properties": {"building": "yes", "source": "way"}, "geometry": {"type": "Point", "coordinates": [-82.92362032426756, 42.37596052203202]}}, {"type": "Feature", "properties": {"building": "yes", "source": "way"}, "geometry": {"type": "Point", "coordinates": [-82.92373516078109, 42.37610609702663]}}, {"type": "Feature", "properties": {"building": "yes", "source": "way"}, "geometry": {"type": "Point", "coordinates": [-82.92381321833604, 42.37628679938945]}}, {"type": "Feature", "properties": {"building": "yes", "source": "way"}, "geometry": {"type": "Point", "coordinates": [-82.92390201452562, 42.376463814609494]}}, {"type": "Feature", "properties": {"building": "yes", "source": "way"}, "geometry": {"type": "Point", "coordinates": [-82.9241645109128, 42.37675256303094]}}, {"type": "Feature", "properties": {"building": "yes", "source": "way"}, "geometry": {"type": "Point", "coordinates": [-82.92425624232581, 42.376898780741634]}}, {"type": "Feature", "properties": {"building": "yes", "source": "way"}, "geometry": {"type": "Point", "coordinates": [-82.92438254999999, 42.377077]}}, {"type": "Feature", "properties": {"building": "yes", "source": "way"}, "geometry": {"type": "Point", "coordinates": [-82.92457265871873, 42.377391353716455]}}, {"type": "Feature", "properties": {"building": "yes", "source": "way"}, "geometry": {"type": "Point", "coordinates": [-82.92465105, 42.3775377]}}, {"type": "Feature", "properties": {"building": "yes", "source": "way"}, "geometry": {"type": "Point", "coordinates": [-82.9242599, 42.37736895]}}, {"type": "Feature", "properties": {"building": "yes", "source": "way"}, "geometry": {"type": "Point", "coordinates": [-82.92398874999999, 42.377258399999995]}}, {"type": "Feature", "properties": {"building": "yes", "source": "way"}, "geometry": {"type": "Point", "coordinates": [-82.92406275899943, 42.377043819768986]}}, {"type": "Feature", "properties": {"building": "yes", "source": "way"}, "geometry": {"type": "Point", "coordinates": [-82.92416040596741, 42.37721011877868]}}, {"type": "Feature", "properties": {"building": "yes", "source": "way"}, "geometry": {"type": "Point", "coordinates": [-82.92447366196441, 42.37722567197865]}}, {"type": "Feature", "properties": {"building": "yes", "source": "way"}, "geometry": {"type": "Point", "coordinates": [-82.92514151948515, 42.37718933820724]}}, {"type": "Feature", "properties": {"building": "yes", "source": "way"}, "geometry": {"type": "Point", "coordinates": [-82.92567338453664, 42.37696409934515]}}, {"type": "Feature", "properties": {"building": "yes", "source": "way"}, "geometry": {"type": "Point", "coordinates": [-82.92532155, 42.37752245]}}, {"type": "Feature", "properties": {"building": "yes", "source": "way"}, "geometry": {"type": "Point", "coordinates": [-82.92540417481487, 42.37765511398131]}}, {"type": "Feature", "properties": {"building": "yes", "source": "way"}, "geometry": {"type": "Point", "coordinates": [-82.9258592, 42.37787]}}, {"type": "Feature", "properties": {"building": "yes", "source": "way"}, "geometry": {"type": "Point", "coordinates": [-82.92583643105432, 42.37766450528321]}}, {"type": "Feature", "properties": {"building": "yes", "source": "way"}, "geometry": {"type": "Point", "coordinates": [-82.9259877181469, 42.37559944859631]}}, {"type": "Feature", "properties": {"building": "yes", "source": "way"}, "geometry": {"type": "Point", "coordinates": [-82.92600718756925, 42.3752259017853]}}, {"type": "Feature", "properties": {"building": "yes", "source": "way"}, "geometry": {"type": "Point", "coordinates": [-82.92578785505573, 42.37534441961867]}}, {"type": "Feature", "properties": {"building": "yes", "source": "way"}, "geometry": {"type": "Point", "coordinates": [-82.92582945188227, 42.374943930614286]}}, {"type": "Feature", "properties": {"building": "yes", "source": "way"}, "geometry": {"type": "Point", "coordinates": [-82.92546959374451, 42.37505153114232]}}, {"type": "Feature", "properties": {"building": "yes", "source": "way"}, "geometry": {"type": "Point", "coordinates": [-82.92486065, 42.376350849999994]}}, {"type": "Feature", "properties": {"building": "yes", "source": "way"}, "geometry": {"type": "Point", "coordinates": [-82.92528606294624, 42.3770027707741]}}, {"type": "Feature", "properties": {"building": "yes", "source": "way"}, "geometry": {"type": "Point", "coordinates": [-82.92555060000001, 42.3778427]}}, {"type": "Feature", "properties": {"building": "yes", "source": "way"}, "geometry": {"type": "Point", "coordinates": [-82.92565454403612, 42.37801408112834]}}, {"type": "Feature", "properties": {"building": "yes", "source": "way"}, "geometry": {"type": "Point", "coordinates": [-82.925759, 42.3781436]}}, {"type": "Feature", "properties": {"building": "yes", "source": "way"}, "geometry": {"type": "Point", "coordinates": [-82.92586756707858, 42.37834604740927]}}, {"type": "Feature", "properties": {"building": "yes", "source": "way"}, "geometry": {"type": "Point", "coordinates": [-82.92606050276356, 42.37847216787233]}}, {"type": "Feature", "properties": {"building": "yes", "source": "way"}, "geometry": {"type": "Point", "coordinates": [-82.92618754591886, 42.378186981705554]}}, {"type": "Feature", "properties": {"building": "yes", "source": "way"}, "geometry": {"type": "Point", "coordinates": [-82.9262648, 42.37830245]}}, {"type": "Feature", "properties": {"building": "yes", "source": "way"}, "geometry": {"type": "Point", "coordinates": [-82.92647138284451, 42.3782006504774]}}, {"type": "Feature", "properties": {"building": "yes", "source": "way"}, "geometry": {"type": "Point", "coordinates": [-82.92655388105382, 42.378328051718874]}}, {"type": "Feature", "properties": {"building": "yes", "source": "way"}, "geometry": {"type": "Point", "coordinates": [-82.92659615000001, 42.37848544999999]}}, {"type": "Feature", "properties": {"building": "yes", "source": "way"}, "geometry": {"type": "Point", "coordinates": [-82.92629826981131, 42.37796358446906]}}, {"type": "Feature", "properties": {"building": "yes", "source": "way"}, "geometry": {"type": "Point", "coordinates": [-82.9263915867076, 42.378077832018306]}}, {"type": "Feature", "properties": {"building": "yes", "source": "way"}, "geometry": {"type": "Point", "coordinates": [-82.92610260522072, 42.3780651188048]}}, {"type": "Feature", "properties": {"building": "yes", "source": "way"}, "geometry": {"type": "Point", "coordinates": [-82.9259492, 42.3780304]}}, {"type": "Feature", "properties": {"building": "yes", "source": "way"}, "geometry": {"type": "Point", "coordinates": [-82.92775074549667, 42.377894351722766]}}, {"type": "Feature", "properties": {"building": "yes", "source": "way"}, "geometry": {"type": "Point", "coordinates": [-82.92784240313225, 42.37806960325071]}}, {"type": "Feature", "properties": {"building": "yes", "source": "way"}, "geometry": {"type": "Point", "coordinates": [-82.92796734999999, 42.3782577]}}, {"type": "Feature", "properties": {"building": "yes", "source": "way"}, "geometry": {"type": "Point", "coordinates": [-82.92749328773506, 42.3781734229363]}}, {"type": "Feature", "properties": {"building": "yes", "source": "way"}, "geometry": {"type": "Point", "coordinates": [-82.92722695000002, 42.3782313]}}, {"type": "Feature", "properties": {"building": "yes", "source": "way"}, "geometry": {"type": "Point", "coordinates": [-82.92737351296965, 42.3783725562621]}}, {"type": "Feature", "properties": {"building": "yes", "source": "way"}, "geometry": {"type": "Point", "coordinates": [-82.92716476351009, 42.37810501317896]}}, {"type": "Feature", "properties": {"building": "yes", "source": "way"}, "geometry": {"type": "Point", "coordinates": [-82.92741885000001, 42.378049299999994]}}, {"type": "Feature", "properties": {"building": "yes", "source": "way"}, "geometry": {"type": "Point", "coordinates": [-82.92753649999999, 42.37801045]}}, {"type": "Feature", "properties": {"building": "yes", "source": "way"}, "geometry": {"type": "Point", "coordinates": [-82.92500839999998, 42.3780353]}}, {"type": "Feature", "properties": {"building": "yes", "source": "way"}, "geometry": {"type": "Point", "coordinates": [-82.9250925587082, 42.378217923570205]}}, {"type": "Feature", "properties": {"building": "yes", "source": "way"}, "geometry": {"type": "Point", "coordinates": [-82.92516356857973, 42.378347848152686]}}, {"type": "Feature", "properties": {"building": "yes", "source": "way"}, "geometry": {"type": "Point", "coordinates": [-82.92551912133312, 42.37866839436086]}}, {"type": "Feature", "properties": {"building": "yes", "source": "way"}, "geometry": {"type": "Point", "coordinates": [-82.92442094575367, 42.37879726843876]}}, {"type": "Feature", "properties": {"building": "yes", "source": "way"}, "geometry": {"type": "Point", "coordinates": [-82.92385624252023, 42.37797942074381]}}, {"type": "Feature", "properties": {"building": "yes", "source": "way"}, "geometry": {"type": "Point", "coordinates": [-82.92368430705697, 42.37770308776051]}}, {"type": "Feature", "properties": {"building": "yes", "source": "way"}, "geometry": {"type": "Point", "coordinates": [-82.92422288973621, 42.3780879813401]}}, {"type": "Feature", "properties": {"building": "yes", "source": "way"}, "geometry": {"type": "Point", "coordinates": [-82.9248129587534, 42.37792408056372]}}, {"type": "Feature", "properties": {"building": "yes", "source": "way"}, "geometry": {"type": "Point", "coordinates": [-82.92436656857865, 42.377518795983924]}}, {"type": "Feature", "properties": {"building": "yes", "source": "way"}, "geometry": {"type": "Point", "coordinates": [-82.92421711404909, 42.37843326180482]}}, {"type": "Feature", "properties": {"building": "yes", "source": "way"}, "geometry": {"type": "Point", "coordinates": [-82.92352134595991, 42.378973115267094]}}, {"type": "Feature", "properties": {"building": "yes", "source": "way"}, "geometry": {"type": "Point", "coordinates": [-82.92527088393673, 42.378525521895696]}}, {"type": "Feature", "properties": {"building": "yes", "source": "way"}, "geometry": {"type": "Point", "coordinates": [-82.92287013295235, 42.3779833754147]}}, {"type": "Feature", "properties": {"building": "yes", "source": "way"}, "geometry": {"type": "Point", "coordinates": [-82.92327007093773, 42.376956269836434]}}, {"type": "Feature", "properties": {"building": "yes", "source": "way"}, "geometry": {"type": "Point", "coordinates": [-82.92332381835537, 42.376697747600964]}}, {"type": "Feature", "properties": {"building": "yes", "source": "way"}, "geometry": {"type": "Point", "coordinates": [-82.92301788736752, 42.376656549005475]}}, {"type": "Feature", "properties": {"building": "yes", "source": "way"}, "geometry": {"type": "Point", "coordinates": [-82.92278655000001, 42.3762583]}}, {"type": "Feature", "properties": {"building": "yes", "source": "way"}, "geometry": {"type": "Point", "coordinates": [-82.92305401261758, 42.37624651936292]}}, {"type": "Feature", "properties": {"building": "yes", "source": "way"}, "geometry": {"type": "Point", "coordinates": [-82.92362866894082, 42.376380096246635]}}, {"type": "Feature", "properties": {"building": "yes", "source": "way"}, "geometry": {"type": "Point", "coordinates": [-82.92693290000001, 42.379072400000005]}}, {"type": "Feature", "properties": {"building": "yes", "source": "way"}, "geometry": {"type": "Point", "coordinates": [-82.92712286790008, 42.37936143521533]}}, {"type": "Feature", "properties": {"building": "yes", "source": "way"}, "geometry": {"type": "Point", "coordinates": [-82.9274324056223, 42.37986347362161]}}, {"type": "Feature", "properties": {"building": "yes", "source": "way"}, "geometry": {"type": "Point", "coordinates": [-82.92761921673396, 42.380093974004595]}}, {"type": "Feature", "properties": {"building": "yes", "source": "way"}, "geometry": {"type": "Point", "coordinates": [-82.92792181475797, 42.38060398068662]}}, {"type": "Feature", "properties": {"building": "yes", "source": "way"}, "geometry": {"type": "Point", "coordinates": [-82.92808468202672, 42.38084471016657]}}, {"type": "Feature", "properties": {"building": "yes", "source": "way"}, "geometry": {"type": "Point", "coordinates": [-82.92826119407026, 42.38108927655419]}}, {"type": "Feature", "properties": {"building": "yes", "source": "way"}, "geometry": {"type": "Point", "coordinates": [-82.92836111295749, 42.381348219734264]}}, {"type": "Feature", "properties": {"building": "yes", "source": "way"}, "geometry": {"type": "Point", "coordinates": [-82.9285782949825, 42.38157611576515]}}, {"type": "Feature", "properties": {"building": "yes", "source": "way"}, "geometry": {"type": "Point", "coordinates": [-82.92871315194661, 42.38183633261773]}}, {"type": "Feature", "properties": {"building": "yes", "source": "way"}, "geometry": {"type": "Point", "coordinates": [-82.92874513888032, 42.38208201085603]}}, {"type": "Feature", "properties": {"building": "yes", "source": "way"}, "geometry": {"type": "Point", "coordinates": [-82.92632845457058, 42.37915692120476]}}, {"type": "Feature", "properties": {"building": "yes", "source": "way"}, "geometry": {"type": "Point", "coordinates": [-82.92646450249973, 42.379370655149884]}}, {"type": "Feature", "properties": {"building": "yes", "source": "way"}, "geometry": {"type": "Point", "coordinates": [-82.926592, 42.37956655]}}, {"type": "Feature", "properties": {"building": "yes", "source": "way"}, "geometry": {"type": "Point", "coordinates": [-82.92670750792216, 42.37977756954489]}}, {"type": "Feature", "properties": {"building": "yes", "source": "way"}, "geometry": {"type": "Point", "coordinates": [-82.9268867147408, 42.380037459190305]}}, {"type": "Feature", "properties": {"building": "yes", "source": "way"}, "geometry": {"type": "Point", "coordinates": [-82.92708313975619, 42.380285551654495]}}, {"type": "Feature", "properties": {"building": "yes", "source": "way"}, "geometry": {"type": "Point", "coordinates": [-82.92722995742848, 42.38056062173906]}}, {"type": "Feature", "properties": {"building": "yes", "source": "way"}, "geometry": {"type": "Point", "coordinates": [-82.92740600066514, 42.38078019417048]}}, {"type": "Feature", "properties": {"building": "yes", "source": "way"}, "geometry": {"type": "Point", "coordinates": [-82.92752052594463, 42.381006410855406]}}, {"type": "Feature", "properties": {"building": "yes", "source": "way"}, "geometry": {"type": "Point", "coordinates": [-82.92772744052665, 42.38126824163698]}}, {"type": "Feature", "properties": {"building": "yes", "source": "way"}, "geometry": {"type": "Point", "coordinates": [-82.92784846393744, 42.3815168854721]}}, {"type": "Feature", "properties": {"building": "yes", "source": "way"}, "geometry": {"type": "Point", "coordinates": [-82.9279754266777, 42.3816855288672]}}, {"type": "Feature", "properties": {"building": "yes", "source": "way"}, "geometry": {"type": "Point", "coordinates": [-82.92832381819755, 42.381896192263355]}}, {"type": "Feature", "properties": {"building": "yes", "source": "way"}, "geometry": {"type": "Point", "coordinates": [-82.92736465374654, 42.38026731856266]}}, {"type": "Feature", "properties": {"building": "yes", "source": "way"}, "geometry": {"type": "Point", "coordinates": [-82.92729924999999, 42.37961425]}}, {"type": "Feature", "properties": {"building": "yes", "source": "way"}, "geometry": {"type": "Point", "coordinates": [-82.92784048630321, 42.37895641789118]}}, {"type": "Feature", "properties": {"building": "yes", "source": "way"}, "geometry": {"type": "Point", "coordinates": [-82.92808203569165, 42.379341682194976]}}, {"type": "Feature", "properties": {"building": "yes", "source": "way"}, "geometry": {"type": "Point", "coordinates": [-82.92825623856844, 42.37956989827087]}}, {"type": "Feature", "properties": {"building": "yes", "source": "way"}, "geometry": {"type": "Point", "coordinates": [-82.92840703164444, 42.37981230631865]}}, {"type": "Feature", "properties": {"building": "yes", "source": "way"}, "geometry": {"type": "Point", "coordinates": [-82.92871893043468, 42.380307053323875]}}, {"type": "Feature", "properties": {"building": "yes", "source": "way"}, "geometry": {"type": "Point", "coordinates": [-82.92906294109434, 42.38081205728475]}}, {"type": "Feature", "properties": {"building": "yes", "source": "way"}, "geometry": {"type": "Point", "coordinates": [-82.92922629445593, 42.38106658937143]}}, {"type": "Feature", "properties": {"building": "yes", "source": "way"}, "geometry": {"type": "Point", "coordinates": [-82.92939217600484, 42.38129924113005]}}, {"type": "Feature", "properties": {"building": "yes", "source": "way"}, "geometry": {"type": "Point", "coordinates": [-82.92970208135588, 42.381793600582675]}}, {"type": "Feature", "properties": {"building": "yes", "source": "way"}, "geometry": {"type": "Point", "coordinates": [-82.92892239380996, 42.38057729267549]}}, {"type": "Feature", "properties": {"building": "yes", "source": "way"}, "geometry": {"type": "Point", "coordinates": [-82.92853665000003, 42.3800474]}}, {"type": "Feature", "properties": {"building": "yes", "source": "way"}, "geometry": {"type": "Point", "coordinates": [-82.92899908656804, 42.38029453158753]}}, {"type": "Feature", "properties": {"building": "yes", "source": "way"}, "geometry": {"type": "Point", "coordinates": [-82.9291495, 42.3804803]}}, {"type": "Feature", "properties": {"building": "yes", "source": "way"}, "geometry": {"type": "Point", "coordinates": [-82.9294447219926, 42.38033833555942]}}, {"type": "Feature", "properties": {"building": "yes", "source": "way"}, "geometry": {"type": "Point", "coordinates": [-82.92968710765832, 42.38056466958876]}}, {"type": "Feature", "properties": {"building": "yes", "source": "way"}, "geometry": {"type": "Point", "coordinates": [-82.9298686832898, 42.3808880852333]}}, {"type": "Feature", "properties": {"building": "yes", "source": "way"}, "geometry": {"type": "Point", "coordinates": [-82.93017806763429, 42.381257492409674]}}, {"type": "Feature", "properties": {"building": "yes", "source": "way"}, "geometry": {"type": "Point", "coordinates": [-82.93032179796393, 42.38156023514067]}}, {"type": "Feature", "properties": {"building": "yes", "source": "way"}, "geometry": {"type": "Point", "coordinates": [-82.92955207223514, 42.38156221078059]}}, {"type": "Feature", "properties": {"building": "yes", "source": "way"}, "geometry": {"type": "Point", "coordinates": [-82.92954618852136, 42.380320246463604]}}, {"type": "Feature", "properties": {"building": "yes", "source": "way"}, "geometry": {"type": "Point", "coordinates": [-82.92935767502713, 42.380112846696974]}}, {"type": "Feature", "properties": {"building": "yes", "source": "way"}, "geometry": {"type": "Point", "coordinates": [-82.92921939999998, 42.37982595]}}, {"type": "Feature", "properties": {"building": "yes", "source": "way"}, "geometry": {"type": "Point", "coordinates": [-82.92905639595341, 42.37957440830007]}}, {"type": "Feature", "properties": {"building": "yes", "source": "way"}, "geometry": {"type": "Point", "coordinates": [-82.92888021026971, 42.37934556607035]}}, {"type": "Feature", "properties": {"building": "yes", "source": "way"}, "geometry": {"type": "Point", "coordinates": [-82.92621923278254, 42.38001282886598]}}, {"type": "Feature", "properties": {"building": "yes", "source": "way"}, "geometry": {"type": "Point", "coordinates": [-82.9263973161824, 42.38025383838353]}}, {"type": "Feature", "properties": {"building": "yes", "source": "way"}, "geometry": {"type": "Point", "coordinates": [-82.92653309745933, 42.38050255797801]}}, {"type": "Feature", "properties": {"building": "yes", "source": "way"}, "geometry": {"type": "Point", "coordinates": [-82.92673935440975, 42.38077501823484]}}, {"type": "Feature", "properties": {"building": "yes", "source": "way"}, "geometry": {"type": "Point", "coordinates": [-82.92683629891576, 42.380983047052766]}}, {"type": "Feature", "properties": {"building": "yes", "source": "way"}, "geometry": {"type": "Point", "coordinates": [-82.92698654973616, 42.38124414206278]}}, {"type": "Feature", "properties": {"building": "yes", "source": "way"}, "geometry": {"type": "Point", "coordinates": [-82.92716854403503, 42.38147605491378]}}, {"type": "Feature", "properties": {"building": "yes", "source": "way"}, "geometry": {"type": "Point", "coordinates": [-82.92731390994275, 42.38171027698074]}}, {"type": "Feature", "properties": {"building": "yes", "source": "way"}, "geometry": {"type": "Point", "coordinates": [-82.9263331925622, 42.381612815179835]}}, {"type": "Feature", "properties": {"building": "yes", "source": "way"}, "geometry": {"type": "Point", "coordinates": [-82.92598486479048, 42.3810855307314]}}, {"type": "Feature", "properties": {"building": "yes", "source": "way"}, "geometry": {"type": "Point", "coordinates": [-82.92569543557043, 42.380666611685875]}}, {"type": "Feature", "properties": {"building": "yes", "source": "way"}, "geometry": {"type": "Point", "coordinates": [-82.92534105, 42.3802115]}}, {"type": "Feature", "properties": {"building": "yes", "source": "way"}, "geometry": {"type": "Point", "coordinates": [-82.92502209105703, 42.37972039055988]}}, {"type": "Feature", "properties": {"building": "yes", "source": "way"}, "geometry": {"type": "Point", "coordinates": [-82.92488899792166, 42.379431505314386]}}, {"type": "Feature", "properties": {"building": "yes", "source": "way"}, "geometry": {"type": "Point", "coordinates": [-82.92525536479448, 42.38011147522531]}}, {"type": "Feature", "properties": {"building": "yes", "source": "way"}, "geometry": {"type": "Point", "coordinates": [-82.92585813753102, 42.379506804247036]}}, {"type": "Feature", "properties": {"building": "yes", "source": "way"}, "geometry": {"type": "Point", "coordinates": [-82.92585115000001, 42.3797869]}}, {"type": "Feature", "properties": {"building": "yes", "source": "way"}, "geometry": {"type": "Point", "coordinates": [-82.92572745352864, 42.37928421844762]}}, {"type": "Feature", "properties": {"building": "yes", "source": "way"}, "geometry": {"type": "Point", "coordinates": [-82.92432086061999, 42.3802528106407]}}, {"type": "Feature", "properties": {"building": "yes", "source": "way"}, "geometry": {"type": "Point", "coordinates": [-82.9245991397091, 42.38069270515569]}}, {"type": "Feature", "properties": {"building": "yes", "source": "way"}, "geometry": {"type": "Point", "coordinates": [-82.924841269761, 42.38100404130833]}}, {"type": "Feature", "properties": {"building": "yes", "source": "way"}, "geometry": {"type": "Point", "coordinates": [-82.92512155, 42.381463600000004]}}, {"type": "Feature", "properties": {"building": "yes", "source": "way"}, "geometry": {"type": "Point", "coordinates": [-82.92368300575694, 42.38090480508179]}}, {"type": "Feature", "properties": {"building": "yes", "source": "way"}, "geometry": {"type": "Point", "coordinates": [-82.92379304560885, 42.381088661722785]}}, {"type": "Feature", "properties": {"building": "yes", "source": "way"}, "geometry": {"type": "Point", "coordinates": [-82.92398178346924, 42.38128423179454]}}, {"type": "Feature", "properties": {"building": "yes", "source": "way"}, "geometry": {"type": "Point", "coordinates": [-82.92416752578656, 42.38169774427285]}}, {"type": "Feature", "properties": {"building": "yes", "source": "way"}, "geometry": {"type": "Point", "coordinates": [-82.92954056836662, 42.37879785290256]}}, {"type": "Feature", "properties": {"building": "yes", "source": "way"}, "geometry": {"type": "Point", "coordinates": [-82.92971746742772, 42.379078626908125]}}, {"type": "Feature", "properties": {"building": "yes", "source": "way"}, "geometry": {"type": "Point", "coordinates": [-82.92986312501438, 42.37927996204855]}}, {"type": "Feature", "properties": {"building": "yes", "source": "way"}, "geometry": {"type": "Point", "coordinates": [-82.92999262129449, 42.379531449132415]}}, {"type": "Feature", "properties": {"building": "yes", "source": "way"}, "geometry": {"type": "Point", "coordinates": [-82.93017626826594, 42.3797818654302]}}, {"type": "Feature", "properties": {"building": "yes", "source": "way"}, "geometry": {"type": "Point", "coordinates": [-82.93054382405218, 42.380293576792894]}}, {"type": "Feature", "properties": {"building": "yes", "source": "way"}, "geometry": {"type": "Point", "coordinates": [-82.93066926797361, 42.380545580074426]}}, {"type": "Feature", "properties": {"building": "yes", "source": "way"}, "geometry": {"type": "Point", "coordinates": [-82.93085707516835, 42.380802639894405]}}, {"type": "Feature", "properties": {"building": "yes", "source": "way"}, "geometry": {"type": "Point", "coordinates": [-82.93101968606729, 42.38103666240968]}}, {"type": "Feature", "properties": {"building": "yes", "source": "way"}, "geometry": {"type": "Point", "coordinates": [-82.9311185, 42.38127085]}}, {"type": "Feature", "properties": {"building": "yes", "source": "way"}, "geometry": {"type": "Point", "coordinates": [-82.93132366434867, 42.38151968412422]}}, {"type": "Feature", "properties": {"building": "yes", "source": "way"}, "geometry": {"type": "Point", "coordinates": [-82.9314534334411, 42.381772896275926]}}, {"type": "Feature", "properties": {"building": "yes", "source": "way"}, "geometry": {"type": "Point", "coordinates": [-82.93016491091662, 42.37855183839509]}}, {"type": "Feature", "properties": {"building": "yes", "source": "way"}, "geometry": {"type": "Point", "coordinates": [-82.93035901737473, 42.37881504021532]}}, {"type": "Feature", "properties": {"building": "yes", "source": "way"}, "geometry": {"type": "Point", "coordinates": [-82.9305036, 42.379047799999995]}}, {"type": "Feature", "properties": {"building": "yes", "source": "way"}, "geometry": {"type": "Point", "coordinates": [-82.930705, 42.379334099999994]}}, {"type": "Feature", "properties": {"building": "yes", "source": "way"}, "geometry": {"type": "Point", "coordinates": [-82.93079916564385, 42.379544264112546]}}, {"type": "Feature", "properties": {"building": "yes", "source": "way"}, "geometry": {"type": "Point", "coordinates": [-82.93116418963795, 42.380044435385]}}, {"type": "Feature", "properties": {"building": "yes", "source": "way"}, "geometry": {"type": "Point", "coordinates": [-82.93134724999997, 42.38032785]}}, {"type": "Feature", "properties": {"building": "yes", "source": "way"}, "geometry": {"type": "Point", "coordinates": [-82.9316495, 42.3807803]}}, {"type": "Feature", "properties": {"building": "yes", "source": "way"}, "geometry": {"type": "Point", "coordinates": [-82.93176618622665, 42.38103687607708]}}, {"type": "Feature", "properties": {"building": "yes", "source": "way"}, "geometry": {"type": "Point", "coordinates": [-82.9319758879042, 42.38128036643285]}}, {"type": "Feature", "properties": {"building": "yes", "source": "way"}, "geometry": {"type": "Point", "coordinates": [-82.93213660548511, 42.3815339273604]}}, {"type": "Feature", "properties": {"building": "yes", "source": "way"}, "geometry": {"type": "Point", "coordinates": [-82.93178782302263, 42.381432012575274]}}, {"type": "Feature", "properties": {"building": "yes", "source": "way"}, "geometry": {"type": "Point", "coordinates": [-82.93100568813259, 42.378313845065115]}}, {"type": "Feature", "properties": {"building": "yes", "source": "way"}, "geometry": {"type": "Point", "coordinates": [-82.93116862164278, 42.37853943505144]}}, {"type": "Feature", "properties": {"building": "yes", "source": "way"}, "geometry": {"type": "Point", "coordinates": [-82.93131999051928, 42.37875836267169]}}, {"type": "Feature", "properties": {"building": "yes", "source": "way"}, "geometry": {"type": "Point", "coordinates": [-82.93149438186627, 42.379016207065426]}}, {"type": "Feature", "properties": {"building": "yes", "source": "way"}, "geometry": {"type": "Point", "coordinates": [-82.93166676706873, 42.37925914659508]}}, {"type": "Feature", "properties": {"building": "yes", "source": "way"}, "geometry": {"type": "Point", "coordinates": [-82.93183501901555, 42.37953925387877]}}, {"type": "Feature", "properties": {"building": "yes", "source": "way"}, "geometry": {"type": "Point", "coordinates": [-82.9322534, 42.380246799999995]}}, {"type": "Feature", "properties": {"building": "yes", "source": "way"}, "geometry": {"type": "Point", "coordinates": [-82.9324964622171, 42.380468284331066]}}, {"type": "Feature", "properties": {"building": "yes", "source": "way"}, "geometry": {"type": "Point", "coordinates": [-82.9326028769351, 42.38074014100436]}}, {"type": "Feature", "properties": {"building": "yes", "source": "way"}, "geometry": {"type": "Point", "coordinates": [-82.9327817192772, 42.381002643786225]}}, {"type": "Feature", "properties": {"building": "yes", "source": "way"}, "geometry": {"type": "Point", "coordinates": [-82.9329212631444, 42.381233426568556]}}, {"type": "Feature", "properties": {"building": "yes", "source": "way"}, "geometry": {"type": "Point", "coordinates": [-82.9332042, 42.381166400000005]}}, {"type": "Feature", "properties": {"building": "yes", "source": "way"}, "geometry": {"type": "Point", "coordinates": [-82.93347065116826, 42.38083207674887]}}, {"type": "Feature", "properties": {"building": "yes", "source": "way"}, "geometry": {"type": "Point", "coordinates": [-82.9332605119819, 42.38065060795456]}}, {"type": "Feature", "properties": {"building": "yes", "source": "way"}, "geometry": {"type": "Point", "coordinates": [-82.93321204168, 42.38042683527681]}}, {"type": "Feature", "properties": {"building": "yes", "source": "way"}, "geometry": {"type": "Point", "coordinates": [-82.93295325630626, 42.38002381161787]}}, {"type": "Feature", "properties": {"building": "yes", "source": "way"}, "geometry": {"type": "Point", "coordinates": [-82.93283874999999, 42.3798099]}}, {"type": "Feature", "properties": {"building": "yes", "source": "way"}, "geometry": {"type": "Point", "coordinates": [-82.93271264189183, 42.379613701615945]}}, {"type": "Feature", "properties": {"building": "yes", "source": "way"}, "geometry": {"type": "Point", "coordinates": [-82.93307902253184, 42.38021439129756]}}, {"type": "Feature", "properties": {"building": "yes", "source": "way"}, "geometry": {"type": "Point", "coordinates": [-82.93297965000001, 42.38054650000001]}}, {"type": "Feature", "properties": {"building": "yes", "source": "way"}, "geometry": {"type": "Point", "coordinates": [-82.93146021843494, 42.380550265933365]}}, {"type": "Feature", "properties": {"building": "yes", "source": "way"}, "geometry": {"type": "Point", "coordinates": [-82.93211212708349, 42.37996122061529]}}, {"type": "Feature", "properties": {"building": "yes", "source": "way"}, "geometry": {"type": "Point", "coordinates": [-82.93246325074112, 42.379237346182215]}}, {"type": "Feature", "properties": {"building": "yes", "source": "way"}, "geometry": {"type": "Point", "coordinates": [-82.93100452125337, 42.37981032946508]}}, {"type": "Feature", "properties": {"building": "yes", "source": "way"}, "geometry": {"type": "Point", "coordinates": [-82.9311935, 42.380883950000005]}}, {"type": "Feature", "properties": {"building": "yes", "source": "way"}, "geometry": {"type": "Point", "coordinates": [-82.92847630113555, 42.378874769841026]}}, {"type": "Feature", "properties": {"building": "yes", "source": "way"}, "geometry": {"type": "Point", "coordinates": [-82.92873397042338, 42.37909582526352]}}, {"type": "Feature", "properties": {"building": "yes", "source": "way"}, "geometry": {"type": "Point", "coordinates": [-82.93172166592737, 42.37810672603701]}}, {"type": "Feature", "properties": {"building": "yes", "source": "way"}, "geometry": {"type": "Point", "coordinates": [-82.93187577345833, 42.37833203544188]}}, {"type": "Feature", "properties": {"building": "yes", "source": "way"}, "geometry": {"type": "Point", "coordinates": [-82.9320011436175, 42.37854032982258]}}, {"type": "Feature", "properties": {"building": "yes", "source": "way"}, "geometry": {"type": "Point", "coordinates": [-82.9321052493702, 42.378779818363725]}}, {"type": "Feature", "properties": {"building": "yes", "source": "way"}, "geometry": {"type": "Point", "coordinates": [-82.93175186802088, 42.37870134358154]}}, {"type": "Feature", "properties": {"building": "yes", "source": "way"}, "geometry": {"type": "Point", "coordinates": [-82.93264729288377, 42.379929231268996]}}, {"type": "Feature", "properties": {"building": "yes", "source": "way"}, "geometry": {"type": "Point", "coordinates": [-82.93032108600146, 42.38002709933619]}}, {"type": "Feature", "properties": {"building": "yes", "source": "way"}, "geometry": {"type": "Point", "coordinates": [-82.93052464077361, 42.37945968103492]}}, {"type": "Feature", "properties": {"building": "yes", "source": "way"}, "geometry": {"type": "Point", "coordinates": [-82.93229967107295, 42.378989926241076]}}, {"type": "Feature", "properties": {"building": "yes", "source": "way"}, "geometry": {"type": "Point", "coordinates": [-82.92770078159552, 42.38075750664946]}}, {"type": "Feature", "properties": {"building": "yes", "source": "way"}, "geometry": {"type": "Point", "coordinates": [-82.9325189035488, 42.37783905503048]}}, {"type": "Feature", "properties": {"building": "yes", "source": "way"}, "geometry": {"type": "Point", "coordinates": [-82.93263399999998, 42.37802195]}}, {"type": "Feature", "properties": {"building": "yes", "source": "way"}, "geometry": {"type": "Point", "coordinates": [-82.93281160000001, 42.3782748]}}, {"type": "Feature", "properties": {"building": "yes", "source": "way"}, "geometry": {"type": "Point", "coordinates": [-82.93294036712349, 42.37846455589782]}}, {"type": "Feature", "properties": {"building": "yes", "source": "way"}, "geometry": {"type": "Point", "coordinates": [-82.93309185497971, 42.37870519260207]}}, {"type": "Feature", "properties": {"building": "yes", "source": "way"}, "geometry": {"type": "Point", "coordinates": [-82.93327496696078, 42.37890704931374]}}, {"type": "Feature", "properties": {"building": "yes", "source": "way"}, "geometry": {"type": "Point", "coordinates": [-82.93335195000002, 42.379121250000004]}}, {"type": "Feature", "properties": {"building": "yes", "source": "way"}, "geometry": {"type": "Point", "coordinates": [-82.93353504193006, 42.37929438587525]}}, {"type": "Feature", "properties": {"building": "yes", "source": "way"}, "geometry": {"type": "Point", "coordinates": [-82.9336947218121, 42.37950892438469]}}, {"type": "Feature", "properties": {"building": "yes", "source": "way"}, "geometry": {"type": "Point", "coordinates": [-82.93374316096529, 42.37972256482539]}}, {"type": "Feature", "properties": {"building": "yes", "source": "way"}, "geometry": {"type": "Point", "coordinates": [-82.93386011732927, 42.3798952460887]}}, {"type": "Feature", "properties": {"building": "yes", "source": "way"}, "geometry": {"type": "Point", "coordinates": [-82.93402917776858, 42.38013971219915]}}, {"type": "Feature", "properties": {"building": "yes", "source": "way"}, "geometry": {"type": "Point", "coordinates": [-82.93418575428602, 42.38029912831752]}}, {"type": "Feature", "properties": {"building": "yes", "source": "way"}, "geometry": {"type": "Point", "coordinates": [-82.93319385000001, 42.3778593]}}, {"type": "Feature", "properties": {"building": "yes", "source": "way"}, "geometry": {"type": "Point", "coordinates": [-82.93333383170628, 42.37808330907674]}}, {"type": "Feature", "properties": {"building": "yes", "source": "way"}, "geometry": {"type": "Point", "coordinates": [-82.93344311504352, 42.37825756687848]}}, {"type": "Feature", "properties": {"building": "yes", "source": "way"}, "geometry": {"type": "Point", "coordinates": [-82.93356358225694, 42.37839910924522]}}, {"type": "Feature", "properties": {"building": "yes", "source": "way"}, "geometry": {"type": "Point", "coordinates": [-82.93368399999999, 42.37856645]}}, {"type": "Feature", "properties": {"building": "yes", "source": "way"}, "geometry": {"type": "Point", "coordinates": [-82.93390055, 42.37889260000001]}}, {"type": "Feature", "properties": {"building": "yes", "source": "way"}, "geometry": {"type": "Point", "coordinates": [-82.93401992767708, 42.379094628752746]}}, {"type": "Feature", "properties": {"building": "yes", "source": "way"}, "geometry": {"type": "Point", "coordinates": [-82.9341335, 42.3792329]}}, {"type": "Feature", "properties": {"building": "yes", "source": "way"}, "geometry": {"type": "Point", "coordinates": [-82.9342220046333, 42.37939047431524]}}, {"type": "Feature", "properties": {"building": "yes", "source": "way"}, "geometry": {"type": "Point", "coordinates": [-82.93431847876651, 42.37953844268255]}}, {"type": "Feature", "properties": {"building": "yes", "source": "way"}, "geometry": {"type": "Point", "coordinates": [-82.93440767541306, 42.37968955996414]}}, {"type": "Feature", "properties": {"building": "yes", "source": "way"}, "geometry": {"type": "Point", "coordinates": [-82.93453410000002, 42.37982135]}}, {"type": "Feature", "properties": {"building": "yes", "source": "way"}, "geometry": {"type": "Point", "coordinates": [-82.93461845, 42.37996075]}}, {"type": "Feature", "properties": {"building": "yes", "source": "way"}, "geometry": {"type": "Point", "coordinates": [-82.93473738127575, 42.38013225451299]}}, {"type": "Feature", "properties": {"building": "yes", "source": "way"}, "geometry": {"type": "Point", "coordinates": [-82.93481449748008, 42.3802801055186]}}, {"type": "Feature", "properties": {"building": "yes", "source": "way"}, "geometry": {"type": "Point", "coordinates": [-82.93491265165684, 42.38043233453389]}}, {"type": "Feature", "properties": {"building": "yes", "source": "way"}, "geometry": {"type": "Point", "coordinates": [-82.93472111895551, 42.38042264694701]}}, {"type": "Feature", "properties": {"building": "yes", "source": "way"}, "geometry": {"type": "Point", "coordinates": [-82.93483140917147, 42.380620770012136]}}, {"type": "Feature", "properties": {"building": "yes", "source": "way"}, "geometry": {"type": "Point", "coordinates": [-82.93499239999998, 42.3805483]}}, {"type": "Feature", "properties": {"building": "yes", "source": "way"}, "geometry": {"type": "Point", "coordinates": [-82.93440969676882, 42.38072503194902]}}, {"type": "Feature", "properties": {"building": "yes", "source": "way"}, "geometry": {"type": "Point", "coordinates": [-82.93429785166204, 42.380514593908245]}}, {"type": "Feature", "properties": {"building": "yes", "source": "way"}, "geometry": {"type": "Point", "coordinates": [-82.9344071690567, 42.37998014541721]}}, {"type": "Feature", "properties": {"building": "yes", "source": "way"}, "geometry": {"type": "Point", "coordinates": [-82.93433821897023, 42.380071646070924]}}, {"type": "Feature", "properties": {"building": "yes", "source": "way"}, "geometry": {"type": "Point", "coordinates": [-82.9345094591204, 42.380128969042644]}}, {"type": "Feature", "properties": {"building": "yes", "source": "way"}, "geometry": {"type": "Point", "coordinates": [-82.93421972734471, 42.37968906448258]}}, {"type": "Feature", "properties": {"building": "yes", "source": "way"}, "geometry": {"type": "Point", "coordinates": [-82.93402915, 42.379392349999996]}}, {"type": "Feature", "properties": {"building": "yes", "source": "way"}, "geometry": {"type": "Point", "coordinates": [-82.93383190000002, 42.37910005]}}, {"type": "Feature", "properties": {"building": "yes", "source": "way"}, "geometry": {"type": "Point", "coordinates": [-82.9335741, 42.378945699999996]}}, {"type": "Feature", "properties": {"building": "yes", "source": "way"}, "geometry": {"type": "Point", "coordinates": [-82.93344884999999, 42.37850455]}}, {"type": "Feature", "properties": {"building": "yes", "source": "way"}, "geometry": {"type": "Point", "coordinates": [-82.93310765, 42.378338150000005]}}, {"type": "Feature", "properties": {"building": "yes", "source": "way"}, "geometry": {"type": "Point", "coordinates": [-82.93304944005429, 42.377652670136314]}}, {"type": "Feature", "properties": {"building": "yes", "source": "way"}, "geometry": {"type": "Point", "coordinates": [-82.92979495, 42.37879105000001]}}, {"type": "Feature", "properties": {"building": "yes", "source": "way"}, "geometry": {"type": "Point", "coordinates": [-82.93397985800907, 42.37794993168818]}}, {"type": "Feature", "properties": {"building": "yes", "source": "way"}, "geometry": {"type": "Point", "coordinates": [-82.93414779535175, 42.37825688136332]}}, {"type": "Feature", "properties": {"building": "yes", "source": "way"}, "geometry": {"type": "Point", "coordinates": [-82.9342838147261, 42.37844363874679]}}, {"type": "Feature", "properties": {"building": "yes", "source": "way"}, "geometry": {"type": "Point", "coordinates": [-82.93446193083177, 42.37872652496847]}}, {"type": "Feature", "properties": {"building": "yes", "source": "way"}, "geometry": {"type": "Point", "coordinates": [-82.93458105337183, 42.37886819843132]}}, {"type": "Feature", "properties": {"building": "yes", "source": "way"}, "geometry": {"type": "Point", "coordinates": [-82.93466226898141, 42.379021444621124]}}, {"type": "Feature", "properties": {"building": "yes", "source": "way"}, "geometry": {"type": "Point", "coordinates": [-82.93475386818143, 42.379167045749924]}}, {"type": "Feature", "properties": {"building": "yes", "source": "way"}, "geometry": {"type": "Point", "coordinates": [-82.934845576626, 42.37932043228786]}}, {"type": "Feature", "properties": {"building": "yes", "source": "way"}, "geometry": {"type": "Point", "coordinates": [-82.93494573109241, 42.37947131138909]}}, {"type": "Feature", "properties": {"building": "yes", "source": "way"}, "geometry": {"type": "Point", "coordinates": [-82.93504692461556, 42.379616270913026]}}, {"type": "Feature", "properties": {"building": "yes", "source": "way"}, "geometry": {"type": "Point", "coordinates": [-82.93515518222311, 42.37975223409602]}}, {"type": "Feature", "properties": {"building": "yes", "source": "way"}, "geometry": {"type": "Point", "coordinates": [-82.935258531388, 42.37990625385747]}}, {"type": "Feature", "properties": {"building": "yes", "source": "way"}, "geometry": {"type": "Point", "coordinates": [-82.93534706586564, 42.38006125986285]}}, {"type": "Feature", "properties": {"building": "yes", "source": "way"}, "geometry": {"type": "Point", "coordinates": [-82.93544162267331, 42.38020336683072]}}, {"type": "Feature", "properties": {"building": "yes", "source": "way"}, "geometry": {"type": "Point", "coordinates": [-82.93412846971135, 42.379540545239564]}}, {"type": "Feature", "properties": {"building": "yes", "source": "way"}, "geometry": {"type": "Point", "coordinates": [-82.92889092394684, 42.37986788640137]}}, {"type": "Feature", "properties": {"building": "yes", "source": "way"}, "geometry": {"type": "Point", "coordinates": [-82.92864175, 42.37983919999999]}}, {"type": "Feature", "properties": {"building": "yes", "source": "way"}, "geometry": {"type": "Point", "coordinates": [-82.92931737873958, 42.38093893882378]}}, {"type": "Feature", "properties": {"building": "yes", "source": "way"}, "geometry": {"type": "Point", "coordinates": [-82.93437089507198, 42.378574101359476]}}, {"type": "Feature", "properties": {"building": "yes", "source": "way"}, "geometry": {"type": "Point", "coordinates": [-82.93403635000001, 42.378085600000006]}}, {"type": "Feature", "properties": {"building": "yes", "source": "way"}, "geometry": {"type": "Point", "coordinates": [-82.9344106, 42.378078650000006]}}, {"type": "Feature", "properties": {"building": "yes", "source": "way"}, "geometry": {"type": "Point", "coordinates": [-82.93449715, 42.378126449999996]}}, {"type": "Feature", "properties": {"building": "yes", "source": "way"}, "geometry": {"type": "Point", "coordinates": [-82.93442254277493, 42.378336781525405]}}, {"type": "Feature", "properties": {"building": "yes", "source": "way"}, "geometry": {"type": "Point", "coordinates": [-82.93462762036224, 42.378445283989336]}}, {"type": "Feature", "properties": {"building": "yes", "source": "way"}, "geometry": {"type": "Point", "coordinates": [-82.93458191180227, 42.37856582738507]}}, {"type": "Feature", "properties": {"building": "yes", "source": "way"}, "geometry": {"type": "Point", "coordinates": [-82.93466445000001, 42.378723449999995]}}, {"type": "Feature", "properties": {"building": "yes", "source": "way"}, "geometry": {"type": "Point", "coordinates": [-82.93477310000002, 42.37886335]}}, {"type": "Feature", "properties": {"building": "yes", "source": "way"}, "geometry": {"type": "Point", "coordinates": [-82.93491848106403, 42.378890104407354]}}, {"type": "Feature", "properties": {"building": "yes", "source": "way"}, "geometry": {"type": "Point", "coordinates": [-82.93503723393788, 42.37931646672711]}}, {"type": "Feature", "properties": {"building": "yes", "source": "way"}, "geometry": {"type": "Point", "coordinates": [-82.93515071979554, 42.37945939549639]}}, {"type": "Feature", "properties": {"building": "yes", "source": "way"}, "geometry": {"type": "Point", "coordinates": [-82.93525190000001, 42.37960875]}}, {"type": "Feature", "properties": {"building": "yes", "source": "way"}, "geometry": {"type": "Point", "coordinates": [-82.9353521808916, 42.379759004115066]}}, {"type": "Feature", "properties": {"building": "yes", "source": "way"}, "geometry": {"type": "Point", "coordinates": [-82.93544294117665, 42.3797113242516]}}, {"type": "Feature", "properties": {"building": "yes", "source": "way"}, "geometry": {"type": "Point", "coordinates": [-82.9355863686994, 42.37992869578782]}}, {"type": "Feature", "properties": {"building": "yes", "source": "way"}, "geometry": {"type": "Point", "coordinates": [-82.93544689999999, 42.37990355]}}, {"type": "Feature", "properties": {"building": "yes", "source": "way"}, "geometry": {"type": "Point", "coordinates": [-82.93554040000001, 42.38005069999999]}}, {"type": "Feature", "properties": {"building": "yes", "source": "way"}, "geometry": {"type": "Point", "coordinates": [-82.93568527373688, 42.3800756353876]}}, {"type": "Feature", "properties": {"building": "yes", "source": "way"}, "geometry": {"type": "Point", "coordinates": [-82.9356786, 42.380262349999995]}}, {"type": "Feature", "properties": {"building": "yes", "source": "way"}, "geometry": {"type": "Point", "coordinates": [-82.9359185833978, 42.38018919996347]}}, {"type": "Feature", "properties": {"building": "yes", "source": "way"}, "geometry": {"type": "Point", "coordinates": [-82.93581266872326, 42.37993449762463]}}, {"type": "Feature", "properties": {"building": "yes", "source": "way"}, "geometry": {"type": "Point", "coordinates": [-82.93563549999999, 42.380197100000004]}}, {"type": "Feature", "properties": {"building": "yes", "source": "way"}, "geometry": {"type": "Point", "coordinates": [-82.93555862576099, 42.380359545512384]}}, {"type": "Feature", "properties": {"building": "yes", "source": "way"}, "geometry": {"type": "Point", "coordinates": [-82.9359028733593, 42.38006421362435]}}, {"type": "Feature", "properties": {"building": "yes", "source": "way"}, "geometry": {"type": "Point", "coordinates": [-82.93569280000001, 42.3797331]}}, {"type": "Feature", "properties": {"building": "yes", "source": "way"}, "geometry": {"type": "Point", "coordinates": [-82.93560230038663, 42.379610036166035]}}, {"type": "Feature", "properties": {"building": "yes", "source": "way"}, "geometry": {"type": "Point", "coordinates": [-82.93554444544426, 42.37947023080634]}}, {"type": "Feature", "properties": {"building": "yes", "source": "way"}, "geometry": {"type": "Point", "coordinates": [-82.93542786849713, 42.379333045829014]}}, {"type": "Feature", "properties": {"building": "yes", "source": "way"}, "geometry": {"type": "Point", "coordinates": [-82.93528907695658, 42.37919102866195]}}, {"type": "Feature", "properties": {"building": "yes", "source": "way"}, "geometry": {"type": "Point", "coordinates": [-82.93496015695398, 42.37916191841322]}}, {"type": "Feature", "properties": {"building": "yes", "source": "way"}, "geometry": {"type": "Point", "coordinates": [-82.93500830000002, 42.37903575]}}, {"type": "Feature", "properties": {"building": "yes", "source": "way"}, "geometry": {"type": "Point", "coordinates": [-82.93486415000001, 42.3790096]}}, {"type": "Feature", "properties": {"building": "yes", "source": "way"}, "geometry": {"type": "Point", "coordinates": [-82.93511709365076, 42.37887531467602]}}, {"type": "Feature", "properties": {"building": "yes", "source": "way"}, "geometry": {"type": "Point", "coordinates": [-82.93501501096206, 42.378725788628365]}}, {"type": "Feature", "properties": {"building": "yes", "source": "way"}, "geometry": {"type": "Point", "coordinates": [-82.93490863139795, 42.378580702002]}}, {"type": "Feature", "properties": {"building": "yes", "source": "way"}, "geometry": {"type": "Point", "coordinates": [-82.93484778162369, 42.37845406640113]}}, {"type": "Feature", "properties": {"building": "yes", "source": "way"}, "geometry": {"type": "Point", "coordinates": [-82.93472680610041, 42.37827598614658]}}, {"type": "Feature", "properties": {"building": "yes", "source": "way"}, "geometry": {"type": "Point", "coordinates": [-82.93471650000001, 42.378589100000006]}}, {"type": "Feature", "properties": {"building": "yes", "source": "way"}, "geometry": {"type": "Point", "coordinates": [-82.93519362848978, 42.379023649174876]}}, {"type": "Feature", "properties": {"building": "yes", "source": "way"}, "geometry": {"type": "Point", "coordinates": [-82.93414639999999, 42.37812415]}}, {"type": "Feature", "properties": {"building": "yes", "source": "way"}, "geometry": {"type": "Point", "coordinates": [-82.93465361903337, 42.378135796041256]}}, {"type": "Feature", "properties": {"building": "yes", "source": "way"}, "geometry": {"type": "Point", "coordinates": [-82.93453830874428, 42.37796166973666]}}, {"type": "Feature", "properties": {"building": "yes", "source": "way"}, "geometry": {"type": "Point", "coordinates": [-82.93428645000002, 42.37783545000001]}}, {"type": "Feature", "properties": {"building": "yes", "source": "way"}, "geometry": {"type": "Point", "coordinates": [-82.93440659999999, 42.377881900000006]}}, {"type": "Feature", "properties": {"building": "yes", "source": "way"}, "geometry": {"type": "Point", "coordinates": [-82.93512136283984, 42.37793499074524]}}, {"type": "Feature", "properties": {"building": "yes", "source": "way"}, "geometry": {"type": "Point", "coordinates": [-82.93522783797931, 42.37813144771481]}}, {"type": "Feature", "properties": {"building": "yes", "source": "way"}, "geometry": {"type": "Point", "coordinates": [-82.93532985893209, 42.37827801148085]}}, {"type": "Feature", "properties": {"building": "yes", "source": "way"}, "geometry": {"type": "Point", "coordinates": [-82.93553901536248, 42.37856445537148]}}, {"type": "Feature", "properties": {"building": "yes", "source": "way"}, "geometry": {"type": "Point", "coordinates": [-82.93561595, 42.3787081]}}, {"type": "Feature", "properties": {"building": "yes", "source": "way"}, "geometry": {"type": "Point", "coordinates": [-82.93637291838596, 42.37894176721632]}}, {"type": "Feature", "properties": {"building": "yes", "source": "way"}, "geometry": {"type": "Point", "coordinates": [-82.93653161821992, 42.37913255944117]}}, {"type": "Feature", "properties": {"building": "yes", "source": "way"}, "geometry": {"type": "Point", "coordinates": [-82.9366081, 42.3792293]}}, {"type": "Feature", "properties": {"building": "yes", "source": "way"}, "geometry": {"type": "Point", "coordinates": [-82.93661878202226, 42.37933301658373]}}, {"type": "Feature", "properties": {"building": "yes", "source": "way"}, "geometry": {"type": "Point", "coordinates": [-82.93668276884296, 42.37942779820821]}}, {"type": "Feature", "properties": {"building": "yes", "source": "way"}, "geometry": {"type": "Point", "coordinates": [-82.93674658275555, 42.37952105059473]}}, {"type": "Feature", "properties": {"building": "yes", "source": "way"}, "geometry": {"type": "Point", "coordinates": [-82.9368116, 42.3796139]}}, {"type": "Feature", "properties": {"building": "yes", "source": "way"}, "geometry": {"type": "Point", "coordinates": [-82.93687325000002, 42.37970615]}}, {"type": "Feature", "properties": {"building": "yes", "source": "way"}, "geometry": {"type": "Point", "coordinates": [-82.93692964999998, 42.379794149999995]}}, {"type": "Feature", "properties": {"building": "yes", "source": "way"}, "geometry": {"type": "Point", "coordinates": [-82.93699545116063, 42.37988842846395]}}, {"type": "Feature", "properties": {"building": "yes", "source": "way"}, "geometry": {"type": "Point", "coordinates": [-82.93653235196918, 42.38001886528854]}}, {"type": "Feature", "properties": {"building": "yes", "source": "way"}, "geometry": {"type": "Point", "coordinates": [-82.93641244623163, 42.379898289681016]}}, {"type": "Feature", "properties": {"building": "yes", "source": "way"}, "geometry": {"type": "Point", "coordinates": [-82.93629747777352, 42.37973249057701]}}, {"type": "Feature", "properties": {"building": "yes", "source": "way"}, "geometry": {"type": "Point", "coordinates": [-82.93616935659901, 42.379579619540806]}}, {"type": "Feature", "properties": {"building": "yes", "source": "way"}, "geometry": {"type": "Point", "coordinates": [-82.93608867254224, 42.37945463530585]}}, {"type": "Feature", "properties": {"building": "yes", "source": "way"}, "geometry": {"type": "Point", "coordinates": [-82.93602691102102, 42.37930709190351]}}, {"type": "Feature", "properties": {"building": "yes", "source": "way"}, "geometry": {"type": "Point", "coordinates": [-82.93589339755759, 42.37915694647664]}}, {"type": "Feature", "properties": {"building": "yes", "source": "way"}, "geometry": {"type": "Point", "coordinates": [-82.93583943238342, 42.3790032009629]}}, {"type": "Feature", "properties": {"building": "yes", "source": "way"}, "geometry": {"type": "Point", "coordinates": [-82.93573685607379, 42.37884683525312]}}, {"type": "Feature", "properties": {"building": "yes", "source": "way"}, "geometry": {"type": "Point", "coordinates": [-82.93533777108203, 42.37729588398713]}}, {"type": "Feature", "properties": {"building": "yes", "source": "way"}, "geometry": {"type": "Point", "coordinates": [-82.9354338, 42.37739044999999]}}, {"type": "Feature", "properties": {"building": "yes", "source": "way"}, "geometry": {"type": "Point", "coordinates": [-82.9354790838927, 42.377482430775196]}}, {"type": "Feature", "properties": {"building": "yes", "source": "way"}, "geometry": {"type": "Point", "coordinates": [-82.93554655, 42.377589449999995]}}, {"type": "Feature", "properties": {"building": "yes", "source": "way"}, "geometry": {"type": "Point", "coordinates": [-82.93560805, 42.3777561]}}, {"type": "Feature", "properties": {"building": "yes", "source": "way"}, "geometry": {"type": "Point", "coordinates": [-82.93566491189776, 42.37785750840089]}}, {"type": "Feature", "properties": {"building": "yes", "source": "way"}, "geometry": {"type": "Point", "coordinates": [-82.9357316443821, 42.37795796950311]}}, {"type": "Feature", "properties": {"building": "yes", "source": "way"}, "geometry": {"type": "Point", "coordinates": [-82.93579716756959, 42.378051098881706]}}, {"type": "Feature", "properties": {"building": "yes", "source": "way"}, "geometry": {"type": "Point", "coordinates": [-82.93586204999998, 42.37815144999999]}}, {"type": "Feature", "properties": {"building": "yes", "source": "way"}, "geometry": {"type": "Point", "coordinates": [-82.93595542072401, 42.37824214699812]}}, {"type": "Feature", "properties": {"building": "yes", "source": "way"}, "geometry": {"type": "Point", "coordinates": [-82.93601438521011, 42.378341332659865]}}, {"type": "Feature", "properties": {"building": "yes", "source": "way"}, "geometry": {"type": "Point", "coordinates": [-82.93608288954279, 42.378437691749184]}}, {"type": "Feature", "properties": {"building": "yes", "source": "way"}, "geometry": {"type": "Point", "coordinates": [-82.93610895, 42.37855325]}}, {"type": "Feature", "properties": {"building": "yes", "source": "way"}, "geometry": {"type": "Point", "coordinates": [-82.93622849999998, 42.37863685]}}, {"type": "Feature", "properties": {"building": "yes", "source": "way"}, "geometry": {"type": "Point", "coordinates": [-82.93626968229651, 42.37874245116442]}}, {"type": "Feature", "properties": {"building": "yes", "source": "way"}, "geometry": {"type": "Point", "coordinates": [-82.93634304796883, 42.3788297902436]}}, {"type": "Feature", "properties": {"building": "yes", "source": "way"}, "geometry": {"type": "Point", "coordinates": [-82.93646299999999, 42.37903830000001]}}, {"type": "Feature", "properties": {"building": "yes", "source": "way"}, "geometry": {"type": "Point", "coordinates": [-82.93625850000001, 42.379073]}}, {"type": "Feature", "properties": {"building": "yes", "source": "way"}, "geometry": {"type": "Point", "coordinates": [-82.93631594279282, 42.379171130947924]}}, {"type": "Feature", "properties": {"building": "yes", "source": "way"}, "geometry": {"type": "Point", "coordinates": [-82.93638641864418, 42.37926809486802]}}, {"type": "Feature", "properties": {"building": "yes", "source": "way"}, "geometry": {"type": "Point", "coordinates": [-82.93625329999999, 42.3793337]}}, {"type": "Feature", "properties": {"building": "yes", "source": "way"}, "geometry": {"type": "Point", "coordinates": [-82.93683486582245, 42.379943774869986]}}, {"type": "Feature", "properties": {"building": "yes", "source": "way"}, "geometry": {"type": "Point", "coordinates": [-82.93587265, 42.37872315]}}, {"type": "Feature", "properties": {"building": "yes", "source": "way"}, "geometry": {"type": "Point", "coordinates": [-82.93600124999999, 42.37868045]}}, {"type": "Feature", "properties": {"building": "yes", "source": "way"}, "geometry": {"type": "Point", "coordinates": [-82.93605370000002, 42.378779249999994]}}, {"type": "Feature", "properties": {"building": "yes", "source": "way"}, "geometry": {"type": "Point", "coordinates": [-82.93597862550084, 42.37887896455143]}}, {"type": "Feature", "properties": {"building": "yes", "source": "way"}, "geometry": {"type": "Point", "coordinates": [-82.9360727058599, 42.37902176859426]}}, {"type": "Feature", "properties": {"building": "yes", "source": "way"}, "geometry": {"type": "Point", "coordinates": [-82.93565303286658, 42.37815102650191]}}, {"type": "Feature", "properties": {"building": "yes", "source": "way"}, "geometry": {"type": "Point", "coordinates": [-82.93544521960288, 42.378158496374866]}}, {"type": "Feature", "properties": {"building": "yes", "source": "way"}, "geometry": {"type": "Point", "coordinates": [-82.93531008082985, 42.37801970627226]}}, {"type": "Feature", "properties": {"building": "yes", "source": "way"}, "geometry": {"type": "Point", "coordinates": [-82.93544044226078, 42.37782798132131]}}, {"type": "Feature", "properties": {"building": "yes", "source": "way"}, "geometry": {"type": "Point", "coordinates": [-82.93610534999999, 42.377571749999994]}}, {"type": "Feature", "properties": {"building": "yes", "source": "way"}, "geometry": {"type": "Point", "coordinates": [-82.93618151818116, 42.37765726705938]}}, {"type": "Feature", "properties": {"building": "yes", "source": "way"}, "geometry": {"type": "Point", "coordinates": [-82.93625915000001, 42.3777468]}}, {"type": "Feature", "properties": {"building": "yes", "source": "way"}, "geometry": {"type": "Point", "coordinates": [-82.93632715, 42.37785645]}}, {"type": "Feature", "properties": {"building": "yes", "source": "way"}, "geometry": {"type": "Point", "coordinates": [-82.93636406878552, 42.377967748013575]}}, {"type": "Feature", "properties": {"building": "yes", "source": "way"}, "geometry": {"type": "Point", "coordinates": [-82.93642861738428, 42.37806664915738]}}, {"type": "Feature", "properties": {"building": "yes", "source": "way"}, "geometry": {"type": "Point", "coordinates": [-82.93651288230403, 42.378160201173166]}}, {"type": "Feature", "properties": {"building": "yes", "source": "way"}, "geometry": {"type": "Point", "coordinates": [-82.93654387381089, 42.37827215671146]}}, {"type": "Feature", "properties": {"building": "yes", "source": "way"}, "geometry": {"type": "Point", "coordinates": [-82.93670936739198, 42.37845624929818]}}, {"type": "Feature", "properties": {"building": "yes", "source": "way"}, "geometry": {"type": "Point", "coordinates": [-82.93678273111239, 42.378544851813686]}}, {"type": "Feature", "properties": {"building": "yes", "source": "way"}, "geometry": {"type": "Point", "coordinates": [-82.9369112, 42.378751099999995]}}, {"type": "Feature", "properties": {"building": "yes", "source": "way"}, "geometry": {"type": "Point", "coordinates": [-82.93698639358311, 42.37883483967473]}}, {"type": "Feature", "properties": {"building": "yes", "source": "way"}, "geometry": {"type": "Point", "coordinates": [-82.93707743417865, 42.37905523105846]}}, {"type": "Feature", "properties": {"building": "yes", "source": "way"}, "geometry": {"type": "Point", "coordinates": [-82.93712661936479, 42.37915657940329]}}, {"type": "Feature", "properties": {"building": "yes", "source": "way"}, "geometry": {"type": "Point", "coordinates": [-82.93729070000002, 42.37934645000001]}}, {"type": "Feature", "properties": {"building": "yes", "source": "way"}, "geometry": {"type": "Point", "coordinates": [-82.93732236775008, 42.37946084872348]}}, {"type": "Feature", "properties": {"building": "yes", "source": "way"}, "geometry": {"type": "Point", "coordinates": [-82.93742215, 42.379545150000006]}}, {"type": "Feature", "properties": {"building": "yes", "source": "way"}, "geometry": {"type": "Point", "coordinates": [-82.9374678837687, 42.37963104965715]}}, {"type": "Feature", "properties": {"building": "yes", "source": "way"}, "geometry": {"type": "Point", "coordinates": [-82.93751369320418, 42.379698834371965]}}, {"type": "Feature", "properties": {"building": "yes", "source": "way"}, "geometry": {"type": "Point", "coordinates": [-82.93683831264708, 42.37866273301011]}}, {"type": "Feature", "properties": {"building": "yes", "source": "way"}, "geometry": {"type": "Point", "coordinates": [-82.9369974, 42.378965300000004]}}, {"type": "Feature", "properties": {"building": "yes", "source": "way"}, "geometry": {"type": "Point", "coordinates": [-82.93722578281601, 42.3792448505903]}}, {"type": "Feature", "properties": {"building": "yes", "source": "way"}, "geometry": {"type": "Point", "coordinates": [-82.9374452052027, 42.379262118961215]}}, {"type": "Feature", "properties": {"building": "yes", "source": "way"}, "geometry": {"type": "Point", "coordinates": [-82.93751119999999, 42.37935570000001]}}, {"type": "Feature", "properties": {"building": "yes", "source": "way"}, "geometry": {"type": "Point", "coordinates": [-82.93731284999998, 42.3790664]}}, {"type": "Feature", "properties": {"building": "yes", "source": "way"}, "geometry": {"type": "Point", "coordinates": [-82.93736261866844, 42.37916079626712]}}, {"type": "Feature", "properties": {"building": "yes", "source": "way"}, "geometry": {"type": "Point", "coordinates": [-82.9372690193053, 42.3789973458642]}}, {"type": "Feature", "properties": {"building": "yes", "source": "way"}, "geometry": {"type": "Point", "coordinates": [-82.93718104999998, 42.378866099999996]}}, {"type": "Feature", "properties": {"building": "yes", "source": "way"}, "geometry": {"type": "Point", "coordinates": [-82.93705501970301, 42.37865654393651]}}, {"type": "Feature", "properties": {"building": "yes", "source": "way"}, "geometry": {"type": "Point", "coordinates": [-82.9369842409663, 42.37856758034029]}}, {"type": "Feature", "properties": {"building": "yes", "source": "way"}, "geometry": {"type": "Point", "coordinates": [-82.93685538838132, 42.378364923869896]}}, {"type": "Feature", "properties": {"building": "yes", "source": "way"}, "geometry": {"type": "Point", "coordinates": [-82.93584553234605, 42.37713255079691]}}, {"type": "Feature", "properties": {"building": "yes", "source": "way"}, "geometry": {"type": "Point", "coordinates": [-82.93591563746912, 42.37723721672725]}}, {"type": "Feature", "properties": {"building": "yes", "source": "way"}, "geometry": {"type": "Point", "coordinates": [-82.9359845, 42.377339]}}, {"type": "Feature", "properties": {"building": "yes", "source": "way"}, "geometry": {"type": "Point", "coordinates": [-82.93599523665179, 42.37745643192367]}}, {"type": "Feature", "properties": {"building": "yes", "source": "way"}, "geometry": {"type": "Point", "coordinates": [-82.93557514999999, 42.378291]}}, {"type": "Feature", "properties": {"building": "yes", "source": "way"}, "geometry": {"type": "Point", "coordinates": [-82.93761275000001, 42.37862535]}}, {"type": "Feature", "properties": {"building": "yes", "source": "way"}, "geometry": {"type": "Point", "coordinates": [-82.93766643569393, 42.37870536667298]}}, {"type": "Feature", "properties": {"building": "yes", "source": "way"}, "geometry": {"type": "Point", "coordinates": [-82.93775321199693, 42.37884056790101]}}, {"type": "Feature", "properties": {"building": "yes", "source": "way"}, "geometry": {"type": "Point", "coordinates": [-82.93783911779705, 42.37893104868409]}}, {"type": "Feature", "properties": {"building": "yes", "source": "way"}, "geometry": {"type": "Point", "coordinates": [-82.93789615000001, 42.37901325]}}, {"type": "Feature", "properties": {"building": "yes", "source": "way"}, "geometry": {"type": "Point", "coordinates": [-82.93792181635649, 42.379127616673514]}}, {"type": "Feature", "properties": {"building": "yes", "source": "way"}, "geometry": {"type": "Point", "coordinates": [-82.93803066721152, 42.37921286860132]}}, {"type": "Feature", "properties": {"building": "yes", "source": "way"}, "geometry": {"type": "Point", "coordinates": [-82.93811231250216, 42.379315672485994]}}, {"type": "Feature", "properties": {"building": "yes", "source": "way"}, "geometry": {"type": "Point", "coordinates": [-82.9358242, 42.37837235]}}, {"type": "Feature", "properties": {"building": "yes", "source": "way"}, "geometry": {"type": "Point", "coordinates": [-82.93587051341454, 42.37848207651155]}}, {"type": "Feature", "properties": {"building": "yes", "source": "way"}, "geometry": {"type": "Point", "coordinates": [-82.93733444080446, 42.37730903136783]}}, {"type": "Feature", "properties": {"building": "yes", "source": "way"}, "geometry": {"type": "Point", "coordinates": [-82.93742755, 42.377418899999995]}}, {"type": "Feature", "properties": {"building": "yes", "source": "way"}, "geometry": {"type": "Point", "coordinates": [-82.93756884999998, 42.377632549999994]}}, {"type": "Feature", "properties": {"building": "yes", "source": "way"}, "geometry": {"type": "Point", "coordinates": [-82.93763245050401, 42.37770862854734]}}, {"type": "Feature", "properties": {"building": "yes", "source": "way"}, "geometry": {"type": "Point", "coordinates": [-82.93765081448524, 42.377789517871555]}}, {"type": "Feature", "properties": {"building": "yes", "source": "way"}, "geometry": {"type": "Point", "coordinates": [-82.93775175000002, 42.37784735]}}, {"type": "Feature", "properties": {"building": "yes", "source": "way"}, "geometry": {"type": "Point", "coordinates": [-82.93777302143903, 42.37793359818354]}}, {"type": "Feature", "properties": {"building": "yes", "source": "way"}, "geometry": {"type": "Point", "coordinates": [-82.93777568570363, 42.37802317997095]}}, {"type": "Feature", "properties": {"building": "yes", "source": "way"}, "geometry": {"type": "Point", "coordinates": [-82.93783661566924, 42.37808776696678]}}, {"type": "Feature", "properties": {"building": "yes", "source": "way"}, "geometry": {"type": "Point", "coordinates": [-82.9379102, 42.378158049999996]}}, {"type": "Feature", "properties": {"building": "yes", "source": "way"}, "geometry": {"type": "Point", "coordinates": [-82.93796206642116, 42.37823038449397]}}, {"type": "Feature", "properties": {"building": "yes", "source": "way"}, "geometry": {"type": "Point", "coordinates": [-82.9380023026487, 42.37832579716171]}}, {"type": "Feature", "properties": {"building": "yes", "source": "way"}, "geometry": {"type": "Point", "coordinates": [-82.9380979674793, 42.37844024902992]}}, {"type": "Feature", "properties": {"building": "yes", "source": "way"}, "geometry": {"type": "Point", "coordinates": [-82.9381504, 42.3785288]}}, {"type": "Feature", "properties": {"building": "yes", "source": "way"}, "geometry": {"type": "Point", "coordinates": [-82.93817213299164, 42.378613900371214]}}, {"type": "Feature", "properties": {"building": "yes", "source": "way"}, "geometry": {"type": "Point", "coordinates": [-82.93822491559804, 42.37868756793223]}}, {"type": "Feature", "properties": {"building": "yes", "source": "way"}, "geometry": {"type": "Point", "coordinates": [-82.93833359504181, 42.37882543410358]}}, {"type": "Feature", "properties": {"building": "yes", "source": "way"}, "geometry": {"type": "Point", "coordinates": [-82.93837435, 42.37893284999999]}}, {"type": "Feature", "properties": {"building": "yes", "source": "way"}, "geometry": {"type": "Point", "coordinates": [-82.93852734999999, 42.37912725]}}, {"type": "Feature", "properties": {"building": "yes", "source": "way"}, "geometry": {"type": "Point", "coordinates": [-82.93855378158855, 42.37920760193747]}}, {"type": "Feature", "properties": {"building": "yes", "source": "way"}, "geometry": {"type": "Point", "coordinates": [-82.9386146, 42.37928480000001]}}, {"type": "Feature", "properties": {"building": "yes", "source": "way"}, "geometry": {"type": "Point", "coordinates": [-82.93817081750055, 42.37943741783496]}}, {"type": "Feature", "properties": {"building": "yes", "source": "way"}, "geometry": {"type": "Point", "coordinates": [-82.93793305000001, 42.3795343]}}, {"type": "Feature", "properties": {"building": "yes", "source": "way"}, "geometry": {"type": "Point", "coordinates": [-82.93781464999999, 42.3795731]}}, {"type": "Feature", "properties": {"building": "yes", "source": "way"}, "geometry": {"type": "Point", "coordinates": [-82.93774019357053, 42.379407581124326]}}, {"type": "Feature", "properties": {"building": "yes", "source": "way"}, "geometry": {"type": "Point", "coordinates": [-82.9376114360282, 42.37927477258863]}}, {"type": "Feature", "properties": {"building": "yes", "source": "way"}, "geometry": {"type": "Point", "coordinates": [-82.93753003518525, 42.37913782481105]}}, {"type": "Feature", "properties": {"building": "yes", "source": "way"}, "geometry": {"type": "Point", "coordinates": [-82.93751710000001, 42.3789474]}}, {"type": "Feature", "properties": {"building": "yes", "source": "way"}, "geometry": {"type": "Point", "coordinates": [-82.93728425989997, 42.37874351847463]}}, {"type": "Feature", "properties": {"building": "yes", "source": "way"}, "geometry": {"type": "Point", "coordinates": [-82.93828218397323, 42.37875878186577]}}, {"type": "Feature", "properties": {"building": "yes", "source": "way"}, "geometry": {"type": "Point", "coordinates": [-82.93846934999999, 42.3790557]}}, {"type": "Feature", "properties": {"building": "yes", "source": "way"}, "geometry": {"type": "Point", "coordinates": [-82.93756755000001, 42.37945315]}}, {"type": "Feature", "properties": {"building": "yes", "source": "way"}, "geometry": {"type": "Point", "coordinates": [-82.93763280990943, 42.37954467807546]}}, {"type": "Feature", "properties": {"building": "yes", "source": "way"}, "geometry": {"type": "Point", "coordinates": [-82.93732034163958, 42.3788275308702]}}, {"type": "Feature", "properties": {"building": "yes", "source": "way"}, "geometry": {"type": "Point", "coordinates": [-82.93747215, 42.379042049999995]}}, {"type": "Feature", "properties": {"building": "yes", "source": "way"}, "geometry": {"type": "Point", "coordinates": [-82.93675425000002, 42.37732655]}}, {"type": "Feature", "properties": {"building": "yes", "source": "way"}, "geometry": {"type": "Point", "coordinates": [-82.93680115000001, 42.37741035]}}, {"type": "Feature", "properties": {"building": "yes", "source": "way"}, "geometry": {"type": "Point", "coordinates": [-82.93688750000001, 42.37751905]}}, {"type": "Feature", "properties": {"building": "yes", "source": "way"}, "geometry": {"type": "Point", "coordinates": [-82.93694249991249, 42.37762446838865]}}, {"type": "Feature", "properties": {"building": "yes", "source": "way"}, "geometry": {"type": "Point", "coordinates": [-82.93699910000001, 42.377731450000006]}}, {"type": "Feature", "properties": {"building": "yes", "source": "way"}, "geometry": {"type": "Point", "coordinates": [-82.93641813012891, 42.3774571051094]}}, {"type": "Feature", "properties": {"building": "yes", "source": "way"}, "geometry": {"type": "Point", "coordinates": [-82.93647820486186, 42.37754196921626]}}, {"type": "Feature", "properties": {"building": "yes", "source": "way"}, "geometry": {"type": "Point", "coordinates": [-82.93654545434278, 42.377646568310084]}}, {"type": "Feature", "properties": {"building": "yes", "source": "way"}, "geometry": {"type": "Point", "coordinates": [-82.93660806581329, 42.37774797406269]}}, {"type": "Feature", "properties": {"building": "yes", "source": "way"}, "geometry": {"type": "Point", "coordinates": [-82.9366783820548, 42.37784735840288]}}, {"type": "Feature", "properties": {"building": "yes", "source": "way"}, "geometry": {"type": "Point", "coordinates": [-82.93653408747052, 42.37787457365546]}}, {"type": "Feature", "properties": {"building": "yes", "source": "way"}, "geometry": {"type": "Point", "coordinates": [-82.93659648698242, 42.37796333135111]}}, {"type": "Feature", "properties": {"building": "yes", "source": "way"}, "geometry": {"type": "Point", "coordinates": [-82.93628738171776, 42.377499053742504]}}, {"type": "Feature", "properties": {"building": "yes", "source": "way"}, "geometry": {"type": "Point", "coordinates": [-82.9384606, 42.3772936]}}, {"type": "Feature", "properties": {"building": "yes", "source": "way"}, "geometry": {"type": "Point", "coordinates": [-82.93856770000001, 42.37738175000001]}}, {"type": "Feature", "properties": {"building": "yes", "source": "way"}, "geometry": {"type": "Point", "coordinates": [-82.9386548, 42.37760215]}}, {"type": "Feature", "properties": {"building": "yes", "source": "way"}, "geometry": {"type": "Point", "coordinates": [-82.93885305, 42.3778864]}}, {"type": "Feature", "properties": {"building": "yes", "source": "way"}, "geometry": {"type": "Point", "coordinates": [-82.93902225000001, 42.37809635]}}, {"type": "Feature", "properties": {"building": "yes", "source": "way"}, "geometry": {"type": "Point", "coordinates": [-82.93924265, 42.3784758]}}, {"type": "Feature", "properties": {"building": "yes", "source": "way"}, "geometry": {"type": "Point", "coordinates": [-82.93928304701807, 42.378553883712634]}}, {"type": "Feature", "properties": {"building": "yes", "source": "way"}, "geometry": {"type": "Point", "coordinates": [-82.93936506757296, 42.37864919907914]}}, {"type": "Feature", "properties": {"building": "yes", "source": "way"}, "geometry": {"type": "Point", "coordinates": [-82.93943823198595, 42.37876288210384]}}, {"type": "Feature", "properties": {"building": "yes", "source": "way"}, "geometry": {"type": "Point", "coordinates": [-82.9394989662178, 42.37884343331648]}}, {"type": "Feature", "properties": {"building": "yes", "source": "way"}, "geometry": {"type": "Point", "coordinates": [-82.93956081423238, 42.37892066756962]}}, {"type": "Feature", "properties": {"building": "yes", "source": "way"}, "geometry": {"type": "Point", "coordinates": [-82.9392315, 42.37906445]}}, {"type": "Feature", "properties": {"building": "yes", "source": "way"}, "geometry": {"type": "Point", "coordinates": [-82.9391981, 42.37839965]}}, {"type": "Feature", "properties": {"building": "yes", "source": "way"}, "geometry": {"type": "Point", "coordinates": [-82.9391339963436, 42.37832415407563]}}, {"type": "Feature", "properties": {"building": "yes", "source": "way"}, "geometry": {"type": "Point", "coordinates": [-82.9388927, 42.37802425]}}, {"type": "Feature", "properties": {"building": "yes", "source": "way"}, "geometry": {"type": "Point", "coordinates": [-82.93852164167642, 42.378111685523564]}}, {"type": "Feature", "properties": {"building": "yes", "source": "way"}, "geometry": {"type": "Point", "coordinates": [-82.93861023132273, 42.37826115259917]}}, {"type": "Feature", "properties": {"building": "yes", "source": "way"}, "geometry": {"type": "Point", "coordinates": [-82.9386738, 42.37834175]}}, {"type": "Feature", "properties": {"building": "yes", "source": "way"}, "geometry": {"type": "Point", "coordinates": [-82.9388911, 42.378365800000005]}}, {"type": "Feature", "properties": {"building": "yes", "source": "way"}, "geometry": {"type": "Point", "coordinates": [-82.93889905000002, 42.378515300000004]}}, {"type": "Feature", "properties": {"building": "yes", "source": "way"}, "geometry": {"type": "Point", "coordinates": [-82.93890986846596, 42.378598345813764]}}, {"type": "Feature", "properties": {"building": "yes", "source": "way"}, "geometry": {"type": "Point", "coordinates": [-82.93895394999998, 42.378779200000004]}}, {"type": "Feature", "properties": {"building": "yes", "source": "way"}, "geometry": {"type": "Point", "coordinates": [-82.93900959999999, 42.3788858]}}, {"type": "Feature", "properties": {"building": "yes", "source": "way"}, "geometry": {"type": "Point", "coordinates": [-82.93853136854736, 42.378470296863235]}}, {"type": "Feature", "properties": {"building": "yes", "source": "way"}, "geometry": {"type": "Point", "coordinates": [-82.93841835, 42.37828165]}}, {"type": "Feature", "properties": {"building": "yes", "source": "way"}, "geometry": {"type": "Point", "coordinates": [-82.93836243032639, 42.37821860399269]}}, {"type": "Feature", "properties": {"building": "yes", "source": "way"}, "geometry": {"type": "Point", "coordinates": [-82.93826313093618, 42.37804090443411]}}, {"type": "Feature", "properties": {"building": "yes", "source": "way"}, "geometry": {"type": "Point", "coordinates": [-82.93820075, 42.37794925]}}, {"type": "Feature", "properties": {"building": "yes", "source": "way"}, "geometry": {"type": "Point", "coordinates": [-82.93832785, 42.37782805]}}, {"type": "Feature", "properties": {"building": "yes", "source": "way"}, "geometry": {"type": "Point", "coordinates": [-82.93883388158278, 42.37694070201807]}}, {"type": "Feature", "properties": {"building": "yes", "source": "way"}, "geometry": {"type": "Point", "coordinates": [-82.9388847, 42.3770242]}}, {"type": "Feature", "properties": {"building": "yes", "source": "way"}, "geometry": {"type": "Point", "coordinates": [-82.9389784, 42.37711885]}}, {"type": "Feature", "properties": {"building": "yes", "source": "way"}, "geometry": {"type": "Point", "coordinates": [-82.93904448224937, 42.37721786660205]}}, {"type": "Feature", "properties": {"building": "yes", "source": "way"}, "geometry": {"type": "Point", "coordinates": [-82.93908628332271, 42.37734118346648]}}, {"type": "Feature", "properties": {"building": "yes", "source": "way"}, "geometry": {"type": "Point", "coordinates": [-82.93930080065593, 42.37751988077639]}}, {"type": "Feature", "properties": {"building": "yes", "source": "way"}, "geometry": {"type": "Point", "coordinates": [-82.93945987987502, 42.37788863493056]}}, {"type": "Feature", "properties": {"building": "yes", "source": "way"}, "geometry": {"type": "Point", "coordinates": [-82.93959425, 42.37809065]}}, {"type": "Feature", "properties": {"building": "yes", "source": "way"}, "geometry": {"type": "Point", "coordinates": [-82.9396827, 42.3782344]}}, {"type": "Feature", "properties": {"building": "yes", "source": "way"}, "geometry": {"type": "Point", "coordinates": [-82.93975479999999, 42.37832015]}}, {"type": "Feature", "properties": {"building": "yes", "source": "way"}, "geometry": {"type": "Point", "coordinates": [-82.93987076487285, 42.37852281836711]}}, {"type": "Feature", "properties": {"building": "yes", "source": "way"}, "geometry": {"type": "Point", "coordinates": [-82.93992173401402, 42.378596816725086]}}, {"type": "Feature", "properties": {"building": "yes", "source": "way"}, "geometry": {"type": "Point", "coordinates": [-82.9392585, 42.3767717]}}, {"type": "Feature", "properties": {"building": "yes", "source": "way"}, "geometry": {"type": "Point", "coordinates": [-82.93937376828659, 42.37686354832988]}}, {"type": "Feature", "properties": {"building": "yes", "source": "way"}, "geometry": {"type": "Point", "coordinates": [-82.9394372181195, 42.376946598462936]}}, {"type": "Feature", "properties": {"building": "yes", "source": "way"}, "geometry": {"type": "Point", "coordinates": [-82.93951381483264, 42.377100317694]}}, {"type": "Feature", "properties": {"building": "yes", "source": "way"}, "geometry": {"type": "Point", "coordinates": [-82.93959691802742, 42.37719989862207]}}, {"type": "Feature", "properties": {"building": "yes", "source": "way"}, "geometry": {"type": "Point", "coordinates": [-82.9396678677983, 42.377308148732695]}}, {"type": "Feature", "properties": {"building": "yes", "source": "way"}, "geometry": {"type": "Point", "coordinates": [-82.93980525441873, 42.37744945913298]}}, {"type": "Feature", "properties": {"building": "yes", "source": "way"}, "geometry": {"type": "Point", "coordinates": [-82.93983126145183, 42.377531268087154]}}, {"type": "Feature", "properties": {"building": "yes", "source": "way"}, "geometry": {"type": "Point", "coordinates": [-82.93988704999998, 42.377598799999994]}}, {"type": "Feature", "properties": {"building": "yes", "source": "way"}, "geometry": {"type": "Point", "coordinates": [-82.93991734999999, 42.37768514999999]}}, {"type": "Feature", "properties": {"building": "yes", "source": "way"}, "geometry": {"type": "Point", "coordinates": [-82.94001933108467, 42.37786078328427]}}, {"type": "Feature", "properties": {"building": "yes", "source": "way"}, "geometry": {"type": "Point", "coordinates": [-82.94019106478169, 42.37804458077358]}}, {"type": "Feature", "properties": {"building": "yes", "source": "way"}, "geometry": {"type": "Point", "coordinates": [-82.94027106890287, 42.378125947041276]}}, {"type": "Feature", "properties": {"building": "yes", "source": "way"}, "geometry": {"type": "Point", "coordinates": [-82.94028679756666, 42.378241171049254]}}, {"type": "Feature", "properties": {"building": "yes", "source": "way"}, "geometry": {"type": "Point", "coordinates": [-82.94035605, 42.3783251]}}, {"type": "Feature", "properties": {"building": "yes", "source": "way"}, "geometry": {"type": "Point", "coordinates": [-82.94012015, 42.3779792]}}, {"type": "Feature", "properties": {"building": "yes", "source": "way"}, "geometry": {"type": "Point", "coordinates": [-82.93996978200319, 42.37776215128692]}}, {"type": "Feature", "properties": {"building": "yes", "source": "way"}, "geometry": {"type": "Point", "coordinates": [-82.93982485, 42.37841374999999]}}, {"type": "Feature", "properties": {"building": "yes", "source": "way"}, "geometry": {"type": "Point", "coordinates": [-82.93997345000001, 42.37867265]}}, {"type": "Feature", "properties": {"building": "yes", "source": "way"}, "geometry": {"type": "Point", "coordinates": [-82.94002334999999, 42.378760449999994]}}, {"type": "Feature", "properties": {"building": "yes", "source": "way"}, "geometry": {"type": "Point", "coordinates": [-82.93983904999999, 42.3767005]}}, {"type": "Feature", "properties": {"building": "yes", "source": "way"}, "geometry": {"type": "Point", "coordinates": [-82.9399217, 42.3768643]}}, {"type": "Feature", "properties": {"building": "yes", "source": "way"}, "geometry": {"type": "Point", "coordinates": [-82.93997166459806, 42.37693741926586]}}, {"type": "Feature", "properties": {"building": "yes", "source": "way"}, "geometry": {"type": "Point", "coordinates": [-82.94004558145996, 42.37700220181427]}}, {"type": "Feature", "properties": {"building": "yes", "source": "way"}, "geometry": {"type": "Point", "coordinates": [-82.9401201, 42.377162299999995]}}, {"type": "Feature", "properties": {"building": "yes", "source": "way"}, "geometry": {"type": "Point", "coordinates": [-82.94018894999999, 42.3772292]}}, {"type": "Feature", "properties": {"building": "yes", "source": "way"}, "geometry": {"type": "Point", "coordinates": [-82.94024076557253, 42.37729871731121]}}, {"type": "Feature", "properties": {"building": "yes", "source": "way"}, "geometry": {"type": "Point", "coordinates": [-82.9402733, 42.37737615]}}, {"type": "Feature", "properties": {"building": "yes", "source": "way"}, "geometry": {"type": "Point", "coordinates": [-82.94033215, 42.377451099999995]}}, {"type": "Feature", "properties": {"building": "yes", "source": "way"}, "geometry": {"type": "Point", "coordinates": [-82.94038063285933, 42.37752008234991]}}, {"type": "Feature", "properties": {"building": "yes", "source": "way"}, "geometry": {"type": "Point", "coordinates": [-82.94042996842813, 42.37759589843484]}}, {"type": "Feature", "properties": {"building": "yes", "source": "way"}, "geometry": {"type": "Point", "coordinates": [-82.94050468704792, 42.377699242285175]}}, {"type": "Feature", "properties": {"building": "yes", "source": "way"}, "geometry": {"type": "Point", "coordinates": [-82.94057705, 42.37781495000001]}}, {"type": "Feature", "properties": {"building": "yes", "source": "way"}, "geometry": {"type": "Point", "coordinates": [-82.9406419680767, 42.3779249483646]}}, {"type": "Feature", "properties": {"building": "yes", "source": "way"}, "geometry": {"type": "Point", "coordinates": [-82.94072063224226, 42.37803760096725]}}, {"type": "Feature", "properties": {"building": "yes", "source": "way"}, "geometry": {"type": "Point", "coordinates": [-82.94081354999999, 42.37818849999999]}}, {"type": "Feature", "properties": {"building": "yes", "source": "way"}, "geometry": {"type": "Point", "coordinates": [-82.94086188493085, 42.37827776331693]}}, {"type": "Feature", "properties": {"building": "yes", "source": "way"}, "geometry": {"type": "Point", "coordinates": [-82.94046207962522, 42.37849610343923]}}, {"type": "Feature", "properties": {"building": "yes", "source": "way"}, "geometry": {"type": "Point", "coordinates": [-82.94076535, 42.378114000000004]}}, {"type": "Feature", "properties": {"building": "yes", "source": "way"}, "geometry": {"type": "Point", "coordinates": [-82.94099535000001, 42.37812915]}}, {"type": "Feature", "properties": {"building": "yes", "source": "way"}, "geometry": {"type": "Point", "coordinates": [-82.9405484450735, 42.37745953065308]}}, {"type": "Feature", "properties": {"building": "yes", "source": "way"}, "geometry": {"type": "Point", "coordinates": [-82.94072624429688, 42.37771188139506]}}, {"type": "Feature", "properties": {"building": "yes", "source": "way"}, "geometry": {"type": "Point", "coordinates": [-82.94079396882448, 42.377822495461544]}}, {"type": "Feature", "properties": {"building": "yes", "source": "way"}, "geometry": {"type": "Point", "coordinates": [-82.94086985000001, 42.3779295]}}, {"type": "Feature", "properties": {"building": "yes", "source": "way"}, "geometry": {"type": "Point", "coordinates": [-82.94003737996941, 42.37816355694542]}}, {"type": "Feature", "properties": {"building": "yes", "source": "way"}, "geometry": {"type": "Point", "coordinates": [-82.93963408117422, 42.37815975159802]}}, {"type": "Feature", "properties": {"building": "yes", "source": "way"}, "geometry": {"type": "Point", "coordinates": [-82.94014742667791, 42.378610065254584]}}, {"type": "Feature", "properties": {"building": "yes", "source": "way"}, "geometry": {"type": "Point", "coordinates": [-82.94023177010722, 42.378718493718615]}}, {"type": "Feature", "properties": {"building": "yes", "source": "way"}, "geometry": {"type": "Point", "coordinates": [-82.94008181491473, 42.37708013322664]}}, {"type": "Feature", "properties": {"building": "yes", "source": "way"}, "geometry": {"type": "Point", "coordinates": [-82.93990314999998, 42.376778449999996]}}, {"type": "Feature", "properties": {"building": "yes", "source": "way"}, "geometry": {"type": "Point", "coordinates": [-82.93984121641621, 42.376571650190954]}}, {"type": "Feature", "properties": {"building": "yes", "source": "way"}, "geometry": {"type": "Point", "coordinates": [-82.93947827503925, 42.37702796490766]}}, {"type": "Feature", "properties": {"building": "yes", "source": "way"}, "geometry": {"type": "Point", "coordinates": [-82.93957955000003, 42.37772465]}}, {"type": "Feature", "properties": {"building": "yes", "source": "way"}, "geometry": {"type": "Point", "coordinates": [-82.93709113291733, 42.37781018252133]}}, {"type": "Feature", "properties": {"building": "yes", "source": "way"}, "geometry": {"type": "Point", "coordinates": [-82.9379492677532, 42.377598798800506]}}, {"type": "Feature", "properties": {"building": "yes", "source": "way"}, "geometry": {"type": "Point", "coordinates": [-82.93800705000001, 42.377668299999996]}}, {"type": "Feature", "properties": {"building": "yes", "source": "way"}, "geometry": {"type": "Point", "coordinates": [-82.9380986, 42.37780445]}}, {"type": "Feature", "properties": {"building": "yes", "source": "way"}, "geometry": {"type": "Point", "coordinates": [-82.93830022010418, 42.37812744519683]}}, {"type": "Feature", "properties": {"building": "yes", "source": "way"}, "geometry": {"type": "Point", "coordinates": [-82.93860467737356, 42.37855411407851]}}, {"type": "Feature", "properties": {"building": "yes", "source": "way"}, "geometry": {"type": "Point", "coordinates": [-82.9390895906262, 42.378982380035865]}}, {"type": "Feature", "properties": {"building": "yes", "source": "way"}, "geometry": {"type": "Point", "coordinates": [-82.93893985896699, 42.37906267739572]}}, {"type": "Feature", "properties": {"building": "yes", "source": "way"}, "geometry": {"type": "Point", "coordinates": [-82.93944740018206, 42.37898873343254]}}, {"type": "Feature", "properties": {"building": "yes", "source": "way"}, "geometry": {"type": "Point", "coordinates": [-82.9359959989416, 42.37682539370895]}}, {"type": "Feature", "properties": {"building": "yes", "source": "way"}, "geometry": {"type": "Point", "coordinates": [-82.93765667373557, 42.37994421579604]}}, {"type": "Feature", "properties": {"building": "yes", "source": "way"}, "geometry": {"type": "Point", "coordinates": [-82.93771136451961, 42.38004536946908]}}, {"type": "Feature", "properties": {"building": "yes", "source": "way"}, "geometry": {"type": "Point", "coordinates": [-82.9377983844157, 42.38014377100394]}}, {"type": "Feature", "properties": {"building": "yes", "source": "way"}, "geometry": {"type": "Point", "coordinates": [-82.93787481946144, 42.38023335690293]}}, {"type": "Feature", "properties": {"building": "yes", "source": "way"}, "geometry": {"type": "Point", "coordinates": [-82.93791537984255, 42.38034409372037]}}, {"type": "Feature", "properties": {"building": "yes", "source": "way"}, "geometry": {"type": "Point", "coordinates": [-82.93803368595616, 42.38047826669155]}}, {"type": "Feature", "properties": {"building": "yes", "source": "way"}, "geometry": {"type": "Point", "coordinates": [-82.9381942674856, 42.38073184930628]}}, {"type": "Feature", "properties": {"building": "yes", "source": "way"}, "geometry": {"type": "Point", "coordinates": [-82.93824773164071, 42.380815102025096]}}, {"type": "Feature", "properties": {"building": "yes", "source": "way"}, "geometry": {"type": "Point", "coordinates": [-82.93831733621072, 42.38092018052473]}}, {"type": "Feature", "properties": {"building": "yes", "source": "way"}, "geometry": {"type": "Point", "coordinates": [-82.93835953966568, 42.381027569951925]}}, {"type": "Feature", "properties": {"building": "yes", "source": "way"}, "geometry": {"type": "Point", "coordinates": [-82.93845783505571, 42.38112397644747]}}, {"type": "Feature", "properties": {"building": "yes", "source": "way"}, "geometry": {"type": "Point", "coordinates": [-82.93852939999998, 42.38121835]}}, {"type": "Feature", "properties": {"building": "yes", "source": "way"}, "geometry": {"type": "Point", "coordinates": [-82.93858572235584, 42.38131784379702]}}, {"type": "Feature", "properties": {"building": "yes", "source": "way"}, "geometry": {"type": "Point", "coordinates": [-82.93812145, 42.380623799999995]}}, {"type": "Feature", "properties": {"building": "yes", "source": "way"}, "geometry": {"type": "Point", "coordinates": [-82.93817029137286, 42.380050880888966]}}, {"type": "Feature", "properties": {"building": "yes", "source": "way"}, "geometry": {"type": "Point", "coordinates": [-82.93825312947983, 42.38019045538486]}}, {"type": "Feature", "properties": {"building": "yes", "source": "way"}, "geometry": {"type": "Point", "coordinates": [-82.93829663769885, 42.38027642301917]}}, {"type": "Feature", "properties": {"building": "yes", "source": "way"}, "geometry": {"type": "Point", "coordinates": [-82.93833471950025, 42.37969782344593]}}, {"type": "Feature", "properties": {"building": "yes", "source": "way"}, "geometry": {"type": "Point", "coordinates": [-82.93847083792562, 42.37984263802932]}}, {"type": "Feature", "properties": {"building": "yes", "source": "way"}, "geometry": {"type": "Point", "coordinates": [-82.93854029999999, 42.380002499999996]}}, {"type": "Feature", "properties": {"building": "yes", "source": "way"}, "geometry": {"type": "Point", "coordinates": [-82.93862075, 42.38005875]}}, {"type": "Feature", "properties": {"building": "yes", "source": "way"}, "geometry": {"type": "Point", "coordinates": [-82.93866175000001, 42.38013359999999]}}, {"type": "Feature", "properties": {"building": "yes", "source": "way"}, "geometry": {"type": "Point", "coordinates": [-82.93867616584903, 42.38023101680273]}}, {"type": "Feature", "properties": {"building": "yes", "source": "way"}, "geometry": {"type": "Point", "coordinates": [-82.9387844, 42.3803747]}}, {"type": "Feature", "properties": {"building": "yes", "source": "way"}, "geometry": {"type": "Point", "coordinates": [-82.93881160000001, 42.38045315]}}, {"type": "Feature", "properties": {"building": "yes", "source": "way"}, "geometry": {"type": "Point", "coordinates": [-82.93898093199662, 42.38067070121984]}}, {"type": "Feature", "properties": {"building": "yes", "source": "way"}, "geometry": {"type": "Point", "coordinates": [-82.93903356159036, 42.38074211899614]}}, {"type": "Feature", "properties": {"building": "yes", "source": "way"}, "geometry": {"type": "Point", "coordinates": [-82.93903701804125, 42.38083126634532]}}, {"type": "Feature", "properties": {"building": "yes", "source": "way"}, "geometry": {"type": "Point", "coordinates": [-82.93914085000002, 42.38088645]}}, {"type": "Feature", "properties": {"building": "yes", "source": "way"}, "geometry": {"type": "Point", "coordinates": [-82.93914904999998, 42.38097679999999]}}, {"type": "Feature", "properties": {"building": "yes", "source": "way"}, "geometry": {"type": "Point", "coordinates": [-82.9392229, 42.381062400000005]}}, {"type": "Feature", "properties": {"building": "yes", "source": "way"}, "geometry": {"type": "Point", "coordinates": [-82.93891376556324, 42.38060125092186]}}, {"type": "Feature", "properties": {"building": "yes", "source": "way"}, "geometry": {"type": "Point", "coordinates": [-82.93929045000002, 42.3811523]}}, {"type": "Feature", "properties": {"building": "yes", "source": "way"}, "geometry": {"type": "Point", "coordinates": [-82.93887361730549, 42.380523849466194]}}, {"type": "Feature", "properties": {"building": "yes", "source": "way"}, "geometry": {"type": "Point", "coordinates": [-82.93836075, 42.38034685]}}, {"type": "Feature", "properties": {"building": "yes", "source": "way"}, "geometry": {"type": "Point", "coordinates": [-82.93840270000001, 42.380412]}}, {"type": "Feature", "properties": {"building": "yes", "source": "way"}, "geometry": {"type": "Point", "coordinates": [-82.93844994999999, 42.3804971]}}, {"type": "Feature", "properties": {"building": "yes", "source": "way"}, "geometry": {"type": "Point", "coordinates": [-82.9384893, 42.380582]}}, {"type": "Feature", "properties": {"building": "yes", "source": "way"}, "geometry": {"type": "Point", "coordinates": [-82.93854462495958, 42.38063698565035]}}, {"type": "Feature", "properties": {"building": "yes", "source": "way"}, "geometry": {"type": "Point", "coordinates": [-82.93864579999999, 42.38079335]}}, {"type": "Feature", "properties": {"building": "yes", "source": "way"}, "geometry": {"type": "Point", "coordinates": [-82.93869141900349, 42.38087609617522]}}, {"type": "Feature", "properties": {"building": "yes", "source": "way"}, "geometry": {"type": "Point", "coordinates": [-82.9387297, 42.38094045000001]}}, {"type": "Feature", "properties": {"building": "yes", "source": "way"}, "geometry": {"type": "Point", "coordinates": [-82.9387835, 42.38101609999999]}}, {"type": "Feature", "properties": {"building": "yes", "source": "way"}, "geometry": {"type": "Point", "coordinates": [-82.93883266891757, 42.38109274549254]}}, {"type": "Feature", "properties": {"building": "yes", "source": "way"}, "geometry": {"type": "Point", "coordinates": [-82.9388893, 42.38116585]}}, {"type": "Feature", "properties": {"building": "yes", "source": "way"}, "geometry": {"type": "Point", "coordinates": [-82.9371575, 42.38012875]}}, {"type": "Feature", "properties": {"building": "yes", "source": "way"}, "geometry": {"type": "Point", "coordinates": [-82.93723629511742, 42.380224743586574]}}, {"type": "Feature", "properties": {"building": "yes", "source": "way"}, "geometry": {"type": "Point", "coordinates": [-82.93728496802737, 42.38032079869235]}}, {"type": "Feature", "properties": {"building": "yes", "source": "way"}, "geometry": {"type": "Point", "coordinates": [-82.93738608599031, 42.380409601975686]}}, {"type": "Feature", "properties": {"building": "yes", "source": "way"}, "geometry": {"type": "Point", "coordinates": [-82.93743615000001, 42.3804921]}}, {"type": "Feature", "properties": {"building": "yes", "source": "way"}, "geometry": {"type": "Point", "coordinates": [-82.93756538429024, 42.38070508217092]}}, {"type": "Feature", "properties": {"building": "yes", "source": "way"}, "geometry": {"type": "Point", "coordinates": [-82.93761002586373, 42.380817995643454]}}, {"type": "Feature", "properties": {"building": "yes", "source": "way"}, "geometry": {"type": "Point", "coordinates": [-82.9376763, 42.3809154]}}, {"type": "Feature", "properties": {"building": "yes", "source": "way"}, "geometry": {"type": "Point", "coordinates": [-82.93774411737196, 42.381016267816726]}}, {"type": "Feature", "properties": {"building": "yes", "source": "way"}, "geometry": {"type": "Point", "coordinates": [-82.93779535, 42.38111385]}}, {"type": "Feature", "properties": {"building": "yes", "source": "way"}, "geometry": {"type": "Point", "coordinates": [-82.93789260000001, 42.381202800000004]}}, {"type": "Feature", "properties": {"building": "yes", "source": "way"}, "geometry": {"type": "Point", "coordinates": [-82.93793048946728, 42.38130136831184]}}, {"type": "Feature", "properties": {"building": "yes", "source": "way"}, "geometry": {"type": "Point", "coordinates": [-82.93803341834614, 42.38140034720431]}}, {"type": "Feature", "properties": {"building": "yes", "source": "way"}, "geometry": {"type": "Point", "coordinates": [-82.93806680946274, 42.38150722638906]}}, {"type": "Feature", "properties": {"building": "yes", "source": "way"}, "geometry": {"type": "Point", "coordinates": [-82.93812966729362, 42.38160706705764]}}, {"type": "Feature", "properties": {"building": "yes", "source": "way"}, "geometry": {"type": "Point", "coordinates": [-82.93699401856604, 42.38019339547824]}}, {"type": "Feature", "properties": {"building": "yes", "source": "way"}, "geometry": {"type": "Point", "coordinates": [-82.93703604999999, 42.3802604]}}, {"type": "Feature", "properties": {"building": "yes", "source": "way"}, "geometry": {"type": "Point", "coordinates": [-82.93715925485259, 42.38045491795157]}}, {"type": "Feature", "properties": {"building": "yes", "source": "way"}, "geometry": {"type": "Point", "coordinates": [-82.93726674996876, 42.38060848330979]}}, {"type": "Feature", "properties": {"building": "yes", "source": "way"}, "geometry": {"type": "Point", "coordinates": [-82.93750184999999, 42.3806104]}}, {"type": "Feature", "properties": {"building": "yes", "source": "way"}, "geometry": {"type": "Point", "coordinates": [-82.93880009009979, 42.37953962992375]}}, {"type": "Feature", "properties": {"building": "yes", "source": "way"}, "geometry": {"type": "Point", "coordinates": [-82.9388596329293, 42.37961470036028]}}, {"type": "Feature", "properties": {"building": "yes", "source": "way"}, "geometry": {"type": "Point", "coordinates": [-82.94288315, 42.3813057]}}, {"type": "Feature", "properties": {"building": "yes", "source": "way"}, "geometry": {"type": "Point", "coordinates": [-82.9429308, 42.3813864]}}, {"type": "Feature", "properties": {"building": "yes", "source": "way"}, "geometry": {"type": "Point", "coordinates": [-82.94299791839494, 42.38144669723581]}}, {"type": "Feature", "properties": {"building": "yes", "source": "way"}, "geometry": {"type": "Point", "coordinates": [-82.94304268316581, 42.38152305016042]}}, {"type": "Feature", "properties": {"building": "yes", "source": "way"}, "geometry": {"type": "Point", "coordinates": [-82.9431081504501, 42.38164209548972]}}, {"type": "Feature", "properties": {"building": "yes", "source": "way"}, "geometry": {"type": "Point", "coordinates": [-82.94318231643295, 42.38175258333027]}}, {"type": "Feature", "properties": {"building": "yes", "source": "way"}, "geometry": {"type": "Point", "coordinates": [-82.94322052138345, 42.38182652529378]}}, {"type": "Feature", "properties": {"building": "yes", "source": "way"}, "geometry": {"type": "Point", "coordinates": [-82.94327505000001, 42.38189675]}}, {"type": "Feature", "properties": {"building": "yes", "source": "way"}, "geometry": {"type": "Point", "coordinates": [-82.94332569998846, 42.381971531283774]}}, {"type": "Feature", "properties": {"building": "yes", "source": "way"}, "geometry": {"type": "Point", "coordinates": [-82.94338354783748, 42.38203934650837]}}, {"type": "Feature", "properties": {"building": "yes", "source": "way"}, "geometry": {"type": "Point", "coordinates": [-82.9418414, 42.381489099999996]}}, {"type": "Feature", "properties": {"building": "yes", "source": "way"}, "geometry": {"type": "Point", "coordinates": [-82.94189515095992, 42.381572781443715]}}, {"type": "Feature", "properties": {"building": "yes", "source": "way"}, "geometry": {"type": "Point", "coordinates": [-82.94237503979738, 42.38138593162792]}}, {"type": "Feature", "properties": {"building": "yes", "source": "way"}, "geometry": {"type": "Point", "coordinates": [-82.94214433077003, 42.381351204324076]}}, {"type": "Feature", "properties": {"building": "yes", "source": "way"}, "geometry": {"type": "Point", "coordinates": [-82.94235261099531, 42.38130091768406]}}, {"type": "Feature", "properties": {"building": "yes", "source": "way"}, "geometry": {"type": "Point", "coordinates": [-82.94200547153616, 42.38140008452876]}}, {"type": "Feature", "properties": {"building": "yes", "source": "way"}, "geometry": {"type": "Point", "coordinates": [-82.94345111873967, 42.38220064750735]}}, {"type": "Feature", "properties": {"building": "yes", "source": "way"}, "geometry": {"type": "Point", "coordinates": [-82.94343866608534, 42.382112067247974]}}, {"type": "Feature", "properties": {"building": "yes", "source": "way"}, "geometry": {"type": "Point", "coordinates": [-82.94355244221003, 42.38199258114217]}}, {"type": "Feature", "properties": {"building": "yes", "source": "way"}, "geometry": {"type": "Point", "coordinates": [-82.9436421, 42.38213105]}}, {"type": "Feature", "properties": {"building": "yes", "source": "way"}, "geometry": {"type": "Point", "coordinates": [-82.9434445078915, 42.38184101843187]}}, {"type": "Feature", "properties": {"building": "yes", "source": "way"}, "geometry": {"type": "Point", "coordinates": [-82.94333874999998, 42.381691599999996]}}, {"type": "Feature", "properties": {"building": "yes", "source": "way"}, "geometry": {"type": "Point", "coordinates": [-82.9425075, 42.3821805]}}, {"type": "Feature", "properties": {"building": "yes", "source": "way"}, "geometry": {"type": "Point", "coordinates": [-82.9413818, 42.382409949999996]}}, {"type": "Feature", "properties": {"building": "yes", "source": "way"}, "geometry": {"type": "Point", "coordinates": [-82.94100535, 42.38218095]}}, {"type": "Feature", "properties": {"building": "yes", "source": "way"}, "geometry": {"type": "Point", "coordinates": [-82.94135769451348, 42.38272058146673]}}, {"type": "Feature", "properties": {"building": "yes", "source": "way"}, "geometry": {"type": "Point", "coordinates": [-82.94167850000001, 42.38338955]}}, {"type": "Feature", "properties": {"building": "yes", "source": "way"}, "geometry": {"type": "Point", "coordinates": [-82.9418242, 42.38345075000001]}}, {"type": "Feature", "properties": {"building": "yes", "source": "way"}, "geometry": {"type": "Point", "coordinates": [-82.9419452, 42.383610100000006]}}, {"type": "Feature", "properties": {"building": "yes", "source": "way"}, "geometry": {"type": "Point", "coordinates": [-82.94185255000001, 42.38372725]}}, {"type": "Feature", "properties": {"building": "yes", "source": "way"}, "geometry": {"type": "Point", "coordinates": [-82.94092125, 42.38428604999999]}}, {"type": "Feature", "properties": {"building": "yes", "source": "way"}, "geometry": {"type": "Point", "coordinates": [-82.94278024999998, 42.38447795]}}, {"type": "Feature", "properties": {"building": "yes", "source": "way"}, "geometry": {"type": "Point", "coordinates": [-82.93877401819081, 42.38443459811164]}}, {"type": "Feature", "properties": {"building": "yes", "source": "way"}, "geometry": {"type": "Point", "coordinates": [-82.93884864999998, 42.384534]}}, {"type": "Feature", "properties": {"building": "yes", "source": "way"}, "geometry": {"type": "Point", "coordinates": [-82.9389036, 42.38463075000001]}}, {"type": "Feature", "properties": {"building": "yes", "source": "way"}, "geometry": {"type": "Point", "coordinates": [-82.93902251277176, 42.38484453710605]}}, {"type": "Feature", "properties": {"building": "yes", "source": "way"}, "geometry": {"type": "Point", "coordinates": [-82.9390924, 42.38493745]}}, {"type": "Feature", "properties": {"building": "yes", "source": "way"}, "geometry": {"type": "Point", "coordinates": [-82.93923433190305, 42.38512700141544]}}, {"type": "Feature", "properties": {"building": "yes", "source": "way"}, "geometry": {"type": "Point", "coordinates": [-82.9392919989454, 42.385230492726755]}}, {"type": "Feature", "properties": {"building": "yes", "source": "way"}, "geometry": {"type": "Point", "coordinates": [-82.93942677648673, 42.38542238748564]}}, {"type": "Feature", "properties": {"building": "yes", "source": "way"}, "geometry": {"type": "Point", "coordinates": [-82.9394898856211, 42.3855258167482]}}, {"type": "Feature", "properties": {"building": "yes", "source": "way"}, "geometry": {"type": "Point", "coordinates": [-82.9395458, 42.38562555]}}, {"type": "Feature", "properties": {"building": "yes", "source": "way"}, "geometry": {"type": "Point", "coordinates": [-82.93960905000002, 42.3857291]}}, {"type": "Feature", "properties": {"building": "yes", "source": "way"}, "geometry": {"type": "Point", "coordinates": [-82.93967803908355, 42.38582550859482]}}, {"type": "Feature", "properties": {"building": "yes", "source": "way"}, "geometry": {"type": "Point", "coordinates": [-82.93973168358667, 42.3859297828435]}}, {"type": "Feature", "properties": {"building": "yes", "source": "way"}, "geometry": {"type": "Point", "coordinates": [-82.93980861714803, 42.38602106811765]}}, {"type": "Feature", "properties": {"building": "yes", "source": "way"}, "geometry": {"type": "Point", "coordinates": [-82.93987716612195, 42.38611301742851]}}, {"type": "Feature", "properties": {"building": "yes", "source": "way"}, "geometry": {"type": "Point", "coordinates": [-82.93996013663447, 42.38621366077019]}}, {"type": "Feature", "properties": {"building": "yes", "source": "way"}, "geometry": {"type": "Point", "coordinates": [-82.93999633071509, 42.38631688306274]}}, {"type": "Feature", "properties": {"building": "yes", "source": "way"}, "geometry": {"type": "Point", "coordinates": [-82.93967105, 42.386158349999995]}}, {"type": "Feature", "properties": {"building": "yes", "source": "way"}, "geometry": {"type": "Point", "coordinates": [-82.93799080000001, 42.385082399999995]}}, {"type": "Feature", "properties": {"building": "yes", "source": "way"}, "geometry": {"type": "Point", "coordinates": [-82.93805195000002, 42.38518229999999]}}, {"type": "Feature", "properties": {"building": "yes", "source": "way"}, "geometry": {"type": "Point", "coordinates": [-82.93819848710324, 42.38537178169128]}}, {"type": "Feature", "properties": {"building": "yes", "source": "way"}, "geometry": {"type": "Point", "coordinates": [-82.93847416002835, 42.38588739741935]}}, {"type": "Feature", "properties": {"building": "yes", "source": "way"}, "geometry": {"type": "Point", "coordinates": [-82.93858255, 42.385960700000005]}}, {"type": "Feature", "properties": {"building": "yes", "source": "way"}, "geometry": {"type": "Point", "coordinates": [-82.93892435000001, 42.38519409999999]}}, {"type": "Feature", "properties": {"building": "yes", "source": "way"}, "geometry": {"type": "Point", "coordinates": [-82.93898101918438, 42.38529944640135]}}, {"type": "Feature", "properties": {"building": "yes", "source": "way"}, "geometry": {"type": "Point", "coordinates": [-82.93905905000001, 42.385395450000004]}}, {"type": "Feature", "properties": {"building": "yes", "source": "way"}, "geometry": {"type": "Point", "coordinates": [-82.93911660000002, 42.38549675000001]}}, {"type": "Feature", "properties": {"building": "yes", "source": "way"}, "geometry": {"type": "Point", "coordinates": [-82.939257, 42.385685800000005]}}, {"type": "Feature", "properties": {"building": "yes", "source": "way"}, "geometry": {"type": "Point", "coordinates": [-82.93941543025845, 42.385759054476495]}}, {"type": "Feature", "properties": {"building": "yes", "source": "way"}, "geometry": {"type": "Point", "coordinates": [-82.93948004350389, 42.38585758135351]}}, {"type": "Feature", "properties": {"building": "yes", "source": "way"}, "geometry": {"type": "Point", "coordinates": [-82.93954555, 42.385961099999996]}}, {"type": "Feature", "properties": {"building": "yes", "source": "way"}, "geometry": {"type": "Point", "coordinates": [-82.93950450838611, 42.38608806860698]}}, {"type": "Feature", "properties": {"building": "yes", "source": "way"}, "geometry": {"type": "Point", "coordinates": [-82.93956926130974, 42.38618597647916]}}, {"type": "Feature", "properties": {"building": "yes", "source": "way"}, "geometry": {"type": "Point", "coordinates": [-82.9396336, 42.38628475]}}, {"type": "Feature", "properties": {"building": "yes", "source": "way"}, "geometry": {"type": "Point", "coordinates": [-82.94006145, 42.3864128]}}, {"type": "Feature", "properties": {"building": "yes", "source": "way"}, "geometry": {"type": "Point", "coordinates": [-82.93995290000001, 42.3865776]}}, {"type": "Feature", "properties": {"building": "yes", "source": "way"}, "geometry": {"type": "Point", "coordinates": [-82.93984784999999, 42.38660365]}}, {"type": "Feature", "properties": {"building": "yes", "source": "way"}, "geometry": {"type": "Point", "coordinates": [-82.93965334999999, 42.386685150000005]}}, {"type": "Feature", "properties": {"building": "yes", "source": "way"}, "geometry": {"type": "Point", "coordinates": [-82.93933163173412, 42.386183101615174]}}, {"type": "Feature", "properties": {"building": "yes", "source": "way"}, "geometry": {"type": "Point", "coordinates": [-82.93961410000001, 42.38606235000001]}}, {"type": "Feature", "properties": {"building": "yes", "source": "way"}, "geometry": {"type": "Point", "coordinates": [-82.93970270750866, 42.38638526855763]}}, {"type": "Feature", "properties": {"building": "yes", "source": "way"}, "geometry": {"type": "Point", "coordinates": [-82.94010043848705, 42.38649813234029]}}, {"type": "Feature", "properties": {"building": "yes", "source": "way"}, "geometry": {"type": "Point", "coordinates": [-82.9390561557077, 42.38579132717648]}}, {"type": "Feature", "properties": {"building": "yes", "source": "way"}, "geometry": {"type": "Point", "coordinates": [-82.9393145, 42.38578555]}}, {"type": "Feature", "properties": {"building": "yes", "source": "way"}, "geometry": {"type": "Point", "coordinates": [-82.93935485000002, 42.38532985]}}, {"type": "Feature", "properties": {"building": "yes", "source": "way"}, "geometry": {"type": "Point", "coordinates": [-82.9391591191576, 42.38536619528434]}}, {"type": "Feature", "properties": {"building": "yes", "source": "way"}, "geometry": {"type": "Point", "coordinates": [-82.93922329999998, 42.38546235000001]}}, {"type": "Feature", "properties": {"building": "yes", "source": "way"}, "geometry": {"type": "Point", "coordinates": [-82.9392856199485, 42.38555589561531]}}, {"type": "Feature", "properties": {"building": "yes", "source": "way"}, "geometry": {"type": "Point", "coordinates": [-82.9389401825354, 42.385588400873]}}, {"type": "Feature", "properties": {"building": "yes", "source": "way"}, "geometry": {"type": "Point", "coordinates": [-82.93878984999999, 42.38539935]}}, {"type": "Feature", "properties": {"building": "yes", "source": "way"}, "geometry": {"type": "Point", "coordinates": [-82.93873464999999, 42.3852996]}}, {"type": "Feature", "properties": {"building": "yes", "source": "way"}, "geometry": {"type": "Point", "coordinates": [-82.9386114124555, 42.385100817942636]}}, {"type": "Feature", "properties": {"building": "yes", "source": "way"}, "geometry": {"type": "Point", "coordinates": [-82.93915305, 42.3850357]}}, {"type": "Feature", "properties": {"building": "yes", "source": "way"}, "geometry": {"type": "Point", "coordinates": [-82.93909471839686, 42.38526579667768]}}, {"type": "Feature", "properties": {"building": "yes", "source": "way"}, "geometry": {"type": "Point", "coordinates": [-82.93883665000001, 42.3848721]}}, {"type": "Feature", "properties": {"building": "yes", "source": "way"}, "geometry": {"type": "Point", "coordinates": [-82.93873488063376, 42.38490095507256]}}, {"type": "Feature", "properties": {"building": "yes", "source": "way"}, "geometry": {"type": "Point", "coordinates": [-82.93866588817347, 42.38480132672708]}}, {"type": "Feature", "properties": {"building": "yes", "source": "way"}, "geometry": {"type": "Point", "coordinates": [-82.9387798, 42.3847704]}}, {"type": "Feature", "properties": {"building": "yes", "source": "way"}, "geometry": {"type": "Point", "coordinates": [-82.93897801745436, 42.38473274921824]}}, {"type": "Feature", "properties": {"building": "yes", "source": "way"}, "geometry": {"type": "Point", "coordinates": [-82.93860829999998, 42.38449115]}}, {"type": "Feature", "properties": {"building": "yes", "source": "way"}, "geometry": {"type": "Point", "coordinates": [-82.93847449999997, 42.38450665]}}, {"type": "Feature", "properties": {"building": "yes", "source": "way"}, "geometry": {"type": "Point", "coordinates": [-82.93830943395332, 42.38458812558219]}}, {"type": "Feature", "properties": {"building": "yes", "source": "way"}, "geometry": {"type": "Point", "coordinates": [-82.9381085, 42.38526265]}}, {"type": "Feature", "properties": {"building": "yes", "source": "way"}, "geometry": {"type": "Point", "coordinates": [-82.93768392583391, 42.385681919718174]}}, {"type": "Feature", "properties": {"building": "yes", "source": "way"}, "geometry": {"type": "Point", "coordinates": [-82.93741670000001, 42.38536105]}}, {"type": "Feature", "properties": {"building": "yes", "source": "way"}, "geometry": {"type": "Point", "coordinates": [-82.93723182881774, 42.3850168327338]}}, {"type": "Feature", "properties": {"building": "yes", "source": "way"}, "geometry": {"type": "Point", "coordinates": [-82.93746544999999, 42.384889550000004]}}, {"type": "Feature", "properties": {"building": "yes", "source": "way"}, "geometry": {"type": "Point", "coordinates": [-82.93772965000001, 42.38528385000001]}}, {"type": "Feature", "properties": {"building": "yes", "source": "way"}, "geometry": {"type": "Point", "coordinates": [-82.93881271783674, 42.382578398397435]}}, {"type": "Feature", "properties": {"building": "yes", "source": "way"}, "geometry": {"type": "Point", "coordinates": [-82.93886551943292, 42.38268731809072]}}, {"type": "Feature", "properties": {"building": "yes", "source": "way"}, "geometry": {"type": "Point", "coordinates": [-82.93893406473043, 42.382778417338955]}}, {"type": "Feature", "properties": {"building": "yes", "source": "way"}, "geometry": {"type": "Point", "coordinates": [-82.93906210000002, 42.38297670000001]}}, {"type": "Feature", "properties": {"building": "yes", "source": "way"}, "geometry": {"type": "Point", "coordinates": [-82.93912518445812, 42.38307503194014]}}, {"type": "Feature", "properties": {"building": "yes", "source": "way"}, "geometry": {"type": "Point", "coordinates": [-82.93918121913256, 42.38318058519851]}}, {"type": "Feature", "properties": {"building": "yes", "source": "way"}, "geometry": {"type": "Point", "coordinates": [-82.93923273489783, 42.383283482385494]}}, {"type": "Feature", "properties": {"building": "yes", "source": "way"}, "geometry": {"type": "Point", "coordinates": [-82.93933109999999, 42.3833647]}}, {"type": "Feature", "properties": {"building": "yes", "source": "way"}, "geometry": {"type": "Point", "coordinates": [-82.93936650875935, 42.38348039008007]}}, {"type": "Feature", "properties": {"building": "yes", "source": "way"}, "geometry": {"type": "Point", "coordinates": [-82.93942355000001, 42.38357705]}}, {"type": "Feature", "properties": {"building": "yes", "source": "way"}, "geometry": {"type": "Point", "coordinates": [-82.93951503686574, 42.38365631067078]}}, {"type": "Feature", "properties": {"building": "yes", "source": "way"}, "geometry": {"type": "Point", "coordinates": [-82.93954828520441, 42.38375058244176]}}, {"type": "Feature", "properties": {"building": "yes", "source": "way"}, "geometry": {"type": "Point", "coordinates": [-82.93936305768308, 42.3837912190348]}}, {"type": "Feature", "properties": {"building": "yes", "source": "way"}, "geometry": {"type": "Point", "coordinates": [-82.93956748079566, 42.3841087054061]}}, {"type": "Feature", "properties": {"building": "yes", "source": "way"}, "geometry": {"type": "Point", "coordinates": [-82.9395964171146, 42.38383034962137]}}, {"type": "Feature", "properties": {"building": "yes", "source": "way"}, "geometry": {"type": "Point", "coordinates": [-82.93905781832864, 42.38397289730637]}}, {"type": "Feature", "properties": {"building": "yes", "source": "way"}, "geometry": {"type": "Point", "coordinates": [-82.9390088, 42.38387515]}}, {"type": "Feature", "properties": {"building": "yes", "source": "way"}, "geometry": {"type": "Point", "coordinates": [-82.93893768066874, 42.38375301632253]}}, {"type": "Feature", "properties": {"building": "yes", "source": "way"}, "geometry": {"type": "Point", "coordinates": [-82.93883229551643, 42.383625754867616]}}, {"type": "Feature", "properties": {"building": "yes", "source": "way"}, "geometry": {"type": "Point", "coordinates": [-82.93877564147624, 42.383508251839345]}}, {"type": "Feature", "properties": {"building": "yes", "source": "way"}, "geometry": {"type": "Point", "coordinates": [-82.93858911374947, 42.383265643870466]}}, {"type": "Feature", "properties": {"building": "yes", "source": "way"}, "geometry": {"type": "Point", "coordinates": [-82.93845325, 42.38300980000001]}}, {"type": "Feature", "properties": {"building": "yes", "source": "way"}, "geometry": {"type": "Point", "coordinates": [-82.93836554999999, 42.382897650000004]}}, {"type": "Feature", "properties": {"building": "yes", "source": "way"}, "geometry": {"type": "Point", "coordinates": [-82.9382732, 42.38277545]}}, {"type": "Feature", "properties": {"building": "yes", "source": "way"}, "geometry": {"type": "Point", "coordinates": [-82.9381824, 42.38264350000001]}}, {"type": "Feature", "properties": {"building": "yes", "source": "way"}, "geometry": {"type": "Point", "coordinates": [-82.93813201292876, 42.38250532246223]}}, {"type": "Feature", "properties": {"building": "yes", "source": "way"}, "geometry": {"type": "Point", "coordinates": [-82.93837225000001, 42.382530349999996]}}, {"type": "Feature", "properties": {"building": "yes", "source": "way"}, "geometry": {"type": "Point", "coordinates": [-82.9384423, 42.382663550000004]}}, {"type": "Feature", "properties": {"building": "yes", "source": "way"}, "geometry": {"type": "Point", "coordinates": [-82.93862245, 42.382642849999996]}}, {"type": "Feature", "properties": {"building": "yes", "source": "way"}, "geometry": {"type": "Point", "coordinates": [-82.93866129999998, 42.38272455]}}, {"type": "Feature", "properties": {"building": "yes", "source": "way"}, "geometry": {"type": "Point", "coordinates": [-82.93874448252008, 42.38284140959815]}}, {"type": "Feature", "properties": {"building": "yes", "source": "way"}, "geometry": {"type": "Point", "coordinates": [-82.93891812845287, 42.383113415190266]}}, {"type": "Feature", "properties": {"building": "yes", "source": "way"}, "geometry": {"type": "Point", "coordinates": [-82.9389798, 42.38321675]}}, {"type": "Feature", "properties": {"building": "yes", "source": "way"}, "geometry": {"type": "Point", "coordinates": [-82.93903935000002, 42.3833136]}}, {"type": "Feature", "properties": {"building": "yes", "source": "way"}, "geometry": {"type": "Point", "coordinates": [-82.93917025, 42.383514100000006]}}, {"type": "Feature", "properties": {"building": "yes", "source": "way"}, "geometry": {"type": "Point", "coordinates": [-82.93923354125411, 42.38361258026391]}}, {"type": "Feature", "properties": {"building": "yes", "source": "way"}, "geometry": {"type": "Point", "coordinates": [-82.93910315, 42.38364274999999]}}, {"type": "Feature", "properties": {"building": "yes", "source": "way"}, "geometry": {"type": "Point", "coordinates": [-82.9391875, 42.38376354999999]}}, {"type": "Feature", "properties": {"building": "yes", "source": "way"}, "geometry": {"type": "Point", "coordinates": [-82.93902310749458, 42.38351226891362]}}, {"type": "Feature", "properties": {"building": "yes", "source": "way"}, "geometry": {"type": "Point", "coordinates": [-82.93893975, 42.38339545]}}, {"type": "Feature", "properties": {"building": "yes", "source": "way"}, "geometry": {"type": "Point", "coordinates": [-82.93886084455949, 42.38327128162373]}}, {"type": "Feature", "properties": {"building": "yes", "source": "way"}, "geometry": {"type": "Point", "coordinates": [-82.93877630000001, 42.3831414]}}, {"type": "Feature", "properties": {"building": "yes", "source": "way"}, "geometry": {"type": "Point", "coordinates": [-82.93868648129455, 42.38302495265204]}}, {"type": "Feature", "properties": {"building": "yes", "source": "way"}, "geometry": {"type": "Point", "coordinates": [-82.93717955, 42.3837149]}}, {"type": "Feature", "properties": {"building": "yes", "source": "way"}, "geometry": {"type": "Point", "coordinates": [-82.93989590000001, 42.383011249999996]}}, {"type": "Feature", "properties": {"building": "yes", "source": "way"}, "geometry": {"type": "Point", "coordinates": [-82.93517334172508, 42.38355076320791]}}, {"type": "Feature", "properties": {"building": "yes", "source": "way"}, "geometry": {"type": "Point", "coordinates": [-82.93539660740241, 42.38371807042191]}}, {"type": "Feature", "properties": {"building": "yes", "source": "way"}, "geometry": {"type": "Point", "coordinates": [-82.9355061536502, 42.38389641818632]}}, {"type": "Feature", "properties": {"building": "yes", "source": "way"}, "geometry": {"type": "Point", "coordinates": [-82.93561175356844, 42.38407613606112]}}, {"type": "Feature", "properties": {"building": "yes", "source": "way"}, "geometry": {"type": "Point", "coordinates": [-82.93575480604805, 42.38425865972848]}}, {"type": "Feature", "properties": {"building": "yes", "source": "way"}, "geometry": {"type": "Point", "coordinates": [-82.93463312257371, 42.38375668793552]}}, {"type": "Feature", "properties": {"building": "yes", "source": "way"}, "geometry": {"type": "Point", "coordinates": [-82.9347316557117, 42.3840298185268]}}, {"type": "Feature", "properties": {"building": "yes", "source": "way"}, "geometry": {"type": "Point", "coordinates": [-82.93485607175863, 42.384202762776255]}}, {"type": "Feature", "properties": {"building": "yes", "source": "way"}, "geometry": {"type": "Point", "coordinates": [-82.93495795258076, 42.38440021729904]}}, {"type": "Feature", "properties": {"building": "yes", "source": "way"}, "geometry": {"type": "Point", "coordinates": [-82.9351089826489, 42.3846091587154]}}, {"type": "Feature", "properties": {"building": "yes", "source": "way"}, "geometry": {"type": "Point", "coordinates": [-82.93524437595066, 42.38479264854868]}}, {"type": "Feature", "properties": {"building": "yes", "source": "way"}, "geometry": {"type": "Point", "coordinates": [-82.93539145032099, 42.384987688890384]}}, {"type": "Feature", "properties": {"building": "yes", "source": "way"}, "geometry": {"type": "Point", "coordinates": [-82.93556012628828, 42.38520717833181]}}, {"type": "Feature", "properties": {"building": "yes", "source": "way"}, "geometry": {"type": "Point", "coordinates": [-82.93586378471001, 42.384425160475935]}}, {"type": "Feature", "properties": {"building": "yes", "source": "way"}, "geometry": {"type": "Point", "coordinates": [-82.93599121918507, 42.38463204561636]}}, {"type": "Feature", "properties": {"building": "yes", "source": "way"}, "geometry": {"type": "Point", "coordinates": [-82.9360877991029, 42.384806889681194]}}, {"type": "Feature", "properties": {"building": "yes", "source": "way"}, "geometry": {"type": "Point", "coordinates": [-82.93620035000001, 42.384999099999995]}}, {"type": "Feature", "properties": {"building": "yes", "source": "way"}, "geometry": {"type": "Point", "coordinates": [-82.93585374999999, 42.38494589999999]}}, {"type": "Feature", "properties": {"building": "yes", "source": "way"}, "geometry": {"type": "Point", "coordinates": [-82.9359255, 42.385091900000006]}}, {"type": "Feature", "properties": {"building": "yes", "source": "way"}, "geometry": {"type": "Point", "coordinates": [-82.93572915000001, 42.3847742]}}, {"type": "Feature", "properties": {"building": "yes", "source": "way"}, "geometry": {"type": "Point", "coordinates": [-82.93561255, 42.38459505]}}, {"type": "Feature", "properties": {"building": "yes", "source": "way"}, "geometry": {"type": "Point", "coordinates": [-82.93543884999998, 42.384568800000004]}}, {"type": "Feature", "properties": {"building": "yes", "source": "way"}, "geometry": {"type": "Point", "coordinates": [-82.93542343123106, 42.38432215747238]}}, {"type": "Feature", "properties": {"building": "yes", "source": "way"}, "geometry": {"type": "Point", "coordinates": [-82.93538799999999, 42.38409095000001]}}, {"type": "Feature", "properties": {"building": "yes", "source": "way"}, "geometry": {"type": "Point", "coordinates": [-82.93517365, 42.384141549999995]}}, {"type": "Feature", "properties": {"building": "yes", "source": "way"}, "geometry": {"type": "Point", "coordinates": [-82.93506310752937, 42.383967519020466]}}, {"type": "Feature", "properties": {"building": "yes", "source": "way"}, "geometry": {"type": "Point", "coordinates": [-82.9362859003664, 42.38361528354209]}}, {"type": "Feature", "properties": {"building": "yes", "source": "way"}, "geometry": {"type": "Point", "coordinates": [-82.93638514394777, 42.38377598105038]}}, {"type": "Feature", "properties": {"building": "yes", "source": "way"}, "geometry": {"type": "Point", "coordinates": [-82.93653315385329, 42.38395996448108]}}, {"type": "Feature", "properties": {"building": "yes", "source": "way"}, "geometry": {"type": "Point", "coordinates": [-82.93664195009035, 42.38412679598778]}}, {"type": "Feature", "properties": {"building": "yes", "source": "way"}, "geometry": {"type": "Point", "coordinates": [-82.93690401933542, 42.384533742856284]}}, {"type": "Feature", "properties": {"building": "yes", "source": "way"}, "geometry": {"type": "Point", "coordinates": [-82.93706763084575, 42.384705646519244]}}, {"type": "Feature", "properties": {"building": "yes", "source": "way"}, "geometry": {"type": "Point", "coordinates": [-82.93735885876877, 42.38516468416409]}}, {"type": "Feature", "properties": {"building": "yes", "source": "way"}, "geometry": {"type": "Point", "coordinates": [-82.93753375, 42.3855227]}}, {"type": "Feature", "properties": {"building": "yes", "source": "way"}, "geometry": {"type": "Point", "coordinates": [-82.93776555, 42.3858555]}}, {"type": "Feature", "properties": {"building": "yes", "source": "way"}, "geometry": {"type": "Point", "coordinates": [-82.93817345, 42.3857152]}}, {"type": "Feature", "properties": {"building": "yes", "source": "way"}, "geometry": {"type": "Point", "coordinates": [-82.9382393, 42.38580865]}}, {"type": "Feature", "properties": {"building": "yes", "source": "way"}, "geometry": {"type": "Point", "coordinates": [-82.93640149453002, 42.38534649240842]}}, {"type": "Feature", "properties": {"building": "yes", "source": "way"}, "geometry": {"type": "Point", "coordinates": [-82.93649665214188, 42.38548802422963]}}, {"type": "Feature", "properties": {"building": "yes", "source": "way"}, "geometry": {"type": "Point", "coordinates": [-82.93665156847607, 42.385665246455595]}}, {"type": "Feature", "properties": {"building": "yes", "source": "way"}, "geometry": {"type": "Point", "coordinates": [-82.93676529051498, 42.38580886499438]}}, {"type": "Feature", "properties": {"building": "yes", "source": "way"}, "geometry": {"type": "Point", "coordinates": [-82.93314418593566, 42.38433146441671]}}, {"type": "Feature", "properties": {"building": "yes", "source": "way"}, "geometry": {"type": "Point", "coordinates": [-82.93331991021314, 42.384531319365365]}}, {"type": "Feature", "properties": {"building": "yes", "source": "way"}, "geometry": {"type": "Point", "coordinates": [-82.93338948207197, 42.38473400780079]}}, {"type": "Feature", "properties": {"building": "yes", "source": "way"}, "geometry": {"type": "Point", "coordinates": [-82.93354098046493, 42.38494060831706]}}, {"type": "Feature", "properties": {"building": "yes", "source": "way"}, "geometry": {"type": "Point", "coordinates": [-82.93368076557385, 42.38513077204657]}}, {"type": "Feature", "properties": {"building": "yes", "source": "way"}, "geometry": {"type": "Point", "coordinates": [-82.9338190505591, 42.385328726521294]}}, {"type": "Feature", "properties": {"building": "yes", "source": "way"}, "geometry": {"type": "Point", "coordinates": [-82.93391896518227, 42.38552478947235]}}, {"type": "Feature", "properties": {"building": "yes", "source": "way"}, "geometry": {"type": "Point", "coordinates": [-82.93409603397329, 42.38570357612072]}}, {"type": "Feature", "properties": {"building": "yes", "source": "way"}, "geometry": {"type": "Point", "coordinates": [-82.93456575518591, 42.38526207989522]}}, {"type": "Feature", "properties": {"building": "yes", "source": "way"}, "geometry": {"type": "Point", "coordinates": [-82.9346588017849, 42.3855307478265]}}, {"type": "Feature", "properties": {"building": "yes", "source": "way"}, "geometry": {"type": "Point", "coordinates": [-82.93438925294492, 42.38511974424602]}}, {"type": "Feature", "properties": {"building": "yes", "source": "way"}, "geometry": {"type": "Point", "coordinates": [-82.934069, 42.385290299999994]}}, {"type": "Feature", "properties": {"building": "yes", "source": "way"}, "geometry": {"type": "Point", "coordinates": [-82.93227750866376, 42.384653987743846]}}, {"type": "Feature", "properties": {"building": "yes", "source": "way"}, "geometry": {"type": "Point", "coordinates": [-82.93429276416039, 42.38609527582005]}}, {"type": "Feature", "properties": {"building": "yes", "source": "way"}, "geometry": {"type": "Point", "coordinates": [-82.9344235141096, 42.3862570405071]}}, {"type": "Feature", "properties": {"building": "yes", "source": "way"}, "geometry": {"type": "Point", "coordinates": [-82.93452160000001, 42.38644600000001]}}, {"type": "Feature", "properties": {"building": "yes", "source": "way"}, "geometry": {"type": "Point", "coordinates": [-82.93464731184704, 42.386652153009166]}}, {"type": "Feature", "properties": {"building": "yes", "source": "way"}, "geometry": {"type": "Point", "coordinates": [-82.93479588607921, 42.386816488393414]}}, {"type": "Feature", "properties": {"building": "yes", "source": "way"}, "geometry": {"type": "Point", "coordinates": [-82.93488388355492, 42.38702250393648]}}, {"type": "Feature", "properties": {"building": "yes", "source": "way"}, "geometry": {"type": "Point", "coordinates": [-82.9350044, 42.38721499999999]}}, {"type": "Feature", "properties": {"building": "yes", "source": "way"}, "geometry": {"type": "Point", "coordinates": [-82.93517391210983, 42.387378968408896]}}, {"type": "Feature", "properties": {"building": "yes", "source": "way"}, "geometry": {"type": "Point", "coordinates": [-82.93522669353221, 42.38755737963919]}}, {"type": "Feature", "properties": {"building": "yes", "source": "way"}, "geometry": {"type": "Point", "coordinates": [-82.93536406400999, 42.387720222050326]}}, {"type": "Feature", "properties": {"building": "yes", "source": "way"}, "geometry": {"type": "Point", "coordinates": [-82.93549119600989, 42.387896932400025]}}, {"type": "Feature", "properties": {"building": "yes", "source": "way"}, "geometry": {"type": "Point", "coordinates": [-82.93557199879963, 42.388045913660136]}}, {"type": "Feature", "properties": {"building": "yes", "source": "way"}, "geometry": {"type": "Point", "coordinates": [-82.93623722211123, 42.38784807059154]}}, {"type": "Feature", "properties": {"building": "yes", "source": "way"}, "geometry": {"type": "Point", "coordinates": [-82.93616490569916, 42.38766027554788]}}, {"type": "Feature", "properties": {"building": "yes", "source": "way"}, "geometry": {"type": "Point", "coordinates": [-82.936052, 42.38747125]}}, {"type": "Feature", "properties": {"building": "yes", "source": "way"}, "geometry": {"type": "Point", "coordinates": [-82.93591165782917, 42.38730076846989]}}, {"type": "Feature", "properties": {"building": "yes", "source": "way"}, "geometry": {"type": "Point", "coordinates": [-82.9357086, 42.3869671]}}, {"type": "Feature", "properties": {"building": "yes", "source": "way"}, "geometry": {"type": "Point", "coordinates": [-82.93555400929579, 42.38676666093121]}}, {"type": "Feature", "properties": {"building": "yes", "source": "way"}, "geometry": {"type": "Point", "coordinates": [-82.93544800390052, 42.38658341829859]}}, {"type": "Feature", "properties": {"building": "yes", "source": "way"}, "geometry": {"type": "Point", "coordinates": [-82.93530852465913, 42.38640544732245]}}, {"type": "Feature", "properties": {"building": "yes", "source": "way"}, "geometry": {"type": "Point", "coordinates": [-82.93514379447429, 42.386239465332245]}}, {"type": "Feature", "properties": {"building": "yes", "source": "way"}, "geometry": {"type": "Point", "coordinates": [-82.93505906303238, 42.38605249745714]}}, {"type": "Feature", "properties": {"building": "yes", "source": "way"}, "geometry": {"type": "Point", "coordinates": [-82.93493633272878, 42.38586776657143]}}, {"type": "Feature", "properties": {"building": "yes", "source": "way"}, "geometry": {"type": "Point", "coordinates": [-82.934658, 42.3859319]}}, {"type": "Feature", "properties": {"building": "yes", "source": "way"}, "geometry": {"type": "Point", "coordinates": [-82.93494224999999, 42.386575949999994]}}, {"type": "Feature", "properties": {"building": "yes", "source": "way"}, "geometry": {"type": "Point", "coordinates": [-82.9351637, 42.3866886]}}, {"type": "Feature", "properties": {"building": "yes", "source": "way"}, "geometry": {"type": "Point", "coordinates": [-82.9354316, 42.38689245]}}, {"type": "Feature", "properties": {"building": "yes", "source": "way"}, "geometry": {"type": "Point", "coordinates": [-82.93542530582168, 42.387102869887386]}}, {"type": "Feature", "properties": {"building": "yes", "source": "way"}, "geometry": {"type": "Point", "coordinates": [-82.93516699296816, 42.38651617619674]}}, {"type": "Feature", "properties": {"building": "yes", "source": "way"}, "geometry": {"type": "Point", "coordinates": [-82.93520550646598, 42.386964568467825]}}, {"type": "Feature", "properties": {"building": "yes", "source": "way"}, "geometry": {"type": "Point", "coordinates": [-82.9358724899668, 42.387998641952855]}}, {"type": "Feature", "properties": {"building": "yes", "source": "way"}, "geometry": {"type": "Point", "coordinates": [-82.93382114999999, 42.3841027]}}, {"type": "Feature", "properties": {"building": "yes", "source": "way"}, "geometry": {"type": "Point", "coordinates": [-82.93407419999998, 42.384485600000005]}}, {"type": "Feature", "properties": {"building": "yes", "source": "way"}, "geometry": {"type": "Point", "coordinates": [-82.93420271324469, 42.38466808928926]}}, {"type": "Feature", "properties": {"building": "yes", "source": "way"}, "geometry": {"type": "Point", "coordinates": [-82.93355555, 42.38446875]}}, {"type": "Feature", "properties": {"building": "yes", "source": "way"}, "geometry": {"type": "Point", "coordinates": [-82.93250941326453, 42.38482203098029]}}, {"type": "Feature", "properties": {"building": "yes", "source": "way"}, "geometry": {"type": "Point", "coordinates": [-82.93259564202299, 42.38502912077175]}}, {"type": "Feature", "properties": {"building": "yes", "source": "way"}, "geometry": {"type": "Point", "coordinates": [-82.93270725080244, 42.385225727433955]}}, {"type": "Feature", "properties": {"building": "yes", "source": "way"}, "geometry": {"type": "Point", "coordinates": [-82.93286100334221, 42.38543530706587]}}, {"type": "Feature", "properties": {"building": "yes", "source": "way"}, "geometry": {"type": "Point", "coordinates": [-82.9329713764823, 42.3856064692422]}}, {"type": "Feature", "properties": {"building": "yes", "source": "way"}, "geometry": {"type": "Point", "coordinates": [-82.93311724723344, 42.38580653180766]}}, {"type": "Feature", "properties": {"building": "yes", "source": "way"}, "geometry": {"type": "Point", "coordinates": [-82.93325875143063, 42.38601294274322]}}, {"type": "Feature", "properties": {"building": "yes", "source": "way"}, "geometry": {"type": "Point", "coordinates": [-82.93306175000001, 42.386181050000005]}}, {"type": "Feature", "properties": {"building": "yes", "source": "way"}, "geometry": {"type": "Point", "coordinates": [-82.93288768715297, 42.386195781427745]}}, {"type": "Feature", "properties": {"building": "yes", "source": "way"}, "geometry": {"type": "Point", "coordinates": [-82.9326121723795, 42.386285465957926]}}, {"type": "Feature", "properties": {"building": "yes", "source": "way"}, "geometry": {"type": "Point", "coordinates": [-82.9324584781908, 42.38593502423365]}}, {"type": "Feature", "properties": {"building": "yes", "source": "way"}, "geometry": {"type": "Point", "coordinates": [-82.93265965, 42.385824400000004]}}, {"type": "Feature", "properties": {"building": "yes", "source": "way"}, "geometry": {"type": "Point", "coordinates": [-82.93277075, 42.3857471]}}, {"type": "Feature", "properties": {"building": "yes", "source": "way"}, "geometry": {"type": "Point", "coordinates": [-82.93225799261437, 42.385660731364496]}}, {"type": "Feature", "properties": {"building": "yes", "source": "way"}, "geometry": {"type": "Point", "coordinates": [-82.93181151308464, 42.385060526066944]}}, {"type": "Feature", "properties": {"building": "yes", "source": "way"}, "geometry": {"type": "Point", "coordinates": [-82.93171240193988, 42.38486112484645]}}, {"type": "Feature", "properties": {"building": "yes", "source": "way"}, "geometry": {"type": "Point", "coordinates": [-82.93195002925744, 42.38526124469858]}}, {"type": "Feature", "properties": {"building": "yes", "source": "way"}, "geometry": {"type": "Point", "coordinates": [-82.93207481859953, 42.385450742976076]}}, {"type": "Feature", "properties": {"building": "yes", "source": "way"}, "geometry": {"type": "Point", "coordinates": [-82.93236435, 42.38538625]}}, {"type": "Feature", "properties": {"building": "yes", "source": "way"}, "geometry": {"type": "Point", "coordinates": [-82.93214848058878, 42.38501685467249]}}, {"type": "Feature", "properties": {"building": "yes", "source": "way"}, "geometry": {"type": "Point", "coordinates": [-82.93201005, 42.38481784999999]}}, {"type": "Feature", "properties": {"building": "yes", "source": "way"}, "geometry": {"type": "Point", "coordinates": [-82.9323502, 42.38493390000001]}}, {"type": "Feature", "properties": {"building": "yes", "source": "way"}, "geometry": {"type": "Point", "coordinates": [-82.93088665673271, 42.385179403860974]}}, {"type": "Feature", "properties": {"building": "yes", "source": "way"}, "geometry": {"type": "Point", "coordinates": [-82.93103357072184, 42.38533676309865]}}, {"type": "Feature", "properties": {"building": "yes", "source": "way"}, "geometry": {"type": "Point", "coordinates": [-82.93116669824924, 42.38553120512441]}}, {"type": "Feature", "properties": {"building": "yes", "source": "way"}, "geometry": {"type": "Point", "coordinates": [-82.93126697576673, 42.38572591838006]}}, {"type": "Feature", "properties": {"building": "yes", "source": "way"}, "geometry": {"type": "Point", "coordinates": [-82.93143421771262, 42.385904394912004]}}, {"type": "Feature", "properties": {"building": "yes", "source": "way"}, "geometry": {"type": "Point", "coordinates": [-82.93156315, 42.3861214]}}, {"type": "Feature", "properties": {"building": "yes", "source": "way"}, "geometry": {"type": "Point", "coordinates": [-82.931667, 42.38629855000001]}}, {"type": "Feature", "properties": {"building": "yes", "source": "way"}, "geometry": {"type": "Point", "coordinates": [-82.93180136026444, 42.38652742430964]}}, {"type": "Feature", "properties": {"building": "yes", "source": "way"}, "geometry": {"type": "Point", "coordinates": [-82.9312706, 42.386757300000006]}}, {"type": "Feature", "properties": {"building": "yes", "source": "way"}, "geometry": {"type": "Point", "coordinates": [-82.93120967195912, 42.38661197248688]}}, {"type": "Feature", "properties": {"building": "yes", "source": "way"}, "geometry": {"type": "Point", "coordinates": [-82.93107741791188, 42.38647884506479]}}, {"type": "Feature", "properties": {"building": "yes", "source": "way"}, "geometry": {"type": "Point", "coordinates": [-82.9309722, 42.38631515]}}, {"type": "Feature", "properties": {"building": "yes", "source": "way"}, "geometry": {"type": "Point", "coordinates": [-82.9308905970794, 42.386192616021525]}}, {"type": "Feature", "properties": {"building": "yes", "source": "way"}, "geometry": {"type": "Point", "coordinates": [-82.93080262366085, 42.38602842378693]}}, {"type": "Feature", "properties": {"building": "yes", "source": "way"}, "geometry": {"type": "Point", "coordinates": [-82.9306971, 42.3858841]}}, {"type": "Feature", "properties": {"building": "yes", "source": "way"}, "geometry": {"type": "Point", "coordinates": [-82.93059096878467, 42.38572944173115]}}, {"type": "Feature", "properties": {"building": "yes", "source": "way"}, "geometry": {"type": "Point", "coordinates": [-82.93054053183509, 42.38558933244041]}}, {"type": "Feature", "properties": {"building": "yes", "source": "way"}, "geometry": {"type": "Point", "coordinates": [-82.93041275000002, 42.38544279999999]}}, {"type": "Feature", "properties": {"building": "yes", "source": "way"}, "geometry": {"type": "Point", "coordinates": [-82.93037024794408, 42.38529068852688]}}, {"type": "Feature", "properties": {"building": "yes", "source": "way"}, "geometry": {"type": "Point", "coordinates": [-82.93057123289685, 42.38535790894788]}}, {"type": "Feature", "properties": {"building": "yes", "source": "way"}, "geometry": {"type": "Point", "coordinates": [-82.93079019999999, 42.3854909]}}, {"type": "Feature", "properties": {"building": "yes", "source": "way"}, "geometry": {"type": "Point", "coordinates": [-82.93092014590864, 42.385687131404026]}}, {"type": "Feature", "properties": {"building": "yes", "source": "way"}, "geometry": {"type": "Point", "coordinates": [-82.93079624079158, 42.38572033136174]}}, {"type": "Feature", "properties": {"building": "yes", "source": "way"}, "geometry": {"type": "Point", "coordinates": [-82.93090605, 42.38586204999999]}}, {"type": "Feature", "properties": {"building": "yes", "source": "way"}, "geometry": {"type": "Point", "coordinates": [-82.93098877021495, 42.38599949334092]}}, {"type": "Feature", "properties": {"building": "yes", "source": "way"}, "geometry": {"type": "Point", "coordinates": [-82.93109688093763, 42.38615360450104]}}, {"type": "Feature", "properties": {"building": "yes", "source": "way"}, "geometry": {"type": "Point", "coordinates": [-82.93119395000001, 42.38606779999999]}}, {"type": "Feature", "properties": {"building": "yes", "source": "way"}, "geometry": {"type": "Point", "coordinates": [-82.93146748156471, 42.38671840459941]}}, {"type": "Feature", "properties": {"building": "yes", "source": "way"}, "geometry": {"type": "Point", "coordinates": [-82.93139572539144, 42.386604313747085]}}, {"type": "Feature", "properties": {"building": "yes", "source": "way"}, "geometry": {"type": "Point", "coordinates": [-82.92979193820143, 42.38549169051761]}}, {"type": "Feature", "properties": {"building": "yes", "source": "way"}, "geometry": {"type": "Point", "coordinates": [-82.92989934573498, 42.38562909288258]}}, {"type": "Feature", "properties": {"building": "yes", "source": "way"}, "geometry": {"type": "Point", "coordinates": [-82.92997531104862, 42.385761818417706]}}, {"type": "Feature", "properties": {"building": "yes", "source": "way"}, "geometry": {"type": "Point", "coordinates": [-82.93008809287132, 42.385921569239095]}}, {"type": "Feature", "properties": {"building": "yes", "source": "way"}, "geometry": {"type": "Point", "coordinates": [-82.93016898173192, 42.38605380035688]}}, {"type": "Feature", "properties": {"building": "yes", "source": "way"}, "geometry": {"type": "Point", "coordinates": [-82.93030328146115, 42.38621515635982]}}, {"type": "Feature", "properties": {"building": "yes", "source": "way"}, "geometry": {"type": "Point", "coordinates": [-82.93039656920982, 42.38637149622193]}}, {"type": "Feature", "properties": {"building": "yes", "source": "way"}, "geometry": {"type": "Point", "coordinates": [-82.93049686571406, 42.386516674335134]}}, {"type": "Feature", "properties": {"building": "yes", "source": "way"}, "geometry": {"type": "Point", "coordinates": [-82.93054829874622, 42.38664628806832]}}, {"type": "Feature", "properties": {"building": "yes", "source": "way"}, "geometry": {"type": "Point", "coordinates": [-82.9306854, 42.386822249999994]}}, {"type": "Feature", "properties": {"building": "yes", "source": "way"}, "geometry": {"type": "Point", "coordinates": [-82.93078229432764, 42.38695732986062]}}, {"type": "Feature", "properties": {"building": "yes", "source": "way"}, "geometry": {"type": "Point", "coordinates": [-82.93049306891739, 42.38684324775229]}}, {"type": "Feature", "properties": {"building": "yes", "source": "way"}, "geometry": {"type": "Point", "coordinates": [-82.93018569596298, 42.38638918196293]}}, {"type": "Feature", "properties": {"building": "yes", "source": "way"}, "geometry": {"type": "Point", "coordinates": [-82.9301464600723, 42.3863181282689]}}, {"type": "Feature", "properties": {"building": "yes", "source": "way"}, "geometry": {"type": "Point", "coordinates": [-82.92904907559843, 42.38577208826632]}}, {"type": "Feature", "properties": {"building": "yes", "source": "way"}, "geometry": {"type": "Point", "coordinates": [-82.929189242438, 42.38591779275822]}}, {"type": "Feature", "properties": {"building": "yes", "source": "way"}, "geometry": {"type": "Point", "coordinates": [-82.92935462221612, 42.38614598760321]}}, {"type": "Feature", "properties": {"building": "yes", "source": "way"}, "geometry": {"type": "Point", "coordinates": [-82.92940088925735, 42.386344515175885]}}, {"type": "Feature", "properties": {"building": "yes", "source": "way"}, "geometry": {"type": "Point", "coordinates": [-82.9294799, 42.38652315]}}, {"type": "Feature", "properties": {"building": "yes", "source": "way"}, "geometry": {"type": "Point", "coordinates": [-82.92960749884816, 42.3867029352072]}}, {"type": "Feature", "properties": {"building": "yes", "source": "way"}, "geometry": {"type": "Point", "coordinates": [-82.92972565864173, 42.38687870637921]}}, {"type": "Feature", "properties": {"building": "yes", "source": "way"}, "geometry": {"type": "Point", "coordinates": [-82.92980539999999, 42.387062]}}, {"type": "Feature", "properties": {"building": "yes", "source": "way"}, "geometry": {"type": "Point", "coordinates": [-82.92990388196735, 42.38722100648108]}}, {"type": "Feature", "properties": {"building": "yes", "source": "way"}, "geometry": {"type": "Point", "coordinates": [-82.93004619999998, 42.38722275]}}, {"type": "Feature", "properties": {"building": "yes", "source": "way"}, "geometry": {"type": "Point", "coordinates": [-82.93007030776498, 42.38701551926116]}}, {"type": "Feature", "properties": {"building": "yes", "source": "way"}, "geometry": {"type": "Point", "coordinates": [-82.9299699640487, 42.386848925491826]}}, {"type": "Feature", "properties": {"building": "yes", "source": "way"}, "geometry": {"type": "Point", "coordinates": [-82.92994116769655, 42.38665259874639]}}, {"type": "Feature", "properties": {"building": "yes", "source": "way"}, "geometry": {"type": "Point", "coordinates": [-82.92970885, 42.38642434999999]}}, {"type": "Feature", "properties": {"building": "yes", "source": "way"}, "geometry": {"type": "Point", "coordinates": [-82.92970087130661, 42.386280034357235]}}, {"type": "Feature", "properties": {"building": "yes", "source": "way"}, "geometry": {"type": "Point", "coordinates": [-82.93003290580576, 42.3861592685569]}}, {"type": "Feature", "properties": {"building": "yes", "source": "way"}, "geometry": {"type": "Point", "coordinates": [-82.9299453, 42.38602730000001]}}, {"type": "Feature", "properties": {"building": "yes", "source": "way"}, "geometry": {"type": "Point", "coordinates": [-82.92984435, 42.38587665]}}, {"type": "Feature", "properties": {"building": "yes", "source": "way"}, "geometry": {"type": "Point", "coordinates": [-82.92974479377956, 42.38571762989901]}}, {"type": "Feature", "properties": {"building": "yes", "source": "way"}, "geometry": {"type": "Point", "coordinates": [-82.92963651859219, 42.38554754605102]}}, {"type": "Feature", "properties": {"building": "yes", "source": "way"}, "geometry": {"type": "Point", "coordinates": [-82.92726363831832, 42.38637118903915]}}, {"type": "Feature", "properties": {"building": "yes", "source": "way"}, "geometry": {"type": "Point", "coordinates": [-82.92733897847441, 42.38652390612639]}}, {"type": "Feature", "properties": {"building": "yes", "source": "way"}, "geometry": {"type": "Point", "coordinates": [-82.92741824747588, 42.38664485675407]}}, {"type": "Feature", "properties": {"building": "yes", "source": "way"}, "geometry": {"type": "Point", "coordinates": [-82.92746975, 42.386763599999995]}}, {"type": "Feature", "properties": {"building": "yes", "source": "way"}, "geometry": {"type": "Point", "coordinates": [-82.92757909223106, 42.386881504159724]}}, {"type": "Feature", "properties": {"building": "yes", "source": "way"}, "geometry": {"type": "Point", "coordinates": [-82.92764864996525, 42.387001191399015]}}, {"type": "Feature", "properties": {"building": "yes", "source": "way"}, "geometry": {"type": "Point", "coordinates": [-82.92778145, 42.387272949999996]}}, {"type": "Feature", "properties": {"building": "yes", "source": "way"}, "geometry": {"type": "Point", "coordinates": [-82.92794087963406, 42.38737215788996]}}, {"type": "Feature", "properties": {"building": "yes", "source": "way"}, "geometry": {"type": "Point", "coordinates": [-82.92797376493297, 42.387491026014324]}}, {"type": "Feature", "properties": {"building": "yes", "source": "way"}, "geometry": {"type": "Point", "coordinates": [-82.92801905817612, 42.3876325232977]}}, {"type": "Feature", "properties": {"building": "yes", "source": "way"}, "geometry": {"type": "Point", "coordinates": [-82.92813840000001, 42.387748349999995]}}, {"type": "Feature", "properties": {"building": "yes", "source": "way"}, "geometry": {"type": "Point", "coordinates": [-82.92820320000001, 42.387886449999996]}}, {"type": "Feature", "properties": {"building": "yes", "source": "way"}, "geometry": {"type": "Point", "coordinates": [-82.92847898144493, 42.38782360357497]}}, {"type": "Feature", "properties": {"building": "yes", "source": "way"}, "geometry": {"type": "Point", "coordinates": [-82.9287973, 42.3876742]}}, {"type": "Feature", "properties": {"building": "yes", "source": "way"}, "geometry": {"type": "Point", "coordinates": [-82.92907186437486, 42.387542442167245]}}, {"type": "Feature", "properties": {"building": "yes", "source": "way"}, "geometry": {"type": "Point", "coordinates": [-82.9289649450359, 42.38740184258343]}}, {"type": "Feature", "properties": {"building": "yes", "source": "way"}, "geometry": {"type": "Point", "coordinates": [-82.92885448305583, 42.38721941260333]}}, {"type": "Feature", "properties": {"building": "yes", "source": "way"}, "geometry": {"type": "Point", "coordinates": [-82.92874960223907, 42.38704377952919]}}, {"type": "Feature", "properties": {"building": "yes", "source": "way"}, "geometry": {"type": "Point", "coordinates": [-82.92860274672886, 42.38685540826642]}}, {"type": "Feature", "properties": {"building": "yes", "source": "way"}, "geometry": {"type": "Point", "coordinates": [-82.92846779188474, 42.38664696070991]}}, {"type": "Feature", "properties": {"building": "yes", "source": "way"}, "geometry": {"type": "Point", "coordinates": [-82.92836934109555, 42.38649267926651]}}, {"type": "Feature", "properties": {"building": "yes", "source": "way"}, "geometry": {"type": "Point", "coordinates": [-82.92823949986881, 42.386281111266605]}}, {"type": "Feature", "properties": {"building": "yes", "source": "way"}, "geometry": {"type": "Point", "coordinates": [-82.92812656976986, 42.38612370172078]}}, {"type": "Feature", "properties": {"building": "yes", "source": "way"}, "geometry": {"type": "Point", "coordinates": [-82.92774485, 42.386710699999995]}}, {"type": "Feature", "properties": {"building": "yes", "source": "way"}, "geometry": {"type": "Point", "coordinates": [-82.9279767, 42.38705079999999]}}, {"type": "Feature", "properties": {"building": "yes", "source": "way"}, "geometry": {"type": "Point", "coordinates": [-82.92772842222261, 42.38712562520711]}}, {"type": "Feature", "properties": {"building": "yes", "source": "way"}, "geometry": {"type": "Point", "coordinates": [-82.9273609803653, 42.387729504068766]}}, {"type": "Feature", "properties": {"building": "yes", "source": "way"}, "geometry": {"type": "Point", "coordinates": [-82.9272447420408, 42.38756072271523]}}, {"type": "Feature", "properties": {"building": "yes", "source": "way"}, "geometry": {"type": "Point", "coordinates": [-82.92823737655995, 42.38744511487271]}}, {"type": "Feature", "properties": {"building": "yes", "source": "way"}, "geometry": {"type": "Point", "coordinates": [-82.92821575, 42.38760525000001]}}, {"type": "Feature", "properties": {"building": "yes", "source": "way"}, "geometry": {"type": "Point", "coordinates": [-82.92674675, 42.38713765]}}, {"type": "Feature", "properties": {"building": "yes", "source": "way"}, "geometry": {"type": "Point", "coordinates": [-82.92638966880995, 42.38711904637875]}}, {"type": "Feature", "properties": {"building": "yes", "source": "way"}, "geometry": {"type": "Point", "coordinates": [-82.92630725, 42.38699645]}}, {"type": "Feature", "properties": {"building": "yes", "source": "way"}, "geometry": {"type": "Point", "coordinates": [-82.9265097685857, 42.386926846526535]}}, {"type": "Feature", "properties": {"building": "yes", "source": "way"}, "geometry": {"type": "Point", "coordinates": [-82.9264255, 42.386800050000005]}}, {"type": "Feature", "properties": {"building": "yes", "source": "way"}, "geometry": {"type": "Point", "coordinates": [-82.92642903008176, 42.38670465503729]}}, {"type": "Feature", "properties": {"building": "yes", "source": "way"}, "geometry": {"type": "Point", "coordinates": [-82.92618530000001, 42.3867273]}}, {"type": "Feature", "properties": {"building": "yes", "source": "way"}, "geometry": {"type": "Point", "coordinates": [-82.92621350770918, 42.38687866902893]}}, {"type": "Feature", "properties": {"building": "yes", "source": "way"}, "geometry": {"type": "Point", "coordinates": [-82.92599343370948, 42.386853552952594]}}, {"type": "Feature", "properties": {"building": "yes", "source": "way"}, "geometry": {"type": "Point", "coordinates": [-82.92606626872922, 42.38697894704252]}}, {"type": "Feature", "properties": {"building": "yes", "source": "way"}, "geometry": {"type": "Point", "coordinates": [-82.92640758073743, 42.38743368073522]}}, {"type": "Feature", "properties": {"building": "yes", "source": "way"}, "geometry": {"type": "Point", "coordinates": [-82.92675151939784, 42.38729333403075]}}, {"type": "Feature", "properties": {"building": "yes", "source": "way"}, "geometry": {"type": "Point", "coordinates": [-82.92709710926688, 42.38736721129517]}}, {"type": "Feature", "properties": {"building": "yes", "source": "way"}, "geometry": {"type": "Point", "coordinates": [-82.92707228108242, 42.3880059042111]}}, {"type": "Feature", "properties": {"building": "yes", "source": "way"}, "geometry": {"type": "Point", "coordinates": [-82.92716100000001, 42.38813174999999]}}, {"type": "Feature", "properties": {"building": "yes", "source": "way"}, "geometry": {"type": "Point", "coordinates": [-82.92757368119887, 42.38810617375481]}}, {"type": "Feature", "properties": {"building": "yes", "source": "way"}, "geometry": {"type": "Point", "coordinates": [-82.92467690719064, 42.38731080482037]}}, {"type": "Feature", "properties": {"building": "yes", "source": "way"}, "geometry": {"type": "Point", "coordinates": [-82.92402555, 42.387554900000005]}}, {"type": "Feature", "properties": {"building": "yes", "source": "way"}, "geometry": {"type": "Point", "coordinates": [-82.92412253024598, 42.38770400426799]}}, {"type": "Feature", "properties": {"building": "yes", "source": "way"}, "geometry": {"type": "Point", "coordinates": [-82.92422393022329, 42.38784820393941]}}, {"type": "Feature", "properties": {"building": "yes", "source": "way"}, "geometry": {"type": "Point", "coordinates": [-82.92433961894851, 42.38798949499658]}}, {"type": "Feature", "properties": {"building": "yes", "source": "way"}, "geometry": {"type": "Point", "coordinates": [-82.92442180566745, 42.38813356894746]}}, {"type": "Feature", "properties": {"building": "yes", "source": "way"}, "geometry": {"type": "Point", "coordinates": [-82.92451263258856, 42.38829117088372]}}, {"type": "Feature", "properties": {"building": "yes", "source": "way"}, "geometry": {"type": "Point", "coordinates": [-82.92461088097704, 42.38843255380238]}}, {"type": "Feature", "properties": {"building": "yes", "source": "way"}, "geometry": {"type": "Point", "coordinates": [-82.92480180787506, 42.38872446856049]}}, {"type": "Feature", "properties": {"building": "yes", "source": "way"}, "geometry": {"type": "Point", "coordinates": [-82.92528281368345, 42.387568677393716]}}, {"type": "Feature", "properties": {"building": "yes", "source": "way"}, "geometry": {"type": "Point", "coordinates": [-82.92517475000001, 42.38762525]}}, {"type": "Feature", "properties": {"building": "yes", "source": "way"}, "geometry": {"type": "Point", "coordinates": [-82.92538666279975, 42.38792932581642]}}, {"type": "Feature", "properties": {"building": "yes", "source": "way"}, "geometry": {"type": "Point", "coordinates": [-82.92554455, 42.3879442]}}, {"type": "Feature", "properties": {"building": "yes", "source": "way"}, "geometry": {"type": "Point", "coordinates": [-82.92558542014518, 42.3880193955591]}}, {"type": "Feature", "properties": {"building": "yes", "source": "way"}, "geometry": {"type": "Point", "coordinates": [-82.92536065, 42.3881419]}}, {"type": "Feature", "properties": {"building": "yes", "source": "way"}, "geometry": {"type": "Point", "coordinates": [-82.92541567416974, 42.38851752447598]}}, {"type": "Feature", "properties": {"building": "yes", "source": "way"}, "geometry": {"type": "Point", "coordinates": [-82.92558171352852, 42.38880081183519]}}, {"type": "Feature", "properties": {"building": "yes", "source": "way"}, "geometry": {"type": "Point", "coordinates": [-82.9258371316834, 42.38868015226688]}}, {"type": "Feature", "properties": {"building": "yes", "source": "way"}, "geometry": {"type": "Point", "coordinates": [-82.92582854999999, 42.388391750000004]}}, {"type": "Feature", "properties": {"building": "yes", "source": "way"}, "geometry": {"type": "Point", "coordinates": [-82.92549255727344, 42.388680819050485]}}, {"type": "Feature", "properties": {"building": "yes", "source": "way"}, "geometry": {"type": "Point", "coordinates": [-82.92546642730703, 42.387825215092725]}}, {"type": "Feature", "properties": {"building": "yes", "source": "way"}, "geometry": {"type": "Point", "coordinates": [-82.92504166884697, 42.38741694700504]}}, {"type": "Feature", "properties": {"building": "yes", "source": "way"}, "geometry": {"type": "Point", "coordinates": [-82.9250218938787, 42.387172031405186]}}, {"type": "Feature", "properties": {"building": "yes", "source": "way"}, "geometry": {"type": "Point", "coordinates": [-82.92423741859758, 42.388381795864674]}}, {"type": "Feature", "properties": {"building": "yes", "source": "way"}, "geometry": {"type": "Point", "coordinates": [-82.92429522041496, 42.38849809413789]}}, {"type": "Feature", "properties": {"building": "yes", "source": "way"}, "geometry": {"type": "Point", "coordinates": [-82.92471451966816, 42.388571843743264]}}, {"type": "Feature", "properties": {"building": "yes", "source": "way"}, "geometry": {"type": "Point", "coordinates": [-82.9245266742225, 42.388879935277316]}}, {"type": "Feature", "properties": {"building": "yes", "source": "way"}, "geometry": {"type": "Point", "coordinates": [-82.924524, 42.38904535]}}, {"type": "Feature", "properties": {"building": "yes", "source": "way"}, "geometry": {"type": "Point", "coordinates": [-82.9244256, 42.388906350000006]}}, {"type": "Feature", "properties": {"building": "yes", "source": "way"}, "geometry": {"type": "Point", "coordinates": [-82.92457225000001, 42.388945150000005]}}, {"type": "Feature", "properties": {"building": "yes", "source": "way"}, "geometry": {"type": "Point", "coordinates": [-82.92490141216302, 42.38887541788457]}}, {"type": "Feature", "properties": {"building": "yes", "source": "way"}, "geometry": {"type": "Point", "coordinates": [-82.92500139416796, 42.389031031429]}}, {"type": "Feature", "properties": {"building": "yes", "source": "way"}, "geometry": {"type": "Point", "coordinates": [-82.92590539075447, 42.38851413095989]}}, {"type": "Feature", "properties": {"building": "yes", "source": "way"}, "geometry": {"type": "Point", "coordinates": [-82.92754509999999, 42.38796015]}}, {"type": "Feature", "properties": {"building": "yes", "source": "way"}, "geometry": {"type": "Point", "coordinates": [-82.92926333703089, 42.387887475016164]}}, {"type": "Feature", "properties": {"building": "yes", "source": "way"}, "geometry": {"type": "Point", "coordinates": [-82.92943669785954, 42.38801404719676]}}, {"type": "Feature", "properties": {"building": "yes", "source": "way"}, "geometry": {"type": "Point", "coordinates": [-82.9295225786995, 42.388173146146634]}}, {"type": "Feature", "properties": {"building": "yes", "source": "way"}, "geometry": {"type": "Point", "coordinates": [-82.92960554999999, 42.38833795]}}, {"type": "Feature", "properties": {"building": "yes", "source": "way"}, "geometry": {"type": "Point", "coordinates": [-82.92972435432117, 42.38848271942301]}}, {"type": "Feature", "properties": {"building": "yes", "source": "way"}, "geometry": {"type": "Point", "coordinates": [-82.9298166177013, 42.388656323828464]}}, {"type": "Feature", "properties": {"building": "yes", "source": "way"}, "geometry": {"type": "Point", "coordinates": [-82.92994364428652, 42.38880433068405]}}, {"type": "Feature", "properties": {"building": "yes", "source": "way"}, "geometry": {"type": "Point", "coordinates": [-82.93003782792043, 42.38896910644118]}}, {"type": "Feature", "properties": {"building": "yes", "source": "way"}, "geometry": {"type": "Point", "coordinates": [-82.93012095975855, 42.389138632338934]}}, {"type": "Feature", "properties": {"building": "yes", "source": "way"}, "geometry": {"type": "Point", "coordinates": [-82.93025778509106, 42.38927056615291]}}, {"type": "Feature", "properties": {"building": "yes", "source": "way"}, "geometry": {"type": "Point", "coordinates": [-82.93031098740296, 42.389428859814785]}}, {"type": "Feature", "properties": {"building": "yes", "source": "way"}, "geometry": {"type": "Point", "coordinates": [-82.93054570703423, 42.38974126869279]}}, {"type": "Feature", "properties": {"building": "yes", "source": "way"}, "geometry": {"type": "Point", "coordinates": [-82.93023393760018, 42.38978273192445]}}, {"type": "Feature", "properties": {"building": "yes", "source": "way"}, "geometry": {"type": "Point", "coordinates": [-82.93018371081148, 42.389706518926886]}}, {"type": "Feature", "properties": {"building": "yes", "source": "way"}, "geometry": {"type": "Point", "coordinates": [-82.93041208337843, 42.38957547686645]}}, {"type": "Feature", "properties": {"building": "yes", "source": "way"}, "geometry": {"type": "Point", "coordinates": [-82.93057755000001, 42.389869899999994]}}, {"type": "Feature", "properties": {"building": "yes", "source": "way"}, "geometry": {"type": "Point", "coordinates": [-82.9293141, 42.38928335000001]}}, {"type": "Feature", "properties": {"building": "yes", "source": "way"}, "geometry": {"type": "Point", "coordinates": [-82.92922563967853, 42.389208331190076]}}, {"type": "Feature", "properties": {"building": "yes", "source": "way"}, "geometry": {"type": "Point", "coordinates": [-82.92942419999999, 42.38949124999999]}}, {"type": "Feature", "properties": {"building": "yes", "source": "way"}, "geometry": {"type": "Point", "coordinates": [-82.92969311767214, 42.3889629988856]}}, {"type": "Feature", "properties": {"building": "yes", "source": "way"}, "geometry": {"type": "Point", "coordinates": [-82.929590282276, 42.38879650300179]}}, {"type": "Feature", "properties": {"building": "yes", "source": "way"}, "geometry": {"type": "Point", "coordinates": [-82.92962028159252, 42.388589803440446]}}, {"type": "Feature", "properties": {"building": "yes", "source": "way"}, "geometry": {"type": "Point", "coordinates": [-82.929006259275, 42.38863746901497]}}, {"type": "Feature", "properties": {"building": "yes", "source": "way"}, "geometry": {"type": "Point", "coordinates": [-82.92905848046286, 42.388769803707135]}}, {"type": "Feature", "properties": {"building": "yes", "source": "way"}, "geometry": {"type": "Point", "coordinates": [-82.92930493110565, 42.38830335487602]}}, {"type": "Feature", "properties": {"building": "yes", "source": "way"}, "geometry": {"type": "Point", "coordinates": [-82.9292005, 42.388039199999994]}}, {"type": "Feature", "properties": {"building": "yes", "source": "way"}, "geometry": {"type": "Point", "coordinates": [-82.92850710842832, 42.38830571755565]}}, {"type": "Feature", "properties": {"building": "yes", "source": "way"}, "geometry": {"type": "Point", "coordinates": [-82.92857009066813, 42.388457480384105]}}, {"type": "Feature", "properties": {"building": "yes", "source": "way"}, "geometry": {"type": "Point", "coordinates": [-82.92782, 42.38889865]}}, {"type": "Feature", "properties": {"building": "yes", "source": "way"}, "geometry": {"type": "Point", "coordinates": [-82.92790275863489, 42.389033318935624]}}, {"type": "Feature", "properties": {"building": "yes", "source": "way"}, "geometry": {"type": "Point", "coordinates": [-82.92789669687416, 42.38855243898561]}}, {"type": "Feature", "properties": {"building": "yes", "source": "way"}, "geometry": {"type": "Point", "coordinates": [-82.92780007350233, 42.388383185451694]}}, {"type": "Feature", "properties": {"building": "yes", "source": "way"}, "geometry": {"type": "Point", "coordinates": [-82.9276552469504, 42.38843434103018]}}, {"type": "Feature", "properties": {"building": "yes", "source": "way"}, "geometry": {"type": "Point", "coordinates": [-82.92760535, 42.38860755]}}, {"type": "Feature", "properties": {"building": "yes", "source": "way"}, "geometry": {"type": "Point", "coordinates": [-82.9272864, 42.388764800000004]}}, {"type": "Feature", "properties": {"building": "yes", "source": "way"}, "geometry": {"type": "Point", "coordinates": [-82.92797385, 42.389160849999996]}}, {"type": "Feature", "properties": {"building": "yes", "source": "way"}, "geometry": {"type": "Point", "coordinates": [-82.92768993134109, 42.38911000305667]}}, {"type": "Feature", "properties": {"building": "yes", "source": "way"}, "geometry": {"type": "Point", "coordinates": [-82.928174, 42.389842449999996]}}, {"type": "Feature", "properties": {"building": "yes", "source": "way"}, "geometry": {"type": "Point", "coordinates": [-82.9282393, 42.38998635]}}, {"type": "Feature", "properties": {"building": "yes", "source": "way"}, "geometry": {"type": "Point", "coordinates": [-82.92832158130854, 42.39010350331329]}}, {"type": "Feature", "properties": {"building": "yes", "source": "way"}, "geometry": {"type": "Point", "coordinates": [-82.92840748010588, 42.39023221597439]}}, {"type": "Feature", "properties": {"building": "yes", "source": "way"}, "geometry": {"type": "Point", "coordinates": [-82.9258154140248, 42.38912923775542]}}, {"type": "Feature", "properties": {"building": "yes", "source": "way"}, "geometry": {"type": "Point", "coordinates": [-82.92591274595522, 42.389263984549714]}}, {"type": "Feature", "properties": {"building": "yes", "source": "way"}, "geometry": {"type": "Point", "coordinates": [-82.92599261146314, 42.389432465268754]}}, {"type": "Feature", "properties": {"building": "yes", "source": "way"}, "geometry": {"type": "Point", "coordinates": [-82.92606869486184, 42.389589081249255]}}, {"type": "Feature", "properties": {"building": "yes", "source": "way"}, "geometry": {"type": "Point", "coordinates": [-82.92629635000002, 42.38989684999999]}}, {"type": "Feature", "properties": {"building": "yes", "source": "way"}, "geometry": {"type": "Point", "coordinates": [-82.92641869729704, 42.39003486562087]}}, {"type": "Feature", "properties": {"building": "yes", "source": "way"}, "geometry": {"type": "Point", "coordinates": [-82.92652052334348, 42.39020605104081]}}, {"type": "Feature", "properties": {"building": "yes", "source": "way"}, "geometry": {"type": "Point", "coordinates": [-82.92661684999999, 42.39035094999999]}}, {"type": "Feature", "properties": {"building": "yes", "source": "way"}, "geometry": {"type": "Point", "coordinates": [-82.92668990496361, 42.39051726624248]}}, {"type": "Feature", "properties": {"building": "yes", "source": "way"}, "geometry": {"type": "Point", "coordinates": [-82.9263099, 42.38937405000001]}}, {"type": "Feature", "properties": {"building": "yes", "source": "way"}, "geometry": {"type": "Point", "coordinates": [-82.92634081860747, 42.389437246346965]}}, {"type": "Feature", "properties": {"building": "yes", "source": "way"}, "geometry": {"type": "Point", "coordinates": [-82.92649181820995, 42.38967164454627]}}, {"type": "Feature", "properties": {"building": "yes", "source": "way"}, "geometry": {"type": "Point", "coordinates": [-82.92659655000001, 42.389841149999995]}}, {"type": "Feature", "properties": {"building": "yes", "source": "way"}, "geometry": {"type": "Point", "coordinates": [-82.9266505810394, 42.389917356196854]}}, {"type": "Feature", "properties": {"building": "yes", "source": "way"}, "geometry": {"type": "Point", "coordinates": [-82.92673941900574, 42.39006744626656]}}, {"type": "Feature", "properties": {"building": "yes", "source": "way"}, "geometry": {"type": "Point", "coordinates": [-82.92684148977054, 42.390220122994336]}}, {"type": "Feature", "properties": {"building": "yes", "source": "way"}, "geometry": {"type": "Point", "coordinates": [-82.92697853918311, 42.390472830085315]}}, {"type": "Feature", "properties": {"building": "yes", "source": "way"}, "geometry": {"type": "Point", "coordinates": [-82.92722785, 42.3904964]}}, {"type": "Feature", "properties": {"building": "yes", "source": "way"}, "geometry": {"type": "Point", "coordinates": [-82.92747582658434, 42.390527890437234]}}, {"type": "Feature", "properties": {"building": "yes", "source": "way"}, "geometry": {"type": "Point", "coordinates": [-82.92774091909087, 42.39088099507325]}}, {"type": "Feature", "properties": {"building": "yes", "source": "way"}, "geometry": {"type": "Point", "coordinates": [-82.92682270947533, 42.390670847625074]}}, {"type": "Feature", "properties": {"building": "yes", "source": "way"}, "geometry": {"type": "Point", "coordinates": [-82.92692758796782, 42.3908115094767]}}, {"type": "Feature", "properties": {"building": "yes", "source": "way"}, "geometry": {"type": "Point", "coordinates": [-82.92699118803569, 42.390975906661275]}}, {"type": "Feature", "properties": {"building": "yes", "source": "way"}, "geometry": {"type": "Point", "coordinates": [-82.9255775708483, 42.38997515696504]}}, {"type": "Feature", "properties": {"building": "yes", "source": "way"}, "geometry": {"type": "Point", "coordinates": [-82.92571051314697, 42.39010972548829]}}, {"type": "Feature", "properties": {"building": "yes", "source": "way"}, "geometry": {"type": "Point", "coordinates": [-82.92580509393446, 42.390263031617344]}}, {"type": "Feature", "properties": {"building": "yes", "source": "way"}, "geometry": {"type": "Point", "coordinates": [-82.92588850052108, 42.39042333017244]}}, {"type": "Feature", "properties": {"building": "yes", "source": "way"}, "geometry": {"type": "Point", "coordinates": [-82.92600302373246, 42.390580220375135]}}, {"type": "Feature", "properties": {"building": "yes", "source": "way"}, "geometry": {"type": "Point", "coordinates": [-82.9260943, 42.390753950000004]}}, {"type": "Feature", "properties": {"building": "yes", "source": "way"}, "geometry": {"type": "Point", "coordinates": [-82.92619187162515, 42.390886058113466]}}, {"type": "Feature", "properties": {"building": "yes", "source": "way"}, "geometry": {"type": "Point", "coordinates": [-82.9265885, 42.38955635000001]}}, {"type": "Feature", "properties": {"building": "yes", "source": "way"}, "geometry": {"type": "Point", "coordinates": [-82.92667343101483, 42.38971085446096]}}, {"type": "Feature", "properties": {"building": "yes", "source": "way"}, "geometry": {"type": "Point", "coordinates": [-82.92674484999999, 42.38983025]}}, {"type": "Feature", "properties": {"building": "yes", "source": "way"}, "geometry": {"type": "Point", "coordinates": [-82.92685431853197, 42.38998929663984]}}, {"type": "Feature", "properties": {"building": "yes", "source": "way"}, "geometry": {"type": "Point", "coordinates": [-82.92714105000002, 42.3903742]}}, {"type": "Feature", "properties": {"building": "yes", "source": "way"}, "geometry": {"type": "Point", "coordinates": [-82.92861746030863, 42.390015976956946]}}, {"type": "Feature", "properties": {"building": "yes", "source": "way"}, "geometry": {"type": "Point", "coordinates": [-82.92878688844398, 42.390384023438465]}}, {"type": "Feature", "properties": {"building": "yes", "source": "way"}, "geometry": {"type": "Point", "coordinates": [-82.9288676, 42.390499600000005]}}, {"type": "Feature", "properties": {"building": "yes", "source": "way"}, "geometry": {"type": "Point", "coordinates": [-82.92869134442087, 42.39052583054184]}}, {"type": "Feature", "properties": {"building": "yes", "source": "way"}, "geometry": {"type": "Point", "coordinates": [-82.92845509386177, 42.39063173148749]}}, {"type": "Feature", "properties": {"building": "yes", "source": "way"}, "geometry": {"type": "Point", "coordinates": [-82.92839702077525, 42.39049871266376]}}, {"type": "Feature", "properties": {"building": "yes", "source": "way"}, "geometry": {"type": "Point", "coordinates": [-82.92845265000001, 42.390354650000006]}}, {"type": "Feature", "properties": {"building": "yes", "source": "way"}, "geometry": {"type": "Point", "coordinates": [-82.92759334265162, 42.39069152905572]}}, {"type": "Feature", "properties": {"building": "yes", "source": "way"}, "geometry": {"type": "Point", "coordinates": [-82.92721295, 42.3907756]}}, {"type": "Feature", "properties": {"building": "yes", "source": "way"}, "geometry": {"type": "Point", "coordinates": [-82.92731960734172, 42.39092711835328]}}, {"type": "Feature", "properties": {"building": "yes", "source": "way"}, "geometry": {"type": "Point", "coordinates": [-82.92703170000001, 42.39026414999999]}}, {"type": "Feature", "properties": {"building": "yes", "source": "way"}, "geometry": {"type": "Point", "coordinates": [-82.92617560000001, 42.389737600000004]}}, {"type": "Feature", "properties": {"building": "yes", "source": "way"}, "geometry": {"type": "Point", "coordinates": [-82.92645084254617, 42.38933053080425]}}, {"type": "Feature", "properties": {"building": "yes", "source": "way"}, "geometry": {"type": "Point", "coordinates": [-82.92645496840652, 42.388963720793534]}}, {"type": "Feature", "properties": {"building": "yes", "source": "way"}, "geometry": {"type": "Point", "coordinates": [-82.92624358969235, 42.38901972189009]}}, {"type": "Feature", "properties": {"building": "yes", "source": "way"}, "geometry": {"type": "Point", "coordinates": [-82.9226551, 42.389116449999996]}}, {"type": "Feature", "properties": {"building": "yes", "source": "way"}, "geometry": {"type": "Point", "coordinates": [-82.92273717437696, 42.38924515955516]}}, {"type": "Feature", "properties": {"building": "yes", "source": "way"}, "geometry": {"type": "Point", "coordinates": [-82.92283133771554, 42.389361575960486]}}, {"type": "Feature", "properties": {"building": "yes", "source": "way"}, "geometry": {"type": "Point", "coordinates": [-82.92290690734477, 42.389475368953654]}}, {"type": "Feature", "properties": {"building": "yes", "source": "way"}, "geometry": {"type": "Point", "coordinates": [-82.92296302356466, 42.389598044406526]}}, {"type": "Feature", "properties": {"building": "yes", "source": "way"}, "geometry": {"type": "Point", "coordinates": [-82.9231449902716, 42.389572080149335]}}, {"type": "Feature", "properties": {"building": "yes", "source": "way"}, "geometry": {"type": "Point", "coordinates": [-82.92319983161907, 42.389646005257035]}}, {"type": "Feature", "properties": {"building": "yes", "source": "way"}, "geometry": {"type": "Point", "coordinates": [-82.92332325000001, 42.389624299999994]}}, {"type": "Feature", "properties": {"building": "yes", "source": "way"}, "geometry": {"type": "Point", "coordinates": [-82.9235802202603, 42.389513157623874]}}, {"type": "Feature", "properties": {"building": "yes", "source": "way"}, "geometry": {"type": "Point", "coordinates": [-82.9234995051882, 42.38938194382525]}}, {"type": "Feature", "properties": {"building": "yes", "source": "way"}, "geometry": {"type": "Point", "coordinates": [-82.9234100811389, 42.38923610334527]}}, {"type": "Feature", "properties": {"building": "yes", "source": "way"}, "geometry": {"type": "Point", "coordinates": [-82.92430320686982, 42.389320468967775]}}, {"type": "Feature", "properties": {"building": "yes", "source": "way"}, "geometry": {"type": "Point", "coordinates": [-82.92449464422948, 42.38959293099301]}}, {"type": "Feature", "properties": {"building": "yes", "source": "way"}, "geometry": {"type": "Point", "coordinates": [-82.92460634999999, 42.3897145]}}, {"type": "Feature", "properties": {"building": "yes", "source": "way"}, "geometry": {"type": "Point", "coordinates": [-82.92469840882472, 42.38984306909346]}}, {"type": "Feature", "properties": {"building": "yes", "source": "way"}, "geometry": {"type": "Point", "coordinates": [-82.92480146068478, 42.390006038324685]}}, {"type": "Feature", "properties": {"building": "yes", "source": "way"}, "geometry": {"type": "Point", "coordinates": [-82.92328586924266, 42.39003699229347]}}, {"type": "Feature", "properties": {"building": "yes", "source": "way"}, "geometry": {"type": "Point", "coordinates": [-82.9234310933727, 42.39030101570661]}}, {"type": "Feature", "properties": {"building": "yes", "source": "way"}, "geometry": {"type": "Point", "coordinates": [-82.92350869693973, 42.390428743985915]}}, {"type": "Feature", "properties": {"building": "yes", "source": "way"}, "geometry": {"type": "Point", "coordinates": [-82.92360208874736, 42.39053709266707]}}, {"type": "Feature", "properties": {"building": "yes", "source": "way"}, "geometry": {"type": "Point", "coordinates": [-82.92287095, 42.388911]}}, {"type": "Feature", "properties": {"building": "yes", "source": "way"}, "geometry": {"type": "Point", "coordinates": [-82.92373867570753, 42.38835729070751]}}, {"type": "Feature", "properties": {"building": "yes", "source": "way"}, "geometry": {"type": "Point", "coordinates": [-82.92365314999999, 42.3882232]}}, {"type": "Feature", "properties": {"building": "yes", "source": "way"}, "geometry": {"type": "Point", "coordinates": [-82.92354530312494, 42.3880941407195]}}, {"type": "Feature", "properties": {"building": "yes", "source": "way"}, "geometry": {"type": "Point", "coordinates": [-82.92348150000001, 42.3879315]}}, {"type": "Feature", "properties": {"building": "yes", "source": "way"}, "geometry": {"type": "Point", "coordinates": [-82.92374499249958, 42.38768398089735]}}, {"type": "Feature", "properties": {"building": "yes", "source": "way"}, "geometry": {"type": "Point", "coordinates": [-82.92380474999999, 42.38777155]}}, {"type": "Feature", "properties": {"building": "yes", "source": "way"}, "geometry": {"type": "Point", "coordinates": [-82.92389905, 42.387913350000005]}}, {"type": "Feature", "properties": {"building": "yes", "source": "way"}, "geometry": {"type": "Point", "coordinates": [-82.92398838898086, 42.38805137240929]}}, {"type": "Feature", "properties": {"building": "yes", "source": "way"}, "geometry": {"type": "Point", "coordinates": [-82.92368022027813, 42.387991494958875]}}, {"type": "Feature", "properties": {"building": "yes", "source": "way"}, "geometry": {"type": "Point", "coordinates": [-82.92370725395496, 42.38781346839386]}}, {"type": "Feature", "properties": {"building": "yes", "source": "way"}, "geometry": {"type": "Point", "coordinates": [-82.92365509999999, 42.38771704999999]}}, {"type": "Feature", "properties": {"building": "yes", "source": "way"}, "geometry": {"type": "Point", "coordinates": [-82.92338144191322, 42.38778810770987]}}, {"type": "Feature", "properties": {"building": "yes", "source": "way"}, "geometry": {"type": "Point", "coordinates": [-82.92264918025268, 42.3866760527476]}}, {"type": "Feature", "properties": {"building": "yes", "source": "way"}, "geometry": {"type": "Point", "coordinates": [-82.9227401063982, 42.385533636066896]}}, {"type": "Feature", "properties": {"building": "yes", "source": "way"}, "geometry": {"type": "Point", "coordinates": [-82.92283052168865, 42.38570611509866]}}, {"type": "Feature", "properties": {"building": "yes", "source": "way"}, "geometry": {"type": "Point", "coordinates": [-82.92295958069404, 42.385879308212175]}}, {"type": "Feature", "properties": {"building": "yes", "source": "way"}, "geometry": {"type": "Point", "coordinates": [-82.92305381848163, 42.38603589424868]}}, {"type": "Feature", "properties": {"building": "yes", "source": "way"}, "geometry": {"type": "Point", "coordinates": [-82.92312782527178, 42.38619013980375]}}, {"type": "Feature", "properties": {"building": "yes", "source": "way"}, "geometry": {"type": "Point", "coordinates": [-82.92326497717684, 42.38634070156664]}}, {"type": "Feature", "properties": {"building": "yes", "source": "way"}, "geometry": {"type": "Point", "coordinates": [-82.92339164175385, 42.386504879177274]}}, {"type": "Feature", "properties": {"building": "yes", "source": "way"}, "geometry": {"type": "Point", "coordinates": [-82.92346785015046, 42.38671341706792]}}, {"type": "Feature", "properties": {"building": "yes", "source": "way"}, "geometry": {"type": "Point", "coordinates": [-82.92376549042982, 42.38713812463686]}}, {"type": "Feature", "properties": {"building": "yes", "source": "way"}, "geometry": {"type": "Point", "coordinates": [-82.92333805000001, 42.3872383]}}, {"type": "Feature", "properties": {"building": "yes", "source": "way"}, "geometry": {"type": "Point", "coordinates": [-82.9233889573763, 42.38731181869221]}}, {"type": "Feature", "properties": {"building": "yes", "source": "way"}, "geometry": {"type": "Point", "coordinates": [-82.92301669999998, 42.38729139999999]}}, {"type": "Feature", "properties": {"building": "yes", "source": "way"}, "geometry": {"type": "Point", "coordinates": [-82.92304446854642, 42.386761243674776]}}, {"type": "Feature", "properties": {"building": "yes", "source": "way"}, "geometry": {"type": "Point", "coordinates": [-82.92284018504046, 42.387021261259875]}}, {"type": "Feature", "properties": {"building": "yes", "source": "way"}, "geometry": {"type": "Point", "coordinates": [-82.92366776135168, 42.38695727383437]}}, {"type": "Feature", "properties": {"building": "yes", "source": "way"}, "geometry": {"type": "Point", "coordinates": [-82.92311888239364, 42.38742974489789]}}, {"type": "Feature", "properties": {"building": "yes", "source": "way"}, "geometry": {"type": "Point", "coordinates": [-82.9229248, 42.3866273]}}, {"type": "Feature", "properties": {"building": "yes", "source": "way"}, "geometry": {"type": "Point", "coordinates": [-82.92285630481977, 42.38645841891261]}}, {"type": "Feature", "properties": {"building": "yes", "source": "way"}, "geometry": {"type": "Point", "coordinates": [-82.92323540787902, 42.385152605654156]}}, {"type": "Feature", "properties": {"building": "yes", "source": "way"}, "geometry": {"type": "Point", "coordinates": [-82.92333675438495, 42.38532240468426]}}, {"type": "Feature", "properties": {"building": "yes", "source": "way"}, "geometry": {"type": "Point", "coordinates": [-82.92346465702103, 42.38549234129799]}}, {"type": "Feature", "properties": {"building": "yes", "source": "way"}, "geometry": {"type": "Point", "coordinates": [-82.92355799128354, 42.3856580018713]}}, {"type": "Feature", "properties": {"building": "yes", "source": "way"}, "geometry": {"type": "Point", "coordinates": [-82.9236698135789, 42.3858144186331]}}, {"type": "Feature", "properties": {"building": "yes", "source": "way"}, "geometry": {"type": "Point", "coordinates": [-82.9237682339287, 42.38599939095326]}}, {"type": "Feature", "properties": {"building": "yes", "source": "way"}, "geometry": {"type": "Point", "coordinates": [-82.9238511888698, 42.386171823459584]}}, {"type": "Feature", "properties": {"building": "yes", "source": "way"}, "geometry": {"type": "Point", "coordinates": [-82.9239662, 42.386328899999995]}}, {"type": "Feature", "properties": {"building": "yes", "source": "way"}, "geometry": {"type": "Point", "coordinates": [-82.9241227628957, 42.386498273291544]}}, {"type": "Feature", "properties": {"building": "yes", "source": "way"}, "geometry": {"type": "Point", "coordinates": [-82.92467676891845, 42.386558246457035]}}, {"type": "Feature", "properties": {"building": "yes", "source": "way"}, "geometry": {"type": "Point", "coordinates": [-82.9248843548552, 42.38653112148535]}}, {"type": "Feature", "properties": {"building": "yes", "source": "way"}, "geometry": {"type": "Point", "coordinates": [-82.92494904566229, 42.38664132261107]}}, {"type": "Feature", "properties": {"building": "yes", "source": "way"}, "geometry": {"type": "Point", "coordinates": [-82.92499948776488, 42.386770573156156]}}, {"type": "Feature", "properties": {"building": "yes", "source": "way"}, "geometry": {"type": "Point", "coordinates": [-82.92474884999999, 42.38675565]}}, {"type": "Feature", "properties": {"building": "yes", "source": "way"}, "geometry": {"type": "Point", "coordinates": [-82.92438452127028, 42.38691445594195]}}, {"type": "Feature", "properties": {"building": "yes", "source": "way"}, "geometry": {"type": "Point", "coordinates": [-82.92446559999999, 42.38677005]}}, {"type": "Feature", "properties": {"building": "yes", "source": "way"}, "geometry": {"type": "Point", "coordinates": [-82.92460274999999, 42.3865052]}}, {"type": "Feature", "properties": {"building": "yes", "source": "way"}, "geometry": {"type": "Point", "coordinates": [-82.92424675000001, 42.38579735]}}, {"type": "Feature", "properties": {"building": "yes", "source": "way"}, "geometry": {"type": "Point", "coordinates": [-82.92397000606098, 42.38575736956223]}}, {"type": "Feature", "properties": {"building": "yes", "source": "way"}, "geometry": {"type": "Point", "coordinates": [-82.92281280753534, 42.38606616857821]}}, {"type": "Feature", "properties": {"building": "yes", "source": "way"}, "geometry": {"type": "Point", "coordinates": [-82.92268143161571, 42.386237152406224]}}, {"type": "Feature", "properties": {"building": "yes", "source": "way"}, "geometry": {"type": "Point", "coordinates": [-82.92268937392856, 42.38313136304087]}}, {"type": "Feature", "properties": {"building": "yes", "source": "way"}, "geometry": {"type": "Point", "coordinates": [-82.92278265, 42.38328425]}}, {"type": "Feature", "properties": {"building": "yes", "source": "way"}, "geometry": {"type": "Point", "coordinates": [-82.9228567504691, 42.38347373514334]}}, {"type": "Feature", "properties": {"building": "yes", "source": "way"}, "geometry": {"type": "Point", "coordinates": [-82.9232777630261, 42.38266297444422]}}, {"type": "Feature", "properties": {"building": "yes", "source": "way"}, "geometry": {"type": "Point", "coordinates": [-82.92341146131926, 42.38283729314333]}}, {"type": "Feature", "properties": {"building": "yes", "source": "way"}, "geometry": {"type": "Point", "coordinates": [-82.92351425680076, 42.38299259539454]}}, {"type": "Feature", "properties": {"building": "yes", "source": "way"}, "geometry": {"type": "Point", "coordinates": [-82.92360249727837, 42.38317616754934]}}, {"type": "Feature", "properties": {"building": "yes", "source": "way"}, "geometry": {"type": "Point", "coordinates": [-82.92371881177488, 42.38332166062689]}}, {"type": "Feature", "properties": {"building": "yes", "source": "way"}, "geometry": {"type": "Point", "coordinates": [-82.92384292509044, 42.38346010556299]}}, {"type": "Feature", "properties": {"building": "yes", "source": "way"}, "geometry": {"type": "Point", "coordinates": [-82.92390932941504, 42.38361726925767]}}, {"type": "Feature", "properties": {"building": "yes", "source": "way"}, "geometry": {"type": "Point", "coordinates": [-82.92265306642807, 42.38170952854869]}}, {"type": "Feature", "properties": {"building": "yes", "source": "way"}, "geometry": {"type": "Point", "coordinates": [-82.92275838319937, 42.38185850520877]}}, {"type": "Feature", "properties": {"building": "yes", "source": "way"}, "geometry": {"type": "Point", "coordinates": [-82.9228109, 42.38201405]}}, {"type": "Feature", "properties": {"building": "yes", "source": "way"}, "geometry": {"type": "Point", "coordinates": [-82.92293012494132, 42.382148114764085]}}, {"type": "Feature", "properties": {"building": "yes", "source": "way"}, "geometry": {"type": "Point", "coordinates": [-82.92308571513054, 42.38226910321916]}}, {"type": "Feature", "properties": {"building": "yes", "source": "way"}, "geometry": {"type": "Point", "coordinates": [-82.9231667946947, 42.38252549762412]}}, {"type": "Feature", "properties": {"building": "yes", "source": "way"}, "geometry": {"type": "Point", "coordinates": [-82.92287565534244, 42.38091478274616]}}, {"type": "Feature", "properties": {"building": "yes", "source": "way"}, "geometry": {"type": "Point", "coordinates": [-82.92305233207892, 42.381113561117395]}}, {"type": "Feature", "properties": {"building": "yes", "source": "way"}, "geometry": {"type": "Point", "coordinates": [-82.92319285002252, 42.381335568651565]}}, {"type": "Feature", "properties": {"building": "yes", "source": "way"}, "geometry": {"type": "Point", "coordinates": [-82.92329334132984, 42.38147972244108]}}, {"type": "Feature", "properties": {"building": "yes", "source": "way"}, "geometry": {"type": "Point", "coordinates": [-82.92348823976398, 42.38180155870507]}}, {"type": "Feature", "properties": {"building": "yes", "source": "way"}, "geometry": {"type": "Point", "coordinates": [-82.92367134160162, 42.38207258115155]}}, {"type": "Feature", "properties": {"building": "yes", "source": "way"}, "geometry": {"type": "Point", "coordinates": [-82.92375380774939, 42.38226934154363]}}, {"type": "Feature", "properties": {"building": "yes", "source": "way"}, "geometry": {"type": "Point", "coordinates": [-82.92387631377098, 42.382473930725986]}}, {"type": "Feature", "properties": {"building": "yes", "source": "way"}, "geometry": {"type": "Point", "coordinates": [-82.92414740605763, 42.38280995779482]}}, {"type": "Feature", "properties": {"building": "yes", "source": "way"}, "geometry": {"type": "Point", "coordinates": [-82.92440248151881, 42.38329486121779]}}, {"type": "Feature", "properties": {"building": "yes", "source": "way"}, "geometry": {"type": "Point", "coordinates": [-82.9246648542168, 42.38357661791525]}}, {"type": "Feature", "properties": {"building": "yes", "source": "way"}, "geometry": {"type": "Point", "coordinates": [-82.924720186272, 42.3837586539024]}}, {"type": "Feature", "properties": {"building": "yes", "source": "way"}, "geometry": {"type": "Point", "coordinates": [-82.924686468619, 42.382428796043214]}}, {"type": "Feature", "properties": {"building": "yes", "source": "way"}, "geometry": {"type": "Point", "coordinates": [-82.9248122, 42.38272440000001]}}, {"type": "Feature", "properties": {"building": "yes", "source": "way"}, "geometry": {"type": "Point", "coordinates": [-82.92494323228823, 42.382888613580874]}}, {"type": "Feature", "properties": {"building": "yes", "source": "way"}, "geometry": {"type": "Point", "coordinates": [-82.9250184, 42.38303205]}}, {"type": "Feature", "properties": {"building": "yes", "source": "way"}, "geometry": {"type": "Point", "coordinates": [-82.92513133169946, 42.38318750730537]}}, {"type": "Feature", "properties": {"building": "yes", "source": "way"}, "geometry": {"type": "Point", "coordinates": [-82.92533936425005, 42.38347139470851]}}, {"type": "Feature", "properties": {"building": "yes", "source": "way"}, "geometry": {"type": "Point", "coordinates": [-82.924515, 42.38342125]}}, {"type": "Feature", "properties": {"building": "yes", "source": "way"}, "geometry": {"type": "Point", "coordinates": [-82.92422985798783, 42.38297834634152]}}, {"type": "Feature", "properties": {"building": "yes", "source": "way"}, "geometry": {"type": "Point", "coordinates": [-82.92401345110542, 42.38267506605805]}}, {"type": "Feature", "properties": {"building": "yes", "source": "way"}, "geometry": {"type": "Point", "coordinates": [-82.9247539092783, 42.382592339730415]}}, {"type": "Feature", "properties": {"building": "yes", "source": "way"}, "geometry": {"type": "Point", "coordinates": [-82.9245930000315, 42.38226839054872]}}, {"type": "Feature", "properties": {"building": "yes", "source": "way"}, "geometry": {"type": "Point", "coordinates": [-82.92440451058067, 42.38207119121176]}}, {"type": "Feature", "properties": {"building": "yes", "source": "way"}, "geometry": {"type": "Point", "coordinates": [-82.92429667891071, 42.38187049856049]}}, {"type": "Feature", "properties": {"building": "yes", "source": "way"}, "geometry": {"type": "Point", "coordinates": [-82.92342666915181, 42.38209064513368]}}, {"type": "Feature", "properties": {"building": "yes", "source": "way"}, "geometry": {"type": "Point", "coordinates": [-82.92332486881917, 42.38240284752787]}}, {"type": "Feature", "properties": {"building": "yes", "source": "way"}, "geometry": {"type": "Point", "coordinates": [-82.92541329229725, 42.38201984800255]}}, {"type": "Feature", "properties": {"building": "yes", "source": "way"}, "geometry": {"type": "Point", "coordinates": [-82.9256828723071, 42.38239017014656]}}, {"type": "Feature", "properties": {"building": "yes", "source": "way"}, "geometry": {"type": "Point", "coordinates": [-82.92591805195596, 42.38267434576392]}}, {"type": "Feature", "properties": {"building": "yes", "source": "way"}, "geometry": {"type": "Point", "coordinates": [-82.92605652237513, 42.382961761137935]}}, {"type": "Feature", "properties": {"building": "yes", "source": "way"}, "geometry": {"type": "Point", "coordinates": [-82.92625259504221, 42.383271345646676]}}, {"type": "Feature", "properties": {"building": "yes", "source": "way"}, "geometry": {"type": "Point", "coordinates": [-82.92648532930158, 42.3835372857359]}}, {"type": "Feature", "properties": {"building": "yes", "source": "way"}, "geometry": {"type": "Point", "coordinates": [-82.92561497518112, 42.38382268617007]}}, {"type": "Feature", "properties": {"building": "yes", "source": "way"}, "geometry": {"type": "Point", "coordinates": [-82.92299622536186, 42.38367124111814]}}, {"type": "Feature", "properties": {"building": "yes", "source": "way"}, "geometry": {"type": "Point", "coordinates": [-82.92314738850283, 42.38386279658782]}}, {"type": "Feature", "properties": {"building": "yes", "source": "way"}, "geometry": {"type": "Point", "coordinates": [-82.92513968140477, 42.38444892069246]}}, {"type": "Feature", "properties": {"building": "yes", "source": "way"}, "geometry": {"type": "Point", "coordinates": [-82.92529005, 42.38454055]}}, {"type": "Feature", "properties": {"building": "yes", "source": "way"}, "geometry": {"type": "Point", "coordinates": [-82.92536773028266, 42.384664655103165]}}, {"type": "Feature", "properties": {"building": "yes", "source": "way"}, "geometry": {"type": "Point", "coordinates": [-82.92547424277632, 42.38485611837867]}}, {"type": "Feature", "properties": {"building": "yes", "source": "way"}, "geometry": {"type": "Point", "coordinates": [-82.92556476427225, 42.385032836666255]}}, {"type": "Feature", "properties": {"building": "yes", "source": "way"}, "geometry": {"type": "Point", "coordinates": [-82.92592591274557, 42.385528876203395]}}, {"type": "Feature", "properties": {"building": "yes", "source": "way"}, "geometry": {"type": "Point", "coordinates": [-82.92599802630973, 42.38565496492386]}}, {"type": "Feature", "properties": {"building": "yes", "source": "way"}, "geometry": {"type": "Point", "coordinates": [-82.92608053255655, 42.385775270693784]}}, {"type": "Feature", "properties": {"building": "yes", "source": "way"}, "geometry": {"type": "Point", "coordinates": [-82.92614695952207, 42.38590682159741]}}, {"type": "Feature", "properties": {"building": "yes", "source": "way"}, "geometry": {"type": "Point", "coordinates": [-82.92632533052857, 42.38616020526056]}}, {"type": "Feature", "properties": {"building": "yes", "source": "way"}, "geometry": {"type": "Point", "coordinates": [-82.92609139999999, 42.38625785000001]}}, {"type": "Feature", "properties": {"building": "yes", "source": "way"}, "geometry": {"type": "Point", "coordinates": [-82.92596656135763, 42.386324927426514]}}, {"type": "Feature", "properties": {"building": "yes", "source": "way"}, "geometry": {"type": "Point", "coordinates": [-82.9258981, 42.3864923]}}, {"type": "Feature", "properties": {"building": "yes", "source": "way"}, "geometry": {"type": "Point", "coordinates": [-82.92588644067536, 42.38619658086682]}}, {"type": "Feature", "properties": {"building": "yes", "source": "way"}, "geometry": {"type": "Point", "coordinates": [-82.92576215, 42.38600655]}}, {"type": "Feature", "properties": {"building": "yes", "source": "way"}, "geometry": {"type": "Point", "coordinates": [-82.9257205565976, 42.38595171812932]}}, {"type": "Feature", "properties": {"building": "yes", "source": "way"}, "geometry": {"type": "Point", "coordinates": [-82.92585619999998, 42.38590564999999]}}, {"type": "Feature", "properties": {"building": "yes", "source": "way"}, "geometry": {"type": "Point", "coordinates": [-82.92576908008922, 42.38578271588867]}}, {"type": "Feature", "properties": {"building": "yes", "source": "way"}, "geometry": {"type": "Point", "coordinates": [-82.92575115, 42.385640900000006]}}, {"type": "Feature", "properties": {"building": "yes", "source": "way"}, "geometry": {"type": "Point", "coordinates": [-82.92528369848263, 42.38580161550019]}}, {"type": "Feature", "properties": {"building": "yes", "source": "way"}, "geometry": {"type": "Point", "coordinates": [-82.92514425712561, 42.385581618471825]}}, {"type": "Feature", "properties": {"building": "yes", "source": "way"}, "geometry": {"type": "Point", "coordinates": [-82.92496447386458, 42.385276285521776]}}, {"type": "Feature", "properties": {"building": "yes", "source": "way"}, "geometry": {"type": "Point", "coordinates": [-82.9247828306085, 42.385039254487715]}}, {"type": "Feature", "properties": {"building": "yes", "source": "way"}, "geometry": {"type": "Point", "coordinates": [-82.92475076986224, 42.38489148438981]}}, {"type": "Feature", "properties": {"building": "yes", "source": "way"}, "geometry": {"type": "Point", "coordinates": [-82.92458505917278, 42.384651018497706]}}, {"type": "Feature", "properties": {"building": "yes", "source": "way"}, "geometry": {"type": "Point", "coordinates": [-82.92504219029512, 42.384669273903555]}}, {"type": "Feature", "properties": {"building": "yes", "source": "way"}, "geometry": {"type": "Point", "coordinates": [-82.9250994, 42.385035200000004]}}, {"type": "Feature", "properties": {"building": "yes", "source": "way"}, "geometry": {"type": "Point", "coordinates": [-82.92581487079816, 42.385368024730624]}}, {"type": "Feature", "properties": {"building": "yes", "source": "way"}, "geometry": {"type": "Point", "coordinates": [-82.9263801956561, 42.38507944202898]}}, {"type": "Feature", "properties": {"building": "yes", "source": "way"}, "geometry": {"type": "Point", "coordinates": [-82.9264413317447, 42.385207853733846]}}, {"type": "Feature", "properties": {"building": "yes", "source": "way"}, "geometry": {"type": "Point", "coordinates": [-82.92652619999998, 42.385328449999996]}}, {"type": "Feature", "properties": {"building": "yes", "source": "way"}, "geometry": {"type": "Point", "coordinates": [-82.92661475000001, 42.38544585]}}, {"type": "Feature", "properties": {"building": "yes", "source": "way"}, "geometry": {"type": "Point", "coordinates": [-82.92668476585901, 42.38557802039343]}}, {"type": "Feature", "properties": {"building": "yes", "source": "way"}, "geometry": {"type": "Point", "coordinates": [-82.92676033232345, 42.385706677162915]}}, {"type": "Feature", "properties": {"building": "yes", "source": "way"}, "geometry": {"type": "Point", "coordinates": [-82.92684269999998, 42.38582519999999]}}, {"type": "Feature", "properties": {"building": "yes", "source": "way"}, "geometry": {"type": "Point", "coordinates": [-82.92700113914512, 42.38606843862667]}}, {"type": "Feature", "properties": {"building": "yes", "source": "way"}, "geometry": {"type": "Point", "coordinates": [-82.92713491226374, 42.38599292789601]}}, {"type": "Feature", "properties": {"building": "yes", "source": "way"}, "geometry": {"type": "Point", "coordinates": [-82.92490624591473, 42.38515528851466]}}, {"type": "Feature", "properties": {"building": "yes", "source": "way"}, "geometry": {"type": "Point", "coordinates": [-82.92509228084461, 42.38549610486482]}}, {"type": "Feature", "properties": {"building": "yes", "source": "way"}, "geometry": {"type": "Point", "coordinates": [-82.92408919547196, 42.38524903077382]}}, {"type": "Feature", "properties": {"building": "yes", "source": "way"}, "geometry": {"type": "Point", "coordinates": [-82.92417305610999, 42.38541867143604]}}, {"type": "Feature", "properties": {"building": "yes", "source": "way"}, "geometry": {"type": "Point", "coordinates": [-82.92393888457185, 42.38544936674764]}}, {"type": "Feature", "properties": {"building": "yes", "source": "way"}, "geometry": {"type": "Point", "coordinates": [-82.92375318098941, 42.38544200393425]}}, {"type": "Feature", "properties": {"building": "yes", "source": "way"}, "geometry": {"type": "Point", "coordinates": [-82.9237973, 42.3856321]}}, {"type": "Feature", "properties": {"building": "yes", "source": "way"}, "geometry": {"type": "Point", "coordinates": [-82.92413058334111, 42.386122363816995]}}, {"type": "Feature", "properties": {"building": "yes", "source": "way"}, "geometry": {"type": "Point", "coordinates": [-82.92364625, 42.3852744]}}, {"type": "Feature", "properties": {"building": "yes", "source": "way"}, "geometry": {"type": "Point", "coordinates": [-82.9236249, 42.38499040000001]}}, {"type": "Feature", "properties": {"building": "yes", "source": "way"}, "geometry": {"type": "Point", "coordinates": [-82.92383062764233, 42.38491653171963]}}, {"type": "Feature", "properties": {"building": "yes", "source": "way"}, "geometry": {"type": "Point", "coordinates": [-82.9239105782962, 42.385041978450836]}}, {"type": "Feature", "properties": {"building": "yes", "source": "way"}, "geometry": {"type": "Point", "coordinates": [-82.92301432705274, 42.38483946106061]}}, {"type": "Feature", "properties": {"building": "yes", "source": "way"}, "geometry": {"type": "Point", "coordinates": [-82.92326847453873, 42.3840603272625]}}, {"type": "Feature", "properties": {"building": "yes", "source": "way"}, "geometry": {"type": "Point", "coordinates": [-82.92335946428823, 42.38421996906662]}}, {"type": "Feature", "properties": {"building": "yes", "source": "way"}, "geometry": {"type": "Point", "coordinates": [-82.92350581123877, 42.38441799759191]}}, {"type": "Feature", "properties": {"building": "yes", "source": "way"}, "geometry": {"type": "Point", "coordinates": [-82.92360014952992, 42.384656899138804]}}, {"type": "Feature", "properties": {"building": "yes", "source": "way"}, "geometry": {"type": "Point", "coordinates": [-82.92292249504474, 42.38466279819912]}}, {"type": "Feature", "properties": {"building": "yes", "source": "way"}, "geometry": {"type": "Point", "coordinates": [-82.92280283348514, 42.38451106721537]}}, {"type": "Feature", "properties": {"building": "yes", "source": "way"}, "geometry": {"type": "Point", "coordinates": [-82.92266883444795, 42.384325276184555]}}, {"type": "Feature", "properties": {"building": "yes", "source": "way"}, "geometry": {"type": "Point", "coordinates": [-82.92288002459156, 42.38409203684165]}}, {"type": "Feature", "properties": {"building": "yes", "source": "way"}, "geometry": {"type": "Point", "coordinates": [-82.92400325943781, 42.383756118513105]}}, {"type": "Feature", "properties": {"building": "yes", "source": "way"}, "geometry": {"type": "Point", "coordinates": [-82.92410608060432, 42.383920506460676]}}, {"type": "Feature", "properties": {"building": "yes", "source": "way"}, "geometry": {"type": "Point", "coordinates": [-82.92420393368768, 42.384099562926785]}}, {"type": "Feature", "properties": {"building": "yes", "source": "way"}, "geometry": {"type": "Point", "coordinates": [-82.92439898168149, 42.38433145147939]}}, {"type": "Feature", "properties": {"building": "yes", "source": "way"}, "geometry": {"type": "Point", "coordinates": [-82.9249855468682, 42.38409072208325]}}, {"type": "Feature", "properties": {"building": "yes", "source": "way"}, "geometry": {"type": "Point", "coordinates": [-82.92437849999999, 42.383873799999996]}}, {"type": "Feature", "properties": {"building": "yes", "source": "way"}, "geometry": {"type": "Point", "coordinates": [-82.92427304235083, 42.383720431118924]}}, {"type": "Feature", "properties": {"building": "yes", "source": "way"}, "geometry": {"type": "Point", "coordinates": [-82.92582778118532, 42.384202261526575]}}, {"type": "Feature", "properties": {"building": "yes", "source": "way"}, "geometry": {"type": "Point", "coordinates": [-82.9258981624608, 42.38434673421557]}}, {"type": "Feature", "properties": {"building": "yes", "source": "way"}, "geometry": {"type": "Point", "coordinates": [-82.92603916276737, 42.38454683960823]}}, {"type": "Feature", "properties": {"building": "yes", "source": "way"}, "geometry": {"type": "Point", "coordinates": [-82.92631359726737, 42.38485425942932]}}, {"type": "Feature", "properties": {"building": "yes", "source": "way"}, "geometry": {"type": "Point", "coordinates": [-82.92648182723366, 42.38412331355026]}}, {"type": "Feature", "properties": {"building": "yes", "source": "way"}, "geometry": {"type": "Point", "coordinates": [-82.9270504551861, 42.38440353931185]}}, {"type": "Feature", "properties": {"building": "yes", "source": "way"}, "geometry": {"type": "Point", "coordinates": [-82.92726052977561, 42.384669465901204]}}, {"type": "Feature", "properties": {"building": "yes", "source": "way"}, "geometry": {"type": "Point", "coordinates": [-82.92743799753593, 42.38493170748169]}}, {"type": "Feature", "properties": {"building": "yes", "source": "way"}, "geometry": {"type": "Point", "coordinates": [-82.92759054999999, 42.3851913]}}, {"type": "Feature", "properties": {"building": "yes", "source": "way"}, "geometry": {"type": "Point", "coordinates": [-82.92773780223978, 42.385447648590684]}}, {"type": "Feature", "properties": {"building": "yes", "source": "way"}, "geometry": {"type": "Point", "coordinates": [-82.92788428351771, 42.385688051128845]}}, {"type": "Feature", "properties": {"building": "yes", "source": "way"}, "geometry": {"type": "Point", "coordinates": [-82.92711865000001, 42.38570085]}}, {"type": "Feature", "properties": {"building": "yes", "source": "way"}, "geometry": {"type": "Point", "coordinates": [-82.92692511243214, 42.38544702992335]}}, {"type": "Feature", "properties": {"building": "yes", "source": "way"}, "geometry": {"type": "Point", "coordinates": [-82.9268491, 42.38532575]}}, {"type": "Feature", "properties": {"building": "yes", "source": "way"}, "geometry": {"type": "Point", "coordinates": [-82.92670295, 42.385295150000005]}}, {"type": "Feature", "properties": {"building": "yes", "source": "way"}, "geometry": {"type": "Point", "coordinates": [-82.92722455, 42.3850841]}}, {"type": "Feature", "properties": {"building": "yes", "source": "way"}, "geometry": {"type": "Point", "coordinates": [-82.92751484863322, 42.38559982233574]}}, {"type": "Feature", "properties": {"building": "yes", "source": "way"}, "geometry": {"type": "Point", "coordinates": [-82.92405903129337, 42.38556005391699]}}, {"type": "Feature", "properties": {"building": "yes", "source": "way"}, "geometry": {"type": "Point", "coordinates": [-82.92763678827498, 42.383639598001146]}}, {"type": "Feature", "properties": {"building": "yes", "source": "way"}, "geometry": {"type": "Point", "coordinates": [-82.92772178085953, 42.383866706039896]}}, {"type": "Feature", "properties": {"building": "yes", "source": "way"}, "geometry": {"type": "Point", "coordinates": [-82.9279449861535, 42.38414282978076]}}, {"type": "Feature", "properties": {"building": "yes", "source": "way"}, "geometry": {"type": "Point", "coordinates": [-82.92807604514739, 42.38437255049811]}}, {"type": "Feature", "properties": {"building": "yes", "source": "way"}, "geometry": {"type": "Point", "coordinates": [-82.92828636021729, 42.38467756169202]}}, {"type": "Feature", "properties": {"building": "yes", "source": "way"}, "geometry": {"type": "Point", "coordinates": [-82.9283781, 42.384860399999994]}}, {"type": "Feature", "properties": {"building": "yes", "source": "way"}, "geometry": {"type": "Point", "coordinates": [-82.92860948582857, 42.385146497258766]}}, {"type": "Feature", "properties": {"building": "yes", "source": "way"}, "geometry": {"type": "Point", "coordinates": [-82.92890665373315, 42.38533688635524]}}, {"type": "Feature", "properties": {"building": "yes", "source": "way"}, "geometry": {"type": "Point", "coordinates": [-82.92951995604517, 42.38512383717621]}}, {"type": "Feature", "properties": {"building": "yes", "source": "way"}, "geometry": {"type": "Point", "coordinates": [-82.92942596611445, 42.384946719974515]}}, {"type": "Feature", "properties": {"building": "yes", "source": "way"}, "geometry": {"type": "Point", "coordinates": [-82.92932104437573, 42.384747475307314]}}, {"type": "Feature", "properties": {"building": "yes", "source": "way"}, "geometry": {"type": "Point", "coordinates": [-82.92920865005775, 42.3845914221804]}}, {"type": "Feature", "properties": {"building": "yes", "source": "way"}, "geometry": {"type": "Point", "coordinates": [-82.9291052, 42.38441925]}}, {"type": "Feature", "properties": {"building": "yes", "source": "way"}, "geometry": {"type": "Point", "coordinates": [-82.92894093530445, 42.38428517513821]}}, {"type": "Feature", "properties": {"building": "yes", "source": "way"}, "geometry": {"type": "Point", "coordinates": [-82.92885670351258, 42.384076602498915]}}, {"type": "Feature", "properties": {"building": "yes", "source": "way"}, "geometry": {"type": "Point", "coordinates": [-82.92876495803397, 42.38386490494381]}}, {"type": "Feature", "properties": {"building": "yes", "source": "way"}, "geometry": {"type": "Point", "coordinates": [-82.92944551546454, 42.38296785231489]}}, {"type": "Feature", "properties": {"building": "yes", "source": "way"}, "geometry": {"type": "Point", "coordinates": [-82.9295432064586, 42.3831283288127]}}, {"type": "Feature", "properties": {"building": "yes", "source": "way"}, "geometry": {"type": "Point", "coordinates": [-82.92968385180016, 42.38335923486671]}}, {"type": "Feature", "properties": {"building": "yes", "source": "way"}, "geometry": {"type": "Point", "coordinates": [-82.92983366443896, 42.38356751293886]}}, {"type": "Feature", "properties": {"building": "yes", "source": "way"}, "geometry": {"type": "Point", "coordinates": [-82.92995176857767, 42.38373159906218]}}, {"type": "Feature", "properties": {"building": "yes", "source": "way"}, "geometry": {"type": "Point", "coordinates": [-82.93009053159665, 42.383941852575724]}}, {"type": "Feature", "properties": {"building": "yes", "source": "way"}, "geometry": {"type": "Point", "coordinates": [-82.93022340000002, 42.384136600000005]}}, {"type": "Feature", "properties": {"building": "yes", "source": "way"}, "geometry": {"type": "Point", "coordinates": [-82.93036272904986, 42.384314304445084]}}, {"type": "Feature", "properties": {"building": "yes", "source": "way"}, "geometry": {"type": "Point", "coordinates": [-82.93059531611831, 42.38472954560614]}}, {"type": "Feature", "properties": {"building": "yes", "source": "way"}, "geometry": {"type": "Point", "coordinates": [-82.92997925, 42.384755999999996]}}, {"type": "Feature", "properties": {"building": "yes", "source": "way"}, "geometry": {"type": "Point", "coordinates": [-82.93012296808769, 42.38491064837677]}}, {"type": "Feature", "properties": {"building": "yes", "source": "way"}, "geometry": {"type": "Point", "coordinates": [-82.93049489943415, 42.38452284931302]}}, {"type": "Feature", "properties": {"building": "yes", "source": "way"}, "geometry": {"type": "Point", "coordinates": [-82.929860722666, 42.38459316303636]}}, {"type": "Feature", "properties": {"building": "yes", "source": "way"}, "geometry": {"type": "Point", "coordinates": [-82.9298004193098, 42.38441878747114]}}, {"type": "Feature", "properties": {"building": "yes", "source": "way"}, "geometry": {"type": "Point", "coordinates": [-82.92964413912006, 42.38421780764695]}}, {"type": "Feature", "properties": {"building": "yes", "source": "way"}, "geometry": {"type": "Point", "coordinates": [-82.92952165978382, 42.38404731380166]}}, {"type": "Feature", "properties": {"building": "yes", "source": "way"}, "geometry": {"type": "Point", "coordinates": [-82.92943234146857, 42.38388142653209]}}, {"type": "Feature", "properties": {"building": "yes", "source": "way"}, "geometry": {"type": "Point", "coordinates": [-82.92927695, 42.38368415]}}, {"type": "Feature", "properties": {"building": "yes", "source": "way"}, "geometry": {"type": "Point", "coordinates": [-82.92913720171252, 42.383505043497955]}}, {"type": "Feature", "properties": {"building": "yes", "source": "way"}, "geometry": {"type": "Point", "coordinates": [-82.9290202177918, 42.38332354103567]}}, {"type": "Feature", "properties": {"building": "yes", "source": "way"}, "geometry": {"type": "Point", "coordinates": [-82.92892266587877, 42.383142458002276]}}, {"type": "Feature", "properties": {"building": "yes", "source": "way"}, "geometry": {"type": "Point", "coordinates": [-82.92836758923548, 42.3833483612946]}}, {"type": "Feature", "properties": {"building": "yes", "source": "way"}, "geometry": {"type": "Point", "coordinates": [-82.92851557337333, 42.38350948963695]}}, {"type": "Feature", "properties": {"building": "yes", "source": "way"}, "geometry": {"type": "Point", "coordinates": [-82.92864550989684, 42.38369681428298]}}, {"type": "Feature", "properties": {"building": "yes", "source": "way"}, "geometry": {"type": "Point", "coordinates": [-82.92933939999999, 42.38348299999999]}}, {"type": "Feature", "properties": {"building": "yes", "source": "way"}, "geometry": {"type": "Point", "coordinates": [-82.92972335000002, 42.38386375]}}, {"type": "Feature", "properties": {"building": "yes", "source": "way"}, "geometry": {"type": "Point", "coordinates": [-82.92987334248286, 42.384085531612925]}}, {"type": "Feature", "properties": {"building": "yes", "source": "way"}, "geometry": {"type": "Point", "coordinates": [-82.92998604150002, 42.38428433030381]}}, {"type": "Feature", "properties": {"building": "yes", "source": "way"}, "geometry": {"type": "Point", "coordinates": [-82.93000046930396, 42.384468045231266]}}, {"type": "Feature", "properties": {"building": "yes", "source": "way"}, "geometry": {"type": "Point", "coordinates": [-82.92896425, 42.384535]}}, {"type": "Feature", "properties": {"building": "yes", "source": "way"}, "geometry": {"type": "Point", "coordinates": [-82.92919268150098, 42.38488555337539]}}, {"type": "Feature", "properties": {"building": "yes", "source": "way"}, "geometry": {"type": "Point", "coordinates": [-82.92841266276956, 42.3836939257423]}}, {"type": "Feature", "properties": {"building": "yes", "source": "way"}, "geometry": {"type": "Point", "coordinates": [-82.9284188, 42.3835944]}}, {"type": "Feature", "properties": {"building": "yes", "source": "way"}, "geometry": {"type": "Point", "coordinates": [-82.92735953187173, 42.3832057607021]}}, {"type": "Feature", "properties": {"building": "yes", "source": "way"}, "geometry": {"type": "Point", "coordinates": [-82.92707739326498, 42.382896470684194]}}, {"type": "Feature", "properties": {"building": "yes", "source": "way"}, "geometry": {"type": "Point", "coordinates": [-82.9263601313821, 42.384368405354174]}}, {"type": "Feature", "properties": {"building": "yes", "source": "way"}, "geometry": {"type": "Point", "coordinates": [-82.93065505, 42.3832582]}}, {"type": "Feature", "properties": {"building": "yes", "source": "way"}, "geometry": {"type": "Point", "coordinates": [-82.93076606374176, 42.38344997992739]}}, {"type": "Feature", "properties": {"building": "yes", "source": "way"}, "geometry": {"type": "Point", "coordinates": [-82.9310271669864, 42.383851090802104]}}, {"type": "Feature", "properties": {"building": "yes", "source": "way"}, "geometry": {"type": "Point", "coordinates": [-82.93117682984348, 42.3840419454084]}}, {"type": "Feature", "properties": {"building": "yes", "source": "way"}, "geometry": {"type": "Point", "coordinates": [-82.93127050344356, 42.384225918292564]}}, {"type": "Feature", "properties": {"building": "yes", "source": "way"}, "geometry": {"type": "Point", "coordinates": [-82.93143482280149, 42.384419375482246]}}, {"type": "Feature", "properties": {"building": "yes", "source": "way"}, "geometry": {"type": "Point", "coordinates": [-82.93170135, 42.384153600000005]}}, {"type": "Feature", "properties": {"building": "yes", "source": "way"}, "geometry": {"type": "Point", "coordinates": [-82.93175448000731, 42.38423410530565]}}, {"type": "Feature", "properties": {"building": "yes", "source": "way"}, "geometry": {"type": "Point", "coordinates": [-82.93207822652926, 42.38419832480317]}}, {"type": "Feature", "properties": {"building": "yes", "source": "way"}, "geometry": {"type": "Point", "coordinates": [-82.93180316406519, 42.38379628660178]}}, {"type": "Feature", "properties": {"building": "yes", "source": "way"}, "geometry": {"type": "Point", "coordinates": [-82.93166199428867, 42.38362043603284]}}, {"type": "Feature", "properties": {"building": "yes", "source": "way"}, "geometry": {"type": "Point", "coordinates": [-82.93157519494879, 42.383957080891335]}}, {"type": "Feature", "properties": {"building": "yes", "source": "way"}, "geometry": {"type": "Point", "coordinates": [-82.93155140287857, 42.38340391175426]}}, {"type": "Feature", "properties": {"building": "yes", "source": "way"}, "geometry": {"type": "Point", "coordinates": [-82.93141969202674, 42.38321891016657]}}, {"type": "Feature", "properties": {"building": "yes", "source": "way"}, "geometry": {"type": "Point", "coordinates": [-82.92760975, 42.38209885]}}, {"type": "Feature", "properties": {"building": "yes", "source": "way"}, "geometry": {"type": "Point", "coordinates": [-82.92767751453017, 42.382305695326316]}}, {"type": "Feature", "properties": {"building": "yes", "source": "way"}, "geometry": {"type": "Point", "coordinates": [-82.92781425140188, 42.382509856596194]}}, {"type": "Feature", "properties": {"building": "yes", "source": "way"}, "geometry": {"type": "Point", "coordinates": [-82.92795937031993, 42.38268716644681]}}, {"type": "Feature", "properties": {"building": "yes", "source": "way"}, "geometry": {"type": "Point", "coordinates": [-82.92803608479659, 42.382845711608724]}}, {"type": "Feature", "properties": {"building": "yes", "source": "way"}, "geometry": {"type": "Point", "coordinates": [-82.92905073425642, 42.38232721301032]}}, {"type": "Feature", "properties": {"building": "yes", "source": "way"}, "geometry": {"type": "Point", "coordinates": [-82.9291945406651, 42.382566702551244]}}, {"type": "Feature", "properties": {"building": "yes", "source": "way"}, "geometry": {"type": "Point", "coordinates": [-82.9288937225534, 42.382480912471564]}}, {"type": "Feature", "properties": {"building": "yes", "source": "way"}, "geometry": {"type": "Point", "coordinates": [-82.9285069207326, 42.382511113697056]}}, {"type": "Feature", "properties": {"building": "yes", "source": "way"}, "geometry": {"type": "Point", "coordinates": [-82.92866298897526, 42.382768006391146]}}, {"type": "Feature", "properties": {"building": "yes", "source": "way"}, "geometry": {"type": "Point", "coordinates": [-82.92837315002834, 42.38227738251499]}}, {"type": "Feature", "properties": {"building": "yes", "source": "way"}, "geometry": {"type": "Point", "coordinates": [-82.92822398222042, 42.382107959358194]}}, {"type": "Feature", "properties": {"building": "yes", "source": "way"}, "geometry": {"type": "Point", "coordinates": [-82.92808492355216, 42.381903030865885]}}, {"type": "Feature", "properties": {"building": "yes", "source": "way"}, "geometry": {"type": "Point", "coordinates": [-82.92743550000002, 42.382210549999996]}}, {"type": "Feature", "properties": {"building": "yes", "source": "way"}, "geometry": {"type": "Point", "coordinates": [-82.92758181906447, 42.38242029506297]}}, {"type": "Feature", "properties": {"building": "yes", "source": "way"}, "geometry": {"type": "Point", "coordinates": [-82.9268662093863, 42.38250918716438]}}, {"type": "Feature", "properties": {"building": "yes", "source": "way"}, "geometry": {"type": "Point", "coordinates": [-82.92987247826643, 42.382025615480885]}}, {"type": "Feature", "properties": {"building": "yes", "source": "way"}, "geometry": {"type": "Point", "coordinates": [-82.93002093160223, 42.38230295547754]}}, {"type": "Feature", "properties": {"building": "yes", "source": "way"}, "geometry": {"type": "Point", "coordinates": [-82.93065182501522, 42.38204688511442]}}, {"type": "Feature", "properties": {"building": "yes", "source": "way"}, "geometry": {"type": "Point", "coordinates": [-82.93049737098129, 42.38180379515809]}}, {"type": "Feature", "properties": {"building": "yes", "source": "way"}, "geometry": {"type": "Point", "coordinates": [-82.93041066870224, 42.38256034719305]}}, {"type": "Feature", "properties": {"building": "yes", "source": "way"}, "geometry": {"type": "Point", "coordinates": [-82.93072626877786, 42.382508847367895]}}, {"type": "Feature", "properties": {"building": "yes", "source": "way"}, "geometry": {"type": "Point", "coordinates": [-82.93079185000002, 42.3827584]}}, {"type": "Feature", "properties": {"building": "yes", "source": "way"}, "geometry": {"type": "Point", "coordinates": [-82.93129103122783, 42.383027804753]}}, {"type": "Feature", "properties": {"building": "yes", "source": "way"}, "geometry": {"type": "Point", "coordinates": [-82.93095210000001, 42.38319860000001]}}, {"type": "Feature", "properties": {"building": "yes", "source": "way"}, "geometry": {"type": "Point", "coordinates": [-82.9311075, 42.38324265]}}, {"type": "Feature", "properties": {"building": "yes", "source": "way"}, "geometry": {"type": "Point", "coordinates": [-82.92662708932461, 42.38213801333672]}}, {"type": "Feature", "properties": {"building": "yes", "source": "way"}, "geometry": {"type": "Point", "coordinates": [-82.92532809999999, 42.382986800000005]}}, {"type": "Feature", "properties": {"building": "yes", "source": "way"}, "geometry": {"type": "Point", "coordinates": [-82.92793828897692, 42.38297287330169]}}, {"type": "Feature", "properties": {"building": "yes", "source": "way"}, "geometry": {"type": "Point", "coordinates": [-82.9254084, 42.383632199999994]}}, {"type": "Feature", "properties": {"building": "yes", "source": "way"}, "geometry": {"type": "Point", "coordinates": [-82.92424145, 42.38345235]}}, {"type": "Feature", "properties": {"building": "yes", "source": "way"}, "geometry": {"type": "Point", "coordinates": [-82.92396749999997, 42.38302614999999]}}, {"type": "Feature", "properties": {"building": "yes", "source": "way"}, "geometry": {"type": "Point", "coordinates": [-82.92386723909038, 42.38259492296624]}}, {"type": "Feature", "properties": {"building": "yes", "source": "way"}, "geometry": {"type": "Point", "coordinates": [-82.92445166947209, 42.381911345791906]}}, {"type": "Feature", "properties": {"building": "yes", "source": "way"}, "geometry": {"type": "Point", "coordinates": [-82.92290804999999, 42.379755949999996]}}, {"type": "Feature", "properties": {"building": "yes", "source": "way"}, "geometry": {"type": "Point", "coordinates": [-82.92305113516487, 42.37990499866359]}}, {"type": "Feature", "properties": {"building": "yes", "source": "way"}, "geometry": {"type": "Point", "coordinates": [-82.92314289250886, 42.38009428095711]}}, {"type": "Feature", "properties": {"building": "yes", "source": "way"}, "geometry": {"type": "Point", "coordinates": [-82.9233457501202, 42.3803622878491]}}, {"type": "Feature", "properties": {"building": "yes", "source": "way"}, "geometry": {"type": "Point", "coordinates": [-82.92350717367411, 42.38065823612245]}}, {"type": "Feature", "properties": {"building": "yes", "source": "way"}, "geometry": {"type": "Point", "coordinates": [-82.92263289531422, 42.38054776103677]}}, {"type": "Feature", "properties": {"building": "yes", "source": "way"}, "geometry": {"type": "Point", "coordinates": [-82.92275848712232, 42.38073828543556]}}, {"type": "Feature", "properties": {"building": "yes", "source": "way"}, "geometry": {"type": "Point", "coordinates": [-82.92305284219438, 42.38145048110791]}}, {"type": "Feature", "properties": {"building": "yes", "source": "way"}, "geometry": {"type": "Point", "coordinates": [-82.92321245, 42.38162025]}}, {"type": "Feature", "properties": {"building": "yes", "source": "way"}, "geometry": {"type": "Point", "coordinates": [-82.92281005000001, 42.381605349999994]}}, {"type": "Feature", "properties": {"building": "yes", "source": "way"}, "geometry": {"type": "Point", "coordinates": [-82.9232313, 42.382077550000005]}}, {"type": "Feature", "properties": {"building": "yes", "source": "way"}, "geometry": {"type": "Point", "coordinates": [-82.92406098037402, 42.381553006604015]}}, {"type": "Feature", "properties": {"building": "yes", "source": "way"}, "geometry": {"type": "Point", "coordinates": [-82.92434875000001, 42.38150300000001]}}, {"type": "Feature", "properties": {"building": "yes", "source": "way"}, "geometry": {"type": "Point", "coordinates": [-82.92432565985693, 42.38173161842773]}}, {"type": "Feature", "properties": {"building": "yes", "source": "way"}, "geometry": {"type": "Point", "coordinates": [-82.92408924721352, 42.38107338201211]}}, {"type": "Feature", "properties": {"building": "yes", "source": "way"}, "geometry": {"type": "Point", "coordinates": [-82.92766706622879, 42.38108615036018]}}, {"type": "Feature", "properties": {"building": "yes", "source": "way"}, "geometry": {"type": "Point", "coordinates": [-82.92744855937416, 42.381888369617215]}}, {"type": "Feature", "properties": {"building": "yes", "source": "way"}, "geometry": {"type": "Point", "coordinates": [-82.9272308, 42.3818939]}}, {"type": "Feature", "properties": {"building": "yes", "source": "way"}, "geometry": {"type": "Point", "coordinates": [-82.92846566818555, 42.382348547408384]}}, {"type": "Feature", "properties": {"building": "yes", "source": "way"}, "geometry": {"type": "Point", "coordinates": [-82.93237027712642, 42.381899236351906]}}, {"type": "Feature", "properties": {"building": "yes", "source": "way"}, "geometry": {"type": "Point", "coordinates": [-82.93248563503958, 42.382106064275455]}}, {"type": "Feature", "properties": {"building": "yes", "source": "way"}, "geometry": {"type": "Point", "coordinates": [-82.9326481, 42.3822828]}}, {"type": "Feature", "properties": {"building": "yes", "source": "way"}, "geometry": {"type": "Point", "coordinates": [-82.93275837063054, 42.38248286115333]}}, {"type": "Feature", "properties": {"building": "yes", "source": "way"}, "geometry": {"type": "Point", "coordinates": [-82.93289730000001, 42.38269045]}}, {"type": "Feature", "properties": {"building": "yes", "source": "way"}, "geometry": {"type": "Point", "coordinates": [-82.9330263379839, 42.38288453032723]}}, {"type": "Feature", "properties": {"building": "yes", "source": "way"}, "geometry": {"type": "Point", "coordinates": [-82.93313734696954, 42.38308813513156]}}, {"type": "Feature", "properties": {"building": "yes", "source": "way"}, "geometry": {"type": "Point", "coordinates": [-82.93322970542745, 42.38329506170247]}}, {"type": "Feature", "properties": {"building": "yes", "source": "way"}, "geometry": {"type": "Point", "coordinates": [-82.93340755, 42.38347535]}}, {"type": "Feature", "properties": {"building": "yes", "source": "way"}, "geometry": {"type": "Point", "coordinates": [-82.93354167393616, 42.38367154161737]}}, {"type": "Feature", "properties": {"building": "yes", "source": "way"}, "geometry": {"type": "Point", "coordinates": [-82.93174497363566, 42.382110055623514]}}, {"type": "Feature", "properties": {"building": "yes", "source": "way"}, "geometry": {"type": "Point", "coordinates": [-82.93183383196894, 42.38235080353451]}}, {"type": "Feature", "properties": {"building": "yes", "source": "way"}, "geometry": {"type": "Point", "coordinates": [-82.93195926893281, 42.38252559435728]}}, {"type": "Feature", "properties": {"building": "yes", "source": "way"}, "geometry": {"type": "Point", "coordinates": [-82.93210150864371, 42.38272915897086]}}, {"type": "Feature", "properties": {"building": "yes", "source": "way"}, "geometry": {"type": "Point", "coordinates": [-82.93222405000002, 42.3829357]}}, {"type": "Feature", "properties": {"building": "yes", "source": "way"}, "geometry": {"type": "Point", "coordinates": [-82.93234880000001, 42.3831403]}}, {"type": "Feature", "properties": {"building": "yes", "source": "way"}, "geometry": {"type": "Point", "coordinates": [-82.93250689810989, 42.38330736888153]}}, {"type": "Feature", "properties": {"building": "yes", "source": "way"}, "geometry": {"type": "Point", "coordinates": [-82.93264068527276, 42.38349087443003]}}, {"type": "Feature", "properties": {"building": "yes", "source": "way"}, "geometry": {"type": "Point", "coordinates": [-82.93274091868024, 42.38371454486689]}}, {"type": "Feature", "properties": {"building": "yes", "source": "way"}, "geometry": {"type": "Point", "coordinates": [-82.93286723156152, 42.38392375484999]}}, {"type": "Feature", "properties": {"building": "yes", "source": "way"}, "geometry": {"type": "Point", "coordinates": [-82.93315001893832, 42.383850246919316]}}, {"type": "Feature", "properties": {"building": "yes", "source": "way"}, "geometry": {"type": "Point", "coordinates": [-82.93195352104894, 42.38401250366553]}}, {"type": "Feature", "properties": {"building": "yes", "source": "way"}, "geometry": {"type": "Point", "coordinates": [-82.93246835000001, 42.382773749999984]}}, {"type": "Feature", "properties": {"building": "yes", "source": "way"}, "geometry": {"type": "Point", "coordinates": [-82.93263379999999, 42.38283825]}}, {"type": "Feature", "properties": {"building": "yes", "source": "way"}, "geometry": {"type": "Point", "coordinates": [-82.9325005, 42.382645399999994]}}, {"type": "Feature", "properties": {"building": "yes", "source": "way"}, "geometry": {"type": "Point", "coordinates": [-82.9323222, 42.38257684999999]}}, {"type": "Feature", "properties": {"building": "yes", "source": "way"}, "geometry": {"type": "Point", "coordinates": [-82.93213443047722, 42.382301404427814]}}, {"type": "Feature", "properties": {"building": "yes", "source": "way"}, "geometry": {"type": "Point", "coordinates": [-82.93218695, 42.3823691]}}, {"type": "Feature", "properties": {"building": "yes", "source": "way"}, "geometry": {"type": "Point", "coordinates": [-82.9331639403032, 42.383643629672]}}, {"type": "Feature", "properties": {"building": "yes", "source": "way"}, "geometry": {"type": "Point", "coordinates": [-82.93258019324325, 42.38295753130631]}}, {"type": "Feature", "properties": {"building": "yes", "source": "way"}, "geometry": {"type": "Point", "coordinates": [-82.9331459692411, 42.381591895493244]}}, {"type": "Feature", "properties": {"building": "yes", "source": "way"}, "geometry": {"type": "Point", "coordinates": [-82.93328151487097, 42.38181475542715]}}, {"type": "Feature", "properties": {"building": "yes", "source": "way"}, "geometry": {"type": "Point", "coordinates": [-82.93343274444034, 42.38202316525203]}}, {"type": "Feature", "properties": {"building": "yes", "source": "way"}, "geometry": {"type": "Point", "coordinates": [-82.93358363126329, 42.38220516107795]}}, {"type": "Feature", "properties": {"building": "yes", "source": "way"}, "geometry": {"type": "Point", "coordinates": [-82.93368468098589, 42.38241740438673]}}, {"type": "Feature", "properties": {"building": "yes", "source": "way"}, "geometry": {"type": "Point", "coordinates": [-82.9338132329069, 42.38259574912757]}}, {"type": "Feature", "properties": {"building": "yes", "source": "way"}, "geometry": {"type": "Point", "coordinates": [-82.93395364779948, 42.38280225471148]}}, {"type": "Feature", "properties": {"building": "yes", "source": "way"}, "geometry": {"type": "Point", "coordinates": [-82.93408185064875, 42.382996626144255]}}, {"type": "Feature", "properties": {"building": "yes", "source": "way"}, "geometry": {"type": "Point", "coordinates": [-82.93418405, 42.38318069999999]}}, {"type": "Feature", "properties": {"building": "yes", "source": "way"}, "geometry": {"type": "Point", "coordinates": [-82.93430499393175, 42.3833542320233]}}, {"type": "Feature", "properties": {"building": "yes", "source": "way"}, "geometry": {"type": "Point", "coordinates": [-82.9338204, 42.381385449999996]}}, {"type": "Feature", "properties": {"building": "yes", "source": "way"}, "geometry": {"type": "Point", "coordinates": [-82.93396129943629, 42.38158120049089]}}, {"type": "Feature", "properties": {"building": "yes", "source": "way"}, "geometry": {"type": "Point", "coordinates": [-82.93410923124316, 42.38174119138981]}}, {"type": "Feature", "properties": {"building": "yes", "source": "way"}, "geometry": {"type": "Point", "coordinates": [-82.93424328617961, 42.38194832504322]}}, {"type": "Feature", "properties": {"building": "yes", "source": "way"}, "geometry": {"type": "Point", "coordinates": [-82.93435658242872, 42.38215875512736]}}, {"type": "Feature", "properties": {"building": "yes", "source": "way"}, "geometry": {"type": "Point", "coordinates": [-82.9344997958602, 42.38234393883768]}}, {"type": "Feature", "properties": {"building": "yes", "source": "way"}, "geometry": {"type": "Point", "coordinates": [-82.93453626009392, 42.38258361785249]}}, {"type": "Feature", "properties": {"building": "yes", "source": "way"}, "geometry": {"type": "Point", "coordinates": [-82.93467082729639, 42.38277561201253]}}, {"type": "Feature", "properties": {"building": "yes", "source": "way"}, "geometry": {"type": "Point", "coordinates": [-82.9348239138945, 42.382977301675865]}}, {"type": "Feature", "properties": {"building": "yes", "source": "way"}, "geometry": {"type": "Point", "coordinates": [-82.93498678706192, 42.38314760502985]}}, {"type": "Feature", "properties": {"building": "yes", "source": "way"}, "geometry": {"type": "Point", "coordinates": [-82.93427042259442, 42.38274561230802]}}, {"type": "Feature", "properties": {"building": "yes", "source": "way"}, "geometry": {"type": "Point", "coordinates": [-82.93436506918457, 42.38271334441799]}}, {"type": "Feature", "properties": {"building": "yes", "source": "way"}, "geometry": {"type": "Point", "coordinates": [-82.93439868587821, 42.382943776962016]}}, {"type": "Feature", "properties": {"building": "yes", "source": "way"}, "geometry": {"type": "Point", "coordinates": [-82.93405955, 42.382446300000005]}}, {"type": "Feature", "properties": {"building": "yes", "source": "way"}, "geometry": {"type": "Point", "coordinates": [-82.93391340000001, 42.38239695]}}, {"type": "Feature", "properties": {"building": "yes", "source": "way"}, "geometry": {"type": "Point", "coordinates": [-82.93398773045999, 42.382115207979794]}}, {"type": "Feature", "properties": {"building": "yes", "source": "way"}, "geometry": {"type": "Point", "coordinates": [-82.93358839999999, 42.3817848]}}, {"type": "Feature", "properties": {"building": "yes", "source": "way"}, "geometry": {"type": "Point", "coordinates": [-82.93407697043385, 42.38185363442876]}}, {"type": "Feature", "properties": {"building": "yes", "source": "way"}, "geometry": {"type": "Point", "coordinates": [-82.93464382351458, 42.38109934689071]}}, {"type": "Feature", "properties": {"building": "yes", "source": "way"}, "geometry": {"type": "Point", "coordinates": [-82.93476250329252, 42.38129136797145]}}, {"type": "Feature", "properties": {"building": "yes", "source": "way"}, "geometry": {"type": "Point", "coordinates": [-82.93490031958393, 42.381493249253346]}}, {"type": "Feature", "properties": {"building": "yes", "source": "way"}, "geometry": {"type": "Point", "coordinates": [-82.93500315350634, 42.38166115079219]}}, {"type": "Feature", "properties": {"building": "yes", "source": "way"}, "geometry": {"type": "Point", "coordinates": [-82.93518890000001, 42.38188485]}}, {"type": "Feature", "properties": {"building": "yes", "source": "way"}, "geometry": {"type": "Point", "coordinates": [-82.93536974232231, 42.38206286523897]}}, {"type": "Feature", "properties": {"building": "yes", "source": "way"}, "geometry": {"type": "Point", "coordinates": [-82.93540868911201, 42.382261369508996]}}, {"type": "Feature", "properties": {"building": "yes", "source": "way"}, "geometry": {"type": "Point", "coordinates": [-82.93559264478382, 42.38246578211789]}}, {"type": "Feature", "properties": {"building": "yes", "source": "way"}, "geometry": {"type": "Point", "coordinates": [-82.93566165000001, 42.38266175]}}, {"type": "Feature", "properties": {"building": "yes", "source": "way"}, "geometry": {"type": "Point", "coordinates": [-82.93579930952974, 42.382859324710836]}}, {"type": "Feature", "properties": {"building": "yes", "source": "way"}, "geometry": {"type": "Point", "coordinates": [-82.93619920610031, 42.380488468858964]}}, {"type": "Feature", "properties": {"building": "yes", "source": "way"}, "geometry": {"type": "Point", "coordinates": [-82.93626004471552, 42.38061814457277]}}, {"type": "Feature", "properties": {"building": "yes", "source": "way"}, "geometry": {"type": "Point", "coordinates": [-82.93634746918958, 42.380739245118676]}}, {"type": "Feature", "properties": {"building": "yes", "source": "way"}, "geometry": {"type": "Point", "coordinates": [-82.93643548925816, 42.38085928150647]}}, {"type": "Feature", "properties": {"building": "yes", "source": "way"}, "geometry": {"type": "Point", "coordinates": [-82.93651224999999, 42.380991900000005]}}, {"type": "Feature", "properties": {"building": "yes", "source": "way"}, "geometry": {"type": "Point", "coordinates": [-82.9365925, 42.3811038]}}, {"type": "Feature", "properties": {"building": "yes", "source": "way"}, "geometry": {"type": "Point", "coordinates": [-82.93676694171825, 42.38136231550609]}}, {"type": "Feature", "properties": {"building": "yes", "source": "way"}, "geometry": {"type": "Point", "coordinates": [-82.93684230151118, 42.38148808457275]}}, {"type": "Feature", "properties": {"building": "yes", "source": "way"}, "geometry": {"type": "Point", "coordinates": [-82.93692562673219, 42.381596845141914]}}, {"type": "Feature", "properties": {"building": "yes", "source": "way"}, "geometry": {"type": "Point", "coordinates": [-82.93698916743902, 42.38173108345812]}}, {"type": "Feature", "properties": {"building": "yes", "source": "way"}, "geometry": {"type": "Point", "coordinates": [-82.93708217966807, 42.381839491136155]}}, {"type": "Feature", "properties": {"building": "yes", "source": "way"}, "geometry": {"type": "Point", "coordinates": [-82.9371653743829, 42.38195571363498]}}, {"type": "Feature", "properties": {"building": "yes", "source": "way"}, "geometry": {"type": "Point", "coordinates": [-82.93724077326988, 42.38209972516853]}}, {"type": "Feature", "properties": {"building": "yes", "source": "way"}, "geometry": {"type": "Point", "coordinates": [-82.9373288236834, 42.38220237209116]}}, {"type": "Feature", "properties": {"building": "yes", "source": "way"}, "geometry": {"type": "Point", "coordinates": [-82.93674186365818, 42.380444675918724]}}, {"type": "Feature", "properties": {"building": "yes", "source": "way"}, "geometry": {"type": "Point", "coordinates": [-82.936834, 42.38056045]}}, {"type": "Feature", "properties": {"building": "yes", "source": "way"}, "geometry": {"type": "Point", "coordinates": [-82.93690811285933, 42.38068602444419]}}, {"type": "Feature", "properties": {"building": "yes", "source": "way"}, "geometry": {"type": "Point", "coordinates": [-82.93698599418411, 42.38081898162174]}}, {"type": "Feature", "properties": {"building": "yes", "source": "way"}, "geometry": {"type": "Point", "coordinates": [-82.93714395000002, 42.38106059999999]}}, {"type": "Feature", "properties": {"building": "yes", "source": "way"}, "geometry": {"type": "Point", "coordinates": [-82.93726396353239, 42.38117847401754]}}, {"type": "Feature", "properties": {"building": "yes", "source": "way"}, "geometry": {"type": "Point", "coordinates": [-82.93735161179801, 42.38130064813006]}}, {"type": "Feature", "properties": {"building": "yes", "source": "way"}, "geometry": {"type": "Point", "coordinates": [-82.93740313338402, 42.38142586182233]}}, {"type": "Feature", "properties": {"building": "yes", "source": "way"}, "geometry": {"type": "Point", "coordinates": [-82.93749280963834, 42.381553899899856]}}, {"type": "Feature", "properties": {"building": "yes", "source": "way"}, "geometry": {"type": "Point", "coordinates": [-82.93754519999999, 42.381684]}}, {"type": "Feature", "properties": {"building": "yes", "source": "way"}, "geometry": {"type": "Point", "coordinates": [-82.93766009842699, 42.38180821715918]}}, {"type": "Feature", "properties": {"building": "yes", "source": "way"}, "geometry": {"type": "Point", "coordinates": [-82.93772749292305, 42.38192804402394]}}, {"type": "Feature", "properties": {"building": "yes", "source": "way"}, "geometry": {"type": "Point", "coordinates": [-82.9378062, 42.3820452]}}, {"type": "Feature", "properties": {"building": "yes", "source": "way"}, "geometry": {"type": "Point", "coordinates": [-82.93667243775305, 42.38122227019161]}}, {"type": "Feature", "properties": {"building": "yes", "source": "way"}, "geometry": {"type": "Point", "coordinates": [-82.93520315, 42.38143435]}}, {"type": "Feature", "properties": {"building": "yes", "source": "way"}, "geometry": {"type": "Point", "coordinates": [-82.9354707, 42.381823700000005]}}, {"type": "Feature", "properties": {"building": "yes", "source": "way"}, "geometry": {"type": "Point", "coordinates": [-82.9360153, 42.380579499999996]}}, {"type": "Feature", "properties": {"building": "yes", "source": "way"}, "geometry": {"type": "Point", "coordinates": [-82.9360542, 42.3806465]}}, {"type": "Feature", "properties": {"building": "yes", "source": "way"}, "geometry": {"type": "Point", "coordinates": [-82.93613375, 42.3807704]}}, {"type": "Feature", "properties": {"building": "yes", "source": "way"}, "geometry": {"type": "Point", "coordinates": [-82.93621366113918, 42.380890026594784]}}, {"type": "Feature", "properties": {"building": "yes", "source": "way"}, "geometry": {"type": "Point", "coordinates": [-82.93630158061758, 42.38101470393283]}}, {"type": "Feature", "properties": {"building": "yes", "source": "way"}, "geometry": {"type": "Point", "coordinates": [-82.93637635, 42.3811322]}}, {"type": "Feature", "properties": {"building": "yes", "source": "way"}, "geometry": {"type": "Point", "coordinates": [-82.9364537301585, 42.381264904738096]}}, {"type": "Feature", "properties": {"building": "yes", "source": "way"}, "geometry": {"type": "Point", "coordinates": [-82.93653769999999, 42.38138465]}}, {"type": "Feature", "properties": {"building": "yes", "source": "way"}, "geometry": {"type": "Point", "coordinates": [-82.93662211217747, 42.38150822594434]}}, {"type": "Feature", "properties": {"building": "yes", "source": "way"}, "geometry": {"type": "Point", "coordinates": [-82.93678624999998, 42.38175149999999]}}, {"type": "Feature", "properties": {"building": "yes", "source": "way"}, "geometry": {"type": "Point", "coordinates": [-82.93689167983221, 42.38194305502424]}}, {"type": "Feature", "properties": {"building": "yes", "source": "way"}, "geometry": {"type": "Point", "coordinates": [-82.9369878, 42.38206205]}}, {"type": "Feature", "properties": {"building": "yes", "source": "way"}, "geometry": {"type": "Point", "coordinates": [-82.93706494368317, 42.38218498155763]}}, {"type": "Feature", "properties": {"building": "yes", "source": "way"}, "geometry": {"type": "Point", "coordinates": [-82.9371480895705, 42.382309429178484]}}, {"type": "Feature", "properties": {"building": "yes", "source": "way"}, "geometry": {"type": "Point", "coordinates": [-82.9373679, 42.3823393]}}, {"type": "Feature", "properties": {"building": "yes", "source": "way"}, "geometry": {"type": "Point", "coordinates": [-82.9364345, 42.3814831]}}, {"type": "Feature", "properties": {"building": "yes", "source": "way"}, "geometry": {"type": "Point", "coordinates": [-82.93671053781571, 42.38163307459077]}}, {"type": "Feature", "properties": {"building": "yes", "source": "way"}, "geometry": {"type": "Point", "coordinates": [-82.9374288, 42.3808436]}}, {"type": "Feature", "properties": {"building": "yes", "source": "way"}, "geometry": {"type": "Point", "coordinates": [-82.9374826, 42.3809463]}}, {"type": "Feature", "properties": {"building": "yes", "source": "way"}, "geometry": {"type": "Point", "coordinates": [-82.93755243096373, 42.38104390489719]}}, {"type": "Feature", "properties": {"building": "yes", "source": "way"}, "geometry": {"type": "Point", "coordinates": [-82.93761245773753, 42.38114106879313]}}, {"type": "Feature", "properties": {"building": "yes", "source": "way"}, "geometry": {"type": "Point", "coordinates": [-82.93749674172335, 42.38119248135814]}}, {"type": "Feature", "properties": {"building": "yes", "source": "way"}, "geometry": {"type": "Point", "coordinates": [-82.93759895, 42.38134350000001]}}, {"type": "Feature", "properties": {"building": "yes", "source": "way"}, "geometry": {"type": "Point", "coordinates": [-82.93765225, 42.3814365]}}, {"type": "Feature", "properties": {"building": "yes", "source": "way"}, "geometry": {"type": "Point", "coordinates": [-82.9377284, 42.3815628]}}, {"type": "Feature", "properties": {"building": "yes", "source": "way"}, "geometry": {"type": "Point", "coordinates": [-82.93789079999998, 42.381813799999996]}}, {"type": "Feature", "properties": {"building": "yes", "source": "way"}, "geometry": {"type": "Point", "coordinates": [-82.93801554999999, 42.38175250000001]}}, {"type": "Feature", "properties": {"building": "yes", "source": "way"}, "geometry": {"type": "Point", "coordinates": [-82.93820559999999, 42.38169635]}}, {"type": "Feature", "properties": {"building": "yes", "source": "way"}, "geometry": {"type": "Point", "coordinates": [-82.93707035, 42.3809362]}}, {"type": "Feature", "properties": {"building": "yes", "source": "way"}, "geometry": {"type": "Point", "coordinates": [-82.93733375, 42.3809467]}}, {"type": "Feature", "properties": {"building": "yes", "source": "way"}, "geometry": {"type": "Point", "coordinates": [-82.93708677683424, 42.38057401486755]}}, {"type": "Feature", "properties": {"building": "yes", "source": "way"}, "geometry": {"type": "Point", "coordinates": [-82.93701749085443, 42.38043707150422]}}, {"type": "Feature", "properties": {"building": "yes", "source": "way"}, "geometry": {"type": "Point", "coordinates": [-82.93694047035075, 42.38034923412142]}}, {"type": "Feature", "properties": {"building": "yes", "source": "way"}, "geometry": {"type": "Point", "coordinates": [-82.93710225589311, 42.38035741859082]}}, {"type": "Feature", "properties": {"building": "yes", "source": "way"}, "geometry": {"type": "Point", "coordinates": [-82.9383515, 42.3806386]}}, {"type": "Feature", "properties": {"building": "yes", "source": "way"}, "geometry": {"type": "Point", "coordinates": [-82.93854305, 42.3809428]}}, {"type": "Feature", "properties": {"building": "yes", "source": "way"}, "geometry": {"type": "Point", "coordinates": [-82.93870194286956, 42.38117343122546]}}, {"type": "Feature", "properties": {"building": "yes", "source": "way"}, "geometry": {"type": "Point", "coordinates": [-82.93880078100665, 42.381327555060395]}}, {"type": "Feature", "properties": {"building": "yes", "source": "way"}, "geometry": {"type": "Point", "coordinates": [-82.93864360804436, 42.38142401584711]}}, {"type": "Feature", "properties": {"building": "yes", "source": "way"}, "geometry": {"type": "Point", "coordinates": [-82.93895125, 42.3812566]}}, {"type": "Feature", "properties": {"building": "yes", "source": "way"}, "geometry": {"type": "Point", "coordinates": [-82.93780484404155, 42.38142040563835]}}, {"type": "Feature", "properties": {"building": "yes", "source": "way"}, "geometry": {"type": "Point", "coordinates": [-82.93889616865098, 42.379695148308635]}}, {"type": "Feature", "properties": {"building": "yes", "source": "way"}, "geometry": {"type": "Point", "coordinates": [-82.93897064999999, 42.37976345]}}, {"type": "Feature", "properties": {"building": "yes", "source": "way"}, "geometry": {"type": "Point", "coordinates": [-82.93897357134611, 42.37984943395799]}}, {"type": "Feature", "properties": {"building": "yes", "source": "way"}, "geometry": {"type": "Point", "coordinates": [-82.93905148494405, 42.37991558253394]}}, {"type": "Feature", "properties": {"building": "yes", "source": "way"}, "geometry": {"type": "Point", "coordinates": [-82.93910588260758, 42.38001325094566]}}, {"type": "Feature", "properties": {"building": "yes", "source": "way"}, "geometry": {"type": "Point", "coordinates": [-82.93917475, 42.380125]}}, {"type": "Feature", "properties": {"building": "yes", "source": "way"}, "geometry": {"type": "Point", "coordinates": [-82.93922428181843, 42.380214201513596]}}, {"type": "Feature", "properties": {"building": "yes", "source": "way"}, "geometry": {"type": "Point", "coordinates": [-82.93928550000001, 42.3802843]}}, {"type": "Feature", "properties": {"building": "yes", "source": "way"}, "geometry": {"type": "Point", "coordinates": [-82.93944925, 42.380543]}}, {"type": "Feature", "properties": {"building": "yes", "source": "way"}, "geometry": {"type": "Point", "coordinates": [-82.9395341, 42.380653349999996]}}, {"type": "Feature", "properties": {"building": "yes", "source": "way"}, "geometry": {"type": "Point", "coordinates": [-82.93956901775734, 42.380737641065394]}}, {"type": "Feature", "properties": {"building": "yes", "source": "way"}, "geometry": {"type": "Point", "coordinates": [-82.9396770650367, 42.38022086700593]}}, {"type": "Feature", "properties": {"building": "yes", "source": "way"}, "geometry": {"type": "Point", "coordinates": [-82.9397312, 42.38029645]}}, {"type": "Feature", "properties": {"building": "yes", "source": "way"}, "geometry": {"type": "Point", "coordinates": [-82.93977208096393, 42.38037690279871]}}, {"type": "Feature", "properties": {"building": "yes", "source": "way"}, "geometry": {"type": "Point", "coordinates": [-82.93994299305824, 42.38059863027337]}}, {"type": "Feature", "properties": {"building": "yes", "source": "way"}, "geometry": {"type": "Point", "coordinates": [-82.9399944622715, 42.380671425611396]}}, {"type": "Feature", "properties": {"building": "yes", "source": "way"}, "geometry": {"type": "Point", "coordinates": [-82.94005035, 42.380763599999995]}}, {"type": "Feature", "properties": {"building": "yes", "source": "way"}, "geometry": {"type": "Point", "coordinates": [-82.9396438, 42.3808164]}}, {"type": "Feature", "properties": {"building": "yes", "source": "way"}, "geometry": {"type": "Point", "coordinates": [-82.9387121185572, 42.38030811664019]}}, {"type": "Feature", "properties": {"building": "yes", "source": "way"}, "geometry": {"type": "Point", "coordinates": [-82.93818369999998, 42.3801203]}}, {"type": "Feature", "properties": {"building": "yes", "source": "way"}, "geometry": {"type": "Point", "coordinates": [-82.9380869, 42.380249799999994]}}, {"type": "Feature", "properties": {"building": "yes", "source": "way"}, "geometry": {"type": "Point", "coordinates": [-82.93796788134193, 42.38004890559459]}}, {"type": "Feature", "properties": {"building": "yes", "source": "way"}, "geometry": {"type": "Point", "coordinates": [-82.93784480000001, 42.379867899999994]}}, {"type": "Feature", "properties": {"building": "yes", "source": "way"}, "geometry": {"type": "Point", "coordinates": [-82.9380616, 42.3799014]}}, {"type": "Feature", "properties": {"building": "yes", "source": "way"}, "geometry": {"type": "Point", "coordinates": [-82.93840727822266, 42.37977787655633]}}, {"type": "Feature", "properties": {"building": "yes", "source": "way"}, "geometry": {"type": "Point", "coordinates": [-82.93850036008932, 42.37992519247518]}}, {"type": "Feature", "properties": {"building": "yes", "source": "way"}, "geometry": {"type": "Point", "coordinates": [-82.93789525704382, 42.37994131938766]}}, {"type": "Feature", "properties": {"building": "yes", "source": "way"}, "geometry": {"type": "Point", "coordinates": [-82.93917800938905, 42.37950186838419]}}, {"type": "Feature", "properties": {"building": "yes", "source": "way"}, "geometry": {"type": "Point", "coordinates": [-82.93925094335786, 42.379560481380466]}}, {"type": "Feature", "properties": {"building": "yes", "source": "way"}, "geometry": {"type": "Point", "coordinates": [-82.93930334999999, 42.379629449999996]}}, {"type": "Feature", "properties": {"building": "yes", "source": "way"}, "geometry": {"type": "Point", "coordinates": [-82.93939364999999, 42.37979550000001]}}, {"type": "Feature", "properties": {"building": "yes", "source": "way"}, "geometry": {"type": "Point", "coordinates": [-82.93953509999999, 42.37996315]}}, {"type": "Feature", "properties": {"building": "yes", "source": "way"}, "geometry": {"type": "Point", "coordinates": [-82.93966600962037, 42.37987142827309]}}, {"type": "Feature", "properties": {"building": "yes", "source": "way"}, "geometry": {"type": "Point", "coordinates": [-82.93971454513, 42.379950431645284]}}, {"type": "Feature", "properties": {"building": "yes", "source": "way"}, "geometry": {"type": "Point", "coordinates": [-82.9398562113557, 42.38014702037619]}}, {"type": "Feature", "properties": {"building": "yes", "source": "way"}, "geometry": {"type": "Point", "coordinates": [-82.93990595, 42.3802361]}}, {"type": "Feature", "properties": {"building": "yes", "source": "way"}, "geometry": {"type": "Point", "coordinates": [-82.94003323167469, 42.38038825625449]}}, {"type": "Feature", "properties": {"building": "yes", "source": "way"}, "geometry": {"type": "Point", "coordinates": [-82.94007623150694, 42.38048425509566]}}, {"type": "Feature", "properties": {"building": "yes", "source": "way"}, "geometry": {"type": "Point", "coordinates": [-82.94018145000001, 42.3805394]}}, {"type": "Feature", "properties": {"building": "yes", "source": "way"}, "geometry": {"type": "Point", "coordinates": [-82.94030640658843, 42.38071361867332]}}, {"type": "Feature", "properties": {"building": "yes", "source": "way"}, "geometry": {"type": "Point", "coordinates": [-82.94042561019178, 42.38058667641602]}}, {"type": "Feature", "properties": {"building": "yes", "source": "way"}, "geometry": {"type": "Point", "coordinates": [-82.9398658334871, 42.380494910610985]}}, {"type": "Feature", "properties": {"building": "yes", "source": "way"}, "geometry": {"type": "Point", "coordinates": [-82.93972445, 42.38090495]}}, {"type": "Feature", "properties": {"building": "yes", "source": "way"}, "geometry": {"type": "Point", "coordinates": [-82.93974646521065, 42.379297283386364]}}, {"type": "Feature", "properties": {"building": "yes", "source": "way"}, "geometry": {"type": "Point", "coordinates": [-82.93979555, 42.379370200000004]}}, {"type": "Feature", "properties": {"building": "yes", "source": "way"}, "geometry": {"type": "Point", "coordinates": [-82.93990441558236, 42.37942166793054]}}, {"type": "Feature", "properties": {"building": "yes", "source": "way"}, "geometry": {"type": "Point", "coordinates": [-82.93989955, 42.379545099999994]}}, {"type": "Feature", "properties": {"building": "yes", "source": "way"}, "geometry": {"type": "Point", "coordinates": [-82.94001471677437, 42.37964711811299]}}, {"type": "Feature", "properties": {"building": "yes", "source": "way"}, "geometry": {"type": "Point", "coordinates": [-82.94007781810487, 42.3797277482995]}}, {"type": "Feature", "properties": {"building": "yes", "source": "way"}, "geometry": {"type": "Point", "coordinates": [-82.94010779999999, 42.379809550000004]}}, {"type": "Feature", "properties": {"building": "yes", "source": "way"}, "geometry": {"type": "Point", "coordinates": [-82.94016013113827, 42.379922152823916]}}, {"type": "Feature", "properties": {"building": "yes", "source": "way"}, "geometry": {"type": "Point", "coordinates": [-82.94027279999999, 42.3800089]}}, {"type": "Feature", "properties": {"building": "yes", "source": "way"}, "geometry": {"type": "Point", "coordinates": [-82.94031778730303, 42.38010138252523]}}, {"type": "Feature", "properties": {"building": "yes", "source": "way"}, "geometry": {"type": "Point", "coordinates": [-82.94039291824681, 42.380163061622504]}}, {"type": "Feature", "properties": {"building": "yes", "source": "way"}, "geometry": {"type": "Point", "coordinates": [-82.94043653312606, 42.3802480002115]}}, {"type": "Feature", "properties": {"building": "yes", "source": "way"}, "geometry": {"type": "Point", "coordinates": [-82.94046068381468, 42.38033104958034]}}, {"type": "Feature", "properties": {"building": "yes", "source": "way"}, "geometry": {"type": "Point", "coordinates": [-82.94059110736231, 42.38049298183513]}}, {"type": "Feature", "properties": {"building": "yes", "source": "way"}, "geometry": {"type": "Point", "coordinates": [-82.9399841399092, 42.38031772187253]}}, {"type": "Feature", "properties": {"building": "yes", "source": "way"}, "geometry": {"type": "Point", "coordinates": [-82.9394886, 42.379590099999994]}}, {"type": "Feature", "properties": {"building": "yes", "source": "way"}, "geometry": {"type": "Point", "coordinates": [-82.93935549185895, 42.37971438016072]}}, {"type": "Feature", "properties": {"building": "yes", "source": "way"}, "geometry": {"type": "Point", "coordinates": [-82.9393162996469, 42.37935103715686]}}, {"type": "Feature", "properties": {"building": "yes", "source": "way"}, "geometry": {"type": "Point", "coordinates": [-82.94055114523974, 42.38040190298834]}}, {"type": "Feature", "properties": {"building": "yes", "source": "way"}, "geometry": {"type": "Point", "coordinates": [-82.94109053099129, 42.38001825448283]}}, {"type": "Feature", "properties": {"building": "yes", "source": "way"}, "geometry": {"type": "Point", "coordinates": [-82.94126041906715, 42.38027214488596]}}, {"type": "Feature", "properties": {"building": "yes", "source": "way"}, "geometry": {"type": "Point", "coordinates": [-82.94147065, 42.38030765]}}, {"type": "Feature", "properties": {"building": "yes", "source": "way"}, "geometry": {"type": "Point", "coordinates": [-82.94168631771105, 42.38030864904703]}}, {"type": "Feature", "properties": {"building": "yes", "source": "way"}, "geometry": {"type": "Point", "coordinates": [-82.94164678194096, 42.38022965172246]}}, {"type": "Feature", "properties": {"building": "yes", "source": "way"}, "geometry": {"type": "Point", "coordinates": [-82.94159038654392, 42.38014413064858]}}, {"type": "Feature", "properties": {"building": "yes", "source": "way"}, "geometry": {"type": "Point", "coordinates": [-82.94150859999999, 42.380070249999996]}}, {"type": "Feature", "properties": {"building": "yes", "source": "way"}, "geometry": {"type": "Point", "coordinates": [-82.94146789051717, 42.3799762818562]}}, {"type": "Feature", "properties": {"building": "yes", "source": "way"}, "geometry": {"type": "Point", "coordinates": [-82.94142, 42.379886]}}, {"type": "Feature", "properties": {"building": "yes", "source": "way"}, "geometry": {"type": "Point", "coordinates": [-82.94132967293162, 42.37982416491141]}}, {"type": "Feature", "properties": {"building": "yes", "source": "way"}, "geometry": {"type": "Point", "coordinates": [-82.94122005, 42.379706250000005]}}, {"type": "Feature", "properties": {"building": "yes", "source": "way"}, "geometry": {"type": "Point", "coordinates": [-82.94113590000002, 42.37983985]}}, {"type": "Feature", "properties": {"building": "yes", "source": "way"}, "geometry": {"type": "Point", "coordinates": [-82.94098678100076, 42.379865204916236]}}, {"type": "Feature", "properties": {"building": "yes", "source": "way"}, "geometry": {"type": "Point", "coordinates": [-82.94114879281247, 42.38009903121196]}}, {"type": "Feature", "properties": {"building": "yes", "source": "way"}, "geometry": {"type": "Point", "coordinates": [-82.9408895, 42.380068449999996]}}, {"type": "Feature", "properties": {"building": "yes", "source": "way"}, "geometry": {"type": "Point", "coordinates": [-82.9409361812389, 42.38014902562827]}}, {"type": "Feature", "properties": {"building": "yes", "source": "way"}, "geometry": {"type": "Point", "coordinates": [-82.94100035000001, 42.3802365]}}, {"type": "Feature", "properties": {"building": "yes", "source": "way"}, "geometry": {"type": "Point", "coordinates": [-82.94125860940812, 42.38002591941351]}}, {"type": "Feature", "properties": {"building": "yes", "source": "way"}, "geometry": {"type": "Point", "coordinates": [-82.94135775000001, 42.380414349999995]}}, {"type": "Feature", "properties": {"building": "yes", "source": "way"}, "geometry": {"type": "Point", "coordinates": [-82.9415882, 42.38047094999999]}}, {"type": "Feature", "properties": {"building": "yes", "source": "way"}, "geometry": {"type": "Point", "coordinates": [-82.94175112604975, 42.38039417288042]}}, {"type": "Feature", "properties": {"building": "yes", "source": "way"}, "geometry": {"type": "Point", "coordinates": [-82.94035170000001, 42.37918425]}}, {"type": "Feature", "properties": {"building": "yes", "source": "way"}, "geometry": {"type": "Point", "coordinates": [-82.94036523153065, 42.37929725206322]}}, {"type": "Feature", "properties": {"building": "yes", "source": "way"}, "geometry": {"type": "Point", "coordinates": [-82.94042603205214, 42.379371801861225]}}, {"type": "Feature", "properties": {"building": "yes", "source": "way"}, "geometry": {"type": "Point", "coordinates": [-82.94050998694361, 42.3794792824826]}}, {"type": "Feature", "properties": {"building": "yes", "source": "way"}, "geometry": {"type": "Point", "coordinates": [-82.94070889223144, 42.3794466808068]}}, {"type": "Feature", "properties": {"building": "yes", "source": "way"}, "geometry": {"type": "Point", "coordinates": [-82.94075733867976, 42.37951632345729]}}, {"type": "Feature", "properties": {"building": "yes", "source": "way"}, "geometry": {"type": "Point", "coordinates": [-82.94088738120497, 42.37944425420773]}}, {"type": "Feature", "properties": {"building": "yes", "source": "way"}, "geometry": {"type": "Point", "coordinates": [-82.94109329999999, 42.3794492]}}, {"type": "Feature", "properties": {"building": "yes", "source": "way"}, "geometry": {"type": "Point", "coordinates": [-82.94115439836065, 42.37952680488416]}}, {"type": "Feature", "properties": {"building": "yes", "source": "way"}, "geometry": {"type": "Point", "coordinates": [-82.94122188360016, 42.37958676671527]}}, {"type": "Feature", "properties": {"building": "yes", "source": "way"}, "geometry": {"type": "Point", "coordinates": [-82.94096611834941, 42.379223348213]}}, {"type": "Feature", "properties": {"building": "yes", "source": "way"}, "geometry": {"type": "Point", "coordinates": [-82.94092570000001, 42.3791488]}}, {"type": "Feature", "properties": {"building": "yes", "source": "way"}, "geometry": {"type": "Point", "coordinates": [-82.94073283120115, 42.37922015449199]}}, {"type": "Feature", "properties": {"building": "yes", "source": "way"}, "geometry": {"type": "Point", "coordinates": [-82.94082435000001, 42.379339550000005]}}, {"type": "Feature", "properties": {"building": "yes", "source": "way"}, "geometry": {"type": "Point", "coordinates": [-82.9406124, 42.37929235000001]}}, {"type": "Feature", "properties": {"building": "yes", "source": "way"}, "geometry": {"type": "Point", "coordinates": [-82.93973759999999, 42.3791786]}}, {"type": "Feature", "properties": {"building": "yes", "source": "way"}, "geometry": {"type": "Point", "coordinates": [-82.94025141777317, 42.379114233515736]}}, {"type": "Feature", "properties": {"building": "yes", "source": "way"}, "geometry": {"type": "Point", "coordinates": [-82.94044545, 42.3790459]}}, {"type": "Feature", "properties": {"building": "yes", "source": "way"}, "geometry": {"type": "Point", "coordinates": [-82.94057340796456, 42.37923361850408]}}, {"type": "Feature", "properties": {"building": "yes", "source": "way"}, "geometry": {"type": "Point", "coordinates": [-82.94087148985598, 42.37907598122734]}}, {"type": "Feature", "properties": {"building": "yes", "source": "way"}, "geometry": {"type": "Point", "coordinates": [-82.94079775730887, 42.379012054141015]}}, {"type": "Feature", "properties": {"building": "yes", "source": "way"}, "geometry": {"type": "Point", "coordinates": [-82.94058098133004, 42.37900405560223]}}, {"type": "Feature", "properties": {"building": "yes", "source": "way"}, "geometry": {"type": "Point", "coordinates": [-82.94069336949015, 42.3791454960448]}}, {"type": "Feature", "properties": {"building": "yes", "source": "way"}, "geometry": {"type": "Point", "coordinates": [-82.94077565, 42.37928405]}}, {"type": "Feature", "properties": {"building": "yes", "source": "way"}, "geometry": {"type": "Point", "coordinates": [-82.94020966492855, 42.379036912669115]}}, {"type": "Feature", "properties": {"building": "yes", "source": "way"}, "geometry": {"type": "Point", "coordinates": [-82.92847748113456, 42.37377798376116]}}, {"type": "Feature", "properties": {"building": "yes", "source": "way"}, "geometry": {"type": "Point", "coordinates": [-82.92875940735688, 42.37415982614748]}}, {"type": "Feature", "properties": {"building": "yes", "source": "way"}, "geometry": {"type": "Point", "coordinates": [-82.92889356359952, 42.37438685375557]}}, {"type": "Feature", "properties": {"building": "yes", "source": "way"}, "geometry": {"type": "Point", "coordinates": [-82.9290236662742, 42.374563205193716]}}, {"type": "Feature", "properties": {"building": "yes", "source": "way"}, "geometry": {"type": "Point", "coordinates": [-82.92913070785728, 42.37474719687916]}}, {"type": "Feature", "properties": {"building": "yes", "source": "way"}, "geometry": {"type": "Point", "coordinates": [-82.92925960918474, 42.374976575918595]}}, {"type": "Feature", "properties": {"building": "yes", "source": "way"}, "geometry": {"type": "Point", "coordinates": [-82.92719586983638, 42.37451563524016]}}, {"type": "Feature", "properties": {"building": "yes", "source": "way"}, "geometry": {"type": "Point", "coordinates": [-82.92732523819578, 42.3746943913436]}}, {"type": "Feature", "properties": {"building": "yes", "source": "way"}, "geometry": {"type": "Point", "coordinates": [-82.92745702916967, 42.374901660749195]}}, {"type": "Feature", "properties": {"building": "yes", "source": "way"}, "geometry": {"type": "Point", "coordinates": [-82.92757822908229, 42.37508704842525]}}, {"type": "Feature", "properties": {"building": "yes", "source": "way"}, "geometry": {"type": "Point", "coordinates": [-82.92773036946123, 42.375282184637754]}}, {"type": "Feature", "properties": {"building": "yes", "source": "way"}, "geometry": {"type": "Point", "coordinates": [-82.9278246726259, 42.37548492618895]}}, {"type": "Feature", "properties": {"building": "yes", "source": "way"}, "geometry": {"type": "Point", "coordinates": [-82.92811043471974, 42.375862992156144]}}, {"type": "Feature", "properties": {"building": "yes", "source": "way"}, "geometry": {"type": "Point", "coordinates": [-82.92667337700854, 42.37492477824414]}}, {"type": "Feature", "properties": {"building": "yes", "source": "way"}, "geometry": {"type": "Point", "coordinates": [-82.9267787882152, 42.37512044563479]}}, {"type": "Feature", "properties": {"building": "yes", "source": "way"}, "geometry": {"type": "Point", "coordinates": [-82.92688940601715, 42.37531842817625]}}, {"type": "Feature", "properties": {"building": "yes", "source": "way"}, "geometry": {"type": "Point", "coordinates": [-82.92704840153725, 42.37552549771846]}}, {"type": "Feature", "properties": {"building": "yes", "source": "way"}, "geometry": {"type": "Point", "coordinates": [-82.92716194128998, 42.37571800921686]}}, {"type": "Feature", "properties": {"building": "yes", "source": "way"}, "geometry": {"type": "Point", "coordinates": [-82.92730922696975, 42.3759335573524]}}, {"type": "Feature", "properties": {"building": "yes", "source": "way"}, "geometry": {"type": "Point", "coordinates": [-82.92743811823543, 42.37608521131052]}}, {"type": "Feature", "properties": {"building": "yes", "source": "way"}, "geometry": {"type": "Point", "coordinates": [-82.92833307617205, 42.37620993632985]}}, {"type": "Feature", "properties": {"building": "yes", "source": "way"}, "geometry": {"type": "Point", "coordinates": [-82.92844123130685, 42.376383088482925]}}, {"type": "Feature", "properties": {"building": "yes", "source": "way"}, "geometry": {"type": "Point", "coordinates": [-82.92855313945299, 42.37658579144825]}}, {"type": "Feature", "properties": {"building": "yes", "source": "way"}, "geometry": {"type": "Point", "coordinates": [-82.92869260825184, 42.376789041640016]}}, {"type": "Feature", "properties": {"building": "yes", "source": "way"}, "geometry": {"type": "Point", "coordinates": [-82.92881785656071, 42.37697748677343]}}, {"type": "Feature", "properties": {"building": "yes", "source": "way"}, "geometry": {"type": "Point", "coordinates": [-82.92896163131815, 42.377174461650306]}}, {"type": "Feature", "properties": {"building": "yes", "source": "way"}, "geometry": {"type": "Point", "coordinates": [-82.92907314805912, 42.377367956200864]}}, {"type": "Feature", "properties": {"building": "yes", "source": "way"}, "geometry": {"type": "Point", "coordinates": [-82.92919516350956, 42.37756933087193]}}, {"type": "Feature", "properties": {"building": "yes", "source": "way"}, "geometry": {"type": "Point", "coordinates": [-82.92933534292418, 42.37776281879521]}}, {"type": "Feature", "properties": {"building": "yes", "source": "way"}, "geometry": {"type": "Point", "coordinates": [-82.92945076612607, 42.37800895839717]}}, {"type": "Feature", "properties": {"building": "yes", "source": "way"}, "geometry": {"type": "Point", "coordinates": [-82.9280431928141, 42.377033534480546]}}, {"type": "Feature", "properties": {"building": "yes", "source": "way"}, "geometry": {"type": "Point", "coordinates": [-82.92828142050602, 42.3774179687476]}}, {"type": "Feature", "properties": {"building": "yes", "source": "way"}, "geometry": {"type": "Point", "coordinates": [-82.92841089566807, 42.377602032016476]}}, {"type": "Feature", "properties": {"building": "yes", "source": "way"}, "geometry": {"type": "Point", "coordinates": [-82.92849853006739, 42.377793895912674]}}, {"type": "Feature", "properties": {"building": "yes", "source": "way"}, "geometry": {"type": "Point", "coordinates": [-82.92863642363733, 42.37801674986315]}}, {"type": "Feature", "properties": {"building": "yes", "source": "way"}, "geometry": {"type": "Point", "coordinates": [-82.92814697858749, 42.37722681575226]}}, {"type": "Feature", "properties": {"building": "yes", "source": "way"}, "geometry": {"type": "Point", "coordinates": [-82.92789448907317, 42.376823156781306]}}, {"type": "Feature", "properties": {"building": "yes", "source": "way"}, "geometry": {"type": "Point", "coordinates": [-82.92818950333987, 42.37654911801886]}}, {"type": "Feature", "properties": {"building": "yes", "source": "way"}, "geometry": {"type": "Point", "coordinates": [-82.92764288684332, 42.3764562771968]}}, {"type": "Feature", "properties": {"building": "yes", "source": "way"}, "geometry": {"type": "Point", "coordinates": [-82.928087, 42.376217350000005]}}, {"type": "Feature", "properties": {"building": "yes", "source": "way"}, "geometry": {"type": "Point", "coordinates": [-82.9290363135976, 42.378113525321794]}}, {"type": "Feature", "properties": {"building": "yes", "source": "way"}, "geometry": {"type": "Point", "coordinates": [-82.92878023670167, 42.3781466613282]}}, {"type": "Feature", "properties": {"building": "yes", "source": "way"}, "geometry": {"type": "Point", "coordinates": [-82.92906416332356, 42.37594540705233]}}, {"type": "Feature", "properties": {"building": "yes", "source": "way"}, "geometry": {"type": "Point", "coordinates": [-82.92918463732785, 42.37614166692711]}}, {"type": "Feature", "properties": {"building": "yes", "source": "way"}, "geometry": {"type": "Point", "coordinates": [-82.92932634424305, 42.37632933654703]}}, {"type": "Feature", "properties": {"building": "yes", "source": "way"}, "geometry": {"type": "Point", "coordinates": [-82.92944317759653, 42.37649584562487]}}, {"type": "Feature", "properties": {"building": "yes", "source": "way"}, "geometry": {"type": "Point", "coordinates": [-82.92956653763403, 42.37670326434999]}}, {"type": "Feature", "properties": {"building": "yes", "source": "way"}, "geometry": {"type": "Point", "coordinates": [-82.92969189058346, 42.376917515602926]}}, {"type": "Feature", "properties": {"building": "yes", "source": "way"}, "geometry": {"type": "Point", "coordinates": [-82.92981717326487, 42.377106612351604]}}, {"type": "Feature", "properties": {"building": "yes", "source": "way"}, "geometry": {"type": "Point", "coordinates": [-82.92996751689172, 42.37730850142109]}}, {"type": "Feature", "properties": {"building": "yes", "source": "way"}, "geometry": {"type": "Point", "coordinates": [-82.92971783124733, 42.37571577288755]}}, {"type": "Feature", "properties": {"building": "yes", "source": "way"}, "geometry": {"type": "Point", "coordinates": [-82.92985603462496, 42.37587211934093]}}, {"type": "Feature", "properties": {"building": "yes", "source": "way"}, "geometry": {"type": "Point", "coordinates": [-82.93001233832022, 42.37605942861317]}}, {"type": "Feature", "properties": {"building": "yes", "source": "way"}, "geometry": {"type": "Point", "coordinates": [-82.93010938415244, 42.37627058164035]}}, {"type": "Feature", "properties": {"building": "yes", "source": "way"}, "geometry": {"type": "Point", "coordinates": [-82.9302623408564, 42.3764672724456]}}, {"type": "Feature", "properties": {"building": "yes", "source": "way"}, "geometry": {"type": "Point", "coordinates": [-82.93032159821064, 42.37666053806414]}}, {"type": "Feature", "properties": {"building": "yes", "source": "way"}, "geometry": {"type": "Point", "coordinates": [-82.93046972688435, 42.3768632444388]}}, {"type": "Feature", "properties": {"building": "yes", "source": "way"}, "geometry": {"type": "Point", "coordinates": [-82.93063221495422, 42.377047166561795]}}, {"type": "Feature", "properties": {"building": "yes", "source": "way"}, "geometry": {"type": "Point", "coordinates": [-82.93076170970146, 42.377266080279895]}}, {"type": "Feature", "properties": {"building": "yes", "source": "way"}, "geometry": {"type": "Point", "coordinates": [-82.93088177132074, 42.37746249462362]}}, {"type": "Feature", "properties": {"building": "yes", "source": "way"}, "geometry": {"type": "Point", "coordinates": [-82.93105154999999, 42.3776334]}}, {"type": "Feature", "properties": {"building": "yes", "source": "way"}, "geometry": {"type": "Point", "coordinates": [-82.93008211965433, 42.37752073822861]}}, {"type": "Feature", "properties": {"building": "yes", "source": "way"}, "geometry": {"type": "Point", "coordinates": [-82.93024957357785, 42.3777777646818]}}, {"type": "Feature", "properties": {"building": "yes", "source": "way"}, "geometry": {"type": "Point", "coordinates": [-82.92964004386548, 42.37627343176322]}}, {"type": "Feature", "properties": {"building": "yes", "source": "way"}, "geometry": {"type": "Point", "coordinates": [-82.92845808127217, 42.37717710608749]}}, {"type": "Feature", "properties": {"building": "yes", "source": "way"}, "geometry": {"type": "Point", "coordinates": [-82.92859465000002, 42.37714305]}}, {"type": "Feature", "properties": {"building": "yes", "source": "way"}, "geometry": {"type": "Point", "coordinates": [-82.93052663170252, 42.375450701449815]}}, {"type": "Feature", "properties": {"building": "yes", "source": "way"}, "geometry": {"type": "Point", "coordinates": [-82.93065443733873, 42.37562872190394]}}, {"type": "Feature", "properties": {"building": "yes", "source": "way"}, "geometry": {"type": "Point", "coordinates": [-82.93078157464427, 42.37590403557647]}}, {"type": "Feature", "properties": {"building": "yes", "source": "way"}, "geometry": {"type": "Point", "coordinates": [-82.93099542835016, 42.3760589623639]}}, {"type": "Feature", "properties": {"building": "yes", "source": "way"}, "geometry": {"type": "Point", "coordinates": [-82.93107713519812, 42.37633238405327]}}, {"type": "Feature", "properties": {"building": "yes", "source": "way"}, "geometry": {"type": "Point", "coordinates": [-82.93123649749705, 42.376559439730315]}}, {"type": "Feature", "properties": {"building": "yes", "source": "way"}, "geometry": {"type": "Point", "coordinates": [-82.93134728193982, 42.37675275450717]}}, {"type": "Feature", "properties": {"building": "yes", "source": "way"}, "geometry": {"type": "Point", "coordinates": [-82.93151081447078, 42.37696489566604]}}, {"type": "Feature", "properties": {"building": "yes", "source": "way"}, "geometry": {"type": "Point", "coordinates": [-82.93165954761366, 42.37717129099504]}}, {"type": "Feature", "properties": {"building": "yes", "source": "way"}, "geometry": {"type": "Point", "coordinates": [-82.9317877207885, 42.37740725458658]}}, {"type": "Feature", "properties": {"building": "yes", "source": "way"}, "geometry": {"type": "Point", "coordinates": [-82.93115059310041, 42.37514337694224]}}, {"type": "Feature", "properties": {"building": "yes", "source": "way"}, "geometry": {"type": "Point", "coordinates": [-82.93128984236934, 42.375242800117384]}}, {"type": "Feature", "properties": {"building": "yes", "source": "way"}, "geometry": {"type": "Point", "coordinates": [-82.93141408048287, 42.37541713910185]}}, {"type": "Feature", "properties": {"building": "yes", "source": "way"}, "geometry": {"type": "Point", "coordinates": [-82.9314768723628, 42.37556740175873]}}, {"type": "Feature", "properties": {"building": "yes", "source": "way"}, "geometry": {"type": "Point", "coordinates": [-82.93165752065039, 42.37585567587546]}}, {"type": "Feature", "properties": {"building": "yes", "source": "way"}, "geometry": {"type": "Point", "coordinates": [-82.93173893219864, 42.37600798130692]}}, {"type": "Feature", "properties": {"building": "yes", "source": "way"}, "geometry": {"type": "Point", "coordinates": [-82.93185672138318, 42.37613433431412]}}, {"type": "Feature", "properties": {"building": "yes", "source": "way"}, "geometry": {"type": "Point", "coordinates": [-82.93197310713745, 42.37628351903582]}}, {"type": "Feature", "properties": {"building": "yes", "source": "way"}, "geometry": {"type": "Point", "coordinates": [-82.93204121263652, 42.37646469848021]}}, {"type": "Feature", "properties": {"building": "yes", "source": "way"}, "geometry": {"type": "Point", "coordinates": [-82.93215351698268, 42.376590568955486]}}, {"type": "Feature", "properties": {"building": "yes", "source": "way"}, "geometry": {"type": "Point", "coordinates": [-82.9322614281225, 42.37673615229536]}}, {"type": "Feature", "properties": {"building": "yes", "source": "way"}, "geometry": {"type": "Point", "coordinates": [-82.93237245, 42.37690085]}}, {"type": "Feature", "properties": {"building": "yes", "source": "way"}, "geometry": {"type": "Point", "coordinates": [-82.93189292992433, 42.3748794549009]}}, {"type": "Feature", "properties": {"building": "yes", "source": "way"}, "geometry": {"type": "Point", "coordinates": [-82.93210196771322, 42.37498489396825]}}, {"type": "Feature", "properties": {"building": "yes", "source": "way"}, "geometry": {"type": "Point", "coordinates": [-82.93209448736988, 42.37515706445143]}}, {"type": "Feature", "properties": {"building": "yes", "source": "way"}, "geometry": {"type": "Point", "coordinates": [-82.9321699189357, 42.375324991990404]}}, {"type": "Feature", "properties": {"building": "yes", "source": "way"}, "geometry": {"type": "Point", "coordinates": [-82.9324690626057, 42.37574121887638]}}, {"type": "Feature", "properties": {"building": "yes", "source": "way"}, "geometry": {"type": "Point", "coordinates": [-82.93257382666971, 42.375903479652465]}}, {"type": "Feature", "properties": {"building": "yes", "source": "way"}, "geometry": {"type": "Point", "coordinates": [-82.93265499204479, 42.376039021160715]}}, {"type": "Feature", "properties": {"building": "yes", "source": "way"}, "geometry": {"type": "Point", "coordinates": [-82.93276629999998, 42.376193699999995]}}, {"type": "Feature", "properties": {"building": "yes", "source": "way"}, "geometry": {"type": "Point", "coordinates": [-82.9328457748823, 42.376346654111885]}}, {"type": "Feature", "properties": {"building": "yes", "source": "way"}, "geometry": {"type": "Point", "coordinates": [-82.93295277083635, 42.37648374835692]}}, {"type": "Feature", "properties": {"building": "yes", "source": "way"}, "geometry": {"type": "Point", "coordinates": [-82.92799456917298, 42.374203750119044]}}, {"type": "Feature", "properties": {"building": "yes", "source": "way"}, "geometry": {"type": "Point", "coordinates": [-82.92804994655307, 42.37441574841117]}}, {"type": "Feature", "properties": {"building": "yes", "source": "way"}, "geometry": {"type": "Point", "coordinates": [-82.92926265030219, 42.37351081915568]}}, {"type": "Feature", "properties": {"building": "yes", "source": "way"}, "geometry": {"type": "Point", "coordinates": [-82.92944542605433, 42.373717325892386]}}, {"type": "Feature", "properties": {"building": "yes", "source": "way"}, "geometry": {"type": "Point", "coordinates": [-82.929545823623, 42.37397664691228]}}, {"type": "Feature", "properties": {"building": "yes", "source": "way"}, "geometry": {"type": "Point", "coordinates": [-82.92969964472584, 42.37417924300231]}}, {"type": "Feature", "properties": {"building": "yes", "source": "way"}, "geometry": {"type": "Point", "coordinates": [-82.92984402723609, 42.374407658093176]}}, {"type": "Feature", "properties": {"building": "yes", "source": "way"}, "geometry": {"type": "Point", "coordinates": [-82.93001835354623, 42.374629654097085]}}, {"type": "Feature", "properties": {"building": "yes", "source": "way"}, "geometry": {"type": "Point", "coordinates": [-82.93014463792781, 42.37486216222977]}}, {"type": "Feature", "properties": {"building": "yes", "source": "way"}, "geometry": {"type": "Point", "coordinates": [-82.93011517979294, 42.37350227131246]}}, {"type": "Feature", "properties": {"building": "yes", "source": "way"}, "geometry": {"type": "Point", "coordinates": [-82.93023800230958, 42.37365993933577]}}, {"type": "Feature", "properties": {"building": "yes", "source": "way"}, "geometry": {"type": "Point", "coordinates": [-82.93035025709854, 42.373804589381365]}}, {"type": "Feature", "properties": {"building": "yes", "source": "way"}, "geometry": {"type": "Point", "coordinates": [-82.93043969097869, 42.37394438038832]}}, {"type": "Feature", "properties": {"building": "yes", "source": "way"}, "geometry": {"type": "Point", "coordinates": [-82.9305057959433, 42.374100819694036]}}, {"type": "Feature", "properties": {"building": "yes", "source": "way"}, "geometry": {"type": "Point", "coordinates": [-82.93064855, 42.374244149999996]}}, {"type": "Feature", "properties": {"building": "yes", "source": "way"}, "geometry": {"type": "Point", "coordinates": [-82.93070874020802, 42.37439788401771]}}, {"type": "Feature", "properties": {"building": "yes", "source": "way"}, "geometry": {"type": "Point", "coordinates": [-82.93084346956584, 42.37455464596429]}}, {"type": "Feature", "properties": {"building": "yes", "source": "way"}, "geometry": {"type": "Point", "coordinates": [-82.93101295033777, 42.3748400234569]}}, {"type": "Feature", "properties": {"building": "yes", "source": "way"}, "geometry": {"type": "Point", "coordinates": [-82.93038235, 42.375094]}}, {"type": "Feature", "properties": {"building": "yes", "source": "way"}, "geometry": {"type": "Point", "coordinates": [-82.93154597308794, 42.375726519856265]}}, {"type": "Feature", "properties": {"building": "yes", "source": "way"}, "geometry": {"type": "Point", "coordinates": [-82.93235160314178, 42.37561486802864]}}, {"type": "Feature", "properties": {"building": "yes", "source": "way"}, "geometry": {"type": "Point", "coordinates": [-82.9287619688627, 42.37536163670256]}}, {"type": "Feature", "properties": {"building": "yes", "source": "way"}, "geometry": {"type": "Point", "coordinates": [-82.9288742330113, 42.37555580030113]}}, {"type": "Feature", "properties": {"building": "yes", "source": "way"}, "geometry": {"type": "Point", "coordinates": [-82.92856967245578, 42.37519391256759]}}, {"type": "Feature", "properties": {"building": "yes", "source": "way"}, "geometry": {"type": "Point", "coordinates": [-82.92843084110017, 42.375010218495134]}}, {"type": "Feature", "properties": {"building": "yes", "source": "way"}, "geometry": {"type": "Point", "coordinates": [-82.92835336694962, 42.37480012430589]}}, {"type": "Feature", "properties": {"building": "yes", "source": "way"}, "geometry": {"type": "Point", "coordinates": [-82.92821013062981, 42.37460556888324]}}, {"type": "Feature", "properties": {"building": "yes", "source": "way"}, "geometry": {"type": "Point", "coordinates": [-82.92828575, 42.37440835]}}, {"type": "Feature", "properties": {"building": "yes", "source": "way"}, "geometry": {"type": "Point", "coordinates": [-82.92795678743846, 42.37563367557251]}}, {"type": "Feature", "properties": {"building": "yes", "source": "way"}, "geometry": {"type": "Point", "coordinates": [-82.9290811241773, 42.37520036262682]}}, {"type": "Feature", "properties": {"building": "yes", "source": "way"}, "geometry": {"type": "Point", "coordinates": [-82.92940221515698, 42.375144439084295]}}, {"type": "Feature", "properties": {"building": "yes", "source": "way"}, "geometry": {"type": "Point", "coordinates": [-82.9294631372371, 42.375325040736605]}}, {"type": "Feature", "properties": {"building": "yes", "source": "way"}, "geometry": {"type": "Point", "coordinates": [-82.92908637998944, 42.37544785244981]}}, {"type": "Feature", "properties": {"building": "yes", "source": "way"}, "geometry": {"type": "Point", "coordinates": [-82.93023588567877, 42.37504293783816]}}, {"type": "Feature", "properties": {"building": "yes", "source": "way"}, "geometry": {"type": "Point", "coordinates": [-82.93055743668711, 42.37469163063824]}}, {"type": "Feature", "properties": {"building": "yes", "source": "way"}, "geometry": {"type": "Point", "coordinates": [-82.93092030980533, 42.374704518291296]}}, {"type": "Feature", "properties": {"building": "yes", "source": "way"}, "geometry": {"type": "Point", "coordinates": [-82.93046301184657, 42.37454257589708]}}, {"type": "Feature", "properties": {"building": "yes", "source": "way"}, "geometry": {"type": "Point", "coordinates": [-82.9303466, 42.37440455]}}, {"type": "Feature", "properties": {"building": "yes", "source": "way"}, "geometry": {"type": "Point", "coordinates": [-82.93024861907358, 42.374254545294804]}}, {"type": "Feature", "properties": {"building": "yes", "source": "way"}, "geometry": {"type": "Point", "coordinates": [-82.93027665000001, 42.37406375000001]}}, {"type": "Feature", "properties": {"building": "yes", "source": "way"}, "geometry": {"type": "Point", "coordinates": [-82.9301103, 42.3742493]}}, {"type": "Feature", "properties": {"building": "yes", "source": "way"}, "geometry": {"type": "Point", "coordinates": [-82.93004715, 42.37395455000001]}}, {"type": "Feature", "properties": {"building": "yes", "source": "way"}, "geometry": {"type": "Point", "coordinates": [-82.92864602286117, 42.37397866232544]}}, {"type": "Feature", "properties": {"building": "yes", "source": "way"}, "geometry": {"type": "Point", "coordinates": [-82.9275290937307, 42.37355320254469]}}, {"type": "Feature", "properties": {"building": "yes", "source": "way"}, "geometry": {"type": "Point", "coordinates": [-82.9276973549748, 42.37375244516813]}}, {"type": "Feature", "properties": {"building": "yes", "source": "way"}, "geometry": {"type": "Point", "coordinates": [-82.92696138521603, 42.37408652473684]}}, {"type": "Feature", "properties": {"building": "yes", "source": "way"}, "geometry": {"type": "Point", "coordinates": [-82.92681125000001, 42.374164050000005]}}, {"type": "Feature", "properties": {"building": "yes", "source": "way"}, "geometry": {"type": "Point", "coordinates": [-82.92625316616386, 42.37431707530573]}}, {"type": "Feature", "properties": {"building": "yes", "source": "way"}, "geometry": {"type": "Point", "coordinates": [-82.92614399099999, 42.37414889531838]}}, {"type": "Feature", "properties": {"building": "yes", "source": "way"}, "geometry": {"type": "Point", "coordinates": [-82.92597480487055, 42.37393058623542]}}, {"type": "Feature", "properties": {"building": "yes", "source": "way"}, "geometry": {"type": "Point", "coordinates": [-82.93243214969769, 42.374627132747484]}}, {"type": "Feature", "properties": {"building": "yes", "source": "way"}, "geometry": {"type": "Point", "coordinates": [-82.93250448209855, 42.37472350120324]}}, {"type": "Feature", "properties": {"building": "yes", "source": "way"}, "geometry": {"type": "Point", "coordinates": [-82.93259635, 42.37482365]}}, {"type": "Feature", "properties": {"building": "yes", "source": "way"}, "geometry": {"type": "Point", "coordinates": [-82.93264776790842, 42.374926568593764]}}, {"type": "Feature", "properties": {"building": "yes", "source": "way"}, "geometry": {"type": "Point", "coordinates": [-82.93276591784709, 42.3751005035928]}}, {"type": "Feature", "properties": {"building": "yes", "source": "way"}, "geometry": {"type": "Point", "coordinates": [-82.93271151720728, 42.375019068952945]}}, {"type": "Feature", "properties": {"building": "yes", "source": "way"}, "geometry": {"type": "Point", "coordinates": [-82.93285854999999, 42.375264900000005]}}, {"type": "Feature", "properties": {"building": "yes", "source": "way"}, "geometry": {"type": "Point", "coordinates": [-82.9329152833121, 42.37535213271087]}}, {"type": "Feature", "properties": {"building": "yes", "source": "way"}, "geometry": {"type": "Point", "coordinates": [-82.9329706319843, 42.37543823221082]}}, {"type": "Feature", "properties": {"building": "yes", "source": "way"}, "geometry": {"type": "Point", "coordinates": [-82.93303067081031, 42.375522988712184]}}, {"type": "Feature", "properties": {"building": "yes", "source": "way"}, "geometry": {"type": "Point", "coordinates": [-82.93307983281736, 42.37560185052009]}}, {"type": "Feature", "properties": {"building": "yes", "source": "way"}, "geometry": {"type": "Point", "coordinates": [-82.93314578301162, 42.375694582202264]}}, {"type": "Feature", "properties": {"building": "yes", "source": "way"}, "geometry": {"type": "Point", "coordinates": [-82.9331931, 42.37577385]}}, {"type": "Feature", "properties": {"building": "yes", "source": "way"}, "geometry": {"type": "Point", "coordinates": [-82.93325778355035, 42.37586803262238]}}, {"type": "Feature", "properties": {"building": "yes", "source": "way"}, "geometry": {"type": "Point", "coordinates": [-82.93332835, 42.3759726]}}, {"type": "Feature", "properties": {"building": "yes", "source": "way"}, "geometry": {"type": "Point", "coordinates": [-82.93339355, 42.37607915]}}, {"type": "Feature", "properties": {"building": "yes", "source": "way"}, "geometry": {"type": "Point", "coordinates": [-82.93345255000001, 42.37616620000001]}}, {"type": "Feature", "properties": {"building": "yes", "source": "way"}, "geometry": {"type": "Point", "coordinates": [-82.93350303466715, 42.37627533247161]}}, {"type": "Feature", "properties": {"building": "yes", "source": "way"}, "geometry": {"type": "Point", "coordinates": [-82.93359005, 42.376403700000004]}}, {"type": "Feature", "properties": {"building": "yes", "source": "way"}, "geometry": {"type": "Point", "coordinates": [-82.93366280000001, 42.37651685]}}, {"type": "Feature", "properties": {"building": "yes", "source": "way"}, "geometry": {"type": "Point", "coordinates": [-82.93280293237528, 42.37518140084092]}}, {"type": "Feature", "properties": {"building": "yes", "source": "way"}, "geometry": {"type": "Point", "coordinates": [-82.93290813728989, 42.374483582013255]}}, {"type": "Feature", "properties": {"building": "yes", "source": "way"}, "geometry": {"type": "Point", "coordinates": [-82.93320774291114, 42.37460058140854]}}, {"type": "Feature", "properties": {"building": "yes", "source": "way"}, "geometry": {"type": "Point", "coordinates": [-82.934228, 42.37615015]}}, {"type": "Feature", "properties": {"building": "yes", "source": "way"}, "geometry": {"type": "Point", "coordinates": [-82.93431491786232, 42.376046145699]}}, {"type": "Feature", "properties": {"building": "yes", "source": "way"}, "geometry": {"type": "Point", "coordinates": [-82.93267285, 42.375549199999995]}}, {"type": "Feature", "properties": {"building": "yes", "source": "way"}, "geometry": {"type": "Point", "coordinates": [-82.93270575000001, 42.37561025]}}, {"type": "Feature", "properties": {"building": "yes", "source": "way"}, "geometry": {"type": "Point", "coordinates": [-82.93268525873592, 42.37530952762363]}}, {"type": "Feature", "properties": {"building": "yes", "source": "way"}, "geometry": {"type": "Point", "coordinates": [-82.93272, 42.375394199999995]}}, {"type": "Feature", "properties": {"building": "yes", "source": "way"}, "geometry": {"type": "Point", "coordinates": [-82.9324556, 42.375435249999995]}}, {"type": "Feature", "properties": {"building": "yes", "source": "way"}, "geometry": {"type": "Point", "coordinates": [-82.93227275000001, 42.37545285]}}, {"type": "Feature", "properties": {"building": "yes", "source": "way"}, "geometry": {"type": "Point", "coordinates": [-82.93177721837124, 42.37623759705409]}}, {"type": "Feature", "properties": {"building": "yes", "source": "way"}, "geometry": {"type": "Point", "coordinates": [-82.93178255000001, 42.3764087]}}, {"type": "Feature", "properties": {"building": "yes", "source": "way"}, "geometry": {"type": "Point", "coordinates": [-82.93309158151098, 42.3759421033142]}}, {"type": "Feature", "properties": {"building": "yes", "source": "way"}, "geometry": {"type": "Point", "coordinates": [-82.93312975, 42.3760013]}}, {"type": "Feature", "properties": {"building": "yes", "source": "way"}, "geometry": {"type": "Point", "coordinates": [-82.93325904999999, 42.376196799999995]}}, {"type": "Feature", "properties": {"building": "yes", "source": "way"}, "geometry": {"type": "Point", "coordinates": [-82.93289591917544, 42.37601664510132]}}, {"type": "Feature", "properties": {"building": "yes", "source": "way"}, "geometry": {"type": "Point", "coordinates": [-82.93286551911504, 42.37584934544634]}}, {"type": "Feature", "properties": {"building": "yes", "source": "way"}, "geometry": {"type": "Point", "coordinates": [-82.93301325, 42.375820299999994]}}, {"type": "Feature", "properties": {"building": "yes", "source": "way"}, "geometry": {"type": "Point", "coordinates": [-82.93289585000001, 42.37565060000001]}}, {"type": "Feature", "properties": {"building": "yes", "source": "way"}, "geometry": {"type": "Point", "coordinates": [-82.93284151824861, 42.375572392260636]}}, {"type": "Feature", "properties": {"building": "yes", "source": "way"}, "geometry": {"type": "Point", "coordinates": [-82.93259669999999, 42.37515694999999]}}, {"type": "Feature", "properties": {"building": "yes", "source": "way"}, "geometry": {"type": "Point", "coordinates": [-82.93250735000002, 42.375061800000005]}}, {"type": "Feature", "properties": {"building": "yes", "source": "way"}, "geometry": {"type": "Point", "coordinates": [-82.93244090729324, 42.37496171970149]}}, {"type": "Feature", "properties": {"building": "yes", "source": "way"}, "geometry": {"type": "Point", "coordinates": [-82.9323720689745, 42.37510679593233]}}, {"type": "Feature", "properties": {"building": "yes", "source": "way"}, "geometry": {"type": "Point", "coordinates": [-82.93241768147546, 42.37517020447709]}}, {"type": "Feature", "properties": {"building": "yes", "source": "way"}, "geometry": {"type": "Point", "coordinates": [-82.93134345, 42.37613985]}}, {"type": "Feature", "properties": {"building": "yes", "source": "way"}, "geometry": {"type": "Point", "coordinates": [-82.93180723449433, 42.37648673232089]}}, {"type": "Feature", "properties": {"building": "yes", "source": "way"}, "geometry": {"type": "Point", "coordinates": [-82.93161337563934, 42.37656881379011]}}, {"type": "Feature", "properties": {"building": "yes", "source": "way"}, "geometry": {"type": "Point", "coordinates": [-82.93139032521799, 42.37646836382629]}}, {"type": "Feature", "properties": {"building": "yes", "source": "way"}, "geometry": {"type": "Point", "coordinates": [-82.93202938129778, 42.37669955343083]}}, {"type": "Feature", "properties": {"building": "yes", "source": "way"}, "geometry": {"type": "Point", "coordinates": [-82.93213609553338, 42.37684078125495]}}, {"type": "Feature", "properties": {"building": "yes", "source": "way"}, "geometry": {"type": "Point", "coordinates": [-82.9324832938713, 42.377046329895705]}}, {"type": "Feature", "properties": {"building": "yes", "source": "way"}, "geometry": {"type": "Point", "coordinates": [-82.93249055000001, 42.3772768]}}, {"type": "Feature", "properties": {"building": "yes", "source": "way"}, "geometry": {"type": "Point", "coordinates": [-82.93496992738773, 42.37720838735813]}}, {"type": "Feature", "properties": {"building": "yes", "source": "way"}, "geometry": {"type": "Point", "coordinates": [-82.93302048157142, 42.37663660422547]}}, {"type": "Feature", "properties": {"building": "yes", "source": "way"}, "geometry": {"type": "Point", "coordinates": [-82.93037089999999, 42.3773889]}}, {"type": "Feature", "properties": {"building": "yes", "source": "way"}, "geometry": {"type": "Point", "coordinates": [-82.93081598151979, 42.37576661614083]}}, {"type": "Feature", "properties": {"building": "yes", "source": "way"}, "geometry": {"type": "Point", "coordinates": [-82.92950715, 42.37583615]}}, {"type": "Feature", "properties": {"building": "yes", "source": "way"}, "geometry": {"type": "Point", "coordinates": [-82.92655510772968, 42.37353747789094]}}, {"type": "Feature", "properties": {"building": "yes", "source": "way"}, "geometry": {"type": "Point", "coordinates": [-82.92673669619826, 42.37378455104238]}}, {"type": "Feature", "properties": {"building": "yes", "source": "way"}, "geometry": {"type": "Point", "coordinates": [-82.92573669386289, 42.373541352704976]}}, {"type": "Feature", "properties": {"building": "yes", "source": "way"}, "geometry": {"type": "Point", "coordinates": [-82.92585949219884, 42.37373308232028]}}, {"type": "Feature", "properties": {"building": "yes", "source": "way"}, "geometry": {"type": "Point", "coordinates": [-82.9240782157978, 42.37340659382078]}}, {"type": "Feature", "properties": {"building": "yes", "source": "way"}, "geometry": {"type": "Point", "coordinates": [-82.92417741762999, 42.37358289194606]}}, {"type": "Feature", "properties": {"building": "yes", "source": "way"}, "geometry": {"type": "Point", "coordinates": [-82.92432082211778, 42.373788202908734]}}, {"type": "Feature", "properties": {"building": "yes", "source": "way"}, "geometry": {"type": "Point", "coordinates": [-82.92445481828362, 42.3739764395003]}}, {"type": "Feature", "properties": {"building": "yes", "source": "way"}, "geometry": {"type": "Point", "coordinates": [-82.92456559434592, 42.37415013801923]}}, {"type": "Feature", "properties": {"building": "yes", "source": "way"}, "geometry": {"type": "Point", "coordinates": [-82.9246771358312, 42.37430431927319]}}, {"type": "Feature", "properties": {"building": "yes", "source": "way"}, "geometry": {"type": "Point", "coordinates": [-82.92479755310727, 42.37444282805378]}}, {"type": "Feature", "properties": {"building": "yes", "source": "way"}, "geometry": {"type": "Point", "coordinates": [-82.92487782089704, 42.37456746017041]}}, {"type": "Feature", "properties": {"building": "yes", "source": "way"}, "geometry": {"type": "Point", "coordinates": [-82.92494670724183, 42.37469363432054]}}, {"type": "Feature", "properties": {"building": "yes", "source": "way"}, "geometry": {"type": "Point", "coordinates": [-82.9233650095128, 42.37343593245239]}}, {"type": "Feature", "properties": {"building": "yes", "source": "way"}, "geometry": {"type": "Point", "coordinates": [-82.9234619415163, 42.37357439227471]}}, {"type": "Feature", "properties": {"building": "yes", "source": "way"}, "geometry": {"type": "Point", "coordinates": [-82.9235280492207, 42.3737007622725]}}, {"type": "Feature", "properties": {"building": "yes", "source": "way"}, "geometry": {"type": "Point", "coordinates": [-82.92363381415036, 42.37383916782654]}}, {"type": "Feature", "properties": {"building": "yes", "source": "way"}, "geometry": {"type": "Point", "coordinates": [-82.9237338077075, 42.37405201340531]}}, {"type": "Feature", "properties": {"building": "yes", "source": "way"}, "geometry": {"type": "Point", "coordinates": [-82.92391893623302, 42.37430096178183]}}, {"type": "Feature", "properties": {"building": "yes", "source": "way"}, "geometry": {"type": "Point", "coordinates": [-82.92409368683188, 42.374543864425014]}}, {"type": "Feature", "properties": {"building": "yes", "source": "way"}, "geometry": {"type": "Point", "coordinates": [-82.92486371653595, 42.37346899533927]}}, {"type": "Feature", "properties": {"building": "yes", "source": "way"}, "geometry": {"type": "Point", "coordinates": [-82.9249838234679, 42.373635894877665]}}, {"type": "Feature", "properties": {"building": "yes", "source": "way"}, "geometry": {"type": "Point", "coordinates": [-82.9250896288455, 42.37377945420843]}}, {"type": "Feature", "properties": {"building": "yes", "source": "way"}, "geometry": {"type": "Point", "coordinates": [-82.92519613456383, 42.374007295188754]}}, {"type": "Feature", "properties": {"building": "yes", "source": "way"}, "geometry": {"type": "Point", "coordinates": [-82.92529439144249, 42.37418039716021]}}, {"type": "Feature", "properties": {"building": "yes", "source": "way"}, "geometry": {"type": "Point", "coordinates": [-82.9251703631893, 42.37436311749266]}}, {"type": "Feature", "properties": {"building": "yes", "source": "way"}, "geometry": {"type": "Point", "coordinates": [-82.92523028174587, 42.37447320616876]}}, {"type": "Feature", "properties": {"building": "yes", "source": "way"}, "geometry": {"type": "Point", "coordinates": [-82.92530596383543, 42.37459897540173]}}, {"type": "Feature", "properties": {"building": "yes", "source": "way"}, "geometry": {"type": "Point", "coordinates": [-82.92557011991708, 42.374619592830044]}}, {"type": "Feature", "properties": {"building": "yes", "source": "way"}, "geometry": {"type": "Point", "coordinates": [-82.92547014135123, 42.37436037429231]}}, {"type": "Feature", "properties": {"building": "yes", "source": "way"}, "geometry": {"type": "Point", "coordinates": [-82.92503237219927, 42.37439096218514]}}, {"type": "Feature", "properties": {"building": "yes", "source": "way"}, "geometry": {"type": "Point", "coordinates": [-82.92511260000002, 42.374514149999996]}}, {"type": "Feature", "properties": {"building": "yes", "source": "way"}, "geometry": {"type": "Point", "coordinates": [-82.92399759495859, 42.374421390941336]}}, {"type": "Feature", "properties": {"building": "yes", "source": "way"}, "geometry": {"type": "Point", "coordinates": [-82.9238356186443, 42.37417992420256]}}, {"type": "Feature", "properties": {"building": "yes", "source": "way"}, "geometry": {"type": "Point", "coordinates": [-82.92363655, 42.374286]}}, {"type": "Feature", "properties": {"building": "yes", "source": "way"}, "geometry": {"type": "Point", "coordinates": [-82.92472915, 42.373928]}}, {"type": "Feature", "properties": {"building": "yes", "source": "way"}, "geometry": {"type": "Point", "coordinates": [-82.92478820478361, 42.37401771887058]}}, {"type": "Feature", "properties": {"building": "yes", "source": "way"}, "geometry": {"type": "Point", "coordinates": [-82.92471845, 42.3736968]}}, {"type": "Feature", "properties": {"building": "yes", "source": "way"}, "geometry": {"type": "Point", "coordinates": [-82.9255329647047, 42.374481269256584]}}, {"type": "Feature", "properties": {"building": "yes", "source": "way"}, "geometry": {"type": "Point", "coordinates": [-82.93129932371235, 42.3734980848153]}}, {"type": "Feature", "properties": {"building": "yes", "source": "way"}, "geometry": {"type": "Point", "coordinates": [-82.93121064030191, 42.37336023053601]}}, {"type": "Feature", "properties": {"building": "yes", "source": "way"}, "geometry": {"type": "Point", "coordinates": [-82.93148640000001, 42.373993750000004]}}, {"type": "Feature", "properties": {"building": "yes", "source": "way"}, "geometry": {"type": "Point", "coordinates": [-82.9299160414074, 42.37372623083179]}}, {"type": "Feature", "properties": {"building": "yes", "source": "way"}, "geometry": {"type": "Point", "coordinates": [-82.92677648187693, 42.374630642272955]}}, {"type": "Feature", "properties": {"building": "yes", "source": "way"}, "geometry": {"type": "Point", "coordinates": [-82.92697890000001, 42.374625800000004]}}, {"type": "Feature", "properties": {"building": "yes", "source": "way"}, "geometry": {"type": "Point", "coordinates": [-82.92645560000001, 42.3743248]}}, {"type": "Feature", "properties": {"building": "yes", "source": "way"}, "geometry": {"type": "Point", "coordinates": [-82.9261219, 42.37372920000001]}}, {"type": "Feature", "properties": {"building": "yes", "source": "way"}, "geometry": {"type": "Point", "coordinates": [-82.92267665, 42.390871849999996]}}, {"type": "Feature", "properties": {"building": "yes", "source": "way"}, "geometry": {"type": "Point", "coordinates": [-82.92272537026054, 42.390993166166396]}}, {"type": "Feature", "properties": {"building": "yes", "source": "way"}, "geometry": {"type": "Point", "coordinates": [-82.92277334929466, 42.390219082941016]}}, {"type": "Feature", "properties": {"building": "yes", "source": "way"}, "geometry": {"type": "Point", "coordinates": [-82.9228395, 42.3903663]}}, {"type": "Feature", "properties": {"building": "yes", "source": "way"}, "geometry": {"type": "Point", "coordinates": [-82.92293210575507, 42.390472719168706]}}, {"type": "Feature", "properties": {"building": "yes", "source": "way"}, "geometry": {"type": "Point", "coordinates": [-82.92299624999998, 42.39059400000001]}}, {"type": "Feature", "properties": {"building": "yes", "source": "way"}, "geometry": {"type": "Point", "coordinates": [-82.92307602701513, 42.39072266471234]}}, {"type": "Feature", "properties": {"building": "yes", "source": "way"}, "geometry": {"type": "Point", "coordinates": [-82.92316447794283, 42.39083679702018]}}, {"type": "Feature", "properties": {"building": "yes", "source": "way"}, "geometry": {"type": "Point", "coordinates": [-82.92321349999999, 42.39096885]}}, {"type": "Feature", "properties": {"building": "yes", "source": "way"}, "geometry": {"type": "Point", "coordinates": [-82.92382487768225, 42.38982672560515]}}, {"type": "Feature", "properties": {"building": "yes", "source": "way"}, "geometry": {"type": "Point", "coordinates": [-82.92411084944352, 42.39026418179106]}}, {"type": "Feature", "properties": {"building": "yes", "source": "way"}, "geometry": {"type": "Point", "coordinates": [-82.92418702652911, 42.390390399868195]}}, {"type": "Feature", "properties": {"building": "yes", "source": "way"}, "geometry": {"type": "Point", "coordinates": [-82.92429063102965, 42.390543570232424]}}, {"type": "Feature", "properties": {"building": "yes", "source": "way"}, "geometry": {"type": "Point", "coordinates": [-82.92438418130855, 42.39068920489561]}}, {"type": "Feature", "properties": {"building": "yes", "source": "way"}, "geometry": {"type": "Point", "coordinates": [-82.92454211550627, 42.39098142656634]}}, {"type": "Feature", "properties": {"building": "yes", "source": "way"}, "geometry": {"type": "Point", "coordinates": [-82.92375640297553, 42.39078109905981]}}, {"type": "Feature", "properties": {"building": "yes", "source": "way"}, "geometry": {"type": "Point", "coordinates": [-82.92369312241271, 42.390669913692406]}}, {"type": "Feature", "properties": {"building": "yes", "source": "way"}, "geometry": {"type": "Point", "coordinates": [-82.92382217040384, 42.39091804541092]}}, {"type": "Feature", "properties": {"building": "yes", "source": "way"}, "geometry": {"type": "Point", "coordinates": [-82.92485425000001, 42.390151]}}, {"type": "Feature", "properties": {"building": "yes", "source": "way"}, "geometry": {"type": "Point", "coordinates": [-82.92498592832408, 42.3902854712845]}}, {"type": "Feature", "properties": {"building": "yes", "source": "way"}, "geometry": {"type": "Point", "coordinates": [-82.9251125453401, 42.390433480504164]}}, {"type": "Feature", "properties": {"building": "yes", "source": "way"}, "geometry": {"type": "Point", "coordinates": [-82.92516346445169, 42.39059462105469]}}, {"type": "Feature", "properties": {"building": "yes", "source": "way"}, "geometry": {"type": "Point", "coordinates": [-82.92527895, 42.390731699999996]}}, {"type": "Feature", "properties": {"building": "yes", "source": "way"}, "geometry": {"type": "Point", "coordinates": [-82.92537845178757, 42.390880901213]}}, {"type": "Feature", "properties": {"building": "yes", "source": "way"}, "geometry": {"type": "Point", "coordinates": [-82.92544710000001, 42.39099175]}}, {"type": "Feature", "properties": {"building": "yes", "source": "way"}, "geometry": {"type": "Point", "coordinates": [-82.92554210426768, 42.390669268814825]}}, {"type": "Feature", "properties": {"building": "yes", "source": "way"}, "geometry": {"type": "Point", "coordinates": [-82.92577754999999, 42.390708849999996]}}, {"type": "Feature", "properties": {"building": "yes", "source": "way"}, "geometry": {"type": "Point", "coordinates": [-82.9258437, 42.3908804]}}, {"type": "Feature", "properties": {"building": "yes", "source": "way"}, "geometry": {"type": "Point", "coordinates": [-82.92445861817743, 42.39085004818206]}}, {"type": "Feature", "properties": {"building": "yes", "source": "way"}, "geometry": {"type": "Point", "coordinates": [-82.92411989372384, 42.39082868052878]}}, {"type": "Feature", "properties": {"building": "yes", "source": "way"}, "geometry": {"type": "Point", "coordinates": [-82.92420914209242, 42.39097357975867]}}, {"type": "Feature", "properties": {"building": "yes", "source": "way"}, "geometry": {"type": "Point", "coordinates": [-82.92381331068594, 42.39057351941295]}}, {"type": "Feature", "properties": {"building": "yes", "source": "way"}, "geometry": {"type": "Point", "coordinates": [-82.92383865000001, 42.39039635]}}, {"type": "Feature", "properties": {"building": "yes", "source": "way"}, "geometry": {"type": "Point", "coordinates": [-82.92355993090062, 42.39020820397487]}}, {"type": "Feature", "properties": {"building": "yes", "source": "way"}, "geometry": {"type": "Point", "coordinates": [-82.92337181773543, 42.39015189879464]}}, {"type": "Feature", "properties": {"building": "yes", "source": "way"}, "geometry": {"type": "Point", "coordinates": [-82.92388095774115, 42.38996269080229]}}, {"type": "Feature", "properties": {"building": "yes", "source": "way"}, "geometry": {"type": "Point", "coordinates": [-82.9227262, 42.39066725]}}, {"type": "Feature", "properties": {"building": "yes", "source": "way"}, "geometry": {"type": "Point", "coordinates": [-82.9230211, 42.390942550000005]}}, {"type": "Feature", "properties": {"building": "yes", "source": "way"}, "geometry": {"type": "Point", "coordinates": [-82.92280535984678, 42.39079377048896]}}, {"type": "Feature", "properties": {"building": "yes", "source": "way"}, "geometry": {"type": "Point", "coordinates": [-82.9252870923725, 42.390237331368674]}}, {"type": "Feature", "properties": {"building": "yes", "source": "way"}, "geometry": {"type": "Point", "coordinates": [-82.92543570000001, 42.39026025]}}, {"type": "Feature", "properties": {"building": "yes", "source": "way"}, "geometry": {"type": "Point", "coordinates": [-82.92547155, 42.39053679999999]}}, {"type": "Feature", "properties": {"building": "yes", "source": "way"}, "geometry": {"type": "Point", "coordinates": [-82.9249765185378, 42.38980424742557]}}, {"type": "Feature", "properties": {"building": "yes", "source": "way"}, "geometry": {"type": "Point", "coordinates": [-82.92367605, 42.39032175]}}, {"type": "Feature", "properties": {"building": "yes", "source": "way"}, "geometry": {"type": "Point", "coordinates": [-82.9235142450935, 42.38991708159259]}}, {"type": "Feature", "properties": {"building": "yes", "source": "way"}, "geometry": {"type": "Point", "coordinates": [-82.92713336663532, 42.39002456855192]}}, {"type": "Feature", "properties": {"building": "yes", "source": "way"}, "geometry": {"type": "Point", "coordinates": [-82.9243553, 42.373362300000004]}}, {"type": "Feature", "properties": {"building": "yes", "source": "way"}, "geometry": {"type": "Point", "coordinates": [-82.92447201832807, 42.37352854612026]}}, {"type": "Feature", "properties": {"building": "yes", "source": "way"}, "geometry": {"type": "Point", "coordinates": [-82.9249554, 42.3742731]}}, {"type": "Feature", "properties": {"building": "yes", "source": "way"}, "geometry": {"type": "Point", "coordinates": [-82.92510006785687, 42.37424254860038]}}, {"type": "Feature", "properties": {"building": "yes", "source": "way"}, "geometry": {"type": "Point", "coordinates": [-82.92520035000001, 42.3746343]}}, {"type": "Feature", "properties": {"building": "yes", "source": "way"}, "geometry": {"type": "Point", "coordinates": [-82.9253887450807, 42.37471258377187]}}, {"type": "Feature", "properties": {"building": "yes", "source": "way"}, "geometry": {"type": "Point", "coordinates": [-82.92502432553398, 42.3748200338276]}}, {"type": "Feature", "properties": {"building": "yes", "source": "way"}, "geometry": {"type": "Point", "coordinates": [-82.92559279235817, 42.37501237129607]}}, {"type": "Feature", "properties": {"building": "yes", "source": "way"}, "geometry": {"type": "Point", "coordinates": [-82.9244246656892, 42.37503594389692]}}, {"type": "Feature", "properties": {"building": "yes", "source": "way"}, "geometry": {"type": "Point", "coordinates": [-82.92412530000001, 42.37502285000001]}}, {"type": "Feature", "properties": {"building": "yes", "source": "way"}, "geometry": {"type": "Point", "coordinates": [-82.92432544447699, 42.3748894236374]}}, {"type": "Feature", "properties": {"building": "yes", "source": "way"}, "geometry": {"type": "Point", "coordinates": [-82.92424133230328, 42.37470480744437]}}, {"type": "Feature", "properties": {"building": "yes", "source": "way"}, "geometry": {"type": "Point", "coordinates": [-82.92393808159679, 42.37474425609683]}}, {"type": "Feature", "properties": {"building": "yes", "source": "way"}, "geometry": {"type": "Point", "coordinates": [-82.92387749607946, 42.37465558188071]}}, {"type": "Feature", "properties": {"building": "yes", "source": "way"}, "geometry": {"type": "Point", "coordinates": [-82.92379885457478, 42.37453126858288]}}, {"type": "Feature", "properties": {"building": "yes", "source": "way"}, "geometry": {"type": "Point", "coordinates": [-82.92369885000001, 42.37458470000001]}}, {"type": "Feature", "properties": {"building": "yes", "source": "way"}, "geometry": {"type": "Point", "coordinates": [-82.9237209819252, 42.37440660566416]}}, {"type": "Feature", "properties": {"building": "yes", "source": "way"}, "geometry": {"type": "Point", "coordinates": [-82.92356780157988, 42.374378667445384]}}, {"type": "Feature", "properties": {"building": "yes", "source": "way"}, "geometry": {"type": "Point", "coordinates": [-82.92346880000001, 42.3746238]}}, {"type": "Feature", "properties": {"building": "yes", "source": "way"}, "geometry": {"type": "Point", "coordinates": [-82.92384304010663, 42.374807321282105]}}, {"type": "Feature", "properties": {"building": "yes", "source": "way"}, "geometry": {"type": "Point", "coordinates": [-82.92371877519227, 42.37501481405881]}}, {"type": "Feature", "properties": {"building": "yes", "source": "way"}, "geometry": {"type": "Point", "coordinates": [-82.92382662851253, 42.37520283894423]}}, {"type": "Feature", "properties": {"building": "yes", "source": "way"}, "geometry": {"type": "Point", "coordinates": [-82.92359329086221, 42.374831055090965]}}, {"type": "Feature", "properties": {"building": "yes", "source": "way"}, "geometry": {"type": "Point", "coordinates": [-82.92335219460792, 42.37441811226377]}}, {"type": "Feature", "properties": {"building": "yes", "source": "way"}, "geometry": {"type": "Point", "coordinates": [-82.92320037332135, 42.37424302634693]}}, {"type": "Feature", "properties": {"building": "yes", "source": "way"}, "geometry": {"type": "Point", "coordinates": [-82.9233835, 42.373890550000006]}}, {"type": "Feature", "properties": {"building": "yes", "source": "way"}, "geometry": {"type": "Point", "coordinates": [-82.92329793166252, 42.37374990469118]}}, {"type": "Feature", "properties": {"building": "yes", "source": "way"}, "geometry": {"type": "Point", "coordinates": [-82.92319459999999, 42.3738022]}}, {"type": "Feature", "properties": {"building": "yes", "source": "way"}, "geometry": {"type": "Point", "coordinates": [-82.92292810000001, 42.3738273]}}, {"type": "Feature", "properties": {"building": "yes", "source": "way"}, "geometry": {"type": "Point", "coordinates": [-82.92303235, 42.3740155]}}, {"type": "Feature", "properties": {"building": "yes", "source": "way"}, "geometry": {"type": "Point", "coordinates": [-82.92323785, 42.374029449999995]}}, {"type": "Feature", "properties": {"building": "yes", "source": "way"}, "geometry": {"type": "Point", "coordinates": [-82.92282991250559, 42.37360832933859]}}, {"type": "Feature", "properties": {"building": "yes", "source": "way"}, "geometry": {"type": "Point", "coordinates": [-82.92289727346994, 42.37340116565789]}}, {"type": "Feature", "properties": {"building": "yes", "source": "way"}, "geometry": {"type": "Point", "coordinates": [-82.92276469756433, 42.3746580999295]}}, {"type": "Feature", "properties": {"building": "yes", "source": "way"}, "geometry": {"type": "Point", "coordinates": [-82.92289928554489, 42.37481977862984]}}, {"type": "Feature", "properties": {"building": "yes", "source": "way"}, "geometry": {"type": "Point", "coordinates": [-82.92303205334704, 42.375010768083264]}}, {"type": "Feature", "properties": {"building": "yes", "source": "way"}, "geometry": {"type": "Point", "coordinates": [-82.92311828405165, 42.375244019913644]}}, {"type": "Feature", "properties": {"building": "yes", "source": "way"}, "geometry": {"type": "Point", "coordinates": [-82.9232461077484, 42.37543978119352]}}, {"type": "Feature", "properties": {"building": "yes", "source": "way"}, "geometry": {"type": "Point", "coordinates": [-82.92262116697303, 42.37916609973574]}}, {"type": "Feature", "properties": {"building": "yes", "source": "way"}, "geometry": {"type": "Point", "coordinates": [-82.92330074704176, 42.37870894339872]}}, {"type": "Feature", "properties": {"building": "yes", "source": "way"}, "geometry": {"type": "Point", "coordinates": [-82.9237235453671, 42.37968549582391]}}, {"type": "Feature", "properties": {"building": "yes", "source": "way"}, "geometry": {"type": "Point", "coordinates": [-82.92413426666666, 42.37993585599112]}}, {"type": "Feature", "properties": {"building": "yes", "source": "way"}, "geometry": {"type": "Point", "coordinates": [-82.92164176317903, 42.375076679639655]}}, {"type": "Feature", "properties": {"building": "yes", "source": "way"}, "geometry": {"type": "Point", "coordinates": [-82.92010246748816, 42.37371791676183]}}, {"type": "Feature", "properties": {"building": "yes", "source": "way"}, "geometry": {"type": "Point", "coordinates": [-82.91976258825858, 42.373482043044504]}}, {"type": "Feature", "properties": {"building": "yes", "source": "way"}, "geometry": {"type": "Point", "coordinates": [-82.92025080917664, 42.37340045029762]}}, {"type": "Feature", "properties": {"building": "yes", "source": "way"}, "geometry": {"type": "Point", "coordinates": [-82.92022513222392, 42.37333835625187]}}, {"type": "Feature", "properties": {"building": "yes", "source": "way"}, "geometry": {"type": "Point", "coordinates": [-82.92193160864039, 42.37499347679751]}}, {"type": "Feature", "properties": {"building": "detached", "source": "way"}, "geometry": {"type": "Point", "coordinates": [-82.9189074271137, 42.37511665031455]}}, {"type": "Feature", "properties": {"building": "detached", "source": "way"}, "geometry": {"type": "Point", "coordinates": [-82.9187206398817, 42.37541607161152]}}, {"type": "Feature", "properties": {"building": "garage", "source": "way"}, "geometry": {"type": "Point", "coordinates": [-82.9189226254411, 42.3756361861875]}}, {"type": "Feature", "properties": {"building": "detached", "source": "way"}, "geometry": {"type": "Point", "coordinates": [-82.91840558316801, 42.37602618457652]}}, {"type": "Feature", "properties": {"building": "detached", "source": "way"}, "geometry": {"type": "Point", "coordinates": [-82.9195875786905, 42.374581287306924]}}, {"type": "Feature", "properties": {"building": "detached", "source": "way"}, "geometry": {"type": "Point", "coordinates": [-82.91977424909003, 42.37494498369038]}}, {"type": "Feature", "properties": {"building": "garage", "source": "way"}, "geometry": {"type": "Point", "coordinates": [-82.9200997, 42.374942049999994]}}, {"type": "Feature", "properties": {"building": "garage", "source": "way"}, "geometry": {"type": "Point", "coordinates": [-82.92014498808899, 42.37503567268454]}}, {"type": "Feature", "properties": {"building": "detached", "source": "way"}, "geometry": {"type": "Point", "coordinates": [-82.91799974714881, 42.37629080735203]}}, {"type": "Feature", "properties": {"building": "detached", "source": "way"}, "geometry": {"type": "Point", "coordinates": [-82.91785814334567, 42.37660255332987]}}, {"type": "Feature", "properties": {"building": "garage", "source": "way"}, "geometry": {"type": "Point", "coordinates": [-82.918317, 42.37685605]}}, {"type": "Feature", "properties": {"building": "detached", "source": "way"}, "geometry": {"type": "Point", "coordinates": [-82.91749834445379, 42.37671327746558]}}, {"type": "Feature", "properties": {"building": "yes", "source": "way"}, "geometry": {"type": "Point", "coordinates": [-82.92096470189324, 42.37673467336412]}}, {"type": "Feature", "properties": {"building": "yes", "source": "way"}, "geometry": {"type": "Point", "coordinates": [-82.92123674999999, 42.377235899999995]}}, {"type": "Feature", "properties": {"building": "yes", "source": "way"}, "geometry": {"type": "Point", "coordinates": [-82.92136685673556, 42.37743018217965]}}, {"type": "Feature", "properties": {"building": "yes", "source": "way"}, "geometry": {"type": "Point", "coordinates": [-82.92148361472516, 42.37758955189142]}}, {"type": "Feature", "properties": {"building": "yes", "source": "way"}, "geometry": {"type": "Point", "coordinates": [-82.92160383797169, 42.37777860987015]}}, {"type": "Feature", "properties": {"building": "yes", "source": "way"}, "geometry": {"type": "Point", "coordinates": [-82.92172712089007, 42.37794478371952]}}, {"type": "Feature", "properties": {"building": "yes", "source": "way"}, "geometry": {"type": "Point", "coordinates": [-82.92186936926917, 42.37810670657169]}}, {"type": "Feature", "properties": {"building": "yes", "source": "way"}, "geometry": {"type": "Point", "coordinates": [-82.92196609999999, 42.37828495]}}, {"type": "Feature", "properties": {"building": "yes", "source": "way"}, "geometry": {"type": "Point", "coordinates": [-82.92215252541543, 42.37783553691108]}}, {"type": "Feature", "properties": {"building": "yes", "source": "way"}, "geometry": {"type": "Point", "coordinates": [-82.92215180623128, 42.376903139187704]}}, {"type": "Feature", "properties": {"building": "yes", "source": "way"}, "geometry": {"type": "Point", "coordinates": [-82.92232926400693, 42.37725381708708]}}, {"type": "Feature", "properties": {"building": "yes", "source": "way"}, "geometry": {"type": "Point", "coordinates": [-82.9219234903115, 42.376540054322014]}}, {"type": "Feature", "properties": {"building": "yes", "source": "way"}, "geometry": {"type": "Point", "coordinates": [-82.92168201887768, 42.37759744655151]}}, {"type": "Feature", "properties": {"building": "yes", "source": "way"}, "geometry": {"type": "Point", "coordinates": [-82.92183473046771, 42.37763035354059]}}, {"type": "Feature", "properties": {"building": "yes", "source": "way"}, "geometry": {"type": "Point", "coordinates": [-82.9203828100023, 42.377214254561935]}}, {"type": "Feature", "properties": {"building": "yes", "source": "way"}, "geometry": {"type": "Point", "coordinates": [-82.92054745645962, 42.37740975391458]}}, {"type": "Feature", "properties": {"building": "yes", "source": "way"}, "geometry": {"type": "Point", "coordinates": [-82.92070932246165, 42.377650677099155]}}, {"type": "Feature", "properties": {"building": "yes", "source": "way"}, "geometry": {"type": "Point", "coordinates": [-82.92082703920794, 42.3778104755625]}}, {"type": "Feature", "properties": {"building": "yes", "source": "way"}, "geometry": {"type": "Point", "coordinates": [-82.92102042107828, 42.37814545504311]}}, {"type": "Feature", "properties": {"building": "yes", "source": "way"}, "geometry": {"type": "Point", "coordinates": [-82.92116764273581, 42.37831163137744]}}, {"type": "Feature", "properties": {"building": "yes", "source": "way"}, "geometry": {"type": "Point", "coordinates": [-82.92030324999999, 42.37699685]}}, {"type": "Feature", "properties": {"building": "yes", "source": "way"}, "geometry": {"type": "Point", "coordinates": [-82.9215171043379, 42.38844600923313]}}, {"type": "Feature", "properties": {"building": "yes", "source": "way"}, "geometry": {"type": "Point", "coordinates": [-82.9217228332067, 42.38869423793907]}}, {"type": "Feature", "properties": {"building": "yes", "source": "way"}, "geometry": {"type": "Point", "coordinates": [-82.92180111527149, 42.388809562895986]}}, {"type": "Feature", "properties": {"building": "yes", "source": "way"}, "geometry": {"type": "Point", "coordinates": [-82.9219008594726, 42.3889367264286]}}, {"type": "Feature", "properties": {"building": "yes", "source": "way"}, "geometry": {"type": "Point", "coordinates": [-82.92198755, 42.389048249999995]}}, {"type": "Feature", "properties": {"building": "yes", "source": "way"}, "geometry": {"type": "Point", "coordinates": [-82.92205685, 42.3891713]}}, {"type": "Feature", "properties": {"building": "yes", "source": "way"}, "geometry": {"type": "Point", "coordinates": [-82.92220523302656, 42.389432109196385]}}, {"type": "Feature", "properties": {"building": "yes", "source": "way"}, "geometry": {"type": "Point", "coordinates": [-82.92230083343514, 42.38955532266408]}}, {"type": "Feature", "properties": {"building": "yes", "source": "way"}, "geometry": {"type": "Point", "coordinates": [-82.92238034999998, 42.3896586]}}, {"type": "Feature", "properties": {"building": "yes", "source": "way"}, "geometry": {"type": "Point", "coordinates": [-82.92245123857523, 42.38979412627979]}}, {"type": "Feature", "properties": {"building": "yes", "source": "way"}, "geometry": {"type": "Point", "coordinates": [-82.92254676904926, 42.389894984268196]}}, {"type": "Feature", "properties": {"building": "yes", "source": "way"}, "geometry": {"type": "Point", "coordinates": [-82.92210975215957, 42.39006476776052]}}, {"type": "Feature", "properties": {"building": "yes", "source": "way"}, "geometry": {"type": "Point", "coordinates": [-82.92204925, 42.389939150000004]}}, {"type": "Feature", "properties": {"building": "yes", "source": "way"}, "geometry": {"type": "Point", "coordinates": [-82.9219708670852, 42.38980640515997]}}, {"type": "Feature", "properties": {"building": "yes", "source": "way"}, "geometry": {"type": "Point", "coordinates": [-82.92191483016627, 42.38969383646146]}}, {"type": "Feature", "properties": {"building": "yes", "source": "way"}, "geometry": {"type": "Point", "coordinates": [-82.92179008637738, 42.389586454261206]}}, {"type": "Feature", "properties": {"building": "yes", "source": "way"}, "geometry": {"type": "Point", "coordinates": [-82.92171445568759, 42.389455275889105]}}, {"type": "Feature", "properties": {"building": "yes", "source": "way"}, "geometry": {"type": "Point", "coordinates": [-82.92157664718854, 42.38919056782132]}}, {"type": "Feature", "properties": {"building": "yes", "source": "way"}, "geometry": {"type": "Point", "coordinates": [-82.92134605453195, 42.388814232629365]}}, {"type": "Feature", "properties": {"building": "yes", "source": "way"}, "geometry": {"type": "Point", "coordinates": [-82.92114836095479, 42.38857986840221]}}, {"type": "Feature", "properties": {"building": "yes", "source": "way"}, "geometry": {"type": "Point", "coordinates": [-82.9216477103121, 42.38881862003112]}}, {"type": "Feature", "properties": {"building": "yes", "source": "way"}, "geometry": {"type": "Point", "coordinates": [-82.9217328, 42.38894465]}}, {"type": "Feature", "properties": {"building": "yes", "source": "way"}, "geometry": {"type": "Point", "coordinates": [-82.92149120652931, 42.38908634744336]}}, {"type": "Feature", "properties": {"building": "yes", "source": "way"}, "geometry": {"type": "Point", "coordinates": [-82.9219684, 42.3893274]}}, {"type": "Feature", "properties": {"building": "yes", "source": "way"}, "geometry": {"type": "Point", "coordinates": [-82.92213885, 42.38930055]}}, {"type": "Feature", "properties": {"building": "yes", "source": "way"}, "geometry": {"type": "Point", "coordinates": [-82.922123, 42.3895665]}}, {"type": "Feature", "properties": {"building": "yes", "source": "way"}, "geometry": {"type": "Point", "coordinates": [-82.9222229, 42.38990825000001]}}, {"type": "Feature", "properties": {"building": "yes", "source": "way"}, "geometry": {"type": "Point", "coordinates": [-82.92232114999999, 42.389869399999995]}}, {"type": "Feature", "properties": {"building": "yes", "source": "way"}, "geometry": {"type": "Point", "coordinates": [-82.92164522081448, 42.38930733453959]}}, {"type": "Feature", "properties": {"building": "yes", "source": "way"}, "geometry": {"type": "Point", "coordinates": [-82.92120028543704, 42.38957659622646]}}, {"type": "Feature", "properties": {"building": "yes", "source": "way"}, "geometry": {"type": "Point", "coordinates": [-82.92128685734706, 42.38974541958898]}}, {"type": "Feature", "properties": {"building": "yes", "source": "way"}, "geometry": {"type": "Point", "coordinates": [-82.9213857945343, 42.38986813089355]}}, {"type": "Feature", "properties": {"building": "yes", "source": "way"}, "geometry": {"type": "Point", "coordinates": [-82.92146928131808, 42.38999235588323]}}, {"type": "Feature", "properties": {"building": "yes", "source": "way"}, "geometry": {"type": "Point", "coordinates": [-82.92161429333584, 42.39024514811053]}}, {"type": "Feature", "properties": {"building": "yes", "source": "way"}, "geometry": {"type": "Point", "coordinates": [-82.92118304208411, 42.390389822959136]}}, {"type": "Feature", "properties": {"building": "yes", "source": "way"}, "geometry": {"type": "Point", "coordinates": [-82.92105425678979, 42.39025695224938]}}, {"type": "Feature", "properties": {"building": "yes", "source": "way"}, "geometry": {"type": "Point", "coordinates": [-82.92092077182916, 42.39007851167769]}}, {"type": "Feature", "properties": {"building": "yes", "source": "way"}, "geometry": {"type": "Point", "coordinates": [-82.9207652608768, 42.38985001966601]}}, {"type": "Feature", "properties": {"building": "yes", "source": "way"}, "geometry": {"type": "Point", "coordinates": [-82.92043408709021, 42.38934012576523]}}, {"type": "Feature", "properties": {"building": "yes", "source": "way"}, "geometry": {"type": "Point", "coordinates": [-82.9201687372379, 42.388930675602815]}}, {"type": "Feature", "properties": {"building": "yes", "source": "way"}, "geometry": {"type": "Point", "coordinates": [-82.92035455000001, 42.3892026]}}, {"type": "Feature", "properties": {"building": "yes", "source": "way"}, "geometry": {"type": "Point", "coordinates": [-82.92051335581272, 42.3894594178123]}}, {"type": "Feature", "properties": {"building": "yes", "source": "way"}, "geometry": {"type": "Point", "coordinates": [-82.92060955, 42.38960615]}}, {"type": "Feature", "properties": {"building": "yes", "source": "way"}, "geometry": {"type": "Point", "coordinates": [-82.92069181288083, 42.38973262100397]}}, {"type": "Feature", "properties": {"building": "yes", "source": "way"}, "geometry": {"type": "Point", "coordinates": [-82.92097241722581, 42.38976119266884]}}, {"type": "Feature", "properties": {"building": "yes", "source": "way"}, "geometry": {"type": "Point", "coordinates": [-82.92150127583068, 42.39011095293733]}}, {"type": "Feature", "properties": {"building": "yes", "source": "way"}, "geometry": {"type": "Point", "coordinates": [-82.9213795691229, 42.39020029613089]}}, {"type": "Feature", "properties": {"building": "yes", "source": "way"}, "geometry": {"type": "Point", "coordinates": [-82.92147290760761, 42.39034191952459]}}, {"type": "Feature", "properties": {"building": "yes", "source": "way"}, "geometry": {"type": "Point", "coordinates": [-82.92063282071513, 42.3887561446848]}}, {"type": "Feature", "properties": {"building": "yes", "source": "way"}, "geometry": {"type": "Point", "coordinates": [-82.92073640000001, 42.388888449999996]}}, {"type": "Feature", "properties": {"building": "yes", "source": "way"}, "geometry": {"type": "Point", "coordinates": [-82.92207819061613, 42.388230934029764]}}, {"type": "Feature", "properties": {"building": "yes", "source": "way"}, "geometry": {"type": "Point", "coordinates": [-82.92215949999999, 42.388374950000006]}}, {"type": "Feature", "properties": {"building": "yes", "source": "way"}, "geometry": {"type": "Point", "coordinates": [-82.92226006382667, 42.388489786229265]}}, {"type": "Feature", "properties": {"building": "yes", "source": "way"}, "geometry": {"type": "Point", "coordinates": [-82.92233855, 42.38861020000001]}}, {"type": "Feature", "properties": {"building": "yes", "source": "way"}, "geometry": {"type": "Point", "coordinates": [-82.92239363171578, 42.38874505511198]}}, {"type": "Feature", "properties": {"building": "yes", "source": "way"}, "geometry": {"type": "Point", "coordinates": [-82.92250525265501, 42.38885995737542]}}, {"type": "Feature", "properties": {"building": "yes", "source": "way"}, "geometry": {"type": "Point", "coordinates": [-82.92259975, 42.3889836]}}, {"type": "Feature", "properties": {"building": "yes", "source": "way"}, "geometry": {"type": "Point", "coordinates": [-82.92248035, 42.388324999999995]}}, {"type": "Feature", "properties": {"building": "yes", "source": "way"}, "geometry": {"type": "Point", "coordinates": [-82.9225293, 42.3883971]}}, {"type": "Feature", "properties": {"building": "yes", "source": "way"}, "geometry": {"type": "Point", "coordinates": [-82.92232012009397, 42.388275334550045]}}, {"type": "Feature", "properties": {"building": "yes", "source": "way"}, "geometry": {"type": "Point", "coordinates": [-82.91873013195885, 42.386778706515734]}}, {"type": "Feature", "properties": {"building": "yes", "source": "way"}, "geometry": {"type": "Point", "coordinates": [-82.91889221661943, 42.38692721368238]}}, {"type": "Feature", "properties": {"building": "yes", "source": "way"}, "geometry": {"type": "Point", "coordinates": [-82.9189934058445, 42.3871223286587]}}, {"type": "Feature", "properties": {"building": "yes", "source": "way"}, "geometry": {"type": "Point", "coordinates": [-82.91919876413284, 42.38745176899584]}}, {"type": "Feature", "properties": {"building": "yes", "source": "way"}, "geometry": {"type": "Point", "coordinates": [-82.9193047914874, 42.38759694264214]}}, {"type": "Feature", "properties": {"building": "yes", "source": "way"}, "geometry": {"type": "Point", "coordinates": [-82.91940106905211, 42.387761621035025]}}, {"type": "Feature", "properties": {"building": "yes", "source": "way"}, "geometry": {"type": "Point", "coordinates": [-82.91952222079735, 42.387927257242]}}, {"type": "Feature", "properties": {"building": "yes", "source": "way"}, "geometry": {"type": "Point", "coordinates": [-82.91959659999999, 42.38808310000001]}}, {"type": "Feature", "properties": {"building": "yes", "source": "way"}, "geometry": {"type": "Point", "coordinates": [-82.91973300803134, 42.38825171740498]}}, {"type": "Feature", "properties": {"building": "yes", "source": "way"}, "geometry": {"type": "Point", "coordinates": [-82.91982029567167, 42.3884074312866]}}, {"type": "Feature", "properties": {"building": "yes", "source": "way"}, "geometry": {"type": "Point", "coordinates": [-82.91993444257663, 42.38856056103133]}}, {"type": "Feature", "properties": {"building": "yes", "source": "way"}, "geometry": {"type": "Point", "coordinates": [-82.92011589284834, 42.38845658133861]}}, {"type": "Feature", "properties": {"building": "yes", "source": "way"}, "geometry": {"type": "Point", "coordinates": [-82.92039358032774, 42.38837590539795]}}, {"type": "Feature", "properties": {"building": "yes", "source": "way"}, "geometry": {"type": "Point", "coordinates": [-82.92027914632358, 42.388217262222156]}}, {"type": "Feature", "properties": {"building": "yes", "source": "way"}, "geometry": {"type": "Point", "coordinates": [-82.92006688042967, 42.387916455022925]}}, {"type": "Feature", "properties": {"building": "yes", "source": "way"}, "geometry": {"type": "Point", "coordinates": [-82.92021601952861, 42.38841514598019]}}, {"type": "Feature", "properties": {"building": "yes", "source": "way"}, "geometry": {"type": "Point", "coordinates": [-82.91983339019721, 42.38804427995015]}}, {"type": "Feature", "properties": {"building": "yes", "source": "way"}, "geometry": {"type": "Point", "coordinates": [-82.92019280000001, 42.388057950000004]}}, {"type": "Feature", "properties": {"building": "yes", "source": "way"}, "geometry": {"type": "Point", "coordinates": [-82.91990502232971, 42.38771120677745]}}, {"type": "Feature", "properties": {"building": "yes", "source": "way"}, "geometry": {"type": "Point", "coordinates": [-82.91982772186242, 42.38753766831343]}}, {"type": "Feature", "properties": {"building": "yes", "source": "way"}, "geometry": {"type": "Point", "coordinates": [-82.91968564114842, 42.38733885711177]}}, {"type": "Feature", "properties": {"building": "yes", "source": "way"}, "geometry": {"type": "Point", "coordinates": [-82.91960396920558, 42.387173593229505]}}, {"type": "Feature", "properties": {"building": "yes", "source": "way"}, "geometry": {"type": "Point", "coordinates": [-82.91948287805421, 42.3869758908404]}}, {"type": "Feature", "properties": {"building": "yes", "source": "way"}, "geometry": {"type": "Point", "coordinates": [-82.91933564497162, 42.38679792858743]}}, {"type": "Feature", "properties": {"building": "yes", "source": "way"}, "geometry": {"type": "Point", "coordinates": [-82.91921630731727, 42.3866163974218]}}, {"type": "Feature", "properties": {"building": "yes", "source": "way"}, "geometry": {"type": "Point", "coordinates": [-82.9194718, 42.3872722]}}, {"type": "Feature", "properties": {"building": "yes", "source": "way"}, "geometry": {"type": "Point", "coordinates": [-82.91958718067819, 42.387463654503705]}}, {"type": "Feature", "properties": {"building": "yes", "source": "way"}, "geometry": {"type": "Point", "coordinates": [-82.91933230752934, 42.38726191902045]}}, {"type": "Feature", "properties": {"building": "yes", "source": "way"}, "geometry": {"type": "Point", "coordinates": [-82.91911036158521, 42.38728461782019]}}, {"type": "Feature", "properties": {"building": "yes", "source": "way"}, "geometry": {"type": "Point", "coordinates": [-82.91936064083596, 42.38708728083095]}}, {"type": "Feature", "properties": {"building": "yes", "source": "way"}, "geometry": {"type": "Point", "coordinates": [-82.9196481, 42.387742450000005]}}, {"type": "Feature", "properties": {"building": "yes", "source": "way"}, "geometry": {"type": "Point", "coordinates": [-82.91969763002236, 42.3878069538736]}}, {"type": "Feature", "properties": {"building": "yes", "source": "way"}, "geometry": {"type": "Point", "coordinates": [-82.91821959193983, 42.38697633495857]}}, {"type": "Feature", "properties": {"building": "yes", "source": "way"}, "geometry": {"type": "Point", "coordinates": [-82.9183194663924, 42.38715846599494]}}, {"type": "Feature", "properties": {"building": "yes", "source": "way"}, "geometry": {"type": "Point", "coordinates": [-82.91847653729968, 42.387352388366914]}}, {"type": "Feature", "properties": {"building": "yes", "source": "way"}, "geometry": {"type": "Point", "coordinates": [-82.91858875785458, 42.387528990308674]}}, {"type": "Feature", "properties": {"building": "yes", "source": "way"}, "geometry": {"type": "Point", "coordinates": [-82.91872279288592, 42.387724172396986]}}, {"type": "Feature", "properties": {"building": "yes", "source": "way"}, "geometry": {"type": "Point", "coordinates": [-82.91883266868497, 42.38790209598409]}}, {"type": "Feature", "properties": {"building": "yes", "source": "way"}, "geometry": {"type": "Point", "coordinates": [-82.9189386681409, 42.38807571027007]}}, {"type": "Feature", "properties": {"building": "yes", "source": "way"}, "geometry": {"type": "Point", "coordinates": [-82.91906535, 42.388239150000004]}}, {"type": "Feature", "properties": {"building": "yes", "source": "way"}, "geometry": {"type": "Point", "coordinates": [-82.91928122562791, 42.38858170131447]}}, {"type": "Feature", "properties": {"building": "yes", "source": "way"}, "geometry": {"type": "Point", "coordinates": [-82.91911165, 42.38870675000001]}}, {"type": "Feature", "properties": {"building": "yes", "source": "way"}, "geometry": {"type": "Point", "coordinates": [-82.91892003985693, 42.38891158040457]}}, {"type": "Feature", "properties": {"building": "yes", "source": "way"}, "geometry": {"type": "Point", "coordinates": [-82.91939929084378, 42.388754227172385]}}, {"type": "Feature", "properties": {"building": "yes", "source": "way"}, "geometry": {"type": "Point", "coordinates": [-82.91918969377728, 42.388413981153036]}}, {"type": "Feature", "properties": {"building": "yes", "source": "way"}, "geometry": {"type": "Point", "coordinates": [-82.91886785, 42.388586399999994]}}, {"type": "Feature", "properties": {"building": "yes", "source": "way"}, "geometry": {"type": "Point", "coordinates": [-82.92041682488511, 42.3889518145345]}}, {"type": "Feature", "properties": {"building": "yes", "source": "way"}, "geometry": {"type": "Point", "coordinates": [-82.920798, 42.3890035]}}, {"type": "Feature", "properties": {"building": "yes", "source": "way"}, "geometry": {"type": "Point", "coordinates": [-82.9208563335852, 42.38912669967967]}}, {"type": "Feature", "properties": {"building": "yes", "source": "way"}, "geometry": {"type": "Point", "coordinates": [-82.92097754436617, 42.38926443563037]}}, {"type": "Feature", "properties": {"building": "yes", "source": "way"}, "geometry": {"type": "Point", "coordinates": [-82.91977884514631, 42.38644553125903]}}, {"type": "Feature", "properties": {"building": "yes", "source": "way"}, "geometry": {"type": "Point", "coordinates": [-82.91986641860163, 42.38660409651848]}}, {"type": "Feature", "properties": {"building": "yes", "source": "way"}, "geometry": {"type": "Point", "coordinates": [-82.91998452272665, 42.386775985822794]}}, {"type": "Feature", "properties": {"building": "yes", "source": "way"}, "geometry": {"type": "Point", "coordinates": [-82.92012740730367, 42.386951360850695]}}, {"type": "Feature", "properties": {"building": "yes", "source": "way"}, "geometry": {"type": "Point", "coordinates": [-82.9203534966684, 42.387363081979984]}}, {"type": "Feature", "properties": {"building": "yes", "source": "way"}, "geometry": {"type": "Point", "coordinates": [-82.9204890030332, 42.38753124076631]}}, {"type": "Feature", "properties": {"building": "yes", "source": "way"}, "geometry": {"type": "Point", "coordinates": [-82.92058700000001, 42.387691700000005]}}, {"type": "Feature", "properties": {"building": "yes", "source": "way"}, "geometry": {"type": "Point", "coordinates": [-82.92067673139167, 42.38787890561139]}}, {"type": "Feature", "properties": {"building": "yes", "source": "way"}, "geometry": {"type": "Point", "coordinates": [-82.92079655194709, 42.38804011775674]}}, {"type": "Feature", "properties": {"building": "yes", "source": "way"}, "geometry": {"type": "Point", "coordinates": [-82.92090839213293, 42.3882272266213]}}, {"type": "Feature", "properties": {"building": "yes", "source": "way"}, "geometry": {"type": "Point", "coordinates": [-82.92130418338697, 42.388052521248234]}}, {"type": "Feature", "properties": {"building": "yes", "source": "way"}, "geometry": {"type": "Point", "coordinates": [-82.9211879095172, 42.387884826252254]}}, {"type": "Feature", "properties": {"building": "yes", "source": "way"}, "geometry": {"type": "Point", "coordinates": [-82.9211014893623, 42.3877277922349]}}, {"type": "Feature", "properties": {"building": "yes", "source": "way"}, "geometry": {"type": "Point", "coordinates": [-82.92015877752024, 42.38629773591068]}}, {"type": "Feature", "properties": {"building": "yes", "source": "way"}, "geometry": {"type": "Point", "coordinates": [-82.92028923901312, 42.386468454767474]}}, {"type": "Feature", "properties": {"building": "yes", "source": "way"}, "geometry": {"type": "Point", "coordinates": [-82.9203900574298, 42.38661629561696]}}, {"type": "Feature", "properties": {"building": "yes", "source": "way"}, "geometry": {"type": "Point", "coordinates": [-82.92050085311641, 42.38682317948794]}}, {"type": "Feature", "properties": {"building": "yes", "source": "way"}, "geometry": {"type": "Point", "coordinates": [-82.92065490000002, 42.38699450000001]}}, {"type": "Feature", "properties": {"building": "yes", "source": "way"}, "geometry": {"type": "Point", "coordinates": [-82.92075876756371, 42.38719923019377]}}, {"type": "Feature", "properties": {"building": "yes", "source": "way"}, "geometry": {"type": "Point", "coordinates": [-82.92088170000001, 42.38736385]}}, {"type": "Feature", "properties": {"building": "yes", "source": "way"}, "geometry": {"type": "Point", "coordinates": [-82.92069033512469, 42.3873673657675]}}, {"type": "Feature", "properties": {"building": "yes", "source": "way"}, "geometry": {"type": "Point", "coordinates": [-82.9209066, 42.3877243]}}, {"type": "Feature", "properties": {"building": "yes", "source": "way"}, "geometry": {"type": "Point", "coordinates": [-82.9202632419507, 42.387174927012005]}}, {"type": "Feature", "properties": {"building": "yes", "source": "way"}, "geometry": {"type": "Point", "coordinates": [-82.92046298033367, 42.38724010433769]}}, {"type": "Feature", "properties": {"building": "yes", "source": "way"}, "geometry": {"type": "Point", "coordinates": [-82.92080293032251, 42.38754975464327]}}, {"type": "Feature", "properties": {"building": "yes", "source": "way"}, "geometry": {"type": "Point", "coordinates": [-82.92097791135798, 42.38757025575329]}}, {"type": "Feature", "properties": {"building": "yes", "source": "way"}, "geometry": {"type": "Point", "coordinates": [-82.92018954999999, 42.386641]}}, {"type": "Feature", "properties": {"building": "yes", "source": "way"}, "geometry": {"type": "Point", "coordinates": [-82.92017973168196, 42.38679290342918]}}, {"type": "Feature", "properties": {"building": "yes", "source": "way"}, "geometry": {"type": "Point", "coordinates": [-82.91865013040832, 42.38801730393404]}}, {"type": "Feature", "properties": {"building": "yes", "source": "way"}, "geometry": {"type": "Point", "coordinates": [-82.91882080000002, 42.388265800000006]}}, {"type": "Feature", "properties": {"building": "yes", "source": "way"}, "geometry": {"type": "Point", "coordinates": [-82.92067384079726, 42.38606921294161]}}, {"type": "Feature", "properties": {"building": "yes", "source": "way"}, "geometry": {"type": "Point", "coordinates": [-82.92079848523196, 42.38624929933998]}}, {"type": "Feature", "properties": {"building": "yes", "source": "way"}, "geometry": {"type": "Point", "coordinates": [-82.92092635661074, 42.3864470066375]}}, {"type": "Feature", "properties": {"building": "yes", "source": "way"}, "geometry": {"type": "Point", "coordinates": [-82.9211766976015, 42.386834358187656]}}, {"type": "Feature", "properties": {"building": "yes", "source": "way"}, "geometry": {"type": "Point", "coordinates": [-82.9212949183577, 42.38700094292027]}}, {"type": "Feature", "properties": {"building": "yes", "source": "way"}, "geometry": {"type": "Point", "coordinates": [-82.9213871101959, 42.3871887931939]}}, {"type": "Feature", "properties": {"building": "yes", "source": "way"}, "geometry": {"type": "Point", "coordinates": [-82.9218575, 42.3878582]}}, {"type": "Feature", "properties": {"building": "yes", "source": "way"}, "geometry": {"type": "Point", "coordinates": [-82.92241220496196, 42.38770586582524]}}, {"type": "Feature", "properties": {"building": "yes", "source": "way"}, "geometry": {"type": "Point", "coordinates": [-82.92225808542578, 42.387537888107666]}}, {"type": "Feature", "properties": {"building": "yes", "source": "way"}, "geometry": {"type": "Point", "coordinates": [-82.92120181009403, 42.38588786300801]}}, {"type": "Feature", "properties": {"building": "yes", "source": "way"}, "geometry": {"type": "Point", "coordinates": [-82.9213477, 42.38599899999999]}}, {"type": "Feature", "properties": {"building": "yes", "source": "way"}, "geometry": {"type": "Point", "coordinates": [-82.92152365956208, 42.38632846910637]}}, {"type": "Feature", "properties": {"building": "yes", "source": "way"}, "geometry": {"type": "Point", "coordinates": [-82.9220219145953, 42.38577517667163]}}, {"type": "Feature", "properties": {"building": "yes", "source": "way"}, "geometry": {"type": "Point", "coordinates": [-82.92218133663708, 42.3859004128074]}}, {"type": "Feature", "properties": {"building": "yes", "source": "way"}, "geometry": {"type": "Point", "coordinates": [-82.92223022597184, 42.386076668188664]}}, {"type": "Feature", "properties": {"building": "yes", "source": "way"}, "geometry": {"type": "Point", "coordinates": [-82.92233275000001, 42.38624324999999]}}, {"type": "Feature", "properties": {"building": "yes", "source": "way"}, "geometry": {"type": "Point", "coordinates": [-82.9224499612305, 42.38637066692388]}}, {"type": "Feature", "properties": {"building": "yes", "source": "way"}, "geometry": {"type": "Point", "coordinates": [-82.92255666055243, 42.386528146513]}}, {"type": "Feature", "properties": {"building": "yes", "source": "way"}, "geometry": {"type": "Point", "coordinates": [-82.92163132515992, 42.38647776196486]}}, {"type": "Feature", "properties": {"building": "yes", "source": "way"}, "geometry": {"type": "Point", "coordinates": [-82.92175089999999, 42.38661990000001]}}, {"type": "Feature", "properties": {"building": "yes", "source": "way"}, "geometry": {"type": "Point", "coordinates": [-82.92178824237759, 42.38678224349107]}}, {"type": "Feature", "properties": {"building": "yes", "source": "way"}, "geometry": {"type": "Point", "coordinates": [-82.92193067160514, 42.386933779297145]}}, {"type": "Feature", "properties": {"building": "yes", "source": "way"}, "geometry": {"type": "Point", "coordinates": [-82.92200935223805, 42.38710401773639]}}, {"type": "Feature", "properties": {"building": "yes", "source": "way"}, "geometry": {"type": "Point", "coordinates": [-82.92204857010196, 42.387244924849924]}}, {"type": "Feature", "properties": {"building": "yes", "source": "way"}, "geometry": {"type": "Point", "coordinates": [-82.92220448965308, 42.387423522211996]}}, {"type": "Feature", "properties": {"building": "yes", "source": "way"}, "geometry": {"type": "Point", "coordinates": [-82.9220610448907, 42.387679081200496]}}, {"type": "Feature", "properties": {"building": "yes", "source": "way"}, "geometry": {"type": "Point", "coordinates": [-82.92211570670473, 42.38776011896606]}}, {"type": "Feature", "properties": {"building": "yes", "source": "way"}, "geometry": {"type": "Point", "coordinates": [-82.92165581331423, 42.38754384776553]}}, {"type": "Feature", "properties": {"building": "yes", "source": "way"}, "geometry": {"type": "Point", "coordinates": [-82.9215175, 42.3873702]}}, {"type": "Feature", "properties": {"building": "yes", "source": "way"}, "geometry": {"type": "Point", "coordinates": [-82.92175836605622, 42.387219726599696]}}, {"type": "Feature", "properties": {"building": "yes", "source": "way"}, "geometry": {"type": "Point", "coordinates": [-82.92197155, 42.3877653]}}, {"type": "Feature", "properties": {"building": "yes", "source": "way"}, "geometry": {"type": "Point", "coordinates": [-82.9215664, 42.386916150000005]}}, {"type": "Feature", "properties": {"building": "yes", "source": "way"}, "geometry": {"type": "Point", "coordinates": [-82.92148663957904, 42.38678328159464]}}, {"type": "Feature", "properties": {"building": "yes", "source": "way"}, "geometry": {"type": "Point", "coordinates": [-82.92150236074141, 42.38708636947045]}}, {"type": "Feature", "properties": {"building": "yes", "source": "way"}, "geometry": {"type": "Point", "coordinates": [-82.92130626864538, 42.38670784523154]}}, {"type": "Feature", "properties": {"building": "yes", "source": "way"}, "geometry": {"type": "Point", "coordinates": [-82.92124840000001, 42.38662320000001]}}, {"type": "Feature", "properties": {"building": "yes", "source": "way"}, "geometry": {"type": "Point", "coordinates": [-82.9210347221304, 42.38664168590138]}}, {"type": "Feature", "properties": {"building": "yes", "source": "way"}, "geometry": {"type": "Point", "coordinates": [-82.92126331869142, 42.38647054532608]}}, {"type": "Feature", "properties": {"building": "yes", "source": "way"}, "geometry": {"type": "Point", "coordinates": [-82.92131588116926, 42.386534754031786]}}, {"type": "Feature", "properties": {"building": "yes", "source": "way"}, "geometry": {"type": "Point", "coordinates": [-82.92129636688249, 42.386211722386]}}, {"type": "Feature", "properties": {"building": "yes", "source": "way"}, "geometry": {"type": "Point", "coordinates": [-82.92095135000001, 42.3859998]}}, {"type": "Feature", "properties": {"building": "yes", "source": "way"}, "geometry": {"type": "Point", "coordinates": [-82.92255473761108, 42.38538977412773]}}, {"type": "Feature", "properties": {"building": "yes", "source": "way"}, "geometry": {"type": "Point", "coordinates": [-82.9226225, 42.3861725]}}, {"type": "Feature", "properties": {"building": "yes", "source": "way"}, "geometry": {"type": "Point", "coordinates": [-82.92252105, 42.386001099999994]}}, {"type": "Feature", "properties": {"building": "yes", "source": "way"}, "geometry": {"type": "Point", "coordinates": [-82.92244302477549, 42.385858785814335]}}, {"type": "Feature", "properties": {"building": "yes", "source": "way"}, "geometry": {"type": "Point", "coordinates": [-82.91966317797144, 42.38358044939306]}}, {"type": "Feature", "properties": {"building": "yes", "source": "way"}, "geometry": {"type": "Point", "coordinates": [-82.91980557565704, 42.383747308379895]}}, {"type": "Feature", "properties": {"building": "yes", "source": "way"}, "geometry": {"type": "Point", "coordinates": [-82.9199478009996, 42.38390268130662]}}, {"type": "Feature", "properties": {"building": "yes", "source": "way"}, "geometry": {"type": "Point", "coordinates": [-82.92018139460073, 42.38424423131591]}}, {"type": "Feature", "properties": {"building": "yes", "source": "way"}, "geometry": {"type": "Point", "coordinates": [-82.92028688024531, 42.384423567236325]}}, {"type": "Feature", "properties": {"building": "yes", "source": "way"}, "geometry": {"type": "Point", "coordinates": [-82.92048296851921, 42.38482603756102]}}, {"type": "Feature", "properties": {"building": "yes", "source": "way"}, "geometry": {"type": "Point", "coordinates": [-82.9206637216738, 42.385063305487776]}}, {"type": "Feature", "properties": {"building": "yes", "source": "way"}, "geometry": {"type": "Point", "coordinates": [-82.9208728749623, 42.38538409110826]}}, {"type": "Feature", "properties": {"building": "yes", "source": "way"}, "geometry": {"type": "Point", "coordinates": [-82.92103525, 42.385549899999994]}}, {"type": "Feature", "properties": {"building": "yes", "source": "way"}, "geometry": {"type": "Point", "coordinates": [-82.92051954974619, 42.38574428073451]}}, {"type": "Feature", "properties": {"building": "yes", "source": "way"}, "geometry": {"type": "Point", "coordinates": [-82.92033255907936, 42.385536856789095]}}, {"type": "Feature", "properties": {"building": "yes", "source": "way"}, "geometry": {"type": "Point", "coordinates": [-82.92054549999999, 42.385553599999994]}}, {"type": "Feature", "properties": {"building": "yes", "source": "way"}, "geometry": {"type": "Point", "coordinates": [-82.92014065573358, 42.385261314905655]}}, {"type": "Feature", "properties": {"building": "yes", "source": "way"}, "geometry": {"type": "Point", "coordinates": [-82.91993404492506, 42.38506834478172]}}, {"type": "Feature", "properties": {"building": "yes", "source": "way"}, "geometry": {"type": "Point", "coordinates": [-82.91974233205316, 42.38479885514847]}}, {"type": "Feature", "properties": {"building": "yes", "source": "way"}, "geometry": {"type": "Point", "coordinates": [-82.91961599027644, 42.38457014036127]}}, {"type": "Feature", "properties": {"building": "yes", "source": "way"}, "geometry": {"type": "Point", "coordinates": [-82.91943129419137, 42.38431850520758]}}, {"type": "Feature", "properties": {"building": "yes", "source": "way"}, "geometry": {"type": "Point", "coordinates": [-82.91925788083576, 42.38406765146605]}}, {"type": "Feature", "properties": {"building": "yes", "source": "way"}, "geometry": {"type": "Point", "coordinates": [-82.91912451256829, 42.38381818957843]}}, {"type": "Feature", "properties": {"building": "yes", "source": "way"}, "geometry": {"type": "Point", "coordinates": [-82.91956544346851, 42.38406708163395]}}, {"type": "Feature", "properties": {"building": "yes", "source": "way"}, "geometry": {"type": "Point", "coordinates": [-82.91991390000001, 42.38437544999999]}}, {"type": "Feature", "properties": {"building": "yes", "source": "way"}, "geometry": {"type": "Point", "coordinates": [-82.92003331314669, 42.38456912738818]}}, {"type": "Feature", "properties": {"building": "yes", "source": "way"}, "geometry": {"type": "Point", "coordinates": [-82.92037987385571, 42.384624975690016]}}, {"type": "Feature", "properties": {"building": "yes", "source": "way"}, "geometry": {"type": "Point", "coordinates": [-82.92041147418932, 42.383279767020994]}}, {"type": "Feature", "properties": {"building": "yes", "source": "way"}, "geometry": {"type": "Point", "coordinates": [-82.92052641791335, 42.38348896140396]}}, {"type": "Feature", "properties": {"building": "yes", "source": "way"}, "geometry": {"type": "Point", "coordinates": [-82.92065271930282, 42.38365295285493]}}, {"type": "Feature", "properties": {"building": "yes", "source": "way"}, "geometry": {"type": "Point", "coordinates": [-82.92082756328162, 42.383808938745695]}}, {"type": "Feature", "properties": {"building": "yes", "source": "way"}, "geometry": {"type": "Point", "coordinates": [-82.9211023528336, 42.383064581599086]}}, {"type": "Feature", "properties": {"building": "yes", "source": "way"}, "geometry": {"type": "Point", "coordinates": [-82.92122570461005, 42.383256568740315]}}, {"type": "Feature", "properties": {"building": "yes", "source": "way"}, "geometry": {"type": "Point", "coordinates": [-82.92134898112347, 42.3834518819139]}}, {"type": "Feature", "properties": {"building": "yes", "source": "way"}, "geometry": {"type": "Point", "coordinates": [-82.92146370999653, 42.38362826649631]}}, {"type": "Feature", "properties": {"building": "yes", "source": "way"}, "geometry": {"type": "Point", "coordinates": [-82.92152836369281, 42.38383441000407]}}, {"type": "Feature", "properties": {"building": "yes", "source": "way"}, "geometry": {"type": "Point", "coordinates": [-82.92170767954373, 42.38401043451881]}}, {"type": "Feature", "properties": {"building": "yes", "source": "way"}, "geometry": {"type": "Point", "coordinates": [-82.92181243124583, 42.38415110401444]}}, {"type": "Feature", "properties": {"building": "yes", "source": "way"}, "geometry": {"type": "Point", "coordinates": [-82.92194498140839, 42.38435630639267]}}, {"type": "Feature", "properties": {"building": "yes", "source": "way"}, "geometry": {"type": "Point", "coordinates": [-82.92218045893749, 42.38471985678871]}}, {"type": "Feature", "properties": {"building": "yes", "source": "way"}, "geometry": {"type": "Point", "coordinates": [-82.92228873349251, 42.38489994321768]}}, {"type": "Feature", "properties": {"building": "yes", "source": "way"}, "geometry": {"type": "Point", "coordinates": [-82.92238787413366, 42.38507143390752]}}, {"type": "Feature", "properties": {"building": "yes", "source": "way"}, "geometry": {"type": "Point", "coordinates": [-82.92209071794623, 42.38453888877023]}}, {"type": "Feature", "properties": {"building": "yes", "source": "way"}, "geometry": {"type": "Point", "coordinates": [-82.92171005, 42.384240750000004]}}, {"type": "Feature", "properties": {"building": "yes", "source": "way"}, "geometry": {"type": "Point", "coordinates": [-82.92145544089612, 42.384361229453]}}, {"type": "Feature", "properties": {"building": "yes", "source": "way"}, "geometry": {"type": "Point", "coordinates": [-82.92122779058559, 42.384509823279565]}}, {"type": "Feature", "properties": {"building": "yes", "source": "way"}, "geometry": {"type": "Point", "coordinates": [-82.92131632764442, 42.38468886475058]}}, {"type": "Feature", "properties": {"building": "yes", "source": "way"}, "geometry": {"type": "Point", "coordinates": [-82.92141670651257, 42.38483288019454]}}, {"type": "Feature", "properties": {"building": "yes", "source": "way"}, "geometry": {"type": "Point", "coordinates": [-82.92153858321014, 42.38499142100646]}}, {"type": "Feature", "properties": {"building": "yes", "source": "way"}, "geometry": {"type": "Point", "coordinates": [-82.92162294999999, 42.3851618]}}, {"type": "Feature", "properties": {"building": "yes", "source": "way"}, "geometry": {"type": "Point", "coordinates": [-82.92172690059569, 42.385287205579566]}}, {"type": "Feature", "properties": {"building": "yes", "source": "way"}, "geometry": {"type": "Point", "coordinates": [-82.92194147171777, 42.385098385072496]}}, {"type": "Feature", "properties": {"building": "yes", "source": "way"}, "geometry": {"type": "Point", "coordinates": [-82.92197944331998, 42.38516382227494]}}, {"type": "Feature", "properties": {"building": "yes", "source": "way"}, "geometry": {"type": "Point", "coordinates": [-82.92210475, 42.38512990000001]}}, {"type": "Feature", "properties": {"building": "yes", "source": "way"}, "geometry": {"type": "Point", "coordinates": [-82.92197965, 42.38494005]}}, {"type": "Feature", "properties": {"building": "yes", "source": "way"}, "geometry": {"type": "Point", "coordinates": [-82.9219151, 42.38485425]}}, {"type": "Feature", "properties": {"building": "yes", "source": "way"}, "geometry": {"type": "Point", "coordinates": [-82.92183370000001, 42.384934650000005]}}, {"type": "Feature", "properties": {"building": "yes", "source": "way"}, "geometry": {"type": "Point", "coordinates": [-82.92172529999999, 42.384775649999995]}}, {"type": "Feature", "properties": {"building": "yes", "source": "way"}, "geometry": {"type": "Point", "coordinates": [-82.9215803812124, 42.384525056999706]}}, {"type": "Feature", "properties": {"building": "yes", "source": "way"}, "geometry": {"type": "Point", "coordinates": [-82.92110533007057, 42.38431470625897]}}, {"type": "Feature", "properties": {"building": "yes", "source": "way"}, "geometry": {"type": "Point", "coordinates": [-82.92097272318567, 42.38417221323421]}}, {"type": "Feature", "properties": {"building": "yes", "source": "way"}, "geometry": {"type": "Point", "coordinates": [-82.9208950681407, 42.38399474814389]}}, {"type": "Feature", "properties": {"building": "yes", "source": "way"}, "geometry": {"type": "Point", "coordinates": [-82.92129329667398, 42.38409593244719]}}, {"type": "Feature", "properties": {"building": "yes", "source": "way"}, "geometry": {"type": "Point", "coordinates": [-82.92111903936163, 42.38383948112691]}}, {"type": "Feature", "properties": {"building": "yes", "source": "way"}, "geometry": {"type": "Point", "coordinates": [-82.92097245752562, 42.38360186826362]}}, {"type": "Feature", "properties": {"building": "yes", "source": "way"}, "geometry": {"type": "Point", "coordinates": [-82.92100172771183, 42.383484535279614]}}, {"type": "Feature", "properties": {"building": "yes", "source": "way"}, "geometry": {"type": "Point", "coordinates": [-82.92080659244893, 42.38312548153469]}}, {"type": "Feature", "properties": {"building": "yes", "source": "way"}, "geometry": {"type": "Point", "coordinates": [-82.9187222139843, 42.38440430609858]}}, {"type": "Feature", "properties": {"building": "yes", "source": "way"}, "geometry": {"type": "Point", "coordinates": [-82.91898838037892, 42.38490635940628]}}, {"type": "Feature", "properties": {"building": "yes", "source": "way"}, "geometry": {"type": "Point", "coordinates": [-82.9192033701137, 42.38528030823232]}}, {"type": "Feature", "properties": {"building": "yes", "source": "way"}, "geometry": {"type": "Point", "coordinates": [-82.92112098863792, 42.38190859167629]}}, {"type": "Feature", "properties": {"building": "yes", "source": "way"}, "geometry": {"type": "Point", "coordinates": [-82.92120981905181, 42.38210823948511]}}, {"type": "Feature", "properties": {"building": "yes", "source": "way"}, "geometry": {"type": "Point", "coordinates": [-82.92134891660177, 42.38231832633277]}}, {"type": "Feature", "properties": {"building": "yes", "source": "way"}, "geometry": {"type": "Point", "coordinates": [-82.92159318283724, 42.3826489875511]}}, {"type": "Feature", "properties": {"building": "yes", "source": "way"}, "geometry": {"type": "Point", "coordinates": [-82.92172531076645, 42.382833886076284]}}, {"type": "Feature", "properties": {"building": "yes", "source": "way"}, "geometry": {"type": "Point", "coordinates": [-82.92184230857546, 42.383028150922186]}}, {"type": "Feature", "properties": {"building": "yes", "source": "way"}, "geometry": {"type": "Point", "coordinates": [-82.92200695594025, 42.38319566586632]}}, {"type": "Feature", "properties": {"building": "yes", "source": "way"}, "geometry": {"type": "Point", "coordinates": [-82.92207149124128, 42.38338822381833]}}, {"type": "Feature", "properties": {"building": "yes", "source": "way"}, "geometry": {"type": "Point", "coordinates": [-82.92231157446636, 42.38377814317021]}}, {"type": "Feature", "properties": {"building": "yes", "source": "way"}, "geometry": {"type": "Point", "coordinates": [-82.92240322006438, 42.38393149541742]}}, {"type": "Feature", "properties": {"building": "yes", "source": "way"}, "geometry": {"type": "Point", "coordinates": [-82.92255867674658, 42.384140886440015]}}, {"type": "Feature", "properties": {"building": "yes", "source": "way"}, "geometry": {"type": "Point", "coordinates": [-82.91867929047879, 42.38061440832386]}}, {"type": "Feature", "properties": {"building": "yes", "source": "way"}, "geometry": {"type": "Point", "coordinates": [-82.91881392950293, 42.38085145585802]}}, {"type": "Feature", "properties": {"building": "yes", "source": "way"}, "geometry": {"type": "Point", "coordinates": [-82.91899508726667, 42.3811206232911]}}, {"type": "Feature", "properties": {"building": "yes", "source": "way"}, "geometry": {"type": "Point", "coordinates": [-82.91916220364244, 42.38138956266511]}}, {"type": "Feature", "properties": {"building": "yes", "source": "way"}, "geometry": {"type": "Point", "coordinates": [-82.91930367015341, 42.38159526855948]}}, {"type": "Feature", "properties": {"building": "yes", "source": "way"}, "geometry": {"type": "Point", "coordinates": [-82.9194314594874, 42.38178202038343]}}, {"type": "Feature", "properties": {"building": "yes", "source": "way"}, "geometry": {"type": "Point", "coordinates": [-82.91963275000003, 42.3820906]}}, {"type": "Feature", "properties": {"building": "yes", "source": "way"}, "geometry": {"type": "Point", "coordinates": [-82.91974847729429, 42.38225158379659]}}, {"type": "Feature", "properties": {"building": "yes", "source": "way"}, "geometry": {"type": "Point", "coordinates": [-82.91988898054096, 42.382451279039245]}}, {"type": "Feature", "properties": {"building": "yes", "source": "way"}, "geometry": {"type": "Point", "coordinates": [-82.91997161347396, 42.38261558840493]}}, {"type": "Feature", "properties": {"building": "yes", "source": "way"}, "geometry": {"type": "Point", "coordinates": [-82.92010697281934, 42.382793686475054]}}, {"type": "Feature", "properties": {"building": "yes", "source": "way"}, "geometry": {"type": "Point", "coordinates": [-82.9202119, 42.38294725]}}, {"type": "Feature", "properties": {"building": "yes", "source": "way"}, "geometry": {"type": "Point", "coordinates": [-82.91931254440725, 42.38053149230397]}}, {"type": "Feature", "properties": {"building": "yes", "source": "way"}, "geometry": {"type": "Point", "coordinates": [-82.91954691491608, 42.38076617765974]}}, {"type": "Feature", "properties": {"building": "yes", "source": "way"}, "geometry": {"type": "Point", "coordinates": [-82.91966562373699, 42.38094446151635]}}, {"type": "Feature", "properties": {"building": "yes", "source": "way"}, "geometry": {"type": "Point", "coordinates": [-82.91984041261277, 42.381143296278225]}}, {"type": "Feature", "properties": {"building": "yes", "source": "way"}, "geometry": {"type": "Point", "coordinates": [-82.91992507097433, 42.381358096412406]}}, {"type": "Feature", "properties": {"building": "yes", "source": "way"}, "geometry": {"type": "Point", "coordinates": [-82.92011117905493, 42.38152020590039]}}, {"type": "Feature", "properties": {"building": "yes", "source": "way"}, "geometry": {"type": "Point", "coordinates": [-82.92025043525054, 42.381716590827466]}}, {"type": "Feature", "properties": {"building": "yes", "source": "way"}, "geometry": {"type": "Point", "coordinates": [-82.9203846065299, 42.38190756739717]}}, {"type": "Feature", "properties": {"building": "yes", "source": "way"}, "geometry": {"type": "Point", "coordinates": [-82.92052770311267, 42.382119768671565]}}, {"type": "Feature", "properties": {"building": "yes", "source": "way"}, "geometry": {"type": "Point", "coordinates": [-82.920607034637, 42.382332704742296]}}, {"type": "Feature", "properties": {"building": "yes", "source": "way"}, "geometry": {"type": "Point", "coordinates": [-82.92074357173644, 42.38252218170978]}}, {"type": "Feature", "properties": {"building": "yes", "source": "way"}, "geometry": {"type": "Point", "coordinates": [-82.92088968559815, 42.3827150273314]}}, {"type": "Feature", "properties": {"building": "yes", "source": "way"}, "geometry": {"type": "Point", "coordinates": [-82.92047905, 42.3826636]}}, {"type": "Feature", "properties": {"building": "yes", "source": "way"}, "geometry": {"type": "Point", "coordinates": [-82.9204940815507, 42.38290235278716]}}, {"type": "Feature", "properties": {"building": "yes", "source": "way"}, "geometry": {"type": "Point", "coordinates": [-82.91931641450739, 42.38106977415032]}}, {"type": "Feature", "properties": {"building": "yes", "source": "way"}, "geometry": {"type": "Point", "coordinates": [-82.91950075595302, 42.38133511847426]}}, {"type": "Feature", "properties": {"building": "yes", "source": "way"}, "geometry": {"type": "Point", "coordinates": [-82.91953820000002, 42.38141734999999]}}, {"type": "Feature", "properties": {"building": "yes", "source": "way"}, "geometry": {"type": "Point", "coordinates": [-82.9201082, 42.382092549999996]}}, {"type": "Feature", "properties": {"building": "yes", "source": "way"}, "geometry": {"type": "Point", "coordinates": [-82.92007451481317, 42.38218767321619]}}, {"type": "Feature", "properties": {"building": "yes", "source": "way"}, "geometry": {"type": "Point", "coordinates": [-82.9203243, 42.3821009]}}, {"type": "Feature", "properties": {"building": "yes", "source": "way"}, "geometry": {"type": "Point", "coordinates": [-82.92060985, 42.38286265]}}, {"type": "Feature", "properties": {"building": "yes", "source": "way"}, "geometry": {"type": "Point", "coordinates": [-82.91934069245565, 42.38089125182042]}}, {"type": "Feature", "properties": {"building": "yes", "source": "way"}, "geometry": {"type": "Point", "coordinates": [-82.91976027839122, 42.381560964569445]}}, {"type": "Feature", "properties": {"building": "yes", "source": "way"}, "geometry": {"type": "Point", "coordinates": [-82.91822877661922, 42.381465611284355]}}, {"type": "Feature", "properties": {"building": "yes", "source": "way"}, "geometry": {"type": "Point", "coordinates": [-82.91844447292975, 42.38169425915195]}}, {"type": "Feature", "properties": {"building": "yes", "source": "way"}, "geometry": {"type": "Point", "coordinates": [-82.91860579160131, 42.38185620468731]}}, {"type": "Feature", "properties": {"building": "yes", "source": "way"}, "geometry": {"type": "Point", "coordinates": [-82.91866680834035, 42.382037377560145]}}, {"type": "Feature", "properties": {"building": "yes", "source": "way"}, "geometry": {"type": "Point", "coordinates": [-82.91881606233551, 42.38219242630025]}}, {"type": "Feature", "properties": {"building": "yes", "source": "way"}, "geometry": {"type": "Point", "coordinates": [-82.91931538589841, 42.38293434430443]}}, {"type": "Feature", "properties": {"building": "yes", "source": "way"}, "geometry": {"type": "Point", "coordinates": [-82.91949215269037, 42.38321092738014]}}, {"type": "Feature", "properties": {"building": "yes", "source": "way"}, "geometry": {"type": "Point", "coordinates": [-82.91921718062855, 42.38334115921804]}}, {"type": "Feature", "properties": {"building": "yes", "source": "way"}, "geometry": {"type": "Point", "coordinates": [-82.91878362939347, 42.38337939133003]}}, {"type": "Feature", "properties": {"building": "yes", "source": "way"}, "geometry": {"type": "Point", "coordinates": [-82.9185102947141, 42.38296115055766]}}, {"type": "Feature", "properties": {"building": "yes", "source": "way"}, "geometry": {"type": "Point", "coordinates": [-82.91803562629437, 42.382323125610135]}}, {"type": "Feature", "properties": {"building": "yes", "source": "way"}, "geometry": {"type": "Point", "coordinates": [-82.91775332543696, 42.3820686858232]}}, {"type": "Feature", "properties": {"building": "yes", "source": "way"}, "geometry": {"type": "Point", "coordinates": [-82.91738287613494, 42.381621990079545]}}, {"type": "Feature", "properties": {"building": "yes", "source": "way"}, "geometry": {"type": "Point", "coordinates": [-82.91723750000001, 42.38135580000001]}}, {"type": "Feature", "properties": {"building": "yes", "source": "way"}, "geometry": {"type": "Point", "coordinates": [-82.91709082220285, 42.38104733422551]}}, {"type": "Feature", "properties": {"building": "yes", "source": "way"}, "geometry": {"type": "Point", "coordinates": [-82.9215195779738, 42.38249949699066]}}, {"type": "Feature", "properties": {"building": "yes", "source": "way"}, "geometry": {"type": "Point", "coordinates": [-82.92152934334092, 42.382166931447905]}}, {"type": "Feature", "properties": {"building": "yes", "source": "way"}, "geometry": {"type": "Point", "coordinates": [-82.92100789917328, 42.38170412843171]}}, {"type": "Feature", "properties": {"building": "yes", "source": "way"}, "geometry": {"type": "Point", "coordinates": [-82.92083512066182, 42.38148787980533]}}, {"type": "Feature", "properties": {"building": "yes", "source": "way"}, "geometry": {"type": "Point", "coordinates": [-82.92068914106208, 42.381276519792216]}}, {"type": "Feature", "properties": {"building": "yes", "source": "way"}, "geometry": {"type": "Point", "coordinates": [-82.92054347380082, 42.38107203541894]}}, {"type": "Feature", "properties": {"building": "yes", "source": "way"}, "geometry": {"type": "Point", "coordinates": [-82.92042169999999, 42.380880749999996]}}, {"type": "Feature", "properties": {"building": "yes", "source": "way"}, "geometry": {"type": "Point", "coordinates": [-82.92027000084087, 42.38062855935972]}}, {"type": "Feature", "properties": {"building": "yes", "source": "way"}, "geometry": {"type": "Point", "coordinates": [-82.9205741, 42.380594499999994]}}, {"type": "Feature", "properties": {"building": "yes", "source": "way"}, "geometry": {"type": "Point", "coordinates": [-82.92103321017143, 42.38062363576626]}}, {"type": "Feature", "properties": {"building": "yes", "source": "way"}, "geometry": {"type": "Point", "coordinates": [-82.92114175941299, 42.38083831859653]}}, {"type": "Feature", "properties": {"building": "yes", "source": "way"}, "geometry": {"type": "Point", "coordinates": [-82.92128584632334, 42.381053175283576]}}, {"type": "Feature", "properties": {"building": "yes", "source": "way"}, "geometry": {"type": "Point", "coordinates": [-82.92141961026232, 42.381267271629675]}}, {"type": "Feature", "properties": {"building": "yes", "source": "way"}, "geometry": {"type": "Point", "coordinates": [-82.921569688907, 42.381449448210546]}}, {"type": "Feature", "properties": {"building": "yes", "source": "way"}, "geometry": {"type": "Point", "coordinates": [-82.9216764498019, 42.38162511672244]}}, {"type": "Feature", "properties": {"building": "yes", "source": "way"}, "geometry": {"type": "Point", "coordinates": [-82.92179911510895, 42.38181212528192]}}, {"type": "Feature", "properties": {"building": "yes", "source": "way"}, "geometry": {"type": "Point", "coordinates": [-82.92193035009637, 42.382035352623646]}}, {"type": "Feature", "properties": {"building": "yes", "source": "way"}, "geometry": {"type": "Point", "coordinates": [-82.92206513451136, 42.382237852652906]}}, {"type": "Feature", "properties": {"building": "yes", "source": "way"}, "geometry": {"type": "Point", "coordinates": [-82.92220438794584, 42.38244786871321]}}, {"type": "Feature", "properties": {"building": "yes", "source": "way"}, "geometry": {"type": "Point", "coordinates": [-82.92233760599224, 42.382629058383145]}}, {"type": "Feature", "properties": {"building": "yes", "source": "way"}, "geometry": {"type": "Point", "coordinates": [-82.92256878255034, 42.382984901962246]}}, {"type": "Feature", "properties": {"building": "yes", "source": "way"}, "geometry": {"type": "Point", "coordinates": [-82.92253144758683, 42.38324843304016]}}, {"type": "Feature", "properties": {"building": "yes", "source": "way"}, "geometry": {"type": "Point", "coordinates": [-82.92232660600041, 42.382947979572066]}}, {"type": "Feature", "properties": {"building": "yes", "source": "way"}, "geometry": {"type": "Point", "coordinates": [-82.92245177267421, 42.38281454940105]}}, {"type": "Feature", "properties": {"building": "yes", "source": "way"}, "geometry": {"type": "Point", "coordinates": [-82.92144119999999, 42.381840600000004]}}, {"type": "Feature", "properties": {"building": "yes", "source": "way"}, "geometry": {"type": "Point", "coordinates": [-82.92252868629367, 42.38157392413133]}}, {"type": "Feature", "properties": {"building": "yes", "source": "way"}, "geometry": {"type": "Point", "coordinates": [-82.92227309392092, 42.3811213165694]}}, {"type": "Feature", "properties": {"building": "yes", "source": "way"}, "geometry": {"type": "Point", "coordinates": [-82.92233855000002, 42.38126105]}}, {"type": "Feature", "properties": {"building": "yes", "source": "way"}, "geometry": {"type": "Point", "coordinates": [-82.92241694048482, 42.381412679191804]}}, {"type": "Feature", "properties": {"building": "yes", "source": "way"}, "geometry": {"type": "Point", "coordinates": [-82.9219309843325, 42.380567643952624]}}, {"type": "Feature", "properties": {"building": "yes", "source": "way"}, "geometry": {"type": "Point", "coordinates": [-82.92205461024031, 42.380802872399045]}}, {"type": "Feature", "properties": {"building": "yes", "source": "way"}, "geometry": {"type": "Point", "coordinates": [-82.92214910000001, 42.38097915]}}, {"type": "Feature", "properties": {"building": "yes", "source": "way"}, "geometry": {"type": "Point", "coordinates": [-82.9223038, 42.3807667]}}, {"type": "Feature", "properties": {"building": "yes", "source": "way"}, "geometry": {"type": "Point", "coordinates": [-82.92229188004531, 42.38086635299335]}}, {"type": "Feature", "properties": {"building": "yes", "source": "way"}, "geometry": {"type": "Point", "coordinates": [-82.91897352991178, 42.38235489107989]}}, {"type": "Feature", "properties": {"building": "yes", "source": "way"}, "geometry": {"type": "Point", "coordinates": [-82.91918025000003, 42.382674900000005]}}, {"type": "Feature", "properties": {"building": "yes", "source": "way"}, "geometry": {"type": "Point", "coordinates": [-82.9185375, 42.382498700000006]}}, {"type": "Feature", "properties": {"building": "yes", "source": "way"}, "geometry": {"type": "Point", "coordinates": [-82.91814500779785, 42.38257753493017]}}, {"type": "Feature", "properties": {"building": "yes", "source": "way"}, "geometry": {"type": "Point", "coordinates": [-82.91862866870183, 42.38241819602573]}}, {"type": "Feature", "properties": {"building": "yes", "source": "way"}, "geometry": {"type": "Point", "coordinates": [-82.91820760374382, 42.381977618268834]}}, {"type": "Feature", "properties": {"building": "yes", "source": "way"}, "geometry": {"type": "Point", "coordinates": [-82.91823077493969, 42.38182228741701]}}, {"type": "Feature", "properties": {"building": "yes", "source": "way"}, "geometry": {"type": "Point", "coordinates": [-82.91802222687534, 42.38096441658412]}}, {"type": "Feature", "properties": {"building": "yes", "source": "way"}, "geometry": {"type": "Point", "coordinates": [-82.9177355300238, 42.380817135014055]}}, {"type": "Feature", "properties": {"building": "yes", "source": "way"}, "geometry": {"type": "Point", "coordinates": [-82.91732438026315, 42.38087227829358]}}, {"type": "Feature", "properties": {"building": "yes", "source": "way"}, "geometry": {"type": "Point", "coordinates": [-82.91766651840987, 42.38160619695155]}}, {"type": "Feature", "properties": {"building": "yes", "source": "way"}, "geometry": {"type": "Point", "coordinates": [-82.91817749199245, 42.381156530193486]}}, {"type": "Feature", "properties": {"building": "yes", "source": "way"}, "geometry": {"type": "Point", "coordinates": [-82.91953085000002, 42.38186725]}}, {"type": "Feature", "properties": {"building": "yes", "source": "way"}, "geometry": {"type": "Point", "coordinates": [-82.92170575, 42.382352999999995]}}, {"type": "Feature", "properties": {"building": "yes", "source": "way"}, "geometry": {"type": "Point", "coordinates": [-82.92260597001143, 42.383745514535214]}}, {"type": "Feature", "properties": {"building": "yes", "source": "way"}, "geometry": {"type": "Point", "coordinates": [-82.92253341782994, 42.38036879208307]}}, {"type": "Feature", "properties": {"building": "yes", "source": "way"}, "geometry": {"type": "Point", "coordinates": [-82.92229038957464, 42.38019727110277]}}, {"type": "Feature", "properties": {"building": "yes", "source": "way"}, "geometry": {"type": "Point", "coordinates": [-82.92216589553753, 42.37995217169051]}}, {"type": "Feature", "properties": {"building": "yes", "source": "way"}, "geometry": {"type": "Point", "coordinates": [-82.92151589190246, 42.37997407792531]}}, {"type": "Feature", "properties": {"building": "yes", "source": "way"}, "geometry": {"type": "Point", "coordinates": [-82.9216347877404, 42.38019317335286]}}, {"type": "Feature", "properties": {"building": "yes", "source": "way"}, "geometry": {"type": "Point", "coordinates": [-82.92236534999999, 42.381024100000005]}}, {"type": "Feature", "properties": {"building": "yes", "source": "way"}, "geometry": {"type": "Point", "coordinates": [-82.9222246, 42.38057965]}}, {"type": "Feature", "properties": {"building": "yes", "source": "way"}, "geometry": {"type": "Point", "coordinates": [-82.91547606351025, 42.38175553821645]}}, {"type": "Feature", "properties": {"building": "yes", "source": "way"}, "geometry": {"type": "Point", "coordinates": [-82.91564790000001, 42.38200355]}}, {"type": "Feature", "properties": {"building": "yes", "source": "way"}, "geometry": {"type": "Point", "coordinates": [-82.91581485120233, 42.38225910958756]}}, {"type": "Feature", "properties": {"building": "yes", "source": "way"}, "geometry": {"type": "Point", "coordinates": [-82.91596541710406, 42.38249977287063]}}, {"type": "Feature", "properties": {"building": "yes", "source": "way"}, "geometry": {"type": "Point", "coordinates": [-82.91611509170228, 42.382747308454384]}}, {"type": "Feature", "properties": {"building": "yes", "source": "way"}, "geometry": {"type": "Point", "coordinates": [-82.91628653028891, 42.38296600736952]}}, {"type": "Feature", "properties": {"building": "yes", "source": "way"}, "geometry": {"type": "Point", "coordinates": [-82.91651983113587, 42.38298375656643]}}, {"type": "Feature", "properties": {"building": "yes", "source": "way"}, "geometry": {"type": "Point", "coordinates": [-82.91661726826268, 42.383345195109094]}}, {"type": "Feature", "properties": {"building": "yes", "source": "way"}, "geometry": {"type": "Point", "coordinates": [-82.91684964012173, 42.383843697435694]}}, {"type": "Feature", "properties": {"building": "yes", "source": "way"}, "geometry": {"type": "Point", "coordinates": [-82.91703608920938, 42.38403998761271]}}, {"type": "Feature", "properties": {"building": "yes", "source": "way"}, "geometry": {"type": "Point", "coordinates": [-82.91741627895169, 42.383894743670545]}}, {"type": "Feature", "properties": {"building": "yes", "source": "way"}, "geometry": {"type": "Point", "coordinates": [-82.91770595000001, 42.38379380000001]}}, {"type": "Feature", "properties": {"building": "yes", "source": "way"}, "geometry": {"type": "Point", "coordinates": [-82.91715215641325, 42.38347871819228]}}, {"type": "Feature", "properties": {"building": "yes", "source": "way"}, "geometry": {"type": "Point", "coordinates": [-82.91682728297364, 42.38297023720697]}}, {"type": "Feature", "properties": {"building": "yes", "source": "way"}, "geometry": {"type": "Point", "coordinates": [-82.91726808244515, 42.38281110088286]}}, {"type": "Feature", "properties": {"building": "yes", "source": "way"}, "geometry": {"type": "Point", "coordinates": [-82.91777181263726, 42.383266602396255]}}, {"type": "Feature", "properties": {"building": "yes", "source": "way"}, "geometry": {"type": "Point", "coordinates": [-82.91812713652413, 42.38360210059834]}}, {"type": "Feature", "properties": {"building": "yes", "source": "way"}, "geometry": {"type": "Point", "coordinates": [-82.91842825426332, 42.38409969744392]}}, {"type": "Feature", "properties": {"building": "yes", "source": "way"}, "geometry": {"type": "Point", "coordinates": [-82.91805806419238, 42.38421918479938]}}, {"type": "Feature", "properties": {"building": "yes", "source": "way"}, "geometry": {"type": "Point", "coordinates": [-82.91764682100707, 42.38437286469694]}}, {"type": "Feature", "properties": {"building": "yes", "source": "way"}, "geometry": {"type": "Point", "coordinates": [-82.91728669999999, 42.38447545]}}, {"type": "Feature", "properties": {"building": "yes", "source": "way"}, "geometry": {"type": "Point", "coordinates": [-82.91733687582581, 42.384646186332674]}}, {"type": "Feature", "properties": {"building": "yes", "source": "way"}, "geometry": {"type": "Point", "coordinates": [-82.91749062322701, 42.384839088264954]}}, {"type": "Feature", "properties": {"building": "yes", "source": "way"}, "geometry": {"type": "Point", "coordinates": [-82.91806770154172, 42.384639703487345]}}, {"type": "Feature", "properties": {"building": "yes", "source": "way"}, "geometry": {"type": "Point", "coordinates": [-82.91575465858702, 42.38322075343945]}}, {"type": "Feature", "properties": {"building": "yes", "source": "way"}, "geometry": {"type": "Point", "coordinates": [-82.91586921945648, 42.38341186537241]}}, {"type": "Feature", "properties": {"building": "yes", "source": "way"}, "geometry": {"type": "Point", "coordinates": [-82.91600609873285, 42.38363834666119]}}, {"type": "Feature", "properties": {"building": "yes", "source": "way"}, "geometry": {"type": "Point", "coordinates": [-82.91615092519565, 42.383827270456706]}}, {"type": "Feature", "properties": {"building": "yes", "source": "way"}, "geometry": {"type": "Point", "coordinates": [-82.91631978660257, 42.38404572080153]}}, {"type": "Feature", "properties": {"building": "yes", "source": "way"}, "geometry": {"type": "Point", "coordinates": [-82.91635896443954, 42.38431101310071]}}, {"type": "Feature", "properties": {"building": "yes", "source": "way"}, "geometry": {"type": "Point", "coordinates": [-82.91668595356582, 42.383601297769545]}}, {"type": "Feature", "properties": {"building": "yes", "source": "way"}, "geometry": {"type": "Point", "coordinates": [-82.91539779066579, 42.38271915077354]}}, {"type": "Feature", "properties": {"building": "yes", "source": "way"}, "geometry": {"type": "Point", "coordinates": [-82.91553427101422, 42.382971058516084]}}, {"type": "Feature", "properties": {"building": "yes", "source": "way"}, "geometry": {"type": "Point", "coordinates": [-82.91638473608279, 42.38176956398529]}}, {"type": "Feature", "properties": {"building": "yes", "source": "way"}, "geometry": {"type": "Point", "coordinates": [-82.91654338555868, 42.38194709014899]}}, {"type": "Feature", "properties": {"building": "yes", "source": "way"}, "geometry": {"type": "Point", "coordinates": [-82.91672209999999, 42.38224025]}}, {"type": "Feature", "properties": {"building": "yes", "source": "way"}, "geometry": {"type": "Point", "coordinates": [-82.9163309834913, 42.382500611924065]}}, {"type": "Feature", "properties": {"building": "yes", "source": "way"}, "geometry": {"type": "Point", "coordinates": [-82.91606524999999, 42.38225585000001]}}, {"type": "Feature", "properties": {"building": "yes", "source": "way"}, "geometry": {"type": "Point", "coordinates": [-82.91501546374583, 42.38222860105296]}}, {"type": "Feature", "properties": {"building": "yes", "source": "way"}, "geometry": {"type": "Point", "coordinates": [-82.91519662081127, 42.38248940100972]}}, {"type": "Feature", "properties": {"building": "yes", "source": "way"}, "geometry": {"type": "Point", "coordinates": [-82.91461422098882, 42.38241580039636]}}, {"type": "Feature", "properties": {"building": "yes", "source": "way"}, "geometry": {"type": "Point", "coordinates": [-82.91438767232367, 42.382162848447386]}}, {"type": "Feature", "properties": {"building": "yes", "source": "way"}, "geometry": {"type": "Point", "coordinates": [-82.91452255943749, 42.38180156460453]}}, {"type": "Feature", "properties": {"building": "yes", "source": "way"}, "geometry": {"type": "Point", "coordinates": [-82.91537355, 42.38146055]}}, {"type": "Feature", "properties": {"building": "yes", "source": "way"}, "geometry": {"type": "Point", "coordinates": [-82.91557652011916, 42.38115376944383]}}, {"type": "Feature", "properties": {"building": "yes", "source": "way"}, "geometry": {"type": "Point", "coordinates": [-82.91592909133783, 42.3810175021585]}}, {"type": "Feature", "properties": {"building": "yes", "source": "way"}, "geometry": {"type": "Point", "coordinates": [-82.9161862443071, 42.38121667608976]}}, {"type": "Feature", "properties": {"building": "yes", "source": "way"}, "geometry": {"type": "Point", "coordinates": [-82.91751567244962, 42.38348143698164]}}, {"type": "Feature", "properties": {"building": "yes", "source": "way"}, "geometry": {"type": "Point", "coordinates": [-82.91761338584308, 42.38501278824944]}}, {"type": "Feature", "properties": {"building": "yes", "source": "way"}, "geometry": {"type": "Point", "coordinates": [-82.91768469171531, 42.38517779694598]}}, {"type": "Feature", "properties": {"building": "yes", "source": "way"}, "geometry": {"type": "Point", "coordinates": [-82.91663861435144, 42.38472771722352]}}, {"type": "Feature", "properties": {"building": "yes", "source": "way"}, "geometry": {"type": "Point", "coordinates": [-82.91688135703622, 42.3849138550616]}}, {"type": "Feature", "properties": {"building": "yes", "source": "way"}, "geometry": {"type": "Point", "coordinates": [-82.91700196708317, 42.38511620494037]}}, {"type": "Feature", "properties": {"building": "yes", "source": "way"}, "geometry": {"type": "Point", "coordinates": [-82.91711205356042, 42.385309344032905]}}, {"type": "Feature", "properties": {"building": "yes", "source": "way"}, "geometry": {"type": "Point", "coordinates": [-82.9172310625278, 42.385499176544386]}}, {"type": "Feature", "properties": {"building": "yes", "source": "way"}, "geometry": {"type": "Point", "coordinates": [-82.91738738958173, 42.38576575475513]}}, {"type": "Feature", "properties": {"building": "yes", "source": "way"}, "geometry": {"type": "Point", "coordinates": [-82.91750433480557, 42.38598217264795]}}, {"type": "Feature", "properties": {"building": "yes", "source": "way"}, "geometry": {"type": "Point", "coordinates": [-82.91767715377864, 42.38614419223524]}}, {"type": "Feature", "properties": {"building": "yes", "source": "way"}, "geometry": {"type": "Point", "coordinates": [-82.91778275751989, 42.38632786873591]}}, {"type": "Feature", "properties": {"building": "yes", "source": "way"}, "geometry": {"type": "Point", "coordinates": [-82.91789854017513, 42.38647736200495]}}, {"type": "Feature", "properties": {"building": "yes", "source": "way"}, "geometry": {"type": "Point", "coordinates": [-82.91802555, 42.3866263]}}, {"type": "Feature", "properties": {"building": "yes", "source": "way"}, "geometry": {"type": "Point", "coordinates": [-82.9173083683092, 42.386572934235105]}}, {"type": "Feature", "properties": {"building": "yes", "source": "way"}, "geometry": {"type": "Point", "coordinates": [-82.91753982143855, 42.38675439541243]}}, {"type": "Feature", "properties": {"building": "yes", "source": "way"}, "geometry": {"type": "Point", "coordinates": [-82.91703466213457, 42.38615178052944]}}, {"type": "Feature", "properties": {"building": "yes", "source": "way"}, "geometry": {"type": "Point", "coordinates": [-82.91686454740062, 42.38588447436223]}}, {"type": "Feature", "properties": {"building": "yes", "source": "way"}, "geometry": {"type": "Point", "coordinates": [-82.91675436756802, 42.38570271940653]}}, {"type": "Feature", "properties": {"building": "yes", "source": "way"}, "geometry": {"type": "Point", "coordinates": [-82.91658922671199, 42.385491841393325]}}, {"type": "Feature", "properties": {"building": "yes", "source": "way"}, "geometry": {"type": "Point", "coordinates": [-82.91644547931084, 42.38526869210351]}}, {"type": "Feature", "properties": {"building": "yes", "source": "way"}, "geometry": {"type": "Point", "coordinates": [-82.91807002128748, 42.385766713750186]}}, {"type": "Feature", "properties": {"building": "yes", "source": "way"}, "geometry": {"type": "Point", "coordinates": [-82.9181857834955, 42.38591381796864]}}, {"type": "Feature", "properties": {"building": "yes", "source": "way"}, "geometry": {"type": "Point", "coordinates": [-82.91840374999998, 42.386287149999994]}}, {"type": "Feature", "properties": {"building": "yes", "source": "way"}, "geometry": {"type": "Point", "coordinates": [-82.91795647052342, 42.38554533697305]}}, {"type": "Feature", "properties": {"building": "yes", "source": "way"}, "geometry": {"type": "Point", "coordinates": [-82.91783472693605, 42.38535456255548]}}, {"type": "Feature", "properties": {"building": "yes", "source": "way"}, "geometry": {"type": "Point", "coordinates": [-82.91811327699088, 42.38518676529587]}}, {"type": "Feature", "properties": {"building": "yes", "source": "way"}, "geometry": {"type": "Point", "coordinates": [-82.91835255000001, 42.38502225]}}, {"type": "Feature", "properties": {"building": "yes", "source": "way"}, "geometry": {"type": "Point", "coordinates": [-82.91884336391772, 42.38543313662366]}}, {"type": "Feature", "properties": {"building": "yes", "source": "way"}, "geometry": {"type": "Point", "coordinates": [-82.91866295370978, 42.385696793260024]}}, {"type": "Feature", "properties": {"building": "yes", "source": "way"}, "geometry": {"type": "Point", "coordinates": [-82.91882820605734, 42.38603063219235]}}, {"type": "Feature", "properties": {"building": "yes", "source": "way"}, "geometry": {"type": "Point", "coordinates": [-82.91898573986938, 42.38626267368062]}}, {"type": "Feature", "properties": {"building": "yes", "source": "way"}, "geometry": {"type": "Point", "coordinates": [-82.91886629999999, 42.38636939999999]}}, {"type": "Feature", "properties": {"building": "yes", "source": "way"}, "geometry": {"type": "Point", "coordinates": [-82.9185436291213, 42.38641819840511]}}, {"type": "Feature", "properties": {"building": "yes", "source": "way"}, "geometry": {"type": "Point", "coordinates": [-82.91829569999999, 42.38610335]}}, {"type": "Feature", "properties": {"building": "yes", "source": "way"}, "geometry": {"type": "Point", "coordinates": [-82.91941986200607, 42.385826586509914]}}, {"type": "Feature", "properties": {"building": "yes", "source": "way"}, "geometry": {"type": "Point", "coordinates": [-82.9198746561976, 42.385940122358974]}}, {"type": "Feature", "properties": {"building": "yes", "source": "way"}, "geometry": {"type": "Point", "coordinates": [-82.91976562676916, 42.385657844462195]}}, {"type": "Feature", "properties": {"building": "yes", "source": "way"}, "geometry": {"type": "Point", "coordinates": [-82.91773684413756, 42.38714010506399]}}, {"type": "Feature", "properties": {"building": "yes", "source": "way"}, "geometry": {"type": "Point", "coordinates": [-82.91781826500348, 42.387357055068456]}}, {"type": "Feature", "properties": {"building": "yes", "source": "way"}, "geometry": {"type": "Point", "coordinates": [-82.91794816587009, 42.38753506520258]}}, {"type": "Feature", "properties": {"building": "yes", "source": "way"}, "geometry": {"type": "Point", "coordinates": [-82.9180847990043, 42.38770038540946]}}, {"type": "Feature", "properties": {"building": "yes", "source": "way"}, "geometry": {"type": "Point", "coordinates": [-82.91819260687983, 42.387917923433136]}}, {"type": "Feature", "properties": {"building": "yes", "source": "way"}, "geometry": {"type": "Point", "coordinates": [-82.91830158211974, 42.38809140870276]}}, {"type": "Feature", "properties": {"building": "yes", "source": "way"}, "geometry": {"type": "Point", "coordinates": [-82.91841761801896, 42.38826899093814]}}, {"type": "Feature", "properties": {"building": "yes", "source": "way"}, "geometry": {"type": "Point", "coordinates": [-82.91854193603103, 42.3884279910901]}}, {"type": "Feature", "properties": {"building": "yes", "source": "way"}, "geometry": {"type": "Point", "coordinates": [-82.91862083364948, 42.38860492464522]}}, {"type": "Feature", "properties": {"building": "yes", "source": "way"}, "geometry": {"type": "Point", "coordinates": [-82.91876567800492, 42.38876825495681]}}, {"type": "Feature", "properties": {"building": "yes", "source": "way"}, "geometry": {"type": "Point", "coordinates": [-82.91961726201092, 42.389158583298396]}}, {"type": "Feature", "properties": {"building": "yes", "source": "way"}, "geometry": {"type": "Point", "coordinates": [-82.91973186167866, 42.38925274182441]}}, {"type": "Feature", "properties": {"building": "yes", "source": "way"}, "geometry": {"type": "Point", "coordinates": [-82.91981214289612, 42.38940371259794]}}, {"type": "Feature", "properties": {"building": "yes", "source": "way"}, "geometry": {"type": "Point", "coordinates": [-82.91995180859212, 42.38957679518892]}}, {"type": "Feature", "properties": {"building": "yes", "source": "way"}, "geometry": {"type": "Point", "coordinates": [-82.91920968367522, 42.38947245590305]}}, {"type": "Feature", "properties": {"building": "yes", "source": "way"}, "geometry": {"type": "Point", "coordinates": [-82.91931754113473, 42.38962960933812]}}, {"type": "Feature", "properties": {"building": "yes", "source": "way"}, "geometry": {"type": "Point", "coordinates": [-82.9193856, 42.389747549999996]}}, {"type": "Feature", "properties": {"building": "yes", "source": "way"}, "geometry": {"type": "Point", "coordinates": [-82.9183558, 42.387776200000005]}}, {"type": "Feature", "properties": {"building": "yes", "source": "way"}, "geometry": {"type": "Point", "coordinates": [-82.92061295, 42.38921955]}}, {"type": "Feature", "properties": {"building": "yes", "source": "way"}, "geometry": {"type": "Point", "coordinates": [-82.92079050000001, 42.38929905]}}, {"type": "Feature", "properties": {"building": "yes", "source": "way"}, "geometry": {"type": "Point", "coordinates": [-82.92024964325267, 42.389058355032496]}}, {"type": "Feature", "properties": {"building": "yes", "source": "way"}, "geometry": {"type": "Point", "coordinates": [-82.9205214, 42.38908865]}}, {"type": "Feature", "properties": {"building": "yes", "source": "way"}, "geometry": {"type": "Point", "coordinates": [-82.91949223313145, 42.38990615528113]}}, {"type": "Feature", "properties": {"building": "yes", "source": "way"}, "geometry": {"type": "Point", "coordinates": [-82.91960226719682, 42.39006840022567]}}, {"type": "Feature", "properties": {"building": "yes", "source": "way"}, "geometry": {"type": "Point", "coordinates": [-82.9197058696914, 42.39020302966837]}}, {"type": "Feature", "properties": {"building": "yes", "source": "way"}, "geometry": {"type": "Point", "coordinates": [-82.9198099472927, 42.39035345842702]}}, {"type": "Feature", "properties": {"building": "yes", "source": "way"}, "geometry": {"type": "Point", "coordinates": [-82.91990556824399, 42.390473501892046]}}, {"type": "Feature", "properties": {"building": "yes", "source": "way"}, "geometry": {"type": "Point", "coordinates": [-82.9199916766375, 42.39063174554593]}}, {"type": "Feature", "properties": {"building": "yes", "source": "way"}, "geometry": {"type": "Point", "coordinates": [-82.92019643570198, 42.390781615532724]}}, {"type": "Feature", "properties": {"building": "yes", "source": "way"}, "geometry": {"type": "Point", "coordinates": [-82.92054725906621, 42.39062316886281]}}, {"type": "Feature", "properties": {"building": "yes", "source": "way"}, "geometry": {"type": "Point", "coordinates": [-82.92054197536947, 42.39047625416345]}}, {"type": "Feature", "properties": {"building": "yes", "source": "way"}, "geometry": {"type": "Point", "coordinates": [-82.92039220000001, 42.39029165]}}, {"type": "Feature", "properties": {"building": "yes", "source": "way"}, "geometry": {"type": "Point", "coordinates": [-82.92031465, 42.3901452]}}, {"type": "Feature", "properties": {"building": "yes", "source": "way"}, "geometry": {"type": "Point", "coordinates": [-82.920224068579, 42.39041189619516]}}, {"type": "Feature", "properties": {"building": "yes", "source": "way"}, "geometry": {"type": "Point", "coordinates": [-82.92020434138192, 42.39062738021686]}}, {"type": "Feature", "properties": {"building": "yes", "source": "way"}, "geometry": {"type": "Point", "coordinates": [-82.91998921159797, 42.39024297716873]}}, {"type": "Feature", "properties": {"building": "yes", "source": "way"}, "geometry": {"type": "Point", "coordinates": [-82.92012535, 42.390260999999995]}}, {"type": "Feature", "properties": {"building": "yes", "source": "way"}, "geometry": {"type": "Point", "coordinates": [-82.92010008110444, 42.39047075371772]}}, {"type": "Feature", "properties": {"building": "yes", "source": "way"}, "geometry": {"type": "Point", "coordinates": [-82.91996809245038, 42.38995314814866]}}, {"type": "Feature", "properties": {"building": "yes", "source": "way"}, "geometry": {"type": "Point", "coordinates": [-82.92014621780223, 42.389861820074074]}}, {"type": "Feature", "properties": {"building": "yes", "source": "way"}, "geometry": {"type": "Point", "coordinates": [-82.92002734432975, 42.38972614115996]}}, {"type": "Feature", "properties": {"building": "yes", "source": "way"}, "geometry": {"type": "Point", "coordinates": [-82.91973965000001, 42.38986915]}}, {"type": "Feature", "properties": {"building": "yes", "source": "way"}, "geometry": {"type": "Point", "coordinates": [-82.9195542, 42.389385649999994]}}, {"type": "Feature", "properties": {"building": "yes", "source": "way"}, "geometry": {"type": "Point", "coordinates": [-82.91964469999999, 42.38952555]}}, {"type": "Feature", "properties": {"building": "yes", "source": "way"}, "geometry": {"type": "Point", "coordinates": [-82.91970005, 42.38959249999999]}}, {"type": "Feature", "properties": {"building": "yes", "source": "way"}, "geometry": {"type": "Point", "coordinates": [-82.91980536151442, 42.38974257047085]}}, {"type": "Feature", "properties": {"building": "yes", "source": "way"}, "geometry": {"type": "Point", "coordinates": [-82.91957338132656, 42.389747103724844]}}, {"type": "Feature", "properties": {"building": "yes", "source": "way"}, "geometry": {"type": "Point", "coordinates": [-82.91936742315765, 42.38936551342758]}}, {"type": "Feature", "properties": {"building": "yes", "source": "way"}, "geometry": {"type": "Point", "coordinates": [-82.91915090750774, 42.38931871803865]}}, {"type": "Feature", "properties": {"building": "yes", "source": "way"}, "geometry": {"type": "Point", "coordinates": [-82.9193410577156, 42.389537719172516]}}, {"type": "Feature", "properties": {"building": "yes", "source": "way"}, "geometry": {"type": "Point", "coordinates": [-82.92183118944561, 42.390568424040275]}}, {"type": "Feature", "properties": {"building": "yes", "source": "way"}, "geometry": {"type": "Point", "coordinates": [-82.92190606855215, 42.390702347858614]}}, {"type": "Feature", "properties": {"building": "yes", "source": "way"}, "geometry": {"type": "Point", "coordinates": [-82.92197549999999, 42.3908109]}}, {"type": "Feature", "properties": {"building": "yes", "source": "way"}, "geometry": {"type": "Point", "coordinates": [-82.92206821852031, 42.390930044953315]}}, {"type": "Feature", "properties": {"building": "yes", "source": "way"}, "geometry": {"type": "Point", "coordinates": [-82.92234785, 42.39040975]}}, {"type": "Feature", "properties": {"building": "yes", "source": "way"}, "geometry": {"type": "Point", "coordinates": [-82.9224079, 42.39051985]}}, {"type": "Feature", "properties": {"building": "yes", "source": "way"}, "geometry": {"type": "Point", "coordinates": [-82.92251937831851, 42.39063871119506]}}, {"type": "Feature", "properties": {"building": "yes", "source": "way"}, "geometry": {"type": "Point", "coordinates": [-82.92255878151595, 42.39041525355033]}}, {"type": "Feature", "properties": {"building": "yes", "source": "way"}, "geometry": {"type": "Point", "coordinates": [-82.92264484334572, 42.390551830451614]}}, {"type": "Feature", "properties": {"building": "yes", "source": "way"}, "geometry": {"type": "Point", "coordinates": [-82.92258875, 42.39076415]}}, {"type": "Feature", "properties": {"building": "yes", "source": "way"}, "geometry": {"type": "Point", "coordinates": [-82.92143224660435, 42.39084341858292]}}, {"type": "Feature", "properties": {"building": "yes", "source": "way"}, "geometry": {"type": "Point", "coordinates": [-82.92138208700415, 42.39071051705783]}}, {"type": "Feature", "properties": {"building": "yes", "source": "way"}, "geometry": {"type": "Point", "coordinates": [-82.9216424309209, 42.39059530501135]}}, {"type": "Feature", "properties": {"building": "yes", "source": "way"}, "geometry": {"type": "Point", "coordinates": [-82.92172695000001, 42.39072035]}}, {"type": "Feature", "properties": {"building": "yes", "source": "way"}, "geometry": {"type": "Point", "coordinates": [-82.9216038, 42.39072815]}}, {"type": "Feature", "properties": {"building": "yes", "source": "way"}, "geometry": {"type": "Point", "coordinates": [-82.92150488277143, 42.39095884689169]}}, {"type": "Feature", "properties": {"building": "yes", "source": "way"}, "geometry": {"type": "Point", "coordinates": [-82.92088623148847, 42.3909866325259]}}, {"type": "Feature", "properties": {"building": "yes", "source": "way"}, "geometry": {"type": "Point", "coordinates": [-82.92083630000002, 42.39088845000001]}}, {"type": "Feature", "properties": {"building": "yes", "source": "way"}, "geometry": {"type": "Point", "coordinates": [-82.92059943158431, 42.39096380507999]}}, {"type": "Feature", "properties": {"building": "yes", "source": "way"}, "geometry": {"type": "Point", "coordinates": [-82.92255835534776, 42.39024566784137]}}, {"type": "Feature", "properties": {"building": "yes", "source": "way"}, "geometry": {"type": "Point", "coordinates": [-82.9220892907393, 42.37364355053755]}}, {"type": "Feature", "properties": {"building": "yes", "source": "way"}, "geometry": {"type": "Point", "coordinates": [-82.9221433650306, 42.373859460671774]}}, {"type": "Feature", "properties": {"building": "yes", "source": "way"}, "geometry": {"type": "Point", "coordinates": [-82.92233787191684, 42.37404034141186]}}, {"type": "Feature", "properties": {"building": "yes", "source": "way"}, "geometry": {"type": "Point", "coordinates": [-82.9225121854281, 42.3742344755001]}}, {"type": "Feature", "properties": {"building": "yes", "source": "way"}, "geometry": {"type": "Point", "coordinates": [-82.92230918496531, 42.3743522241812]}}, {"type": "Feature", "properties": {"building": "yes", "source": "way"}, "geometry": {"type": "Point", "coordinates": [-82.92261403848869, 42.37441708172776]}}, {"type": "Feature", "properties": {"building": "yes", "source": "way"}, "geometry": {"type": "Point", "coordinates": [-82.91993119590546, 42.37518735942264]}}, {"type": "Feature", "properties": {"building": "yes", "source": "way"}, "geometry": {"type": "Point", "coordinates": [-82.92005493908044, 42.375400951734775]}}, {"type": "Feature", "properties": {"building": "yes", "source": "way"}, "geometry": {"type": "Point", "coordinates": [-82.92018315000001, 42.37563634999999]}}, {"type": "Feature", "properties": {"building": "yes", "source": "way"}, "geometry": {"type": "Point", "coordinates": [-82.92035823342772, 42.37584704875589]}}, {"type": "Feature", "properties": {"building": "yes", "source": "way"}, "geometry": {"type": "Point", "coordinates": [-82.92048475, 42.376038199999996]}}, {"type": "Feature", "properties": {"building": "yes", "source": "way"}, "geometry": {"type": "Point", "coordinates": [-82.92059239571677, 42.37618506006205]}}, {"type": "Feature", "properties": {"building": "yes", "source": "way"}, "geometry": {"type": "Point", "coordinates": [-82.92068685, 42.3763662]}}, {"type": "Feature", "properties": {"building": "yes", "source": "way"}, "geometry": {"type": "Point", "coordinates": [-82.91923791331541, 42.375443266435134]}}, {"type": "Feature", "properties": {"building": "yes", "source": "way"}, "geometry": {"type": "Point", "coordinates": [-82.9193412937501, 42.3755954707199]}}, {"type": "Feature", "properties": {"building": "yes", "source": "way"}, "geometry": {"type": "Point", "coordinates": [-82.91916925, 42.37571849999999]}}, {"type": "Feature", "properties": {"building": "yes", "source": "way"}, "geometry": {"type": "Point", "coordinates": [-82.91941277000136, 42.37577221912558]}}, {"type": "Feature", "properties": {"building": "yes", "source": "way"}, "geometry": {"type": "Point", "coordinates": [-82.9196105, 42.375915400000004]}}, {"type": "Feature", "properties": {"building": "yes", "source": "way"}, "geometry": {"type": "Point", "coordinates": [-82.91967655366673, 42.37611012357987]}}, {"type": "Feature", "properties": {"building": "yes", "source": "way"}, "geometry": {"type": "Point", "coordinates": [-82.91984300748824, 42.376268099300795]}}, {"type": "Feature", "properties": {"building": "yes", "source": "way"}, "geometry": {"type": "Point", "coordinates": [-82.91992705270121, 42.37641580542125]}}, {"type": "Feature", "properties": {"building": "yes", "source": "way"}, "geometry": {"type": "Point", "coordinates": [-82.91997566147477, 42.376606501859655]}}, {"type": "Feature", "properties": {"building": "yes", "source": "way"}, "geometry": {"type": "Point", "coordinates": [-82.91928578040785, 42.37665787047339]}}, {"type": "Feature", "properties": {"building": "yes", "source": "way"}, "geometry": {"type": "Point", "coordinates": [-82.91941483310681, 42.37682794418287]}}, {"type": "Feature", "properties": {"building": "yes", "source": "way"}, "geometry": {"type": "Point", "coordinates": [-82.91860915277107, 42.376894746971274]}}, {"type": "Feature", "properties": {"building": "yes", "source": "way"}, "geometry": {"type": "Point", "coordinates": [-82.91874233596023, 42.37706134808417]}}, {"type": "Feature", "properties": {"building": "yes", "source": "way"}, "geometry": {"type": "Point", "coordinates": [-82.91850731861692, 42.37720989639597]}}, {"type": "Feature", "properties": {"building": "yes", "source": "way"}, "geometry": {"type": "Point", "coordinates": [-82.91883584732837, 42.3772407909933]}}, {"type": "Feature", "properties": {"building": "yes", "source": "way"}, "geometry": {"type": "Point", "coordinates": [-82.91898245306945, 42.37740521805787]}}, {"type": "Feature", "properties": {"building": "yes", "source": "way"}, "geometry": {"type": "Point", "coordinates": [-82.91909541860556, 42.37759259529256]}}, {"type": "Feature", "properties": {"building": "yes", "source": "way"}, "geometry": {"type": "Point", "coordinates": [-82.91921750502333, 42.377754294814615]}}, {"type": "Feature", "properties": {"building": "yes", "source": "way"}, "geometry": {"type": "Point", "coordinates": [-82.91931440452679, 42.37790616826926]}}, {"type": "Feature", "properties": {"building": "yes", "source": "way"}, "geometry": {"type": "Point", "coordinates": [-82.91942414131478, 42.37810788144419]}}, {"type": "Feature", "properties": {"building": "yes", "source": "way"}, "geometry": {"type": "Point", "coordinates": [-82.91952554392626, 42.37827362039299]}}, {"type": "Feature", "properties": {"building": "yes", "source": "way"}, "geometry": {"type": "Point", "coordinates": [-82.91965884999999, 42.37843935]}}, {"type": "Feature", "properties": {"building": "yes", "source": "way"}, "geometry": {"type": "Point", "coordinates": [-82.91975223309903, 42.378637310087164]}}, {"type": "Feature", "properties": {"building": "yes", "source": "way"}, "geometry": {"type": "Point", "coordinates": [-82.91984944747065, 42.378798466241115]}}, {"type": "Feature", "properties": {"building": "yes", "source": "way"}, "geometry": {"type": "Point", "coordinates": [-82.91998241198037, 42.378947603197]}}, {"type": "Feature", "properties": {"building": "yes", "source": "way"}, "geometry": {"type": "Point", "coordinates": [-82.92011299691553, 42.379129081929484]}}, {"type": "Feature", "properties": {"building": "yes", "source": "way"}, "geometry": {"type": "Point", "coordinates": [-82.9202181120654, 42.37929887581103]}}, {"type": "Feature", "properties": {"building": "yes", "source": "way"}, "geometry": {"type": "Point", "coordinates": [-82.92041733593874, 42.37957751450713]}}, {"type": "Feature", "properties": {"building": "yes", "source": "way"}, "geometry": {"type": "Point", "coordinates": [-82.92003340000001, 42.3794748]}}, {"type": "Feature", "properties": {"building": "yes", "source": "way"}, "geometry": {"type": "Point", "coordinates": [-82.91985035265444, 42.379578138553136]}}, {"type": "Feature", "properties": {"building": "yes", "source": "way"}, "geometry": {"type": "Point", "coordinates": [-82.92088843848484, 42.37802870171048]}}, {"type": "Feature", "properties": {"building": "yes", "source": "way"}, "geometry": {"type": "Point", "coordinates": [-82.92044594999999, 42.3777546]}}, {"type": "Feature", "properties": {"building": "yes", "source": "way"}, "geometry": {"type": "Point", "coordinates": [-82.91965550176127, 42.377187424534355]}}, {"type": "Feature", "properties": {"building": "yes", "source": "way"}, "geometry": {"type": "Point", "coordinates": [-82.91978227384823, 42.377360271607046]}}, {"type": "Feature", "properties": {"building": "yes", "source": "way"}, "geometry": {"type": "Point", "coordinates": [-82.91984089999998, 42.3775533]}}, {"type": "Feature", "properties": {"building": "yes", "source": "way"}, "geometry": {"type": "Point", "coordinates": [-82.91997944673817, 42.377726706089724]}}, {"type": "Feature", "properties": {"building": "yes", "source": "way"}, "geometry": {"type": "Point", "coordinates": [-82.92011065729912, 42.377865535340625]}}, {"type": "Feature", "properties": {"building": "yes", "source": "way"}, "geometry": {"type": "Point", "coordinates": [-82.92020732065892, 42.378042410605936]}}, {"type": "Feature", "properties": {"building": "yes", "source": "way"}, "geometry": {"type": "Point", "coordinates": [-82.9203742, 42.378302999999995]}}, {"type": "Feature", "properties": {"building": "yes", "source": "way"}, "geometry": {"type": "Point", "coordinates": [-82.92052357428648, 42.37853322977795]}}, {"type": "Feature", "properties": {"building": "yes", "source": "way"}, "geometry": {"type": "Point", "coordinates": [-82.92066418515627, 42.378766722188814]}}, {"type": "Feature", "properties": {"building": "yes", "source": "way"}, "geometry": {"type": "Point", "coordinates": [-82.92095298137153, 42.37871390366882]}}, {"type": "Feature", "properties": {"building": "yes", "source": "way"}, "geometry": {"type": "Point", "coordinates": [-82.92113196909501, 42.378801445173224]}}, {"type": "Feature", "properties": {"building": "yes", "source": "way"}, "geometry": {"type": "Point", "coordinates": [-82.92077573672726, 42.37889877915265]}}, {"type": "Feature", "properties": {"building": "yes", "source": "way"}, "geometry": {"type": "Point", "coordinates": [-82.92090576806248, 42.37894474839194]}}, {"type": "Feature", "properties": {"building": "yes", "source": "way"}, "geometry": {"type": "Point", "coordinates": [-82.92091335938228, 42.37907283914566]}}, {"type": "Feature", "properties": {"building": "yes", "source": "way"}, "geometry": {"type": "Point", "coordinates": [-82.92101889498518, 42.37922978909081]}}, {"type": "Feature", "properties": {"building": "yes", "source": "way"}, "geometry": {"type": "Point", "coordinates": [-82.92112228791554, 42.379463549989325]}}, {"type": "Feature", "properties": {"building": "yes", "source": "way"}, "geometry": {"type": "Point", "coordinates": [-82.9209437, 42.37846940000001]}}, {"type": "Feature", "properties": {"building": "yes", "source": "way"}, "geometry": {"type": "Point", "coordinates": [-82.92127064947364, 42.37849574318342]}}, {"type": "Feature", "properties": {"building": "yes", "source": "way"}, "geometry": {"type": "Point", "coordinates": [-82.92139385, 42.378650050000005]}}, {"type": "Feature", "properties": {"building": "yes", "source": "way"}, "geometry": {"type": "Point", "coordinates": [-82.92147310811046, 42.378834104314365]}}, {"type": "Feature", "properties": {"building": "yes", "source": "way"}, "geometry": {"type": "Point", "coordinates": [-82.92160997459004, 42.37897188569315]}}, {"type": "Feature", "properties": {"building": "yes", "source": "way"}, "geometry": {"type": "Point", "coordinates": [-82.92169668146788, 42.37917215280235]}}, {"type": "Feature", "properties": {"building": "yes", "source": "way"}, "geometry": {"type": "Point", "coordinates": [-82.92149644999999, 42.37931830000001]}}, {"type": "Feature", "properties": {"building": "yes", "source": "way"}, "geometry": {"type": "Point", "coordinates": [-82.92184963168667, 42.37933090595405]}}, {"type": "Feature", "properties": {"building": "yes", "source": "way"}, "geometry": {"type": "Point", "coordinates": [-82.9223851700737, 42.37895461008119]}}, {"type": "Feature", "properties": {"building": "yes", "source": "way"}, "geometry": {"type": "Point", "coordinates": [-82.92229531687093, 42.37879560715747]}}, {"type": "Feature", "properties": {"building": "yes", "source": "way"}, "geometry": {"type": "Point", "coordinates": [-82.92205503161189, 42.37845142636373]}}, {"type": "Feature", "properties": {"building": "yes", "source": "way"}, "geometry": {"type": "Point", "coordinates": [-82.92224531845507, 42.37824299668814]}}, {"type": "Feature", "properties": {"building": "yes", "source": "way"}, "geometry": {"type": "Point", "coordinates": [-82.92072873734713, 42.38014170123173]}}, {"type": "Feature", "properties": {"building": "yes", "source": "way"}, "geometry": {"type": "Point", "coordinates": [-82.92082382466498, 42.380309016616266]}}, {"type": "Feature", "properties": {"building": "yes", "source": "way"}, "geometry": {"type": "Point", "coordinates": [-82.92091617766658, 42.38045157847905]}}, {"type": "Feature", "properties": {"building": "yes", "source": "way"}, "geometry": {"type": "Point", "coordinates": [-82.92025755310108, 42.38031156664378]}}, {"type": "Feature", "properties": {"building": "detached", "source": "way"}, "geometry": {"type": "Point", "coordinates": [-82.91958930090969, 42.37926110533648]}}, {"type": "Feature", "properties": {"building": "detached", "source": "way"}, "geometry": {"type": "Point", "coordinates": [-82.91940549204412, 42.37896685396913]}}, {"type": "Feature", "properties": {"building": "detached", "source": "way"}, "geometry": {"type": "Point", "coordinates": [-82.91905311574286, 42.37837902066575]}}, {"type": "Feature", "properties": {"building": "detached", "source": "way"}, "geometry": {"type": "Point", "coordinates": [-82.91882234999999, 42.378045]}}, {"type": "Feature", "properties": {"building": "detached", "source": "way"}, "geometry": {"type": "Point", "coordinates": [-82.91864194544978, 42.37779166351891]}}, {"type": "Feature", "properties": {"building": "detached", "source": "way"}, "geometry": {"type": "Point", "coordinates": [-82.9184730178834, 42.37746835555984]}}, {"type": "Feature", "properties": {"building": "detached", "source": "way"}, "geometry": {"type": "Point", "coordinates": [-82.91826585235953, 42.37718416046364]}}, {"type": "Feature", "properties": {"building": "detached", "source": "way"}, "geometry": {"type": "Point", "coordinates": [-82.91736625296646, 42.3771354174928]}}, {"type": "Feature", "properties": {"building": "detached", "source": "way"}, "geometry": {"type": "Point", "coordinates": [-82.9178634795446, 42.37733344225926]}}, {"type": "Feature", "properties": {"building": "detached", "source": "way"}, "geometry": {"type": "Point", "coordinates": [-82.91805588756958, 42.377629109073716]}}, {"type": "Feature", "properties": {"building": "detached", "source": "way"}, "geometry": {"type": "Point", "coordinates": [-82.9182508146439, 42.377931473467626]}}, {"type": "Feature", "properties": {"building": "detached", "source": "way"}, "geometry": {"type": "Point", "coordinates": [-82.91845926488023, 42.37820797901668]}}, {"type": "Feature", "properties": {"building": "detached", "source": "way"}, "geometry": {"type": "Point", "coordinates": [-82.91870468155894, 42.3785169311384]}}, {"type": "Feature", "properties": {"building": "detached", "source": "way"}, "geometry": {"type": "Point", "coordinates": [-82.91885620681776, 42.378853140007784]}}, {"type": "Feature", "properties": {"building": "detached", "source": "way"}, "geometry": {"type": "Point", "coordinates": [-82.91905747462636, 42.379130914180664]}}, {"type": "Feature", "properties": {"building": "detached", "source": "way"}, "geometry": {"type": "Point", "coordinates": [-82.91922990673335, 42.37939207336349]}}, {"type": "Feature", "properties": {"building": "detached", "source": "way"}, "geometry": {"type": "Point", "coordinates": [-82.91942690367006, 42.37969601356216]}}, {"type": "Feature", "properties": {"building": "detached", "source": "way"}, "geometry": {"type": "Point", "coordinates": [-82.91899472222028, 42.37966466103032]}}, {"type": "Feature", "properties": {"building": "detached", "source": "way"}, "geometry": {"type": "Point", "coordinates": [-82.91829447250967, 42.37989105929275]}}, {"type": "Feature", "properties": {"building": "detached", "source": "way"}, "geometry": {"type": "Point", "coordinates": [-82.91877568187584, 42.37940076732266]}}, {"type": "Feature", "properties": {"building": "detached", "source": "way"}, "geometry": {"type": "Point", "coordinates": [-82.91814531502915, 42.37965713870873]}}, {"type": "Feature", "properties": {"building": "detached", "source": "way"}, "geometry": {"type": "Point", "coordinates": [-82.91793748224653, 42.37939343193281]}}, {"type": "Feature", "properties": {"building": "detached", "source": "way"}, "geometry": {"type": "Point", "coordinates": [-82.91861576549118, 42.3791962229347]}}, {"type": "Feature", "properties": {"building": "detached", "source": "way"}, "geometry": {"type": "Point", "coordinates": [-82.9178402888089, 42.379139200512064]}}, {"type": "Feature", "properties": {"building": "detached", "source": "way"}, "geometry": {"type": "Point", "coordinates": [-82.9184143, 42.37895064999999]}}, {"type": "Feature", "properties": {"building": "detached", "source": "way"}, "geometry": {"type": "Point", "coordinates": [-82.9182946371946, 42.37869029866665]}}, {"type": "Feature", "properties": {"building": "detached", "source": "way"}, "geometry": {"type": "Point", "coordinates": [-82.91756239509895, 42.37871554045489]}}, {"type": "Feature", "properties": {"building": "detached", "source": "way"}, "geometry": {"type": "Point", "coordinates": [-82.9172829, 42.378467799999996]}}, {"type": "Feature", "properties": {"building": "detached", "source": "way"}, "geometry": {"type": "Point", "coordinates": [-82.9181392828221, 42.37841832998566]}}, {"type": "Feature", "properties": {"building": "detached", "source": "way"}, "geometry": {"type": "Point", "coordinates": [-82.9171597362364, 42.378193701415306]}}, {"type": "Feature", "properties": {"building": "detached", "source": "way"}, "geometry": {"type": "Point", "coordinates": [-82.91782354386882, 42.37795444256127]}}, {"type": "Feature", "properties": {"building": "detached", "source": "way"}, "geometry": {"type": "Point", "coordinates": [-82.91696242379219, 42.377897669842284]}}, {"type": "Feature", "properties": {"building": "detached", "source": "way"}, "geometry": {"type": "Point", "coordinates": [-82.9176407, 42.3777162]}}, {"type": "Feature", "properties": {"building": "detached", "source": "way"}, "geometry": {"type": "Point", "coordinates": [-82.91758838331467, 42.37744207057563]}}, {"type": "Feature", "properties": {"building": "detached", "source": "way"}, "geometry": {"type": "Point", "coordinates": [-82.91662563336845, 42.37745498769867]}}, {"type": "Feature", "properties": {"building": "detached", "source": "way"}, "geometry": {"type": "Point", "coordinates": [-82.91631809038476, 42.3776323924665]}}, {"type": "Feature", "properties": {"building": "detached", "source": "way"}, "geometry": {"type": "Point", "coordinates": [-82.9177280271494, 42.37997578387328]}}, {"type": "Feature", "properties": {"building": "yes", "source": "way"}, "geometry": {"type": "Point", "coordinates": [-82.91776245000001, 42.3796907]}}, {"type": "Feature", "properties": {"building": "detached", "source": "way"}, "geometry": {"type": "Point", "coordinates": [-82.91747721659571, 42.379563103559086]}}, {"type": "Feature", "properties": {"building": "detached", "source": "way"}, "geometry": {"type": "Point", "coordinates": [-82.9169706, 42.3797447]}}, {"type": "Feature", "properties": {"building": "detached", "source": "way"}, "geometry": {"type": "Point", "coordinates": [-82.91679104115211, 42.37950433525343]}}, {"type": "Feature", "properties": {"building": "detached", "source": "way"}, "geometry": {"type": "Point", "coordinates": [-82.9173172219821, 42.37934267613176]}}, {"type": "Feature", "properties": {"building": "detached", "source": "way"}, "geometry": {"type": "Point", "coordinates": [-82.91715170273392, 42.37902621909869]}}, {"type": "Feature", "properties": {"building": "detached", "source": "way"}, "geometry": {"type": "Point", "coordinates": [-82.91700992484958, 42.37873679004206]}}, {"type": "Feature", "properties": {"building": "detached", "source": "way"}, "geometry": {"type": "Point", "coordinates": [-82.91606703131687, 42.379252847783434]}}, {"type": "Feature", "properties": {"building": "detached", "source": "way"}, "geometry": {"type": "Point", "coordinates": [-82.91623971909185, 42.37945891172153]}}, {"type": "Feature", "properties": {"building": "detached", "source": "way"}, "geometry": {"type": "Point", "coordinates": [-82.91680272946415, 42.37852680963236]}}, {"type": "Feature", "properties": {"building": "detached", "source": "way"}, "geometry": {"type": "Point", "coordinates": [-82.91667612421702, 42.37822816107361]}}, {"type": "Feature", "properties": {"building": "detached", "source": "way"}, "geometry": {"type": "Point", "coordinates": [-82.9156330046384, 42.37856319716446]}}, {"type": "Feature", "properties": {"building": "detached", "source": "way"}, "geometry": {"type": "Point", "coordinates": [-82.91547415241546, 42.37832861676704]}}, {"type": "Feature", "properties": {"building": "yes", "source": "way"}, "geometry": {"type": "Point", "coordinates": [-82.91662301670331, 42.37790384152827]}}, {"type": "Feature", "properties": {"building": "yes", "source": "way"}, "geometry": {"type": "Point", "coordinates": [-82.91577653737107, 42.378087813048786]}}, {"type": "Feature", "properties": {"building": "detached", "source": "way"}, "geometry": {"type": "Point", "coordinates": [-82.91571002106922, 42.37786330340602]}}, {"type": "Feature", "properties": {"building": "detached", "source": "way"}, "geometry": {"type": "Point", "coordinates": [-82.9153520881373, 42.37808313399805]}}, {"type": "Feature", "properties": {"building": "detached", "source": "way"}, "geometry": {"type": "Point", "coordinates": [-82.91594315949577, 42.37901505934757]}}, {"type": "Feature", "properties": {"building": "detached", "source": "way"}, "geometry": {"type": "Point", "coordinates": [-82.91578016612864, 42.37877421170293]}}, {"type": "Feature", "properties": {"building": "detached", "source": "way"}, "geometry": {"type": "Point", "coordinates": [-82.91413525550644, 42.37852504829634]}}, {"type": "Feature", "properties": {"building": "detached", "source": "way"}, "geometry": {"type": "Point", "coordinates": [-82.91443085718569, 42.37843002207289]}}, {"type": "Feature", "properties": {"building": "detached", "source": "way"}, "geometry": {"type": "Point", "coordinates": [-82.91473964917844, 42.37832119871333]}}, {"type": "Feature", "properties": {"building": "detached", "source": "way"}, "geometry": {"type": "Point", "coordinates": [-82.91444270602923, 42.37897247963022]}}, {"type": "Feature", "properties": {"building": "detached", "source": "way"}, "geometry": {"type": "Point", "coordinates": [-82.91476332855584, 42.37890286327218]}}, {"type": "Feature", "properties": {"building": "detached", "source": "way"}, "geometry": {"type": "Point", "coordinates": [-82.91504259118209, 42.378791881290915]}}, {"type": "Feature", "properties": {"building": "detached", "source": "way"}, "geometry": {"type": "Point", "coordinates": [-82.91519233497687, 42.37906828683501]}}, {"type": "Feature", "properties": {"building": "detached", "source": "way"}, "geometry": {"type": "Point", "coordinates": [-82.91495762400332, 42.37917698292417]}}, {"type": "Feature", "properties": {"building": "detached", "source": "way"}, "geometry": {"type": "Point", "coordinates": [-82.91463234999999, 42.37923994999999]}}, {"type": "Feature", "properties": {"building": "detached", "source": "way"}, "geometry": {"type": "Point", "coordinates": [-82.9149214643466, 42.37971047491711]}}, {"type": "Feature", "properties": {"building": "detached", "source": "way"}, "geometry": {"type": "Point", "coordinates": [-82.91517589150251, 42.37958399461885]}}, {"type": "Feature", "properties": {"building": "detached", "source": "way"}, "geometry": {"type": "Point", "coordinates": [-82.91550027910078, 42.379475955489305]}}, {"type": "Feature", "properties": {"building": "detached", "source": "way"}, "geometry": {"type": "Point", "coordinates": [-82.91640291451192, 42.379680771116945]}}, {"type": "Feature", "properties": {"building": "detached", "source": "way"}, "geometry": {"type": "Point", "coordinates": [-82.91572366550501, 42.37975740400426]}}, {"type": "Feature", "properties": {"building": "detached", "source": "way"}, "geometry": {"type": "Point", "coordinates": [-82.91588571073264, 42.38004828922148]}}, {"type": "Feature", "properties": {"building": "detached", "source": "way"}, "geometry": {"type": "Point", "coordinates": [-82.9160835533898, 42.380268708544854]}}, {"type": "Feature", "properties": {"building": "detached", "source": "way"}, "geometry": {"type": "Point", "coordinates": [-82.91675865832788, 42.380164872015634]}}, {"type": "Feature", "properties": {"building": "detached", "source": "way"}, "geometry": {"type": "Point", "coordinates": [-82.9165287763964, 42.379896110384365]}}, {"type": "Feature", "properties": {"building": "school", "source": "relation"}, "geometry": {"type": "Point", "coordinates": [-82.93644425510206, 42.38217503265307]}}]}