{"type": "FeatureCollection", "features": [{"type": "Feature", "properties": {"name": "Huntington Boulevard", "highway": "residential"}, "geometry": {"type": "LineString", "coordinates": [[-82.918064, 42.433517], [-82.9179953, 42.4334891], [-82.9151383, 42.4323294], [-82.9116696, 42.430901], [-82.9116043, 42.4308739], [-82.9097945, 42.4301236], [-82.9093457, 42.429939], [-82.909224, 42.429889], [-82.908955, 42.429781], [-82.9088484, 42.4297375], [-82.9085776, 42.4296271], [-82.906, 42.428576], [-82.905934, 42.428554], [-82.905876, 42.428544], [-82.90544, 42.428508]]}}, {"type": "Feature", "properties": {"name": "Elford Court", "highway": "residential"}, "geometry": {"type": "LineString", "coordinates": [[-82.899342, 42.427961], [-82.899523, 42.428056], [-82.899685, 42.428134], [-82.899838, 42.4282], [-82.900052, 42.428284], [-82.900093, 42.428309], [-82.900126, 42.428339], [-82.900162, 42.428397], [-82.90017, 42.428435], [-82.900168, 42.428474], [-82.900151, 42.428521], [-82.900067, 42.428642], [-82.900055, 42.428673], [-82.90005, 42.428704], [-82.900053, 42.428735], [-82.900067, 42.428776], [-82.900111, 42.42883], [-82.900142, 42.428852], [-82.900178, 42.42887], [-82.900674, 42.429071], [-82.900712, 42.429079], [-82.900769, 42.429083], [-82.900826, 42.429078], [-82.90088, 42.429063], [-82.900928, 42.429039], [-82.900971, 42.429003], [-82.901689, 42.427951]]}}, {"type": "Feature", "properties": {"name": "Paget Court", "highway": "residential"}, "geometry": {"type": "LineString", "coordinates": [[-82.898495, 42.429092], [-82.900394, 42.429819], [-82.900458, 42.42986], [-82.900499, 42.429909], [-82.90053, 42.429974], [-82.900534, 42.430058], [-82.900263, 42.430677]]}}, {"type": "Feature", "properties": {"name": "North Renaud Road", "highway": "residential"}, "geometry": {"type": "LineString", "coordinates": [[-82.900229, 42.4337], [-82.900297, 42.434311], [-82.900313, 42.434359], [-82.900345, 42.434419], [-82.900391, 42.434475], [-82.900448, 42.434525], [-82.900533, 42.434576], [-82.900633, 42.434614], [-82.901911, 42.434922], [-82.906013, 42.435901], [-82.906043, 42.435903], [-82.906103, 42.4359], [-82.906154, 42.435886], [-82.906421, 42.435769], [-82.906456, 42.435747], [-82.906483, 42.435719], [-82.906504, 42.435676], [-82.906672, 42.435044]]}}, {"type": "Feature", "properties": {"name": "Arthur Avenue", "highway": "residential"}, "geometry": {"type": "LineString", "coordinates": [[-82.9204799, 42.4302422], [-82.920152, 42.430682], [-82.9199565, 42.430948], [-82.919908, 42.431014], [-82.9198459, 42.4310973], [-82.91936, 42.431749]]}}, {"type": "Feature", "properties": {"name": "Cook Road", "highway": "tertiary"}, "geometry": {"type": "LineString", "coordinates": [[-82.888761, 42.419722], [-82.889396, 42.419982], [-82.889942, 42.420205], [-82.891586, 42.420878], [-82.891988, 42.421043], [-82.8932498, 42.4215596], [-82.89371, 42.421748], [-82.894616, 42.422119], [-82.895486, 42.422473], [-82.895836, 42.422618], [-82.896069, 42.422719], [-82.8969114, 42.4230594], [-82.897707, 42.4233809], [-82.897737, 42.423393], [-82.8978709, 42.4234478], [-82.898394, 42.423662], [-82.8986695, 42.4237743], [-82.8992969, 42.4240311], [-82.8998389, 42.424253], [-82.8998807, 42.4242701], [-82.9003653, 42.4244685], [-82.900933, 42.4247009]]}}, {"type": "Feature", "properties": {"name": "Broadstone Street", "highway": "residential"}, "geometry": {"type": "LineString", "coordinates": [[-82.920206, 42.429197], [-82.917046, 42.427905]]}}, {"type": "Feature", "properties": {"name": "Severn Road", "highway": "residential"}, "geometry": {"type": "LineString", "coordinates": [[-82.909796, 42.42392], [-82.909935, 42.423931], [-82.910079, 42.423941], [-82.910442, 42.423951], [-82.910614, 42.423962], [-82.910752, 42.423975], [-82.910916, 42.423997], [-82.911186, 42.424048], [-82.911344, 42.424087], [-82.9115, 42.424132], [-82.911752, 42.42422], [-82.911898, 42.42428], [-82.912039, 42.424346], [-82.912535, 42.424617], [-82.912742, 42.424726], [-82.913116, 42.424913], [-82.913544, 42.425114], [-82.914133, 42.425359], [-82.914621, 42.425548], [-82.915065, 42.425712], [-82.915891, 42.425998], [-82.916605, 42.426274], [-82.916865, 42.426384], [-82.917148, 42.42651], [-82.917502, 42.426682], [-82.9177882, 42.4268163], [-82.9178653, 42.4268499]]}}, {"type": "Feature", "properties": {"name": "Severn Road", "highway": "residential"}, "geometry": {"type": "LineString", "coordinates": [[-82.921176, 42.427916], [-82.9181297, 42.4266764], [-82.9180413, 42.4266404]]}}, {"type": "Feature", "properties": {"name": "Eastbourne Road", "highway": "residential"}, "geometry": {"type": "LineString", "coordinates": [[-82.914204, 42.4242275], [-82.9141556, 42.4242926], [-82.913544, 42.425114], [-82.912901, 42.425972], [-82.912838, 42.426066], [-82.912303, 42.426783], [-82.9117092, 42.4275793], [-82.911658, 42.427648]]}}, {"type": "Feature", "properties": {"name": "Broadstone Road", "highway": "residential"}, "geometry": {"type": "LineString", "coordinates": [[-82.909808, 42.42495], [-82.9099423, 42.4250076], [-82.910481, 42.42505], [-82.910777, 42.425086], [-82.911014, 42.425128], [-82.911368, 42.425225], [-82.911517, 42.425278], [-82.911748, 42.425374], [-82.912023, 42.425518], [-82.912489, 42.425775], [-82.912901, 42.425972], [-82.913628, 42.42628], [-82.914069, 42.426451], [-82.915247, 42.426864], [-82.915633, 42.427007], [-82.916013, 42.42716], [-82.916397, 42.427325], [-82.916838, 42.427533], [-82.9172, 42.427695]]}}, {"type": "Feature", "properties": {"name": "West Emory Court", "highway": "residential"}, "geometry": {"type": "LineString", "coordinates": [[-82.904103, 42.428863], [-82.903248, 42.430011], [-82.903187, 42.430055], [-82.903149, 42.43007], [-82.903113, 42.430079], [-82.903027, 42.430083], [-82.902946, 42.430065], [-82.902259, 42.429787], [-82.902217, 42.429758], [-82.902184, 42.429723], [-82.90216, 42.429676], [-82.902153, 42.429627], [-82.902158, 42.429598], [-82.902177, 42.42956], [-82.902226, 42.429494]]}}, {"type": "Feature", "properties": {"name": "Shelbourne Road", "highway": "residential"}, "geometry": {"type": "LineString", "coordinates": [[-82.907443, 42.423581], [-82.907306, 42.42402], [-82.907297, 42.42407], [-82.907298, 42.424121], [-82.907308, 42.424172], [-82.907328, 42.424221], [-82.907526, 42.424583], [-82.907766, 42.425024], [-82.907831, 42.425096], [-82.907917, 42.425157], [-82.908122, 42.425251], [-82.909291, 42.425729], [-82.909366, 42.425749], [-82.9094296, 42.4257568], [-82.909553, 42.425772], [-82.909696, 42.425782], [-82.909839, 42.425792]]}}, {"type": "Feature", "properties": {"name": "Mack Plaza Drive", "highway": "residential"}, "geometry": {"type": "LineString", "coordinates": [[-82.9087833, 42.4324009], [-82.9093766, 42.432451], [-82.9094725, 42.4324571], [-82.909484, 42.432379], [-82.9094916, 42.4323325], [-82.9095388, 42.4320777], [-82.9095647, 42.4319099], [-82.9095545, 42.4318505], [-82.9095155, 42.4318025], [-82.9094438, 42.4317674], [-82.9093537, 42.431752], [-82.9091204, 42.4317134], [-82.9090243, 42.4316968], [-82.9089105, 42.4316772]]}}, {"type": "Feature", "properties": {"name": "Jackson Avenue", "highway": "residential"}, "geometry": {"type": "LineString", "coordinates": [[-82.9125919, 42.434234], [-82.9124057, 42.4346573], [-82.9123759, 42.4347249], [-82.9123467, 42.4347903], [-82.912054, 42.4354439], [-82.9120258, 42.435506], [-82.9119968, 42.435572], [-82.9117021, 42.4362437], [-82.9116737, 42.4363084], [-82.9116444, 42.4363754], [-82.9113495, 42.4370507], [-82.9113212, 42.4371156], [-82.9112928, 42.4371799], [-82.9109942, 42.4378563], [-82.9109624, 42.4379285], [-82.9109259, 42.4380112], [-82.9106271, 42.438688], [-82.910602, 42.438745], [-82.9105696, 42.4388183], [-82.9102387, 42.4395677], [-82.9098668, 42.4404081], [-82.9094945, 42.4412552], [-82.909146, 42.442045], [-82.9091201, 42.4421037], [-82.9087503, 42.4429336]]}}, {"type": "Feature", "properties": {"name": "East Clairview Court", "highway": "residential"}, "geometry": {"type": "LineString", "coordinates": [[-82.905966, 42.429665], [-82.905375, 42.43049], [-82.90536, 42.430578], [-82.905369, 42.430631], [-82.905397, 42.430693], [-82.905435, 42.43074], [-82.905484, 42.430781], [-82.905527, 42.430807], [-82.905664, 42.430864]]}}, {"type": "Feature", "properties": {"name": "Prestwick Road", "highway": "residential"}, "geometry": {"type": "LineString", "coordinates": [[-82.9185323, 42.4259992], [-82.916503, 42.425166], [-82.91585, 42.424896], [-82.914204, 42.4242275], [-82.9108347, 42.4228466], [-82.9107699, 42.422825], [-82.9107001, 42.4228023], [-82.9106429, 42.4227937], [-82.9103101, 42.4227737], [-82.910198, 42.4227571], [-82.9100523, 42.4226907]]}}, {"type": "Feature", "properties": {"name": "Berns Court", "highway": "residential"}, "geometry": {"type": "LineString", "coordinates": [[-82.901265, 42.431085], [-82.9017621, 42.4304238]]}}, {"type": "Feature", "properties": {"name": "South Renaud Road", "highway": "residential"}, "geometry": {"type": "LineString", "coordinates": [[-82.892927, 42.432781], [-82.893814, 42.432141], [-82.893897, 42.432102], [-82.893953, 42.432085], [-82.894011, 42.432073], [-82.89411, 42.432067], [-82.894171, 42.432071], [-82.894229, 42.432081], [-82.89558, 42.432402], [-82.898226, 42.433035], [-82.898417, 42.433089], [-82.898746, 42.433191], [-82.899015, 42.433285], [-82.899256, 42.433378], [-82.899454, 42.433462], [-82.899701, 42.433579], [-82.899841, 42.433632], [-82.899953, 42.433666], [-82.900125, 42.433693], [-82.900229, 42.4337], [-82.900736, 42.433692], [-82.900898, 42.433701], [-82.901063, 42.43372], [-82.901224, 42.433751], [-82.902309, 42.434008], [-82.90599, 42.434888], [-82.906672, 42.435044], [-82.906865, 42.435076], [-82.907192, 42.435102], [-82.90743, 42.4351009], [-82.90763, 42.4351], [-82.907813, 42.43509], [-82.907963, 42.435077], [-82.9079833, 42.4350766], [-82.908103, 42.435074], [-82.908398, 42.435074]]}}, {"type": "Feature", "properties": {"name": "East Kings Court", "highway": "residential"}, "geometry": {"type": "LineString", "coordinates": [[-82.906778, 42.425641], [-82.906674, 42.425697], [-82.905892, 42.426719]]}}, {"type": "Feature", "properties": {"name": "North Oxford Road", "highway": "residential"}, "geometry": {"type": "LineString", "coordinates": [[-82.888556, 42.429794], [-82.891625, 42.430524], [-82.895762, 42.43151], [-82.895951, 42.431551], [-82.901413, 42.432855], [-82.901506, 42.432865], [-82.901599, 42.432859], [-82.901668, 42.432844], [-82.901826, 42.432773], [-82.9018634, 42.4327611], [-82.901895, 42.432751], [-82.902015, 42.432729], [-82.902087, 42.432724], [-82.90216, 42.432725], [-82.902231, 42.432733], [-82.902311, 42.43275]]}}, {"type": "Feature", "properties": {"name": "Raymond Street", "highway": "residential"}, "geometry": {"type": "LineString", "coordinates": [[-82.915309, 42.420946], [-82.914254, 42.42236]]}}, {"type": "Feature", "properties": {"name": "Stanhope Street", "highway": "residential"}, "geometry": {"type": "LineString", "coordinates": [[-82.9096829, 42.426849], [-82.9102127, 42.4270578], [-82.911658, 42.427648], [-82.9135268, 42.4284206], [-82.9169988, 42.4298359], [-82.919908, 42.431014], [-82.9199966, 42.4310504], [-82.9223169, 42.4320034], [-82.922769, 42.432185]]}}, {"type": "Feature", "properties": {"name": "Helen Avenue", "highway": "residential"}, "geometry": {"type": "LineString", "coordinates": [[-82.9155219, 42.4339182], [-82.915441, 42.433953], [-82.915352, 42.434015], [-82.915284, 42.434089], [-82.9152615, 42.4341166], [-82.9152449, 42.4341453], [-82.9152355, 42.4341715], [-82.9152199, 42.4342181], [-82.9151239, 42.4349624], [-82.9151036, 42.4350763], [-82.9148535, 42.4356535], [-82.9148245, 42.4357187], [-82.9147977, 42.4357869], [-82.9146425, 42.4361298], [-82.9144587, 42.436542], [-82.9143131, 42.4368693], [-82.9142842, 42.4369341], [-82.9142549, 42.4370003], [-82.9139545, 42.4376709], [-82.9139259, 42.4377348], [-82.9138971, 42.4378008], [-82.9136009, 42.4384779], [-82.9135661, 42.4385574], [-82.9135324, 42.438634], [-82.9132349, 42.4393098], [-82.91321, 42.439366], [-82.9131777, 42.4394397], [-82.9128491, 42.4401889], [-82.9124794, 42.4410286], [-82.9121045, 42.4418751], [-82.9117554, 42.4426649], [-82.9117244, 42.442735], [-82.9113579, 42.4435543], [-82.9110433, 42.4442616], [-82.9109943, 42.4443737]]}}, {"type": "Feature", "properties": {"name": "West Clairview Court", "highway": "residential"}, "geometry": {"type": "LineString", "coordinates": [[-82.906849, 42.430019], [-82.906286, 42.430777], [-82.906224, 42.430839], [-82.906177, 42.43087], [-82.906105, 42.430902], [-82.906046, 42.430918], [-82.905984, 42.430928], [-82.905921, 42.43093], [-82.905858, 42.430925], [-82.905789, 42.430913], [-82.905664, 42.430864]]}}, {"type": "Feature", "properties": {"name": "Norton Court", "highway": "residential"}, "geometry": {"type": "LineString", "coordinates": [[-82.907749, 42.430347], [-82.907235, 42.430998]]}}, {"type": "Feature", "properties": {"name": "Manchester Boulevard", "highway": "residential"}, "geometry": {"type": "LineString", "coordinates": [[-82.921871, 42.433859], [-82.9216581, 42.4337721], [-82.9214498, 42.4336872], [-82.9209707, 42.4334918], [-82.9187369, 42.4325909], [-82.918675, 42.4325655], [-82.9159048, 42.4314273], [-82.9158291, 42.4313963], [-82.915297, 42.431173], [-82.9123677, 42.4299774], [-82.9099445, 42.4289745], [-82.9095271, 42.4288034], [-82.909514, 42.428798], [-82.909416, 42.428766]]}}, {"type": "Feature", "properties": {"name": "Holiday Road", "highway": "residential"}, "geometry": {"type": "LineString", "coordinates": [[-82.905892, 42.426719], [-82.905832, 42.426767], [-82.905738, 42.42692], [-82.905702, 42.427], [-82.905658, 42.427148], [-82.905607, 42.427474], [-82.90544, 42.428508], [-82.90539, 42.428831], [-82.905373, 42.428879], [-82.905347, 42.428925], [-82.90508, 42.429279], [-82.903953, 42.4308], [-82.903618, 42.431267], [-82.903449, 42.431527], [-82.903248, 42.431888], [-82.903016, 42.43239], [-82.902788, 42.432909], [-82.902309, 42.434008], [-82.901911, 42.434922], [-82.901471, 42.435935]]}}, {"type": "Feature", "properties": {"name": "South Oxford Road", "highway": "residential"}, "geometry": {"type": "LineString", "coordinates": [[-82.888896, 42.42901], [-82.891967, 42.429739], [-82.896292, 42.43077], [-82.9007887, 42.4318579], [-82.9013098, 42.4320162], [-82.9016831, 42.432184], [-82.9018499, 42.4322824], [-82.9018976, 42.4323309], [-82.9019326, 42.432371], [-82.9019682, 42.4324223], [-82.9020012, 42.4324866], [-82.902089, 42.432584], [-82.902184, 42.432672], [-82.902245, 42.432714], [-82.902311, 42.43275]]}}, {"type": "Feature", "properties": {"name": "West Kings Court", "highway": "residential"}, "geometry": {"type": "LineString", "coordinates": [[-82.906778, 42.425641], [-82.906875, 42.425624], [-82.907236, 42.425744], [-82.907498, 42.425851], [-82.907576, 42.425888], [-82.907623, 42.425928], [-82.907649, 42.425965], [-82.907662, 42.426006], [-82.907663, 42.426048], [-82.90765, 42.42609], [-82.907632, 42.426119], [-82.907308, 42.42655], [-82.906887, 42.427125]]}}, {"type": "Feature", "properties": {"name": "South Prestwick Road", "highway": "residential"}, "geometry": {"type": "LineString", "coordinates": [[-82.9099097, 42.4226306], [-82.9100523, 42.4226907]]}}, {"type": "Feature", "properties": {"name": "Blossom Place", "highway": "residential"}, "geometry": {"type": "LineString", "coordinates": [[-82.908444, 42.426731], [-82.9093045, 42.4268088], [-82.9093151, 42.4268098], [-82.9094271, 42.426824], [-82.9096829, 42.426849]]}}, {"type": "Feature", "properties": {"name": "Allard Avenue", "highway": "tertiary"}, "geometry": {"type": "LineString", "coordinates": [[-82.909571, 42.4278055], [-82.9096829, 42.427824], [-82.909732, 42.4278321], [-82.9097542, 42.4278402]]}}, {"type": "Feature", "properties": {"name": "Ghesquiere Court", "highway": "residential"}, "geometry": {"type": "LineString", "coordinates": [[-82.902228, 42.431472], [-82.902719, 42.4308169]]}}, {"type": "Feature", "properties": {"name": "Lexington Road", "highway": "residential"}, "geometry": {"type": "LineString", "coordinates": [[-82.906474, 42.423184], [-82.907443, 42.423581], [-82.908192, 42.42389], [-82.908244, 42.423916], [-82.908292, 42.423948], [-82.908358, 42.424009], [-82.908411, 42.42408], [-82.908564, 42.424363], [-82.908614, 42.424439], [-82.908696, 42.424525], [-82.908797, 42.424599], [-82.908906, 42.424655], [-82.909392, 42.424858], [-82.909462, 42.424877], [-82.9095446, 42.4248943], [-82.909662, 42.424925], [-82.909808, 42.42495]]}}, {"type": "Feature", "properties": {"name": "Bournemouth Avenue", "highway": "residential"}, "geometry": {"type": "LineString", "coordinates": [[-82.916368, 42.423225], [-82.916095, 42.423114]]}}, {"type": "Feature", "properties": {"name": "Littlestone Road", "highway": "residential"}, "geometry": {"type": "LineString", "coordinates": [[-82.92334, 42.431396], [-82.9226417, 42.4311112], [-82.9224495, 42.4310329], [-82.9204799, 42.4302422], [-82.9196703, 42.4299079], [-82.9175786, 42.4290539], [-82.916737, 42.428702], [-82.91663, 42.428649], [-82.916529, 42.428566], [-82.916476, 42.428527], [-82.916394, 42.42849], [-82.91436, 42.427659], [-82.914119, 42.427555], [-82.913798, 42.427433], [-82.912885, 42.427052], [-82.912303, 42.426783], [-82.911549, 42.426412], [-82.911406, 42.426349], [-82.911209, 42.426274], [-82.911005, 42.426209], [-82.910795, 42.426154], [-82.910391, 42.426095], [-82.9103392, 42.4260914], [-82.909804, 42.426054], [-82.90966, 42.426052], [-82.9095255, 42.4260451]]}}, {"type": "Feature", "properties": {"name": "Torrey Road", "highway": "residential"}, "geometry": {"type": "LineString", "coordinates": [[-82.8987711, 42.4285424], [-82.89883, 42.428474], [-82.899342, 42.427961], [-82.899686, 42.427618], [-82.899777, 42.427548], [-82.899862, 42.427501], [-82.899953, 42.427464], [-82.900051, 42.427444], [-82.900147, 42.427437], [-82.900268, 42.427444], [-82.900338, 42.427456], [-82.900413, 42.427477], [-82.901689, 42.427951], [-82.903007, 42.428439], [-82.903575, 42.428654], [-82.904103, 42.428863], [-82.904317, 42.428948], [-82.90508, 42.429279], [-82.905966, 42.429665], [-82.906186, 42.42976], [-82.906849, 42.430019], [-82.907749, 42.430347], [-82.908252, 42.430527], [-82.908307, 42.430541], [-82.908473, 42.430573], [-82.9086998, 42.430596], [-82.908808, 42.430607], [-82.909098, 42.430634]]}}, {"type": "Feature", "properties": {"name": "Faircourt Street", "highway": "residential"}, "geometry": {"type": "LineString", "coordinates": [[-82.9086783, 42.4330011], [-82.9084182, 42.4329779], [-82.9082851, 42.4329649], [-82.9082645, 42.4329629], [-82.90815, 42.4329478], [-82.9080207, 42.4329271], [-82.9079175, 42.432903], [-82.9078221, 42.4328772], [-82.907649, 42.4328119], [-82.9064981, 42.4323426], [-82.9064484, 42.4323421], [-82.9064038, 42.4323445], [-82.9063583, 42.4323491], [-82.9063204, 42.4323508], [-82.9062898, 42.4323451], [-82.9062632, 42.4323322], [-82.9062425, 42.4323105], [-82.9062335, 42.4322929], [-82.9062303, 42.4322786], [-82.906234, 42.4322597], [-82.9062416, 42.4322434], [-82.9062538, 42.4322294], [-82.9062794, 42.4322128], [-82.906315, 42.4322022], [-82.9063443, 42.4322012], [-82.9063727, 42.4322048], [-82.9063925, 42.4322115], [-82.9064137, 42.4322288], [-82.9064308, 42.432257], [-82.9064502, 42.4322886], [-82.9064695, 42.4323129], [-82.9064981, 42.4323426]]}}, {"type": "Feature", "properties": {"name": "Oxford Road", "highway": "residential"}, "geometry": {"type": "LineString", "coordinates": [[-82.902311, 42.43275], [-82.902408, 42.432789], [-82.902788, 42.432909], [-82.907579, 42.4344509], [-82.9077483, 42.4345054], [-82.9080242, 42.4345942], [-82.9080415, 42.4345981], [-82.9081691, 42.4346268], [-82.9084449, 42.4346545], [-82.9085889, 42.4346916], [-82.909162, 42.434816], [-82.9097852, 42.4349743], [-82.9119334, 42.4354837], [-82.9120258, 42.435506], [-82.9121248, 42.4355299], [-82.912697, 42.4356678], [-82.9145462, 42.4361069], [-82.9146425, 42.4361298]]}}, {"type": "Feature", "properties": {"name": "Baltree Court", "highway": "residential"}, "geometry": {"type": "LineString", "coordinates": [[-82.904077, 42.432227], [-82.9044948, 42.4316709]]}}, {"type": "Feature", "properties": {"name": "Craig Street", "highway": "residential"}, "geometry": {"type": "LineString", "coordinates": [[-82.919552, 42.424528], [-82.919549, 42.424607], [-82.9195424, 42.4246157], [-82.9190938, 42.4252057], [-82.919051, 42.425262], [-82.9189979, 42.4253326], [-82.9185507, 42.4259271], [-82.918535, 42.425948], [-82.9185323, 42.4259992], [-82.9185246, 42.426042], [-82.9185039, 42.4260727], [-82.9180413, 42.4266404], [-82.9178653, 42.4268499], [-82.917533, 42.427265], [-82.9172, 42.427695], [-82.917046, 42.427905], [-82.916529, 42.428566]]}}, {"type": "Feature", "properties": {"name": "Brierstone Street", "highway": "residential"}, "geometry": {"type": "LineString", "coordinates": [[-82.9206868, 42.4285641], [-82.9206045, 42.4285304], [-82.9186151, 42.4277164], [-82.9176203, 42.4273014], [-82.917533, 42.427265]]}}, {"type": "Feature", "properties": {"name": "West Ida Lane", "highway": "residential"}, "geometry": {"type": "LineString", "coordinates": [[-82.903972, 42.42782], [-82.904027, 42.427916], [-82.904068, 42.427958], [-82.904111, 42.427983], [-82.9044407, 42.4281102]]}}, {"type": "Feature", "properties": {"name": "West Ida Lane", "highway": "residential"}, "geometry": {"type": "LineString", "coordinates": [[-82.904916, 42.426321], [-82.9048671, 42.4263976], [-82.90469, 42.426675], [-82.904612, 42.426811], [-82.904543, 42.426949], [-82.90431, 42.427463], [-82.904276, 42.427526], [-82.904219, 42.427606], [-82.904137, 42.427696], [-82.904037, 42.427785], [-82.903972, 42.42782]]}}, {"type": "Feature", "properties": {"name": "Blossom Lane", "highway": "residential"}, "geometry": {"type": "LineString", "coordinates": [[-82.9086741, 42.4264052], [-82.908444, 42.426731], [-82.907859, 42.427521]]}}, {"type": "Feature", "properties": {"name": "Kingsville Avenue", "highway": "residential"}, "geometry": {"type": "LineString", "coordinates": [[-82.917419, 42.421782], [-82.916328, 42.421349], [-82.916259, 42.421329], [-82.916111, 42.421272], [-82.915309, 42.420946], [-82.9151087, 42.4208629], [-82.9148401, 42.4207515]]}}, {"type": "Feature", "properties": {"name": "Ford Court", "highway": "residential"}, "geometry": {"type": "LineString", "coordinates": [[-82.9068128, 42.4316164], [-82.9075147, 42.4319133], [-82.9079381, 42.4320676], [-82.908122, 42.4321216], [-82.9083189, 42.4321826], [-82.9084166, 42.4321923], [-82.9085418, 42.4322049], [-82.9088143, 42.432226]]}}, {"type": "Feature", "properties": {"name": "Fairholme Road", "highway": "residential"}, "geometry": {"type": "LineString", "coordinates": [[-82.8987711, 42.4285424], [-82.89871, 42.42862], [-82.8986581, 42.4287098], [-82.898495, 42.429092], [-82.898381, 42.429408], [-82.898342, 42.429699], [-82.8984, 42.429831], [-82.898481, 42.42992], [-82.898651, 42.430021], [-82.900263, 42.430677], [-82.901265, 42.431085], [-82.902228, 42.431472], [-82.903163, 42.43185], [-82.903248, 42.431888], [-82.903358, 42.431938], [-82.904077, 42.432227], [-82.904952, 42.43258], [-82.905745, 42.432889], [-82.905978, 42.432974], [-82.906761, 42.433326], [-82.906997, 42.433422], [-82.9073915, 42.4335774], [-82.9074749, 42.433609], [-82.9075948, 42.4336477], [-82.9077137, 42.4336826], [-82.9078035, 42.4337036], [-82.9079187, 42.4337239], [-82.908038, 42.4337402], [-82.9081688, 42.4337525], [-82.9082858, 42.4337635], [-82.9084369, 42.4337737], [-82.9085641, 42.433785]]}}, {"type": "Feature", "properties": {"name": "Ida Lane East", "highway": "residential"}, "geometry": {"type": "LineString", "coordinates": [[-82.903868, 42.425894], [-82.9038197, 42.4259676], [-82.903645, 42.426234], [-82.903542, 42.426412], [-82.903454, 42.426576], [-82.903083, 42.427384], [-82.903073, 42.427415], [-82.90307, 42.427448], [-82.903078, 42.427491], [-82.903106, 42.42754], [-82.903152, 42.427582], [-82.903198, 42.427608], [-82.903744, 42.42783], [-82.903795, 42.42784], [-82.903866, 42.427843], [-82.903918, 42.427836], [-82.903972, 42.42782]]}}, {"type": "Feature", "properties": {"name": "Dorthen Street", "highway": "residential"}, "geometry": {"type": "LineString", "coordinates": [[-82.905607, 42.427474], [-82.906103, 42.427512], [-82.906149, 42.427519], [-82.906192, 42.427532], [-82.9087282, 42.4285697], [-82.9090353, 42.4286953], [-82.9091286, 42.4287335], [-82.909416, 42.428766]]}}, {"type": "Feature", "properties": {"name": "Bournemouth Road", "highway": "residential"}, "geometry": {"type": "LineString", "coordinates": [[-82.910087, 42.420767], [-82.910241, 42.420775], [-82.91037, 42.420781], [-82.91045, 42.420795], [-82.9104915, 42.420813], [-82.9105986, 42.4208595], [-82.9107725, 42.4209351], [-82.910829, 42.4209597], [-82.911007, 42.421037], [-82.91118, 42.421104], [-82.914254, 42.42236], [-82.915264, 42.422774], [-82.916095, 42.423114]]}}, {"type": "Feature", "properties": {"name": "East Emory Court", "highway": "residential"}, "geometry": {"type": "LineString", "coordinates": [[-82.903007, 42.428439], [-82.902226, 42.429494]]}}, {"type": "Feature", "properties": {"name": "Bramcaster Road", "highway": "residential"}, "geometry": {"type": "LineString", "coordinates": [[-82.916503, 42.425166], [-82.9164583, 42.425234], [-82.915891, 42.425998], [-82.915247, 42.426864], [-82.914971, 42.427151], [-82.914702, 42.4274], [-82.914427, 42.427612], [-82.91436, 42.427659], [-82.914281, 42.427711], [-82.91399, 42.427926], [-82.913756, 42.428147], [-82.9135885, 42.4283469], [-82.9135268, 42.4284206], [-82.9134733, 42.4284922], [-82.9130248, 42.4290933], [-82.9129796, 42.4291539], [-82.9129334, 42.4292161], [-82.9124323, 42.4298901], [-82.9123677, 42.4299774], [-82.9122988, 42.4300637], [-82.9117317, 42.4308184], [-82.9116696, 42.430901], [-82.9116053, 42.4309873], [-82.9115962, 42.4309996], [-82.9113491, 42.4313169]]}}, {"type": "Feature", "properties": {"name": "Marford Court", "highway": "residential"}, "geometry": {"type": "LineString", "coordinates": [[-82.904952, 42.43258], [-82.9053474, 42.4320289]]}}, {"type": "Feature", "properties": {"name": "Elizabeth Court", "highway": "residential"}, "geometry": {"type": "LineString", "coordinates": [[-82.9089804, 42.4215087], [-82.909716, 42.421811], [-82.909832, 42.421846], [-82.909843, 42.4218473], [-82.909987, 42.421864], [-82.910128, 42.421866]]}}, {"type": "Feature", "properties": {"name": "North Colonial Court", "highway": "residential"}, "geometry": {"type": "LineString", "coordinates": [[-82.909979, 42.4234662], [-82.9101253, 42.4234722]]}}, {"type": "Feature", "properties": {"name": "Chester Avenue", "highway": "residential"}, "geometry": {"type": "LineString", "coordinates": [[-82.9175786, 42.4290539], [-82.9172484, 42.429498], [-82.9170511, 42.4297652], [-82.9169988, 42.4298359], [-82.9169433, 42.42991], [-82.9164963, 42.4305085], [-82.9164494, 42.4305712], [-82.916403, 42.4306333], [-82.9158951, 42.4313126], [-82.9158291, 42.4313963], [-82.9157663, 42.4314856], [-82.9152024, 42.4322433], [-82.9151383, 42.4323294]]}}, {"type": "Feature", "properties": {"name": "Prestwick Avenue", "highway": "residential"}, "geometry": {"type": "LineString", "coordinates": [[-82.921662, 42.427274], [-82.9215759, 42.4272469], [-82.9186181, 42.4260357], [-82.9185323, 42.4259992]]}}, {"type": "Feature", "properties": {"name": "Colonial Court", "highway": "residential"}, "geometry": {"type": "LineString", "coordinates": [[-82.9099097, 42.4226306], [-82.9097952, 42.4226207], [-82.909741, 42.4226157], [-82.9095919, 42.4226062], [-82.909489, 42.4225917], [-82.909283, 42.4225318], [-82.908967, 42.4224086], [-82.908133, 42.422069], [-82.908029, 42.422058], [-82.907978, 42.422078], [-82.90791, 42.4221228], [-82.907735, 42.422342], [-82.907668, 42.422462], [-82.907576, 42.422668], [-82.9076124, 42.4227452], [-82.9077133, 42.4227987], [-82.9082535, 42.4230076], [-82.9089243, 42.4233008], [-82.9093295, 42.4234253], [-82.9096001, 42.4234563], [-82.9097127, 42.4234588], [-82.909851, 42.4234642], [-82.909979, 42.4234662]]}}, {"type": "Feature", "properties": {"name": "Leslie Avenue", "highway": "residential"}, "geometry": {"type": "LineString", "coordinates": [[-82.916095, 42.423114], [-82.916084, 42.4231964], [-82.9159794, 42.423929], [-82.9159683, 42.4240065], [-82.9159579, 42.4240846], [-82.915953, 42.4241335], [-82.915936, 42.424232], [-82.9158591, 42.4248257], [-82.91585, 42.424896]]}}, {"type": "Feature", "properties": {"name": "Linville Street", "highway": "residential"}, "geometry": {"type": "LineString", "coordinates": [[-82.916328, 42.421349], [-82.915264, 42.422774]]}}, {"type": "Feature", "properties": {"name": "Mack Avenue", "highway": "secondary"}, "geometry": {"type": "LineString", "coordinates": [[-82.9100765, 42.4208843], [-82.910064, 42.421023], [-82.9100544, 42.4211279], [-82.909987, 42.421864], [-82.9099097, 42.4226306], [-82.909851, 42.4234642], [-82.909832, 42.4236109], [-82.909796, 42.42392], [-82.909662, 42.424925], [-82.909553, 42.425772], [-82.9095392, 42.4259149], [-82.9095255, 42.4260451], [-82.9095025, 42.4262359], [-82.9094271, 42.426824], [-82.9093527, 42.4272841], [-82.9093329, 42.427478], [-82.909313, 42.427577], [-82.909265, 42.427934], [-82.9092403, 42.4280769], [-82.909206, 42.4282781], [-82.909197, 42.4283312], [-82.9091286, 42.4287335], [-82.908955, 42.429781], [-82.908808, 42.430607], [-82.9087945, 42.4306874], [-82.9087732, 42.4308134], [-82.908709, 42.431194], [-82.9086115, 42.4317886], [-82.9085418, 42.4322049], [-82.9085248, 42.4322816], [-82.9084182, 42.4329779], [-82.9083786, 42.4332081], [-82.9082858, 42.4337635], [-82.9081691, 42.4346268], [-82.9081367, 42.4348476], [-82.908103, 42.435074], [-82.908051, 42.4355116], [-82.9080069, 42.4358549], [-82.9079691, 42.4361493], [-82.9079394, 42.4363808], [-82.9079007, 42.4366917], [-82.9077961, 42.4374452]]}}, {"type": "Feature", "properties": {"name": "Chalfonte Avenue", "highway": "residential"}, "geometry": {"type": "LineString", "coordinates": [[-82.906801, 42.415491], [-82.906779, 42.4156298], [-82.906763, 42.415731], [-82.9067484, 42.4157756], [-82.9067234, 42.4158522], [-82.9066037, 42.4162193], [-82.906432, 42.416746], [-82.906124, 42.417679], [-82.905729, 42.418887], [-82.905101, 42.420833], [-82.904837, 42.421654], [-82.904589, 42.422382], [-82.904499, 42.422692], [-82.904316, 42.423272], [-82.9042499, 42.4234546], [-82.904227, 42.423518], [-82.904012, 42.424007], [-82.9039228, 42.4242068], [-82.9035549, 42.4250312], [-82.903522, 42.425105], [-82.903402, 42.425389], [-82.9033107, 42.4255906], [-82.903282, 42.425654]]}}, {"type": "Feature", "properties": {"name": "Kenmore Drive", "highway": "residential"}, "geometry": {"type": "LineString", "coordinates": [[-82.918975, 42.438043], [-82.919102, 42.437747], [-82.919115, 42.437665], [-82.919106, 42.437599], [-82.919088, 42.43755], [-82.91905, 42.43749], [-82.918998, 42.437436], [-82.918938, 42.437395], [-82.9174459, 42.4367886], [-82.9173602, 42.4367536], [-82.914911, 42.4357548], [-82.9148245, 42.4357187], [-82.9147356, 42.4356805], [-82.9144753, 42.4355745], [-82.9124643, 42.4347604], [-82.9123759, 42.4347249], [-82.9093481, 42.4334856], [-82.9087974, 42.4332647], [-82.9086423, 42.4332296], [-82.9083786, 42.4332081]]}}, {"type": "Feature", "properties": {"name": "Mack Avenue", "highway": "secondary"}, "geometry": {"type": "LineString", "coordinates": [[-82.9105263, 42.4190809], [-82.9105388, 42.4189615], [-82.9105426, 42.4189339], [-82.910618, 42.418389], [-82.910663, 42.41803], [-82.9106677, 42.4179483]]}}, {"type": "Feature", "properties": {"name": "Mack Avenue", "highway": "secondary"}, "geometry": {"type": "LineString", "coordinates": [[-82.9082287, 42.4363858], [-82.9083295, 42.4355346], [-82.908398, 42.435074], [-82.9084449, 42.4346545], [-82.9084731, 42.4344687], [-82.9084885, 42.4343528], [-82.9085237, 42.4340886], [-82.9085641, 42.433785], [-82.9086423, 42.4332296], [-82.9086783, 42.4330011], [-82.9087833, 42.4324009], [-82.9088143, 42.432226], [-82.9088568, 42.4320128], [-82.9089105, 42.4316772], [-82.908995, 42.431223], [-82.909046, 42.430928], [-82.9090789, 42.4307422], [-82.909098, 42.430634], [-82.909224, 42.429889], [-82.9092414, 42.429787], [-82.9092915, 42.4294941], [-82.909416, 42.428766], [-82.9094952, 42.428269], [-82.9095213, 42.4281051], [-82.909571, 42.4278055]]}}, {"type": "Feature", "properties": {"name": "Kingsville Avenue", "highway": "residential"}, "geometry": {"type": "LineString", "coordinates": [[-82.916502, 42.419614], [-82.9164374, 42.4197045], [-82.9163846, 42.4197784], [-82.9163146, 42.4198765], [-82.9155912, 42.4209044], [-82.9155608, 42.4209171], [-82.9155165, 42.4209247], [-82.9154721, 42.4209168], [-82.9148675, 42.420672], [-82.9148232, 42.4206659], [-82.9147855, 42.4206684], [-82.9147168, 42.4206688], [-82.9145545, 42.4206493], [-82.9145186, 42.420645], [-82.9144501, 42.4206368], [-82.9142928, 42.420618], [-82.9141325, 42.4205716], [-82.9135824, 42.4203501], [-82.9135312, 42.420306], [-82.913487, 42.4202561], [-82.9133906, 42.4201473], [-82.9133126, 42.4200988], [-82.9126367, 42.4198291], [-82.9126244, 42.4198242], [-82.9125671, 42.4198013], [-82.9122421, 42.4196716], [-82.912229, 42.4196663]]}}, {"type": "Feature", "properties": {"name": "Harper Avenue", "highway": "secondary"}, "geometry": {"type": "LineString", "coordinates": [[-82.922518, 42.432562], [-82.922338, 42.432839], [-82.922281, 42.432943], [-82.922233, 42.433031], [-82.9221547, 42.433213], [-82.922107, 42.433319], [-82.9220709, 42.4334022], [-82.922035, 42.433485]]}}, {"type": "Feature", "properties": {"name": "Harper Avenue", "highway": "secondary"}, "geometry": {"type": "LineString", "coordinates": [[-82.927145, 42.4257885], [-82.9270512, 42.4259105], [-82.9270131, 42.4259601], [-82.9268896, 42.4261208], [-82.9267922, 42.4262476], [-82.926619, 42.426469], [-82.926374, 42.426807], [-82.926103, 42.427211], [-82.9260535, 42.4272859], [-82.9260391, 42.4273077], [-82.9256408, 42.4279107], [-82.9251625, 42.4286348], [-82.9250729, 42.4287704], [-82.924945, 42.428964], [-82.9248341, 42.4291318], [-82.924748, 42.429262], [-82.9240651, 42.4302971], [-82.9238197, 42.4306689], [-82.92334, 42.431396], [-82.9232923, 42.4314708], [-82.9231586, 42.4316575], [-82.923023, 42.431848], [-82.922769, 42.432185], [-82.922518, 42.432562]]}}, {"type": "Feature", "properties": {"name": "Kingsville Avenue", "highway": "residential"}, "geometry": {"type": "LineString", "coordinates": [[-82.9108881, 42.419099], [-82.9108141, 42.4191945]]}}, {"type": "Feature", "properties": {"name": "Kingsville Avenue", "highway": "residential"}, "geometry": {"type": "LineString", "coordinates": [[-82.9114227, 42.4193135], [-82.9113507, 42.4194114]]}}, {"type": "Feature", "properties": {"name": "Kingsville Avenue", "highway": "residential"}, "geometry": {"type": "LineString", "coordinates": [[-82.9116409, 42.4194004], [-82.9115608, 42.4194948]]}}, {"type": "Feature", "properties": {"name": "Kingsville Avenue", "highway": "residential"}, "geometry": {"type": "LineString", "coordinates": [[-82.912229, 42.4196663], [-82.9120387, 42.4195836], [-82.9116659, 42.4194104], [-82.9116409, 42.4194004], [-82.9114227, 42.4193135], [-82.9108881, 42.419099], [-82.9106528, 42.4190064], [-82.9105388, 42.4189615]]}}, {"type": "Feature", "properties": {"name": "Kingsville Avenue", "highway": "residential"}, "geometry": {"type": "LineString", "coordinates": [[-82.9105263, 42.4190809], [-82.9106364, 42.4191243], [-82.9108141, 42.4191945], [-82.9113507, 42.4194114], [-82.9115608, 42.4194948], [-82.9117771, 42.4195813], [-82.912229, 42.4196663]]}}, {"type": "Feature", "properties": {"name": "Cook Road", "highway": "tertiary"}, "geometry": {"type": "LineString", "coordinates": [[-82.9057938, 42.4266856], [-82.905892, 42.426719], [-82.906887, 42.427125], [-82.907859, 42.427521], [-82.9091429, 42.4280441], [-82.9092403, 42.4280769], [-82.9095213, 42.4281051]]}}, {"type": "Feature", "properties": {"name": "Arthur Avenue", "highway": "residential"}, "geometry": {"type": "LineString", "coordinates": [[-82.91936, 42.431749], [-82.9190846, 42.4321211], [-82.9187369, 42.4325909], [-82.9183254, 42.4331615], [-82.918064, 42.433517], [-82.917368, 42.43446]]}}, {"type": "Feature", "properties": {"name": "Allard Avenue", "highway": "tertiary"}, "geometry": {"type": "LineString", "coordinates": [[-82.91936, 42.431749], [-82.9194489, 42.4317853], [-82.9217665, 42.4327327], [-82.9221258, 42.4328796]]}}, {"type": "Feature", "properties": {"name": "Allard Avenue", "highway": "tertiary"}, "geometry": {"type": "LineString", "coordinates": [[-82.9097542, 42.4278402], [-82.909997, 42.4279293]]}}, {"type": "Feature", "properties": {"name": "Mack Avenue", "highway": "secondary"}, "geometry": {"type": "LineString", "coordinates": [[-82.909571, 42.4278055], [-82.9096028, 42.4275783], [-82.9096166, 42.4274527], [-82.9096829, 42.426849], [-82.909752, 42.426444], [-82.9097547, 42.4264236], [-82.909804, 42.426054], [-82.9098149, 42.4259721], [-82.909839, 42.425792], [-82.9099423, 42.4250076], [-82.9099853, 42.4246717], [-82.910079, 42.423941], [-82.9100964, 42.4237694], [-82.9101253, 42.4234722], [-82.910198, 42.4227571], [-82.910216, 42.4225756], [-82.9102605, 42.4220425], [-82.910275, 42.421869], [-82.910285, 42.4217543], [-82.910348, 42.421036], [-82.9103581, 42.4209188]]}}, {"type": "Feature", "properties": {"name": "Allard Avenue", "highway": "tertiary"}, "geometry": {"type": "LineString", "coordinates": [[-82.9100918, 42.427968], [-82.9129796, 42.4291539], [-82.9164494, 42.4305712], [-82.9165333, 42.4306052], [-82.91936, 42.431749]]}}, {"type": "Feature", "properties": {"name": "Newcastle Road", "highway": "residential"}, "geometry": {"type": "LineString", "coordinates": [[-82.910128, 42.421866], [-82.910275, 42.421869], [-82.910351, 42.421866], [-82.9104505, 42.4218753], [-82.9108647, 42.4219185], [-82.9159683, 42.4240065], [-82.919051, 42.425262], [-82.9222083, 42.4265637]]}}, {"type": "Feature", "properties": {"name": "", "highway": "residential"}, "geometry": {"type": "LineString", "coordinates": [[-82.9020012, 42.4324866], [-82.9019666, 42.4326146], [-82.901936, 42.4326813], [-82.9018634, 42.4327611]]}}, {"type": "Feature", "properties": {"name": "Allard Avenue", "highway": "tertiary"}, "geometry": {"type": "LineString", "coordinates": [[-82.9221258, 42.4328796], [-82.922281, 42.432943], [-82.9223312, 42.4329616]]}}, {"type": "Feature", "properties": {"name": "Allard Avenue", "highway": "tertiary"}, "geometry": {"type": "LineString", "coordinates": [[-82.909997, 42.4279293], [-82.9100918, 42.427968]]}}, {"type": "Feature", "properties": {"name": "Cook Road", "highway": "tertiary"}, "geometry": {"type": "LineString", "coordinates": [[-82.903282, 42.425654], [-82.9035451, 42.4257617], [-82.903868, 42.425894], [-82.904916, 42.426321], [-82.9057938, 42.4266856]]}}, {"type": "Feature", "properties": {"name": "Cook Road", "highway": "tertiary"}, "geometry": {"type": "LineString", "coordinates": [[-82.900933, 42.4247009], [-82.9011206, 42.4247776], [-82.9013415, 42.42486], [-82.9013675, 42.4248708], [-82.9016373, 42.4249825], [-82.9030482, 42.4255666], [-82.903282, 42.425654]]}}, {"type": "Feature", "properties": {"name": "Mack Avenue", "highway": "secondary"}, "geometry": {"type": "LineString", "coordinates": [[-82.9103581, 42.4209188], [-82.91037, 42.420781], [-82.9103787, 42.4206805], [-82.910392, 42.420528], [-82.9104195, 42.4202383], [-82.910515, 42.419231], [-82.9105263, 42.4190809]]}}, {"type": "Feature", "properties": {"name": "Crescent Lane", "highway": "residential"}, "geometry": {"type": "LineString", "coordinates": [[-82.895836, 42.422618], [-82.896167, 42.422179], [-82.896227, 42.422109], [-82.896256, 42.422092], [-82.896291, 42.422078], [-82.896358, 42.422068], [-82.896412, 42.422073], [-82.896449, 42.422084], [-82.897705, 42.422595], [-82.898314, 42.422848], [-82.898601, 42.422977], [-82.898667, 42.423018], [-82.898712, 42.423068], [-82.898733, 42.423112], [-82.898738, 42.423147], [-82.898733, 42.423189], [-82.898701, 42.42325], [-82.898394, 42.423662]]}}, {"type": "Feature", "properties": {"name": "Sunningdale Drive", "highway": "residential"}, "geometry": {"type": "LineString", "coordinates": [[-82.881535, 42.431169], [-82.881481, 42.431282], [-82.881068, 42.432245], [-82.881065, 42.432271], [-82.881082, 42.43229], [-82.88148, 42.432381], [-82.88455, 42.433114], [-82.884871, 42.433197], [-82.8864714, 42.4335774], [-82.886699, 42.433639]]}}, {"type": "Feature", "properties": {"name": "Sunningdale Drive", "highway": "residential"}, "geometry": {"type": "LineString", "coordinates": [[-82.8868338, 42.4337607], [-82.8872543, 42.4338554], [-82.889758, 42.434423], [-82.889936, 42.434404]]}}, {"type": "Feature", "properties": {"name": "North Renaud Road", "highway": "residential"}, "geometry": {"type": "LineString", "coordinates": [[-82.888773, 42.431445], [-82.888821, 42.431505], [-82.889, 42.431766], [-82.889036, 42.431801], [-82.889078, 42.431833], [-82.889159, 42.431876], [-82.889232, 42.431901], [-82.890856, 42.432286], [-82.892927, 42.432781], [-82.895182, 42.43332], [-82.895986, 42.433498], [-82.898165, 42.434029], [-82.898249, 42.434039], [-82.898301, 42.434037], [-82.898369, 42.434027], [-82.898432, 42.434006], [-82.898489, 42.433977], [-82.899256, 42.433378]]}}, {"type": "Feature", "properties": {"name": "Shoreham Road", "highway": "residential"}, "geometry": {"type": "LineString", "coordinates": [[-82.884162, 42.427001], [-82.88429, 42.426932], [-82.884326, 42.426881], [-82.884565, 42.426338], [-82.884584, 42.426308], [-82.884603, 42.426289], [-82.88463, 42.426276], [-82.88466, 42.42627], [-82.884691, 42.426272], [-82.884766, 42.426287], [-82.886882, 42.426801], [-82.889575, 42.427456]]}}, {"type": "Feature", "properties": {"name": "Shoreham Road", "highway": "residential"}, "geometry": {"type": "LineString", "coordinates": [[-82.889497, 42.427631], [-82.890448, 42.427858], [-82.890783, 42.42795], [-82.8924975, 42.4285116], [-82.8956289, 42.4295094]]}}, {"type": "Feature", "properties": {"name": "Edshire Lane", "highway": "residential"}, "geometry": {"type": "LineString", "coordinates": [[-82.894616, 42.422119], [-82.894191, 42.422688], [-82.894048, 42.422871], [-82.893781, 42.423196], [-82.893425, 42.42361]]}}, {"type": "Feature", "properties": {"name": "East Doyle Place", "highway": "residential"}, "geometry": {"type": "LineString", "coordinates": [[-82.892738, 42.424338], [-82.89268, 42.424364], [-82.892628, 42.424411], [-82.8916992, 42.4256656]]}}, {"type": "Feature", "properties": {"name": "Fairford Road", "highway": "residential"}, "geometry": {"type": "LineString", "coordinates": [[-82.88968, 42.424887], [-82.889744, 42.424974], [-82.889959, 42.425157], [-82.890049, 42.425206], [-82.8901821, 42.4252678]]}}, {"type": "Feature", "properties": {"name": "Fairford Road", "highway": "residential"}, "geometry": {"type": "LineString", "coordinates": [[-82.887182, 42.424099], [-82.887812, 42.424223], [-82.8879658, 42.4242548], [-82.888121, 42.424287], [-82.888254, 42.424323], [-82.888383, 42.424365], [-82.8888929, 42.4245732], [-82.8895517, 42.4248422], [-82.88968, 42.424887]]}}, {"type": "Feature", "properties": {"name": "Colonial Road", "highway": "residential"}, "geometry": {"type": "LineString", "coordinates": [[-82.87863, 42.429507], [-82.878722, 42.429552], [-82.878789, 42.4295918], [-82.878947, 42.429634], [-82.8861414, 42.431363]]}}, {"type": "Feature", "properties": {"name": "South Renaud Road", "highway": "residential"}, "geometry": {"type": "LineString", "coordinates": [[-82.888773, 42.431445], [-82.889331, 42.431034], [-82.889371, 42.431012], [-82.88943, 42.43099], [-82.889478, 42.43098], [-82.889527, 42.430976], [-82.889592, 42.430979], [-82.889641, 42.430988], [-82.891255, 42.431373], [-82.8926221, 42.431699]]}}, {"type": "Feature", "properties": {"name": "East Ballantyne Court", "highway": "residential"}, "geometry": {"type": "LineString", "coordinates": [[-82.8958021, 42.427334], [-82.8956689, 42.4274981], [-82.895022, 42.428367], [-82.895001, 42.428425], [-82.895003, 42.428478], [-82.895042, 42.428531], [-82.895124, 42.428585], [-82.8954151, 42.4287412]]}}, {"type": "Feature", "properties": {"name": "Thorn Tree Road", "highway": "residential"}, "geometry": {"type": "LineString", "coordinates": [[-82.889348, 42.421595], [-82.889276, 42.421771]]}}, {"type": "Feature", "properties": {"name": "Peach Tree Lane", "highway": "residential"}, "geometry": {"type": "LineString", "coordinates": [[-82.891444, 42.421783], [-82.892825, 42.422351], [-82.8929, 42.422375], [-82.892971, 42.422385], [-82.8929806, 42.4223854], [-82.893021, 42.422387], [-82.893083, 42.422382], [-82.8931637, 42.4223608], [-82.893186, 42.422355], [-82.893231, 42.422334], [-82.893278, 42.422304], [-82.89334, 42.422244], [-82.89371, 42.421748]]}}, {"type": "Feature", "properties": {"name": "Peach Tree Lane", "highway": "residential"}, "geometry": {"type": "LineString", "coordinates": [[-82.889557, 42.42102], [-82.889762, 42.421064], [-82.889912, 42.42111], [-82.8910279, 42.4215749]]}}, {"type": "Feature", "properties": {"name": "West Doyle Place", "highway": "residential"}, "geometry": {"type": "LineString", "coordinates": [[-82.892738, 42.424338], [-82.892791, 42.424325], [-82.892846, 42.424323], [-82.8929, 42.42433], [-82.892938, 42.424342], [-82.893024, 42.424382], [-82.893404, 42.424535], [-82.89407, 42.424808], [-82.89417, 42.424849], [-82.894266, 42.424892], [-82.894347, 42.424945], [-82.894395, 42.425001], [-82.894432, 42.425063], [-82.894448, 42.425105]]}}, {"type": "Feature", "properties": {"name": "West Doyle Place", "highway": "residential"}, "geometry": {"type": "LineString", "coordinates": [[-82.894448, 42.425105], [-82.894595, 42.425082], [-82.894659, 42.425081], [-82.894759, 42.425091], [-82.894835, 42.425111], [-82.8956, 42.425425], [-82.895632, 42.425445], [-82.895667, 42.425477], [-82.89569, 42.425515], [-82.8957, 42.425545], [-82.895698, 42.425606], [-82.895673, 42.425656], [-82.8947488, 42.4269062]]}}, {"type": "Feature", "properties": {"name": "Thorntree Road", "highway": "residential"}, "geometry": {"type": "LineString", "coordinates": [[-82.889276, 42.421771], [-82.88905, 42.422419], [-82.889045, 42.42246], [-82.889051, 42.422514], [-82.889071, 42.422567], [-82.889104, 42.422615], [-82.889162, 42.422668], [-82.889236, 42.42271], [-82.889355, 42.422752], [-82.890429, 42.423189]]}}, {"type": "Feature", "properties": {"name": "Thorntree Road", "highway": "residential"}, "geometry": {"type": "LineString", "coordinates": [[-82.889942, 42.420205], [-82.889776, 42.420488], [-82.889706, 42.420624], [-82.889657, 42.420739], [-82.889557, 42.42102], [-82.889348, 42.421595]]}}, {"type": "Feature", "properties": {"name": "Morningside Drive", "highway": "residential"}, "geometry": {"type": "LineString", "coordinates": [[-82.891988, 42.421043], [-82.89149, 42.421722], [-82.891444, 42.421783], [-82.891076, 42.422278]]}}, {"type": "Feature", "properties": {"name": "Morningside Drive", "highway": "residential"}, "geometry": {"type": "LineString", "coordinates": [[-82.887061, 42.4336511], [-82.887411, 42.432797], [-82.8874905, 42.4326247]]}}, {"type": "Feature", "properties": {"name": "North Higbie Place", "highway": "residential"}, "geometry": {"type": "LineString", "coordinates": [[-82.890164, 42.424222], [-82.890375, 42.424256], [-82.890442, 42.424271], [-82.890506, 42.424292], [-82.891065, 42.424519], [-82.891146, 42.424536], [-82.891217, 42.424533], [-82.891297, 42.424511], [-82.891331, 42.424492], [-82.891362, 42.424468], [-82.891616, 42.424123]]}}, {"type": "Feature", "properties": {"name": "Saddle Lane", "highway": "residential"}, "geometry": {"type": "LineString", "coordinates": [[-82.892398, 42.419788], [-82.892045, 42.420262], [-82.890225, 42.419518], [-82.890118, 42.419488], [-82.890076, 42.419466], [-82.890049, 42.419446], [-82.89003, 42.419405], [-82.890034, 42.419359], [-82.890091, 42.419257], [-82.890174, 42.419032], [-82.890215, 42.418924], [-82.890244, 42.418813], [-82.890263, 42.4188], [-82.890291, 42.418792], [-82.890321, 42.418793], [-82.890478, 42.418841], [-82.892406, 42.419617], [-82.89243, 42.419631], [-82.892458, 42.419663], [-82.892461, 42.419681], [-82.892451, 42.419706], [-82.892398, 42.419788]]}}, {"type": "Feature", "properties": {"name": "Saddle Lane", "highway": "residential"}, "geometry": {"type": "LineString", "coordinates": [[-82.892045, 42.420262], [-82.891586, 42.420878]]}}, {"type": "Feature", "properties": {"name": "Wedgewood Drive", "highway": "residential"}, "geometry": {"type": "LineString", "coordinates": [[-82.893404, 42.424535], [-82.89364, 42.424218], [-82.893934, 42.423825]]}}, {"type": "Feature", "properties": {"name": "Wedgewood Drive", "highway": "residential"}, "geometry": {"type": "LineString", "coordinates": [[-82.894448, 42.425105], [-82.894471, 42.425163], [-82.894476, 42.425251], [-82.894466, 42.425302], [-82.894402, 42.425468], [-82.894281, 42.425697], [-82.8937115, 42.4264842], [-82.8935872, 42.4266506], [-82.893084, 42.427331], [-82.892949, 42.427532], [-82.892832, 42.427745], [-82.892539, 42.4284], [-82.8924975, 42.4285116], [-82.891967, 42.429739], [-82.891625, 42.430524], [-82.891255, 42.431373], [-82.890856, 42.432286], [-82.890423, 42.433291]]}}, {"type": "Feature", "properties": {"name": "Wedgewood Drive", "highway": "residential"}, "geometry": {"type": "LineString", "coordinates": [[-82.895486, 42.422473], [-82.89477, 42.423544], [-82.894704, 42.423626], [-82.894612, 42.423726], [-82.894488, 42.423849], [-82.894447, 42.42388]]}}, {"type": "Feature", "properties": {"name": "Pear Tree Lane", "highway": "residential"}, "geometry": {"type": "LineString", "coordinates": [[-82.889276, 42.421771], [-82.8896, 42.421864], [-82.8904973, 42.4222638]]}}, {"type": "Feature", "properties": {"name": "Pear Tree Lane", "highway": "residential"}, "geometry": {"type": "LineString", "coordinates": [[-82.888164, 42.421364], [-82.888838, 42.421495], [-82.889348, 42.421595]]}}, {"type": "Feature", "properties": {"name": "Lochmoor Boulevard", "highway": "residential"}, "geometry": {"type": "LineString", "coordinates": [[-82.881936, 42.431334], [-82.8845915, 42.4319692], [-82.884942, 42.432053], [-82.885168, 42.432105], [-82.887017, 42.432533], [-82.8871504, 42.4325755], [-82.8873275, 42.4326309], [-82.8874905, 42.4326247]]}}, {"type": "Feature", "properties": {"name": "Lochmoor Boulevard", "highway": "residential"}, "geometry": {"type": "LineString", "coordinates": [[-82.890423, 42.433291], [-82.890486, 42.433377], [-82.890588, 42.433407], [-82.894714, 42.434396], [-82.896338, 42.434785], [-82.896428, 42.434793], [-82.896498, 42.434777], [-82.896594, 42.434767]]}}, {"type": "Feature", "properties": {"name": "Fairway Drive", "highway": "residential"}, "geometry": {"type": "LineString", "coordinates": [[-82.899183, 42.426421], [-82.8978821, 42.4281808], [-82.8977595, 42.4283449], [-82.896803, 42.429634], [-82.896759, 42.4297], [-82.896723, 42.429769], [-82.896521, 42.430249], [-82.896292, 42.43077], [-82.895951, 42.431551], [-82.89558, 42.432402], [-82.895182, 42.43332], [-82.894779, 42.434254], [-82.894714, 42.434396], [-82.894262, 42.435442]]}}, {"type": "Feature", "properties": {"name": "West William Court", "highway": "residential"}, "geometry": {"type": "LineString", "coordinates": [[-82.8973845, 42.4260966], [-82.8976226, 42.4261979], [-82.8977255, 42.4262499], [-82.897782, 42.426296], [-82.8978142, 42.4263742], [-82.8977992, 42.4264511]]}}, {"type": "Feature", "properties": {"name": "Birch Lane", "highway": "residential"}, "geometry": {"type": "LineString", "coordinates": [[-82.8899283, 42.4262416], [-82.8901296, 42.4262469], [-82.8903296, 42.4262636], [-82.8905076, 42.4263236], [-82.8906165, 42.4263947], [-82.890744, 42.4264999], [-82.8907521, 42.4265135], [-82.8907662, 42.4265375], [-82.890848, 42.426674], [-82.8908599, 42.4266882], [-82.8909997, 42.4268539], [-82.8911456, 42.4269656], [-82.8913807, 42.427075], [-82.891636, 42.4271769], [-82.8917387, 42.427177], [-82.8918646, 42.4271339], [-82.8919379, 42.4270722], [-82.8925505, 42.4262296], [-82.8926846, 42.4260665]]}}, {"type": "Feature", "properties": {"name": "Hidden Lane", "highway": "residential"}, "geometry": {"type": "LineString", "coordinates": [[-82.8843079, 42.4342184], [-82.8850844, 42.4344143], [-82.8862589, 42.4347365], [-82.886461, 42.434763], [-82.888582, 42.435168], [-82.889383, 42.435354], [-82.889506, 42.435389], [-82.890363, 42.43564], [-82.891251, 42.435909], [-82.89157, 42.435995], [-82.892106, 42.436105], [-82.892253, 42.436117], [-82.8924099, 42.4361274]]}}, {"type": "Feature", "properties": {"name": "South Higbie Place", "highway": "residential"}, "geometry": {"type": "LineString", "coordinates": [[-82.890358, 42.423328], [-82.890603, 42.423396], [-82.891623, 42.423814], [-82.891663, 42.423847], [-82.89169, 42.423883], [-82.891705, 42.423923], [-82.891705, 42.423975], [-82.891696, 42.424006], [-82.891671, 42.424049], [-82.891616, 42.424123]]}}, {"type": "Feature", "properties": {"name": "Omara Court", "highway": "residential"}, "geometry": {"type": "LineString", "coordinates": [[-82.8932212, 42.4253895], [-82.893154, 42.42548], [-82.8926846, 42.4260665]]}}, {"type": "Feature", "properties": {"name": "East Williams Court", "highway": "residential"}, "geometry": {"type": "LineString", "coordinates": [[-82.8973845, 42.4260966], [-82.897076, 42.4259789], [-82.8969688, 42.4259535], [-82.8968757, 42.4259692], [-82.8967992, 42.4260039], [-82.89674, 42.4260576], [-82.8958021, 42.427334]]}}, {"type": "Feature", "properties": {"name": "Doyle Court", "highway": "residential"}, "geometry": {"type": "LineString", "coordinates": [[-82.8947488, 42.4269062], [-82.8946257, 42.4270724], [-82.8938926, 42.4280882]]}}, {"type": "Feature", "properties": {"name": "Doyle Place East", "highway": "residential"}, "geometry": {"type": "LineString", "coordinates": [[-82.8916992, 42.4256656], [-82.8915728, 42.4258326]]}}, {"type": "Feature", "properties": {"name": "Lake Shore Lane", "highway": "residential"}, "geometry": {"type": "LineString", "coordinates": [[-82.879929, 42.4264058], [-82.883242, 42.427178], [-82.883363, 42.427195], [-82.883472, 42.427196], [-82.883555, 42.427188], [-82.883711, 42.42715], [-82.884034, 42.427032], [-82.884162, 42.427001], [-82.886588, 42.427594], [-82.889234, 42.428238]]}}, {"type": "Feature", "properties": {"name": "Renaud Road", "highway": "residential"}, "geometry": {"type": "LineString", "coordinates": [[-82.879151, 42.428709], [-82.879321, 42.4287768], [-82.880192, 42.429023], [-82.880764, 42.42917], [-82.881275, 42.429278], [-82.8822943, 42.4294555], [-82.882464, 42.429485], [-82.8825679, 42.4295053], [-82.8826573, 42.4295227], [-82.8829721, 42.4295842], [-82.883099, 42.429609], [-82.88371, 42.42974], [-82.88467, 42.429973], [-82.885615, 42.430241], [-82.886137, 42.4304], [-82.8867829, 42.4306147], [-82.886853, 42.430638], [-82.8870443, 42.4307082], [-82.8871582, 42.4307499], [-82.8874222, 42.4308467], [-82.887603, 42.430913], [-82.888002, 42.431071], [-82.888491, 42.431269], [-82.888595, 42.431315], [-82.888698, 42.431378], [-82.888773, 42.431445]]}}, {"type": "Feature", "properties": {"name": "Pear Tree Lane", "highway": "residential"}, "geometry": {"type": "LineString", "coordinates": [[-82.8908987, 42.4225276], [-82.892061, 42.422966], [-82.892788, 42.423294], [-82.893425, 42.42361], [-82.893696, 42.423734], [-82.893934, 42.423825], [-82.894187, 42.423909], [-82.894238, 42.42392], [-82.894276, 42.423923], [-82.894325, 42.42392], [-82.894376, 42.42391], [-82.894447, 42.42388]]}}, {"type": "Feature", "properties": {"name": "Morningside Drive", "highway": "residential"}, "geometry": {"type": "LineString", "coordinates": [[-82.891076, 42.422278], [-82.8908987, 42.4225276], [-82.890429, 42.423189], [-82.890358, 42.423328], [-82.890271, 42.423546], [-82.890233, 42.423687], [-82.8902064, 42.4238493], [-82.890164, 42.424222], [-82.890071, 42.425006], [-82.890049, 42.425206], [-82.8899283, 42.4262416], [-82.889876, 42.426696], [-82.889849, 42.426816], [-82.8897744, 42.4270227], [-82.889575, 42.427456], [-82.889497, 42.427631], [-82.889234, 42.428238], [-82.888896, 42.42901], [-82.8887117, 42.429435], [-82.888556, 42.429794], [-82.888002, 42.431071], [-82.8873944, 42.4324635]]}}, {"type": "Feature", "properties": {"name": "Morningside Drive", "highway": "residential"}, "geometry": {"type": "LineString", "coordinates": [[-82.8871504, 42.4325755], [-82.887096, 42.432685], [-82.8867798, 42.4334469], [-82.886699, 42.433639]]}}, {"type": "Feature", "properties": {"name": "Morningside Drive", "highway": "residential"}, "geometry": {"type": "LineString", "coordinates": [[-82.8874905, 42.4326247], [-82.8874618, 42.4325148], [-82.8873944, 42.4324635]]}}, {"type": "Feature", "properties": {"name": "Wedgewood Drive", "highway": "residential"}, "geometry": {"type": "LineString", "coordinates": [[-82.890423, 42.433291], [-82.889936, 42.434404]]}}, {"type": "Feature", "properties": {"name": "Lochmoor Boulevard", "highway": "residential"}, "geometry": {"type": "LineString", "coordinates": [[-82.896594, 42.434767], [-82.896524, 42.434712], [-82.896503, 42.434688], [-82.896458, 42.434659], [-82.894779, 42.434254], [-82.890702, 42.433279], [-82.890548, 42.433245], [-82.890423, 42.433291]]}}, {"type": "Feature", "properties": {"name": "Wedgewood Drive", "highway": "residential"}, "geometry": {"type": "LineString", "coordinates": [[-82.889936, 42.434404], [-82.889506, 42.435389], [-82.889277, 42.435911], [-82.8892701, 42.4359314]]}}, {"type": "Feature", "properties": {"name": "Sunningdale Drive", "highway": "residential"}, "geometry": {"type": "LineString", "coordinates": [[-82.889936, 42.434404], [-82.890096, 42.434447], [-82.890887, 42.43463], [-82.891081, 42.434668], [-82.891407, 42.434722], [-82.8915443, 42.4347515], [-82.891556, 42.434754], [-82.89175, 42.434807], [-82.892527, 42.435049], [-82.892672, 42.43509], [-82.892869, 42.435136], [-82.893445, 42.435244], [-82.894262, 42.435442], [-82.895284, 42.435704], [-82.895489, 42.435765], [-82.895802, 42.435877], [-82.896066, 42.435963], [-82.896247, 42.436017], [-82.896431, 42.436065], [-82.896677, 42.436121], [-82.896864, 42.436157], [-82.897692, 42.436289], [-82.897985, 42.436341], [-82.898367, 42.43642], [-82.898509, 42.436458], [-82.898789, 42.436542], [-82.899225, 42.436689], [-82.900882, 42.437293], [-82.901164, 42.437387], [-82.901476, 42.437484], [-82.901827, 42.437587], [-82.90214, 42.437671], [-82.904056, 42.438131], [-82.904614, 42.438264], [-82.9046746, 42.4382786], [-82.9050877, 42.438378], [-82.905171, 42.438398], [-82.905517, 42.438482]]}}, {"type": "Feature", "properties": {"name": "Sunningdale Drive", "highway": "residential"}, "geometry": {"type": "LineString", "coordinates": [[-82.889936, 42.434404], [-82.889805, 42.434275], [-82.8877103, 42.4337802], [-82.8871524, 42.4336496], [-82.887061, 42.4336511]]}}, {"type": "Feature", "properties": {"name": "Morningside Drive", "highway": "residential"}, "geometry": {"type": "LineString", "coordinates": [[-82.8868338, 42.4337607], [-82.8867953, 42.4338491], [-82.8866015, 42.4342706], [-82.886461, 42.434763], [-82.8862635, 42.4353131], [-82.886134, 42.435621], [-82.885751, 42.436489], [-82.885597, 42.436845], [-82.885558, 42.436953], [-82.885519, 42.4371], [-82.885479, 42.437357], [-82.885458, 42.437432], [-82.885427, 42.437516], [-82.885086, 42.438309]]}}, {"type": "Feature", "properties": {"name": "Lochmoor Boulevard", "highway": "residential"}, "geometry": {"type": "LineString", "coordinates": [[-82.8874905, 42.4326247], [-82.890423, 42.433291]]}}, {"type": "Feature", "properties": {"name": "Lochmoor Boulevard", "highway": "residential"}, "geometry": {"type": "LineString", "coordinates": [[-82.8872732, 42.432465], [-82.8870904, 42.4324198], [-82.884996, 42.431918], [-82.88466, 42.4318371], [-82.882, 42.431197], [-82.881663, 42.431116], [-82.881535, 42.431169]]}}, {"type": "Feature", "properties": {"name": "Morningside Drive", "highway": "residential"}, "geometry": {"type": "LineString", "coordinates": [[-82.886699, 42.433639], [-82.8867312, 42.4337099], [-82.886773, 42.4337376], [-82.8868338, 42.4337607]]}}, {"type": "Feature", "properties": {"name": "Morningside Drive", "highway": "residential"}, "geometry": {"type": "LineString", "coordinates": [[-82.8868338, 42.4337607], [-82.8869104, 42.4337633], [-82.8869604, 42.4337585], [-82.8870122, 42.433733], [-82.8870392, 42.4336945], [-82.887061, 42.4336511]]}}, {"type": "Feature", "properties": {"name": "Sunningdale Drive", "highway": "residential"}, "geometry": {"type": "LineString", "coordinates": [[-82.887061, 42.4336511], [-82.8869768, 42.4336089], [-82.8868819, 42.4335893], [-82.886834, 42.4335861], [-82.88679, 42.4335894], [-82.8867562, 42.4336049], [-82.886699, 42.433639]]}}, {"type": "Feature", "properties": {"name": "Fairford Road", "highway": "residential"}, "geometry": {"type": "LineString", "coordinates": [[-82.8987711, 42.4285424], [-82.8978821, 42.4281808], [-82.8968357, 42.4277448], [-82.8958021, 42.427334], [-82.8947488, 42.4269062], [-82.8937115, 42.4264842], [-82.8926846, 42.4260665], [-82.8916992, 42.4256656], [-82.8902041, 42.4250574]]}}, {"type": "Feature", "properties": {"name": "Fairford Road", "highway": "residential"}, "geometry": {"type": "LineString", "coordinates": [[-82.8901821, 42.4252678], [-82.8915728, 42.4258326], [-82.8925505, 42.4262296], [-82.8935872, 42.4266506], [-82.8946257, 42.4270724], [-82.8956689, 42.4274981], [-82.8967096, 42.4279153], [-82.8977595, 42.4283449], [-82.8986581, 42.4287098]]}}, {"type": "Feature", "properties": {"name": "West Ballantyne Court", "highway": "residential"}, "geometry": {"type": "LineString", "coordinates": [[-82.8954151, 42.4287412], [-82.8957178, 42.4288588], [-82.8958215, 42.4288825], [-82.895893, 42.4288825], [-82.8959823, 42.4288535], [-82.8960669, 42.4287868], [-82.8967096, 42.4279153], [-82.8968357, 42.4277448]]}}, {"type": "Feature", "properties": {"name": "West William Court", "highway": "residential"}, "geometry": {"type": "LineString", "coordinates": [[-82.8977992, 42.4264511], [-82.8968357, 42.4277448]]}}, {"type": "Feature", "properties": {"name": "Fairford Road", "highway": "residential"}, "geometry": {"type": "LineString", "coordinates": [[-82.8902041, 42.4250574], [-82.890071, 42.425006], [-82.889874, 42.424942], [-82.88968, 42.424887]]}}, {"type": "Feature", "properties": {"name": "Morningside Drive", "highway": "residential"}, "geometry": {"type": "LineString", "coordinates": [[-82.8873944, 42.4324635], [-82.8872732, 42.432465]]}}, {"type": "Feature", "properties": {"name": "Morningside Drive", "highway": "residential"}, "geometry": {"type": "LineString", "coordinates": [[-82.8872732, 42.432465], [-82.8871952, 42.4325106], [-82.8871504, 42.4325755]]}}, {"type": "Feature", "properties": {"name": "Oxford Road", "highway": "residential"}, "geometry": {"type": "LineString", "coordinates": [[-82.8813368, 42.4275501], [-82.8816574, 42.4276568], [-82.8818221, 42.4276958], [-82.8824197, 42.4278428], [-82.8829261, 42.4279653], [-82.8837341, 42.4281608], [-82.8839971, 42.4282588], [-82.8844001, 42.4284178], [-82.8844647, 42.4284332], [-82.8848977, 42.4285362], [-82.8861323, 42.4288337], [-82.8862544, 42.428866], [-82.886499, 42.4289328], [-82.8871141, 42.4291008], [-82.8872369, 42.429119], [-82.8873025, 42.4291287], [-82.8873641, 42.4291378], [-82.887556, 42.4291607], [-82.8876348, 42.4291701], [-82.8876463, 42.4291717], [-82.8877273, 42.429183], [-82.8879202, 42.4292119], [-82.8880062, 42.4292263], [-82.8882241, 42.4292628], [-82.8883525, 42.4293074], [-82.8887117, 42.429435]]}}, {"type": "Feature", "properties": {"name": "", "highway": "residential"}, "geometry": {"type": "LineString", "coordinates": [[-82.8931637, 42.4223608], [-82.8931946, 42.4224874], [-82.8931917, 42.4225377], [-82.8931674, 42.4225714], [-82.8931119, 42.4225865], [-82.893074, 42.4225865], [-82.8930273, 42.4225635], [-82.8930088, 42.4225363], [-82.8929971, 42.4224975], [-82.8929806, 42.4223854]]}}, {"type": "Feature", "properties": {"name": "Helen Street", "highway": "residential"}, "geometry": {"type": "LineString", "coordinates": [[-82.9097036, 42.4507948], [-82.909679, 42.4509284], [-82.9095009, 42.4513335], [-82.909164, 42.4521002], [-82.9091284, 42.4521812], [-82.9088267, 42.4528675], [-82.9085033, 42.453639], [-82.9080438, 42.4547098]]}}, {"type": "Feature", "properties": {"name": "Sunningdale Drive", "highway": "residential"}, "geometry": {"type": "LineString", "coordinates": [[-82.905171, 42.438398], [-82.9051876, 42.438453], [-82.9051992, 42.438484], [-82.9052152, 42.438522], [-82.9052132, 42.438571], [-82.905174, 42.438747]]}}, {"type": "Feature", "properties": {"name": "Blairmoor Court", "highway": "residential"}, "geometry": {"type": "LineString", "coordinates": [[-82.891555, 42.448477], [-82.89154, 42.448426], [-82.891544, 42.448389], [-82.891555, 42.44836], [-82.891584, 42.44832], [-82.891882, 42.448027], [-82.891926, 42.447999], [-82.891976, 42.447977], [-82.892031, 42.447961], [-82.892088, 42.447953], [-82.892165, 42.447954], [-82.892222, 42.447963], [-82.893367, 42.448236], [-82.8970063, 42.4491167], [-82.900357, 42.449912]]}}, {"type": "Feature", "properties": {"name": "Lennon Street", "highway": "residential"}, "geometry": {"type": "LineString", "coordinates": [[-82.9174477, 42.4440949], [-82.9173489, 42.4440706], [-82.9169484, 42.4439723], [-82.9145695, 42.4433989], [-82.913546, 42.4431557], [-82.9117244, 42.442735], [-82.9091201, 42.4421037], [-82.9080606, 42.4418604], [-82.9076484, 42.4417625], [-82.9074648, 42.4417189], [-82.907186, 42.441671]]}}, {"type": "Feature", "properties": {"name": "Goethe Street", "highway": "residential"}, "geometry": {"type": "LineString", "coordinates": [[-82.901789, 42.446604], [-82.901373, 42.447571], [-82.901006, 42.448414], [-82.900664, 42.449203], [-82.900357, 42.449912], [-82.8999344, 42.450849]]}}, {"type": "Feature", "properties": {"name": "Hampton Road", "highway": "residential"}, "geometry": {"type": "LineString", "coordinates": [[-82.905973, 42.447938], [-82.9060902, 42.4479661], [-82.9065021, 42.448065], [-82.9091732, 42.4487061], [-82.911647, 42.4492998], [-82.9119707, 42.4493775], [-82.9143765, 42.4499549], [-82.914902, 42.450081]]}}, {"type": "Feature", "properties": {"name": "Country Club Drive", "highway": "residential"}, "geometry": {"type": "LineString", "coordinates": [[-82.9189034, 42.4407329], [-82.9187924, 42.440707], [-82.9183832, 42.4406151], [-82.9160054, 42.440042], [-82.9159163, 42.4400203], [-82.914158, 42.439592], [-82.91321, 42.439366], [-82.9131145, 42.4393433], [-82.910602, 42.438745], [-82.9087072, 42.4382941], [-82.9081255, 42.4381557], [-82.908005, 42.438127], [-82.9077233, 42.4380994]]}}, {"type": "Feature", "properties": {"name": "Hunt Club Drive", "highway": "residential"}, "geometry": {"type": "LineString", "coordinates": [[-82.919614, 42.4390899], [-82.9191102, 42.4389708], [-82.9167317, 42.4384018], [-82.9145411, 42.4378795], [-82.9139259, 42.4377348], [-82.9138329, 42.4377123], [-82.9113212, 42.4371156], [-82.9089306, 42.4365427], [-82.9083491, 42.4364115], [-82.9082287, 42.4363858], [-82.9079394, 42.4363808]]}}, {"type": "Feature", "properties": {"name": "Hollywood Avenue", "highway": "residential"}, "geometry": {"type": "LineString", "coordinates": [[-82.8816363, 42.4408598], [-82.8819794, 42.4409401], [-82.8845215, 42.4415573], [-82.8876253, 42.4423071], [-82.894573, 42.443953], [-82.895306, 42.444139], [-82.8954012, 42.4441616], [-82.898752, 42.4449579], [-82.902006, 42.445739], [-82.902109, 42.445742], [-82.902214, 42.445739], [-82.902524, 42.445789], [-82.9060205, 42.4466142], [-82.9061505, 42.4466449]]}}, {"type": "Feature", "properties": {"name": "Aline Drive", "highway": "residential"}, "geometry": {"type": "LineString", "coordinates": [[-82.892378, 42.447214], [-82.893767, 42.447538], [-82.897322, 42.448393], [-82.900664, 42.449203], [-82.901657, 42.449427], [-82.9040019, 42.45001], [-82.9042178, 42.4500637], [-82.9047426, 42.4501942], [-82.904888, 42.4502303]]}}, {"type": "Feature", "properties": {"name": "Ridgemont Road", "highway": "residential"}, "geometry": {"type": "LineString", "coordinates": [[-82.915245, 42.449329], [-82.9147333, 42.4492063], [-82.9123092, 42.4486249], [-82.9122166, 42.4486027], [-82.9119732, 42.4485443], [-82.9095051, 42.4479524], [-82.9069485, 42.4473382], [-82.9067759, 42.4472978], [-82.9063624, 42.4471987], [-82.906247, 42.447171]]}}, {"type": "Feature", "properties": {"name": "Goethe Avenue", "highway": "residential"}, "geometry": {"type": "LineString", "coordinates": [[-82.902856, 42.44404], [-82.902476, 42.444914], [-82.902109, 42.445742], [-82.90207, 42.445833], [-82.9018076, 42.4465469], [-82.901789, 42.446604]]}}, {"type": "Feature", "properties": {"name": "Van Antwerp Street", "highway": "residential"}, "geometry": {"type": "LineString", "coordinates": [[-82.9171213, 42.4449608], [-82.9169919, 42.4449297], [-82.9165923, 42.4448333], [-82.9142211, 42.4442444], [-82.913277, 42.4440168], [-82.9113579, 42.4435543], [-82.9087503, 42.4429336], [-82.9078452, 42.4427167], [-82.9074413, 42.4426201], [-82.9072851, 42.4425828]]}}, {"type": "Feature", "properties": {"name": "Lochmoor Boulevard", "highway": "residential"}, "geometry": {"type": "LineString", "coordinates": [[-82.919252, 42.4399064], [-82.9191546, 42.4398826], [-82.9187488, 42.439788], [-82.9163711, 42.4392215], [-82.9162791, 42.4391996], [-82.9143532, 42.4387408], [-82.9135661, 42.4385574], [-82.9134696, 42.4385341], [-82.9109624, 42.4379285], [-82.9088145, 42.4374176], [-82.9082375, 42.4372804], [-82.908118, 42.437252]]}}, {"type": "Feature", "properties": {"name": "Lochmoor Boulevard", "highway": "residential"}, "geometry": {"type": "LineString", "coordinates": [[-82.901471, 42.435935], [-82.901549, 42.436041], [-82.905991, 42.437094], [-82.906154, 42.437059]]}}, {"type": "Feature", "properties": {"name": "Hawthorne Road", "highway": "residential"}, "geometry": {"type": "LineString", "coordinates": [[-82.8956814, 42.4432962], [-82.899128, 42.444114], [-82.902476, 42.444914], [-82.90622, 42.445805], [-82.9062349, 42.4458079], [-82.906342, 42.445829]]}}, {"type": "Feature", "properties": {"name": "Hawthorne Road", "highway": "residential"}, "geometry": {"type": "LineString", "coordinates": [[-82.906686, 42.445558], [-82.9067981, 42.4455847], [-82.9071567, 42.4456701], [-82.9101814, 42.4463984], [-82.9102782, 42.4464211], [-82.9124576, 42.4469327], [-82.9128911, 42.4470441], [-82.9129834, 42.4470678], [-82.915377, 42.447637], [-82.9157814, 42.4477364], [-82.915885, 42.4477619]]}}, {"type": "Feature", "properties": {"name": "Sunningdale Park", "highway": "residential"}, "geometry": {"type": "LineString", "coordinates": [[-82.906154, 42.437059], [-82.905577, 42.438392], [-82.905559, 42.438426], [-82.905517, 42.438482], [-82.905479, 42.438521], [-82.905428, 42.438562], [-82.905249, 42.43867], [-82.905208, 42.438707], [-82.905174, 42.438747], [-82.9051122, 42.4388898], [-82.9047982, 42.439615], [-82.904777, 42.439664], [-82.904733, 42.439788], [-82.904705, 42.43995], [-82.904702, 42.440114], [-82.904709, 42.440213], [-82.904729, 42.440294], [-82.904764, 42.440401], [-82.904807, 42.440506], [-82.904859, 42.440609], [-82.904957, 42.440782], [-82.905022, 42.440933], [-82.90505, 42.44103], [-82.90507, 42.441128], [-82.905085, 42.441291], [-82.905071, 42.441489], [-82.905043, 42.4416476], [-82.905041, 42.441659], [-82.904942, 42.4420591], [-82.904777, 42.4427259]]}}, {"type": "Feature", "properties": {"name": "Norwood Drive", "highway": "residential"}, "geometry": {"type": "LineString", "coordinates": [[-82.919967, 42.438278], [-82.9194724, 42.4381633], [-82.918975, 42.438043], [-82.91709, 42.437595], [-82.9169978, 42.4375732], [-82.9142842, 42.4369341], [-82.9141894, 42.4369111], [-82.9117708, 42.4363316], [-82.9116737, 42.4363084], [-82.9090445, 42.4356893], [-82.9084722, 42.4355552], [-82.9083295, 42.4355346], [-82.908051, 42.4355116]]}}, {"type": "Feature", "properties": {"name": "Anita Avenue", "highway": "residential"}, "geometry": {"type": "LineString", "coordinates": [[-82.916269, 42.446935], [-82.9161381, 42.4469038], [-82.9158163, 42.4468272], [-82.9157301, 42.4468067], [-82.9133444, 42.4462389], [-82.9132493, 42.4462163], [-82.9126504, 42.4460737], [-82.910535, 42.4455732], [-82.9077972, 42.4449306], [-82.9073358, 42.4448202], [-82.9071185, 42.4447569], [-82.9069716, 42.4447219], [-82.90685, 42.444693]]}}, {"type": "Feature", "properties": {"name": "Anita Avenue", "highway": "residential"}, "geometry": {"type": "LineString", "coordinates": [[-82.882332, 42.439193], [-82.882627, 42.439264], [-82.88302, 42.439359], [-82.885252, 42.439898], [-82.88675, 42.440258], [-82.887223, 42.440351], [-82.887873, 42.44046], [-82.888283, 42.440545], [-82.888561, 42.440609], [-82.894042, 42.441924], [-82.896054, 42.442412], [-82.897388, 42.442731], [-82.898683, 42.443041], [-82.8994142, 42.4432167], [-82.899507, 42.443239], [-82.9027572, 42.4440182], [-82.9027837, 42.444024], [-82.902856, 42.44404], [-82.9029153, 42.444056], [-82.9060051, 42.4447922], [-82.9061386, 42.4448287], [-82.9064263, 42.4449072], [-82.9065382, 42.4449378]]}}, {"type": "Feature", "properties": {"name": "Beaufait Drive", "highway": "residential"}, "geometry": {"type": "LineString", "coordinates": [[-82.9178058, 42.4432403], [-82.9176929, 42.4432111], [-82.9173106, 42.4431113], [-82.914922, 42.4425452], [-82.9136444, 42.4422465], [-82.9121045, 42.4418751], [-82.9094945, 42.4412552], [-82.908265, 42.4409633], [-82.9077404, 42.4408387], [-82.907628, 42.440812], [-82.907342, 42.440784]]}}, {"type": "Feature", "properties": {"name": "Roslyn Road", "highway": "residential"}, "geometry": {"type": "LineString", "coordinates": [[-82.875549, 42.44139], [-82.87573, 42.4414328], [-82.8758365, 42.4414368], [-82.8837328, 42.4433536], [-82.8868318, 42.4441016], [-82.8930587, 42.445596], [-82.894517, 42.4459395], [-82.898024, 42.446766], [-82.901373, 42.447571], [-82.904941, 42.448426], [-82.905318, 42.448513], [-82.9053373, 42.4485191], [-82.905384, 42.448534], [-82.905444, 42.448589]]}}, {"type": "Feature", "properties": {"name": "Fleetwood Drive", "highway": "residential"}, "geometry": {"type": "LineString", "coordinates": [[-82.9181664, 42.4423923], [-82.918051, 42.4423638], [-82.9176634, 42.4422598], [-82.9152824, 42.4416943], [-82.9138266, 42.4413485], [-82.9124794, 42.4410286], [-82.9098668, 42.4404081], [-82.9084485, 42.4400712], [-82.9078794, 42.439936], [-82.907774, 42.439911], [-82.907487, 42.439884]]}}, {"type": "Feature", "properties": {"name": "Lancaster Street", "highway": "residential"}, "geometry": {"type": "LineString", "coordinates": [[-82.9185384, 42.4415554], [-82.9184271, 42.4415279], [-82.9180445, 42.4414252], [-82.9156524, 42.440856], [-82.9140965, 42.4404857], [-82.9128491, 42.4401889], [-82.9102387, 42.4395677], [-82.9085908, 42.4391755], [-82.9080087, 42.439037], [-82.907891, 42.439009], [-82.907604, 42.4389211]]}}, {"type": "Feature", "properties": {"name": "Brys Drive", "highway": "residential"}, "geometry": {"type": "LineString", "coordinates": [[-82.8941399, 42.446801], [-82.897655, 42.447617], [-82.901006, 42.448414], [-82.9047022, 42.4492904], [-82.905033, 42.4493688], [-82.905156, 42.449398]]}}, {"type": "Feature", "properties": {"name": "Mack Avenue", "highway": "secondary"}, "geometry": {"type": "LineString", "coordinates": [[-82.9048162, 42.4506125], [-82.9049594, 42.450473], [-82.905002, 42.450363], [-82.9050399, 42.4502856], [-82.9051215, 42.4501091], [-82.905136, 42.450086], [-82.9052173, 42.4499178], [-82.9053983, 42.4495433], [-82.905427, 42.449463], [-82.9054717, 42.4493382], [-82.905702, 42.448695], [-82.905973, 42.447938], [-82.9059946, 42.447877], [-82.9062158, 42.4472536], [-82.906247, 42.447171], [-82.906294, 42.447038], [-82.9063338, 42.4469256], [-82.906408, 42.446716], [-82.9065, 42.446397], [-82.90653, 42.446292], [-82.906621, 42.445862], [-82.906686, 42.445558], [-82.9067066, 42.4454613], [-82.9067414, 42.4452775], [-82.9068482, 42.4447866], [-82.90685, 42.444693], [-82.9068704, 42.4445971], [-82.9069293, 42.4443075]]}}, {"type": "Feature", "properties": {"name": "Charlevoix Avenue", "highway": "residential"}, "geometry": {"type": "LineString", "coordinates": [[-82.900134, 42.44193], [-82.9000997, 42.4420094], [-82.899784, 42.442739], [-82.89975, 42.442796], [-82.899681, 42.442875], [-82.899649, 42.442924], [-82.8995313, 42.4431851], [-82.899507, 42.443239], [-82.899128, 42.444114], [-82.8987766, 42.4449027], [-82.898752, 42.4449579], [-82.898721, 42.4450414], [-82.8984611, 42.4457428], [-82.898441, 42.445797], [-82.898024, 42.446766], [-82.897655, 42.447617], [-82.897322, 42.448393], [-82.8970063, 42.4491167], [-82.896716, 42.449788], [-82.896566, 42.4501283]]}}, {"type": "Feature", "properties": {"name": "East 8 Mile Road", "highway": "unclassified"}, "geometry": {"type": "LineString", "coordinates": [[-82.9146198, 42.4507525], [-82.9141581, 42.4507564], [-82.9139928, 42.4507577], [-82.9127906, 42.4507677], [-82.9124639, 42.4507705], [-82.9113864, 42.4507794], [-82.9110287, 42.4507824], [-82.9097036, 42.4507948], [-82.90926, 42.450799]]}}, {"type": "Feature", "properties": {"name": "Brys Drive", "highway": "residential"}, "geometry": {"type": "LineString", "coordinates": [[-82.90926, 42.450799], [-82.9092031, 42.4507833], [-82.9091478, 42.4507497], [-82.9091156, 42.4507143], [-82.9091004, 42.4506777], [-82.9090991, 42.4506346], [-82.909084, 42.450436], [-82.909077, 42.450392], [-82.909058, 42.450356], [-82.909012, 42.450327], [-82.908571, 42.45022], [-82.908493, 42.450204], [-82.9059786, 42.4495963], [-82.9055393, 42.4494954], [-82.905427, 42.449463]]}}, {"type": "Feature", "properties": {"name": "Roslyn Road", "highway": "residential"}, "geometry": {"type": "LineString", "coordinates": [[-82.9127906, 42.4507677], [-82.9127902, 42.4505066], [-82.9127798, 42.4504517], [-82.91275, 42.450412], [-82.9127058, 42.4503842], [-82.9116407, 42.4501259], [-82.9113323, 42.4500534], [-82.908847, 42.449447], [-82.906245, 42.4488248], [-82.9058143, 42.4487218], [-82.905702, 42.448695]]}}, {"type": "Feature", "properties": {"name": "Hampton Road", "highway": "residential"}, "geometry": {"type": "LineString", "coordinates": [[-82.875583, 42.440309], [-82.875764, 42.4403548], [-82.8758651, 42.4403794], [-82.878983, 42.4411392], [-82.881157, 42.441669], [-82.88145, 42.44174], [-82.884157, 42.442393], [-82.8872589, 42.4431489], [-82.892977, 42.444517], [-82.893453, 42.444616], [-82.893593, 42.444634], [-82.89382, 42.444689], [-82.894941, 42.444959], [-82.898441, 42.445797], [-82.901789, 42.446604], [-82.9051326, 42.4474058], [-82.905283, 42.4474419]]}}, {"type": "Feature", "properties": {"name": "Hollywood Avenue", "highway": "residential"}, "geometry": {"type": "LineString", "coordinates": [[-82.9065, 42.446397], [-82.9066148, 42.4464242], [-82.9070878, 42.4465365], [-82.907274, 42.4465807], [-82.909841, 42.4471899], [-82.9122602, 42.4477641], [-82.9125498, 42.4478328], [-82.9126464, 42.4478557]]}}, {"type": "Feature", "properties": {"name": "Vernier Road", "highway": "secondary"}, "geometry": {"type": "LineString", "coordinates": [[-82.904702, 42.443029], [-82.9047762, 42.4431261], [-82.9050668, 42.4432222], [-82.9051543, 42.443247], [-82.9052531, 42.4432712], [-82.9054626, 42.4433245], [-82.9056535, 42.4433682], [-82.9060996, 42.443474], [-82.9065725, 42.4435895]]}}, {"type": "Feature", "properties": {"name": "Mack Avenue", "highway": "secondary"}, "geometry": {"type": "LineString", "coordinates": [[-82.9048162, 42.4506125], [-82.9047446, 42.4507532], [-82.904734, 42.450774]]}}, {"type": "Feature", "properties": {"name": "Mack Avenue", "highway": "secondary"}, "geometry": {"type": "LineString", "coordinates": [[-82.9068024, 42.4436481], [-82.9067764, 42.443745], [-82.9067622, 42.4438091]]}}, {"type": "Feature", "properties": {"name": "Mack Avenue", "highway": "secondary"}, "geometry": {"type": "LineString", "coordinates": [[-82.9073475, 42.4423082], [-82.9073612, 42.4422436], [-82.9073934, 42.4420919], [-82.907427, 42.441934], [-82.9074322, 42.4419059], [-82.9074648, 42.4417189], [-82.907628, 42.440812], [-82.907706, 42.440362], [-82.907774, 42.439911]]}}, {"type": "Feature", "properties": {"name": "Vernier Road", "highway": "secondary"}, "geometry": {"type": "LineString", "coordinates": [[-82.9068024, 42.4436481], [-82.907048, 42.4437147]]}}, {"type": "Feature", "properties": {"name": "Vernier Road", "highway": "secondary"}, "geometry": {"type": "LineString", "coordinates": [[-82.9070989, 42.4434705], [-82.9068606, 42.4434151]]}}, {"type": "Feature", "properties": {"name": "Lochmoor Boulevard", "highway": "residential"}, "geometry": {"type": "LineString", "coordinates": [[-82.896594, 42.434767], [-82.901078, 42.435837], [-82.901471, 42.435935]]}}, {"type": "Feature", "properties": {"name": "Mack Avenue", "highway": "secondary"}, "geometry": {"type": "LineString", "coordinates": [[-82.907774, 42.439911], [-82.9077847, 42.4398283], [-82.907891, 42.439009], [-82.908005, 42.438127]]}}, {"type": "Feature", "properties": {"name": "Mack Avenue", "highway": "secondary"}, "geometry": {"type": "LineString", "coordinates": [[-82.908005, 42.438127], [-82.908089, 42.437467], [-82.908118, 42.437252], [-82.9081288, 42.4371687], [-82.9081385, 42.4370924], [-82.9081598, 42.4369259], [-82.9081971, 42.4366334], [-82.9082287, 42.4363858]]}}, {"type": "Feature", "properties": {"name": "Mack Avenue", "highway": "secondary"}, "geometry": {"type": "LineString", "coordinates": [[-82.9077961, 42.4374452], [-82.9077693, 42.4377258], [-82.9077233, 42.4380994], [-82.9077063, 42.4382263], [-82.907681, 42.4384149], [-82.907604, 42.4389211], [-82.9075635, 42.4392989], [-82.9075023, 42.4397671], [-82.907487, 42.439884], [-82.907456, 42.4400996], [-82.9074325, 42.4402627], [-82.907429, 42.440287], [-82.907342, 42.440784], [-82.9072406, 42.4413769], [-82.907186, 42.441671], [-82.9071046, 42.4421226], [-82.9070357, 42.4425049]]}}, {"type": "Feature", "properties": {"name": "Lochmoor Boulevard", "highway": "residential"}, "geometry": {"type": "LineString", "coordinates": [[-82.906154, 42.437059], [-82.9076789, 42.4374176], [-82.9077961, 42.4374452], [-82.908089, 42.437467]]}}, {"type": "Feature", "properties": {"name": "Holiday Road", "highway": "residential"}, "geometry": {"type": "LineString", "coordinates": [[-82.901471, 42.435935], [-82.900882, 42.437293]]}}, {"type": "Feature", "properties": {"name": "Lochmoor Boulevard", "highway": "residential"}, "geometry": {"type": "LineString", "coordinates": [[-82.906154, 42.437059], [-82.906065, 42.436965], [-82.901914, 42.435958], [-82.901612, 42.435891], [-82.901471, 42.435935]]}}, {"type": "Feature", "properties": {"name": "Helen Avenue", "highway": "residential"}, "geometry": {"type": "LineString", "coordinates": [[-82.910927, 42.4446766], [-82.9108827, 42.444788], [-82.9105654, 42.4455116], [-82.910535, 42.4455732], [-82.9105035, 42.4456403], [-82.9101814, 42.4463984], [-82.909841, 42.4471899], [-82.9095051, 42.4479524], [-82.9091732, 42.4487061], [-82.908847, 42.449447], [-82.908493, 42.450204]]}}, {"type": "Feature", "properties": {"name": "Mack Avenue", "highway": "secondary"}, "geometry": {"type": "LineString", "coordinates": [[-82.9068606, 42.4434151], [-82.9068376, 42.4434999]]}}, {"type": "Feature", "properties": {"name": "Mack Avenue", "highway": "secondary"}, "geometry": {"type": "LineString", "coordinates": [[-82.907048, 42.4437147], [-82.9070989, 42.4434705]]}}, {"type": "Feature", "properties": {"name": "Vernier Road", "highway": "secondary"}, "geometry": {"type": "LineString", "coordinates": [[-82.9056274, 42.4431248], [-82.9053302, 42.4430693]]}}, {"type": "Feature", "properties": {"name": "Vernier Road", "highway": "secondary"}, "geometry": {"type": "LineString", "coordinates": [[-82.9138849, 42.4450602], [-82.9134868, 42.4449662], [-82.9109943, 42.4443737], [-82.9109036, 42.4443521], [-82.9108281, 42.4443341], [-82.9100716, 42.4441564], [-82.9093269, 42.4439775]]}}, {"type": "Feature", "properties": {"name": "Shorepointe Lane", "highway": "residential"}, "geometry": {"type": "LineString", "coordinates": [[-82.9093148, 42.4512915], [-82.9079724, 42.4509629], [-82.9079156, 42.450949], [-82.9072057, 42.4507678], [-82.9069917, 42.4507228], [-82.906819, 42.4506967], [-82.90658, 42.4506875], [-82.9064578, 42.4506991], [-82.9063066, 42.4507418], [-82.9060814, 42.4508138], [-82.9060159, 42.4508203], [-82.9059583, 42.4508118]]}}, {"type": "Feature", "properties": {"name": "Edmunton Street", "highway": "residential"}, "geometry": {"type": "LineString", "coordinates": [[-82.90422, 42.451902], [-82.9040382, 42.4518572], [-82.9039459, 42.4518344], [-82.9037738, 42.4517919], [-82.9035942, 42.4517476], [-82.901959, 42.451344], [-82.90191, 42.451327], [-82.9017767, 42.4512577], [-82.9017079, 42.4511904], [-82.9016658, 42.4511154], [-82.901651, 42.451058], [-82.901636, 42.451002], [-82.9016403, 42.4508224]]}}, {"type": "Feature", "properties": {"name": "Mack Avenue", "highway": "secondary"}, "geometry": {"type": "LineString", "coordinates": [[-82.9068376, 42.4434999], [-82.9068024, 42.4436481]]}}, {"type": "Feature", "properties": {"name": "Mack Avenue", "highway": "secondary"}, "geometry": {"type": "LineString", "coordinates": [[-82.9070989, 42.4434705], [-82.9071341, 42.443329], [-82.9071374, 42.4433132]]}}, {"type": "Feature", "properties": {"name": "Mack Avenue", "highway": "secondary"}, "geometry": {"type": "LineString", "coordinates": [[-82.9069877, 42.4427694], [-82.9069, 42.443251], [-82.9068941, 42.4432747], [-82.9068606, 42.4434151]]}}, {"type": "Feature", "properties": {"name": "Mack Avenue", "highway": "secondary"}, "geometry": {"type": "LineString", "coordinates": [[-82.9071374, 42.4433132], [-82.9071721, 42.4431461], [-82.9072851, 42.4425828], [-82.9073244, 42.442417], [-82.9073475, 42.4423082]]}}, {"type": "Feature", "properties": {"name": "Vernier Road", "highway": "secondary"}, "geometry": {"type": "LineString", "coordinates": [[-82.9063742, 42.4432968], [-82.9056274, 42.4431248]]}}, {"type": "Feature", "properties": {"name": "Vernier Road", "highway": "secondary"}, "geometry": {"type": "LineString", "coordinates": [[-82.9068606, 42.4434151], [-82.9067369, 42.4433842], [-82.9063742, 42.4432968]]}}, {"type": "Feature", "properties": {"name": "Vernier Road", "highway": "secondary"}, "geometry": {"type": "LineString", "coordinates": [[-82.9086952, 42.4438264], [-82.9072411, 42.4435022], [-82.9070989, 42.4434705]]}}, {"type": "Feature", "properties": {"name": "Vernier Road", "highway": "secondary"}, "geometry": {"type": "LineString", "coordinates": [[-82.9053302, 42.4430693], [-82.9050301, 42.4430278], [-82.9048351, 42.443004], [-82.904702, 42.443029]]}}, {"type": "Feature", "properties": {"name": "Vernier Road", "highway": "secondary"}, "geometry": {"type": "LineString", "coordinates": [[-82.9098448, 42.4444184], [-82.9108357, 42.4446548], [-82.910927, 42.4446766], [-82.9112107, 42.4447447], [-82.9130453, 42.4451812], [-82.9137387, 42.4453476], [-82.9140202, 42.4454133], [-82.914409, 42.4455064]]}}, {"type": "Feature", "properties": {"name": "Mack Avenue", "highway": "secondary"}, "geometry": {"type": "LineString", "coordinates": [[-82.9069293, 42.4443075], [-82.9070207, 42.4438509], [-82.907048, 42.4437147]]}}, {"type": "Feature", "properties": {"name": "Vernier Road", "highway": "secondary"}, "geometry": {"type": "LineString", "coordinates": [[-82.9093269, 42.4439775], [-82.908811, 42.443855], [-82.9086952, 42.4438264]]}}, {"type": "Feature", "properties": {"name": "Sunningdale Park", "highway": "residential"}, "geometry": {"type": "LineString", "coordinates": [[-82.904777, 42.4427259], [-82.904702, 42.443029]]}}, {"type": "Feature", "properties": {"name": "Vernier Road", "highway": "secondary"}, "geometry": {"type": "LineString", "coordinates": [[-82.904702, 42.443029], [-82.9038702, 42.4428289]]}}, {"type": "Feature", "properties": {"name": "Greater Mack Avenue", "highway": "secondary"}, "geometry": {"type": "LineString", "coordinates": [[-82.904734, 42.450774], [-82.904666, 42.450926], [-82.904594, 42.451089], [-82.9045194, 42.4512512], [-82.9043917, 42.4515287], [-82.9043494, 42.4516207], [-82.90422, 42.451902]]}}, {"type": "Feature", "properties": {"name": "Aline Drive", "highway": "residential"}, "geometry": {"type": "LineString", "coordinates": [[-82.904888, 42.4502303], [-82.9050399, 42.4502856]]}}, {"type": "Feature", "properties": {"name": "East 8 Mile Road", "highway": "unclassified"}, "geometry": {"type": "LineString", "coordinates": [[-82.8991804, 42.4508608], [-82.8999344, 42.450849], [-82.9006967, 42.4508371], [-82.9016403, 42.4508224], [-82.9022628, 42.4508126], [-82.9035022, 42.4507932], [-82.904208, 42.4507822], [-82.9045329, 42.4507771], [-82.904734, 42.450774]]}}, {"type": "Feature", "properties": {"name": "Shorepointe Lane", "highway": "residential"}, "geometry": {"type": "LineString", "coordinates": [[-82.9048162, 42.4506125], [-82.9049847, 42.4506261], [-82.9051245, 42.4506577], [-82.9058338, 42.4508179], [-82.905902, 42.4508288], [-82.9059583, 42.4508118]]}}, {"type": "Feature", "properties": {"name": "Shorepointe Lane", "highway": "residential"}, "geometry": {"type": "LineString", "coordinates": [[-82.9059583, 42.4508118], [-82.9058921, 42.4507662], [-82.9055698, 42.4506869], [-82.9051503, 42.4505793], [-82.9050027, 42.4505414], [-82.9049703, 42.4505153], [-82.9049594, 42.450473]]}}, {"type": "Feature", "properties": {"name": "Mack Avenue", "highway": "secondary"}, "geometry": {"type": "LineString", "coordinates": [[-82.9070357, 42.4425049], [-82.907026, 42.442559], [-82.9069877, 42.4427694]]}}, {"type": "Feature", "properties": {"name": "Hampton Road", "highway": "residential"}, "geometry": {"type": "LineString", "coordinates": [[-82.905283, 42.4474419], [-82.905695, 42.4475407], [-82.905809, 42.447568]]}}, {"type": "Feature", "properties": {"name": "Vernier Road", "highway": "secondary"}, "geometry": {"type": "LineString", "coordinates": [[-82.9092187, 42.444271], [-82.9098448, 42.4444184]]}}, {"type": "Feature", "properties": {"name": "Vernier Road", "highway": "secondary"}, "geometry": {"type": "LineString", "coordinates": [[-82.907048, 42.4437147], [-82.9071763, 42.4437494], [-82.907943, 42.4439569], [-82.9081905, 42.4440215], [-82.9084657, 42.4440872], [-82.9092187, 42.444271]]}}, {"type": "Feature", "properties": {"name": "Mack Avenue", "highway": "secondary"}, "geometry": {"type": "LineString", "coordinates": [[-82.9067163, 42.4440211], [-82.9066822, 42.4441783], [-82.9066276, 42.4444675], [-82.9065751, 42.4447459], [-82.9065506, 42.4448682], [-82.9065382, 42.4449378], [-82.90641, 42.445526], [-82.906342, 42.445829], [-82.906326, 42.4458981], [-82.906221, 42.446353], [-82.9061505, 42.4466449], [-82.906131, 42.446707], [-82.9060659, 42.4468802], [-82.9060111, 42.4470266], [-82.9058307, 42.4475085], [-82.905809, 42.447568], [-82.9057663, 42.4476875], [-82.9057612, 42.4477017], [-82.9057, 42.447873], [-82.905444, 42.448589], [-82.9053315, 42.4489019], [-82.905156, 42.449398], [-82.9051301, 42.4494788], [-82.9051151, 42.4495255], [-82.9049957, 42.4498981], [-82.904981, 42.449944], [-82.904888, 42.4502303], [-82.90486, 42.450322], [-82.9048162, 42.4506125]]}}, {"type": "Feature", "properties": {"name": "Mack Avenue", "highway": "secondary"}, "geometry": {"type": "LineString", "coordinates": [[-82.9067622, 42.4438091], [-82.9067472, 42.4438783], [-82.9067163, 42.4440211]]}}, {"type": "Feature", "properties": {"name": "Vernier Road", "highway": "secondary"}, "geometry": {"type": "LineString", "coordinates": [[-82.9065725, 42.4435895], [-82.9066825, 42.4436175], [-82.9068024, 42.4436481]]}}, {"type": "Feature", "properties": {"name": "Vernier Road", "highway": "secondary"}, "geometry": {"type": "LineString", "coordinates": [[-82.9038702, 42.4428289], [-82.9025727, 42.4425167], [-82.9023525, 42.4424638], [-82.900134, 42.44193], [-82.898957, 42.441646], [-82.897823, 42.441368], [-82.896631, 42.441082]]}}, {"type": "Feature", "properties": {"name": "Marter Road", "highway": "tertiary"}, "geometry": {"type": "LineString", "coordinates": [[-82.8917803, 42.4510087], [-82.8917359, 42.4510802], [-82.891541, 42.451394], [-82.8914797, 42.451503], [-82.8911587, 42.4520742], [-82.8906521, 42.4529522], [-82.8905653, 42.4530872], [-82.8900603, 42.4538526], [-82.8900026, 42.4539161], [-82.8897965, 42.4542137], [-82.8896427, 42.4544177], [-82.8895399, 42.4545501], [-82.8893794, 42.4547213], [-82.8889285, 42.4552221], [-82.888694, 42.455451], [-82.8883527, 42.4558091], [-82.888079, 42.456096], [-82.887909, 42.456292], [-82.887802, 42.456426], [-82.88732, 42.4571], [-82.886758, 42.457906], [-82.8864735, 42.458335], [-82.8862452, 42.4586789], [-82.88582, 42.4592946], [-82.8854297, 42.4598474], [-82.8853861, 42.4598963], [-82.8853271, 42.4599191], [-82.8852622, 42.459914], [-82.8849555, 42.4598352], [-82.8846603, 42.4597528], [-82.8838283, 42.4595536], [-82.8831987, 42.4593974], [-82.8831254, 42.4593811], [-82.8824798, 42.4592354], [-82.8815621, 42.4590307], [-82.8814874, 42.4590166]]}}, {"type": "Feature", "properties": {"name": "River Road", "highway": "residential"}, "geometry": {"type": "LineString", "coordinates": [[-82.8914829, 42.4461636], [-82.891153, 42.446905], [-82.891064, 42.447107], [-82.890982, 42.447261], [-82.890863, 42.447448], [-82.890718, 42.447641], [-82.890498, 42.447892], [-82.8901106, 42.4482856], [-82.889815, 42.448577], [-82.889621, 42.448769], [-82.889187, 42.4492], [-82.888984, 42.44938], [-82.888802, 42.449528], [-82.888303, 42.449903], [-82.887546, 42.450486], [-82.8864294, 42.4513338], [-82.8863094, 42.4514471], [-82.8861754, 42.451581], [-82.8859229, 42.451817], [-82.885661, 42.452076], [-82.885467, 42.452299], [-82.885315, 42.452414], [-82.885123, 42.452494]]}}, {"type": "Feature", "properties": {"name": "Goethe Street", "highway": "residential"}, "geometry": {"type": "LineString", "coordinates": [[-82.8999344, 42.450849], [-82.899557, 42.4517217]]}}, {"type": "Feature", "properties": {"name": "Robert John Road", "highway": "residential"}, "geometry": {"type": "LineString", "coordinates": [[-82.885123, 42.452494], [-82.8849351, 42.4525362], [-82.8847229, 42.4525304], [-82.8845016, 42.4524948], [-82.8828087, 42.4520936], [-82.8822479, 42.4520547], [-82.8801564, 42.4515571], [-82.877202, 42.4508508]]}}, {"type": "Feature", "properties": {"name": "Morningside Drive", "highway": "residential"}, "geometry": {"type": "LineString", "coordinates": [[-82.8804631, 42.4508427], [-82.8801564, 42.4515571], [-82.8798453, 42.4522961]]}}, {"type": "Feature", "properties": {"name": "Van K Drive", "highway": "residential"}, "geometry": {"type": "LineString", "coordinates": [[-82.881027, 42.443669], [-82.880979, 42.443689], [-82.880942, 42.443717], [-82.880915, 42.443751], [-82.8806319, 42.444391], [-82.8803058, 42.4451306], [-82.8800088, 42.445801], [-82.879479, 42.447019], [-82.8791762, 42.4477029], [-82.87902, 42.448059], [-82.878957, 42.448175], [-82.87887, 42.448287], [-82.878824, 42.448364], [-82.878773, 42.448446], [-82.878515, 42.44903], [-82.878239, 42.449656], [-82.878039, 42.450085], [-82.878027, 42.450137], [-82.878049, 42.450195]]}}, {"type": "Feature", "properties": {"name": "Parkway Drive", "highway": "residential"}, "geometry": {"type": "LineString", "coordinates": [[-82.892741, 42.449313], [-82.8914625, 42.449004], [-82.890933, 42.448876], [-82.890679, 42.448814], [-82.890577, 42.448782], [-82.890428, 42.448722], [-82.889815, 42.448577]]}}, {"type": "Feature", "properties": {"name": "Blairmoor Court", "highway": "residential"}, "geometry": {"type": "LineString", "coordinates": [[-82.8803058, 42.4451306], [-82.882713, 42.445681], [-82.885814, 42.446424], [-82.890388, 42.447521], [-82.890508, 42.447558], [-82.890718, 42.447641]]}}, {"type": "Feature", "properties": {"name": "Moorland Drive", "highway": "residential"}, "geometry": {"type": "LineString", "coordinates": [[-82.878177, 42.447462], [-82.8786229, 42.4475696], [-82.8791762, 42.4477029], [-82.8815787, 42.448282], [-82.884679, 42.4490294], [-82.888303, 42.449903]]}}, {"type": "Feature", "properties": {"name": "Marian Court", "highway": "residential"}, "geometry": {"type": "LineString", "coordinates": [[-82.888473, 42.448492], [-82.889621, 42.448769]]}}, {"type": "Feature", "properties": {"name": "Fairway Lane", "highway": "residential"}, "geometry": {"type": "LineString", "coordinates": [[-82.892132, 42.4400134], [-82.8923125, 42.4398753], [-82.8924529, 42.4397135], [-82.893367, 42.4376812]]}}, {"type": "Feature", "properties": {"name": "Coventry Lane", "highway": "residential"}, "geometry": {"type": "LineString", "coordinates": [[-82.8844662, 42.4352208], [-82.886134, 42.435621]]}}, {"type": "Feature", "properties": {"name": "Heather Lane", "highway": "residential"}, "geometry": {"type": "LineString", "coordinates": [[-82.885479, 42.437357], [-82.8837927, 42.4369599]]}}, {"type": "Feature", "properties": {"name": "Wicks Lane", "highway": "residential"}, "geometry": {"type": "LineString", "coordinates": [[-82.898957, 42.441646], [-82.8989206, 42.4417278], [-82.898779, 42.442046], [-82.8986843, 42.4422403]]}}, {"type": "Feature", "properties": {"name": "Marter Road", "highway": "tertiary"}, "geometry": {"type": "LineString", "coordinates": [[-82.896631, 42.441082], [-82.896054, 42.442412], [-82.8960227, 42.4424862], [-82.8956814, 42.4432962], [-82.8956549, 42.4433575], [-82.895306, 42.444139], [-82.894941, 42.444959], [-82.894517, 42.4459395], [-82.8941399, 42.446801], [-82.89405, 42.44702], [-82.893993, 42.447139], [-82.893767, 42.447538], [-82.893367, 42.448236], [-82.892985, 42.448893], [-82.892741, 42.449313]]}}, {"type": "Feature", "properties": {"name": "Woods Lane", "highway": "residential"}, "geometry": {"type": "LineString", "coordinates": [[-82.879479, 42.447019], [-82.881876, 42.447594], [-82.884979, 42.448339], [-82.886048, 42.4486], [-82.887164, 42.448864], [-82.888687, 42.449228], [-82.888754, 42.44925], [-82.888817, 42.449278], [-82.888984, 42.44938]]}}, {"type": "Feature", "properties": {"name": "Canterbury Court", "highway": "residential"}, "geometry": {"type": "LineString", "coordinates": [[-82.8844879, 42.4468841], [-82.884261, 42.4473916]]}}, {"type": "Feature", "properties": {"name": "Morningside Drive", "highway": "residential"}, "geometry": {"type": "LineString", "coordinates": [[-82.885864, 42.438499], [-82.885573, 42.439166], [-82.885252, 42.439898], [-82.884877, 42.440753], [-82.8845215, 42.4415573], [-82.884157, 42.442393], [-82.8837328, 42.4433536], [-82.8834958, 42.4438947], [-82.883368, 42.444186], [-82.883223, 42.4445164], [-82.8830147, 42.4449781], [-82.882713, 42.445681], [-82.8824119, 42.4463831], [-82.881876, 42.447594], [-82.8815787, 42.448282], [-82.881284, 42.448956], [-82.8809807, 42.4496311], [-82.88071, 42.450252], [-82.8804631, 42.4508427]]}}, {"type": "Feature", "properties": {"name": "West Canterbury Court", "highway": "residential"}, "geometry": {"type": "LineString", "coordinates": [[-82.8834339, 42.4466185], [-82.8831856, 42.4471373]]}}, {"type": "Feature", "properties": {"name": "Toles Lane", "highway": "residential"}, "geometry": {"type": "LineString", "coordinates": [[-82.897823, 42.441368], [-82.8977852, 42.4414518], [-82.897553, 42.441966]]}}, {"type": "Feature", "properties": {"name": "Edmunton Drive", "highway": "residential"}, "geometry": {"type": "LineString", "coordinates": [[-82.891555, 42.448477], [-82.891597, 42.448531], [-82.891654, 42.448568], [-82.891707, 42.448586], [-82.892985, 42.448893], [-82.896716, 42.449788], [-82.898996, 42.450338], [-82.899097, 42.450381], [-82.899148, 42.450433], [-82.899171, 42.450496], [-82.8991804, 42.4508608]]}}, {"type": "Feature", "properties": {"name": "Maple Lane", "highway": "residential"}, "geometry": {"type": "LineString", "coordinates": [[-82.888494, 42.43783], [-82.88805, 42.437734], [-82.887998, 42.437727], [-82.887927, 42.437728], [-82.887875, 42.437735], [-82.887807, 42.437754], [-82.887778, 42.437765], [-82.887735, 42.437788], [-82.887696, 42.437816], [-82.887664, 42.437847], [-82.887625, 42.437906], [-82.887611, 42.437944], [-82.887605, 42.437983], [-82.887607, 42.438023], [-82.887617, 42.438062], [-82.887633, 42.438098], [-82.887657, 42.438132], [-82.887687, 42.438163], [-82.887723, 42.438191], [-82.887774, 42.438217], [-82.887852, 42.438246], [-82.888268, 42.438348]]}}, {"type": "Feature", "properties": {"name": "Wedgewood Drive", "highway": "residential"}, "geometry": {"type": "LineString", "coordinates": [[-82.887981, 42.439014], [-82.888268, 42.438348], [-82.888494, 42.43783], [-82.888624, 42.437535]]}}, {"type": "Feature", "properties": {"name": "Wedgewood Drive", "highway": "residential"}, "geometry": {"type": "LineString", "coordinates": [[-82.887974, 42.4415], [-82.8876253, 42.4423071], [-82.8872589, 42.4431489], [-82.8868318, 42.4441016], [-82.886467, 42.444934], [-82.8861259, 42.445715], [-82.885814, 42.446424], [-82.8855098, 42.4471231], [-82.885249, 42.447719], [-82.884979, 42.448339], [-82.884679, 42.4490294], [-82.884365, 42.449718]]}}, {"type": "Feature", "properties": {"name": "Woods Lane Court", "highway": "residential"}, "geometry": {"type": "LineString", "coordinates": [[-82.8873806, 42.4483235], [-82.887164, 42.448864]]}}, {"type": "Feature", "properties": {"name": "Eastbrook Court", "highway": "residential"}, "geometry": {"type": "LineString", "coordinates": [[-82.8931363, 42.4496833], [-82.892717, 42.4506145]]}}, {"type": "Feature", "properties": {"name": "Briarcliff Drive", "highway": "residential"}, "geometry": {"type": "LineString", "coordinates": [[-82.878824, 42.448364], [-82.881284, 42.448956], [-82.883156, 42.449411], [-82.8835, 42.449502], [-82.883511, 42.4495047], [-82.884365, 42.449718]]}}, {"type": "Feature", "properties": {"name": "Perrien Place", "highway": "residential"}, "geometry": {"type": "LineString", "coordinates": [[-82.878515, 42.44903], [-82.8809807, 42.4496311], [-82.8824012, 42.4499702]]}}, {"type": "Feature", "properties": {"name": "Young Lane", "highway": "residential"}, "geometry": {"type": "LineString", "coordinates": [[-82.894437, 42.440565], [-82.8942115, 42.4410807]]}}, {"type": "Feature", "properties": {"name": "North Rosedale Court", "highway": "residential"}, "geometry": {"type": "LineString", "coordinates": [[-82.878049, 42.450195], [-82.878077, 42.450231], [-82.878159, 42.450274], [-82.8804631, 42.4508427]]}}, {"type": "Feature", "properties": {"name": "Hawthorne Road", "highway": "residential"}, "geometry": {"type": "LineString", "coordinates": [[-82.875605, 42.43848], [-82.875801, 42.4385628], [-82.8758821, 42.4385824], [-82.881861, 42.440025], [-82.882186, 42.440103], [-82.884877, 42.440753], [-82.887974, 42.4415], [-82.8956549, 42.4433575]]}}, {"type": "Feature", "properties": {"name": "Canterbury Road", "highway": "residential"}, "geometry": {"type": "LineString", "coordinates": [[-82.8800088, 42.445801], [-82.8813128, 42.4461125], [-82.8824119, 42.4463831], [-82.8834339, 42.4466185], [-82.8844879, 42.4468841], [-82.8855098, 42.4471231], [-82.8889327, 42.447944], [-82.8897627, 42.4481355], [-82.8899259, 42.448189], [-82.8901106, 42.4482856]]}}, {"type": "Feature", "properties": {"name": "Glen Arbor Lane", "highway": "residential"}, "geometry": {"type": "LineString", "coordinates": [[-82.8841113, 42.436107], [-82.885751, 42.436489]]}}, {"type": "Feature", "properties": {"name": "Virginia Lane", "highway": "residential"}, "geometry": {"type": "LineString", "coordinates": [[-82.892991, 42.44022], [-82.892834, 42.440613], [-82.892763, 42.440777]]}}, {"type": "Feature", "properties": {"name": "Crestwood Drive", "highway": "residential"}, "geometry": {"type": "LineString", "coordinates": [[-82.873396, 42.449927], [-82.873586, 42.4499728], [-82.8736896, 42.4499978], [-82.8738719, 42.4500421], [-82.877202, 42.4508508]]}}, {"type": "Feature", "properties": {"name": "Montague Lane", "highway": "residential"}, "geometry": {"type": "LineString", "coordinates": [[-82.8884919, 42.4391425], [-82.8885345, 42.439013], [-82.888564, 42.4389537], [-82.8886085, 42.438904], [-82.888678, 42.4388586], [-82.8887571, 42.4388062], [-82.8888537, 42.438725], [-82.8889076, 42.4386635], [-82.8889234, 42.4385964], [-82.8889248, 42.4385281], [-82.8889063, 42.4384388], [-82.8889208, 42.4383826], [-82.8889664, 42.4383133], [-82.8890643, 42.4382331], [-82.8891181, 42.4381815], [-82.8891447, 42.4381312], [-82.889142, 42.4380639], [-82.8891166, 42.437954], [-82.8890659, 42.4378539]]}}, {"type": "Feature", "properties": {"name": "Vernier Circle", "highway": "residential"}, "geometry": {"type": "LineString", "coordinates": [[-82.8898705, 42.4383409], [-82.889432, 42.439367]]}}, {"type": "Feature", "properties": {"name": "Brys Drive North", "highway": "residential"}, "geometry": {"type": "LineString", "coordinates": [[-82.8806319, 42.444391], [-82.8830147, 42.4449781], [-82.8861259, 42.445715], [-82.888164, 42.446185], [-82.888225, 42.446183], [-82.888283, 42.44617], [-82.888335, 42.446146], [-82.888377, 42.446113], [-82.888402, 42.446082], [-82.8884948, 42.4458696]]}}, {"type": "Feature", "properties": {"name": "Brys Drive North", "highway": "residential"}, "geometry": {"type": "LineString", "coordinates": [[-82.8893358, 42.4460746], [-82.88925, 42.446271], [-82.889239, 42.446323], [-82.889244, 42.446356], [-82.889262, 42.446398], [-82.889295, 42.446434], [-82.88934, 42.446463], [-82.889379, 42.446479], [-82.889448, 42.446492], [-82.889532, 42.446518], [-82.891153, 42.446905]]}}, {"type": "Feature", "properties": {"name": "Brys Drive South", "highway": "residential"}, "geometry": {"type": "LineString", "coordinates": [[-82.8893358, 42.4460746], [-82.889453, 42.445821], [-82.889479, 42.445782], [-82.889518, 42.44575], [-82.889567, 42.445727], [-82.889609, 42.445717], [-82.889666, 42.445713], [-82.889709, 42.445717], [-82.8914829, 42.4461636], [-82.892591, 42.446409], [-82.8941399, 42.446801]]}}, {"type": "Feature", "properties": {"name": "Brys Drive South", "highway": "residential"}, "geometry": {"type": "LineString", "coordinates": [[-82.8884948, 42.4458696], [-82.8893358, 42.4460746]]}}, {"type": "Feature", "properties": {"name": "Brys Drive South", "highway": "residential"}, "geometry": {"type": "LineString", "coordinates": [[-82.881027, 42.443669], [-82.881089, 42.443656], [-82.881129, 42.443655], [-82.881173, 42.443661], [-82.883368, 42.444186]]}}, {"type": "Feature", "properties": {"name": "Brys Drive South", "highway": "residential"}, "geometry": {"type": "LineString", "coordinates": [[-82.886467, 42.444934], [-82.888416, 42.445406], [-82.888501, 42.445431], [-82.888546, 42.445457], [-82.888581, 42.445492], [-82.888602, 42.445532], [-82.888608, 42.445575], [-82.888599, 42.445617], [-82.8884948, 42.4458696]]}}, {"type": "Feature", "properties": {"name": "North Rosedale Court", "highway": "residential"}, "geometry": {"type": "LineString", "coordinates": [[-82.885661, 42.452076], [-82.8804631, 42.4508427]]}}, {"type": "Feature", "properties": {"name": "Lee Court", "highway": "residential"}, "geometry": {"type": "LineString", "coordinates": [[-82.890063, 42.439519], [-82.889904, 42.439919], [-82.889882, 42.439957], [-82.889837, 42.439999], [-82.889783, 42.440024], [-82.889707, 42.440036], [-82.889435, 42.440004]]}}, {"type": "Feature", "properties": {"name": "Avon Court", "highway": "residential"}, "geometry": {"type": "LineString", "coordinates": [[-82.885249, 42.447719], [-82.886395, 42.447993]]}}, {"type": "Feature", "properties": {"name": "East Canterbury Court", "highway": "residential"}, "geometry": {"type": "LineString", "coordinates": [[-82.8813128, 42.4461125], [-82.8810733, 42.4466321]]}}, {"type": "Feature", "properties": {"name": "South Rosedale Court", "highway": "residential"}, "geometry": {"type": "LineString", "coordinates": [[-82.8861754, 42.451581], [-82.88071, 42.450252], [-82.878239, 42.449656]]}}, {"type": "Feature", "properties": {"name": "Green Court", "highway": "residential"}, "geometry": {"type": "LineString", "coordinates": [[-82.885573, 42.439166], [-82.88517, 42.439061], [-82.8850368, 42.4390325]]}}, {"type": "Feature", "properties": {"name": "Westbrook Court", "highway": "residential"}, "geometry": {"type": "LineString", "coordinates": [[-82.8951012, 42.4501557], [-82.8948724, 42.4506815], [-82.8948759, 42.450843]]}}, {"type": "Feature", "properties": {"name": "Wendy Lane", "highway": "residential"}, "geometry": {"type": "LineString", "coordinates": [[-82.895591, 42.44084], [-82.895325, 42.441432]]}}, {"type": "Feature", "properties": {"name": "Lochmoor Place", "highway": "residential"}, "geometry": {"type": "LineString", "coordinates": [[-82.890984, 42.43974], [-82.890918, 42.439933], [-82.890909, 42.439977], [-82.89091, 42.440024], [-82.890935, 42.440145], [-82.890933, 42.440213], [-82.890857, 42.44038], [-82.890839, 42.440397], [-82.890807, 42.440413], [-82.89078, 42.44042], [-82.890742, 42.440422], [-82.890432, 42.440349]]}}, {"type": "Feature", "properties": {"name": "Centerbrook Court", "highway": "residential"}, "geometry": {"type": "LineString", "coordinates": [[-82.894152, 42.4499253], [-82.893806, 42.450696]]}}, {"type": "Feature", "properties": {"name": "Morningside Lane", "highway": "residential"}, "geometry": {"type": "LineString", "coordinates": [[-82.885573, 42.439166], [-82.8862227, 42.4393266], [-82.8863837, 42.4389703], [-82.8860564, 42.4388832]]}}, {"type": "Feature", "properties": {"name": "Christine Court", "highway": "residential"}, "geometry": {"type": "LineString", "coordinates": [[-82.892011, 42.439986], [-82.891803, 42.440422], [-82.891651, 42.44081]]}}, {"type": "Feature", "properties": {"name": "Yorktown Street", "highway": "residential"}, "geometry": {"type": "LineString", "coordinates": [[-82.892581, 42.449551], [-82.8931363, 42.4496833], [-82.894152, 42.4499253], [-82.8951012, 42.4501557], [-82.895671, 42.450285], [-82.895884, 42.450349], [-82.896241, 42.450483], [-82.89641, 42.45052], [-82.896804, 42.450554], [-82.89699, 42.450588], [-82.897662, 42.450743], [-82.898179, 42.450866], [-82.898384, 42.450873], [-82.8991804, 42.4508608]]}}, {"type": "Feature", "properties": {"name": "Vernier Road", "highway": "secondary"}, "geometry": {"type": "LineString", "coordinates": [[-82.896631, 42.441082], [-82.895591, 42.44084], [-82.894437, 42.440565], [-82.8937323, 42.4403969], [-82.892991, 42.44022], [-82.892132, 42.4400134], [-82.892011, 42.439986], [-82.891557, 42.439877], [-82.890984, 42.43974], [-82.8908036, 42.4396967], [-82.890063, 42.439519], [-82.889432, 42.439367], [-82.889093, 42.439285], [-82.8884919, 42.4391425], [-82.887981, 42.439014], [-82.8878824, 42.4389901], [-82.8875036, 42.4388982], [-82.8870496, 42.438788]]}}, {"type": "Feature", "properties": {"name": "Briarcliff Drive", "highway": "residential"}, "geometry": {"type": "LineString", "coordinates": [[-82.884365, 42.449718], [-82.8852958, 42.4499427], [-82.887546, 42.450486]]}}, {"type": "Feature", "properties": {"name": "Vernier Road", "highway": "secondary"}, "geometry": {"type": "LineString", "coordinates": [[-82.8836241, 42.4379426], [-82.8835215, 42.4379171], [-82.883159, 42.437827], [-82.882831, 42.437745], [-82.87975, 42.437015], [-82.878938, 42.43682], [-82.8776511, 42.4365303], [-82.8774097, 42.4364789], [-82.8761641, 42.4361901], [-82.8760326, 42.436174]]}}, {"type": "Feature", "properties": {"name": "Vernier Road", "highway": "secondary"}, "geometry": {"type": "LineString", "coordinates": [[-82.8870496, 42.438788], [-82.8867244, 42.4387091], [-82.8865518, 42.4386672], [-82.885864, 42.438499], [-82.885086, 42.438309], [-82.883901, 42.4380114]]}}, {"type": "Feature", "properties": {"name": "Vernier Road", "highway": "secondary"}, "geometry": {"type": "LineString", "coordinates": [[-82.883901, 42.4380114], [-82.8836241, 42.4379426]]}}, {"type": "Feature", "properties": {"name": "Marter Road", "highway": "tertiary"}, "geometry": {"type": "LineString", "coordinates": [[-82.892581, 42.449551], [-82.8917803, 42.4510087]]}}, {"type": "Feature", "properties": {"name": "Marter Road", "highway": "tertiary"}, "geometry": {"type": "LineString", "coordinates": [[-82.892741, 42.449313], [-82.892581, 42.449551]]}}, {"type": "Feature", "properties": {"name": "Wedgewood Drive", "highway": "residential"}, "geometry": {"type": "LineString", "coordinates": [[-82.889093, 42.439285], [-82.8888188, 42.4399675], [-82.8887576, 42.4401197], [-82.888561, 42.440609]]}}, {"type": "Feature", "properties": {"name": "Wedgewood Drive", "highway": "residential"}, "geometry": {"type": "LineString", "coordinates": [[-82.888561, 42.440609], [-82.888523, 42.440705], [-82.888471, 42.440784], [-82.8884, 42.440854], [-82.888307, 42.440914], [-82.888258, 42.440954], [-82.888202, 42.441014], [-82.888161, 42.441072], [-82.887974, 42.4415]]}}, {"type": "Feature", "properties": {"name": "", "highway": "residential"}, "geometry": {"type": "LineString", "coordinates": [[-82.8798043, 42.4437892], [-82.8802331, 42.4438944]]}}]}