{"type": "FeatureCollection", "features": [{"type": "Feature", "properties": {"name": "Rose Terrace Street", "highway": "residential"}, "geometry": {"type": "LineString", "coordinates": [[-82.8995167, 42.38558], [-82.8999708, 42.3854233]]}}, {"type": "Feature", "properties": {"name": "East Jefferson Avenue", "highway": "secondary"}, "geometry": {"type": "LineString", "coordinates": [[-82.899653, 42.3872758], [-82.8994789, 42.3873511], [-82.899209, 42.3874678], [-82.898857, 42.3876188]]}}, {"type": "Feature", "properties": {"name": "Cherryhurst Lane", "highway": "residential"}, "geometry": {"type": "LineString", "coordinates": [[-82.8931703, 42.3909886], [-82.8933173, 42.3910524], [-82.8935224, 42.3911032], [-82.8945743, 42.391537], [-82.8946249, 42.3916182]]}}, {"type": "Feature", "properties": {"name": "Maumee Street", "highway": "residential"}, "geometry": {"type": "LineString", "coordinates": [[-82.9213, 42.382774], [-82.919969, 42.383253], [-82.918663, 42.383721], [-82.916852, 42.384375], [-82.915763, 42.384765], [-82.91399, 42.385408], [-82.912714, 42.385871], [-82.9119355, 42.3861502], [-82.9115474, 42.3862894], [-82.910938, 42.386508], [-82.909616, 42.386983], [-82.908394, 42.38742], [-82.907276, 42.387821], [-82.906448, 42.38812], [-82.905566, 42.388435], [-82.904356, 42.388871], [-82.9035459, 42.3891674], [-82.9030867, 42.3893476]]}}, {"type": "Feature", "properties": {"name": "McKinley Place", "highway": "residential"}, "geometry": {"type": "LineString", "coordinates": [[-82.899653, 42.3872758], [-82.9015075, 42.3898315], [-82.9015658, 42.3899118]]}}, {"type": "Feature", "properties": {"name": "Elm Court", "highway": "residential"}, "geometry": {"type": "LineString", "coordinates": [[-82.898442, 42.3877978], [-82.898556, 42.387911], [-82.898778, 42.388115], [-82.898847, 42.388185], [-82.899014, 42.388373], [-82.8994706, 42.3890492]]}}, {"type": "Feature", "properties": {"name": "Deming Lane", "highway": "residential"}, "geometry": {"type": "LineString", "coordinates": [[-82.897339, 42.393009], [-82.896982, 42.392868], [-82.89579, 42.392376], [-82.895346, 42.392199]]}}, {"type": "Feature", "properties": {"name": "Meadow Lane", "highway": "residential"}, "geometry": {"type": "LineString", "coordinates": [[-82.8987107, 42.3912619], [-82.9029406, 42.3929662]]}}, {"type": "Feature", "properties": {"name": "Newberry Place", "highway": "residential"}, "geometry": {"type": "LineString", "coordinates": [[-82.892636, 42.3917238], [-82.893143, 42.391887], [-82.893549, 42.392045], [-82.893777, 42.392138], [-82.896132, 42.393154], [-82.896369, 42.39325], [-82.8966094, 42.3933504], [-82.8969448, 42.3934655], [-82.897065, 42.393506]]}}, {"type": "Feature", "properties": {"name": "Pine Court", "highway": "residential"}, "geometry": {"type": "LineString", "coordinates": [[-82.9003658, 42.3900619], [-82.9002389, 42.3900543], [-82.9001181, 42.389897], [-82.9000093, 42.3897819], [-82.9000185, 42.3897145], [-82.9000665, 42.3896736], [-82.9001338, 42.3896634], [-82.900214, 42.3896818], [-82.9004131, 42.38998], [-82.9003658, 42.3900619], [-82.9004808, 42.3902077], [-82.9005325, 42.3902732]]}}, {"type": "Feature", "properties": {"name": "Radnor Circle", "highway": "residential"}, "geometry": {"type": "LineString", "coordinates": [[-82.900367, 42.394867], [-82.9013901, 42.3934863], [-82.9014, 42.393473], [-82.901441, 42.39341], [-82.901471, 42.393379], [-82.90151, 42.393354], [-82.901556, 42.393338], [-82.901594, 42.393331], [-82.901641, 42.39333], [-82.901695, 42.393339], [-82.902652, 42.393729], [-82.90269, 42.393751], [-82.902715, 42.393773], [-82.902747, 42.393826], [-82.902752, 42.393855], [-82.90275, 42.393884], [-82.902745, 42.3938951], [-82.902725, 42.393939], [-82.90145, 42.395144], [-82.901373, 42.395232], [-82.901316, 42.395312]]}}, {"type": "Feature", "properties": {"name": "Briarwood Place", "highway": "residential"}, "geometry": {"type": "LineString", "coordinates": [[-82.896646, 42.3942789], [-82.893295, 42.3929193]]}}, {"type": "Feature", "properties": {"name": "Handy Road", "highway": "residential"}, "geometry": {"type": "LineString", "coordinates": [[-82.898074, 42.3918869], [-82.90024, 42.392752], [-82.900277, 42.392773], [-82.900298, 42.392791], [-82.900327, 42.392832], [-82.900336, 42.392866], [-82.900333, 42.392901], [-82.90032, 42.392934], [-82.9002516, 42.3930264], [-82.899819, 42.393611], [-82.899231, 42.394406]]}}, {"type": "Feature", "properties": {"name": "Grosse Pointe Boulevard", "highway": "residential"}, "geometry": {"type": "LineString", "coordinates": [[-82.9015658, 42.3899118], [-82.9005968, 42.3902484], [-82.9005325, 42.3902732]]}}, {"type": "Feature", "properties": {"name": "Grosse Pointe Boulevard", "highway": "residential"}, "geometry": {"type": "LineString", "coordinates": [[-82.898074, 42.3918869], [-82.8977429, 42.3923146], [-82.897657, 42.392437], [-82.89752, 42.39268], [-82.897339, 42.393009], [-82.897065, 42.393506], [-82.896646, 42.3942789], [-82.896422, 42.394671], [-82.896332, 42.394834], [-82.8961646, 42.3951316], [-82.895909, 42.3956], [-82.895786, 42.395822], [-82.895664, 42.396045], [-82.895318, 42.396673], [-82.894769, 42.397666], [-82.894146, 42.398792], [-82.894087, 42.3989], [-82.894035, 42.398993], [-82.8937678, 42.39948], [-82.893528, 42.39991], [-82.893374, 42.400189], [-82.8931441, 42.4006039], [-82.893082, 42.400716], [-82.892855, 42.401127]]}}, {"type": "Feature", "properties": {"name": "Lake Shore Road", "highway": "secondary"}, "geometry": {"type": "LineString", "coordinates": [[-82.901327, 42.3865618], [-82.900699, 42.3868278], [-82.9001803, 42.3870499], [-82.899926, 42.3871588], [-82.899653, 42.3872758]]}}, {"type": "Feature", "properties": {"name": "Lake Shore Road", "highway": "secondary"}, "geometry": {"type": "LineString", "coordinates": [[-82.898857, 42.3876188], [-82.8986328, 42.3877155], [-82.898442, 42.3877978], [-82.898192, 42.3879056], [-82.8981287, 42.3879329], [-82.897587, 42.3881665], [-82.89738, 42.3882558], [-82.8965427, 42.3886204], [-82.8959993, 42.3888571], [-82.895922, 42.3888908], [-82.8957953, 42.3889485], [-82.8954475, 42.3891069], [-82.895079, 42.3892748], [-82.894918, 42.3893658], [-82.894693, 42.3895098], [-82.8945508, 42.3896016], [-82.8942228, 42.3898133], [-82.89403, 42.3899378], [-82.8938077, 42.3900868]]}}, {"type": "Feature", "properties": {"name": "North Warner Road", "highway": "residential"}, "geometry": {"type": "LineString", "coordinates": [[-82.895233, 42.390659], [-82.8947986, 42.39128]]}}, {"type": "Feature", "properties": {"name": "Stanton Lane", "highway": "residential"}, "geometry": {"type": "LineString", "coordinates": [[-82.89752, 42.39268], [-82.899819, 42.393611]]}}, {"type": "Feature", "properties": {"name": "Rose Terrace Street", "highway": "residential"}, "geometry": {"type": "LineString", "coordinates": [[-82.9004797, 42.3865379], [-82.9005531, 42.3864508], [-82.9005637, 42.3863507], [-82.9005373, 42.3862943], [-82.9004862, 42.3861833], [-82.9003966, 42.3860252], [-82.8999708, 42.3854233], [-82.8996033, 42.3848484], [-82.8995375, 42.3847979], [-82.8994639, 42.3847979], [-82.8992428, 42.3848718], [-82.8991376, 42.3849029], [-82.89908, 42.384963], [-82.899078, 42.385], [-82.899089, 42.385021], [-82.8992665, 42.3852663], [-82.8995167, 42.38558], [-82.899612, 42.385726], [-82.899646, 42.385797], [-82.899689, 42.385892], [-82.899728, 42.385977], [-82.8997938, 42.386099], [-82.8999366, 42.3862789], [-82.9000365, 42.3863814], [-82.9001525, 42.386478], [-82.900283, 42.3865467], [-82.9003932, 42.3865739]]}}, {"type": "Feature", "properties": {"name": "South Warner Road", "highway": "residential"}, "geometry": {"type": "LineString", "coordinates": [[-82.897232, 42.391221], [-82.896776, 42.391909]]}}, {"type": "Feature", "properties": {"name": "Beverly Road", "highway": "residential"}, "geometry": {"type": "LineString", "coordinates": [[-82.9025583, 42.3895647], [-82.9024976, 42.3894778], [-82.9008181, 42.3869946]]}}, {"type": "Feature", "properties": {"name": "Dyar Lane", "highway": "residential"}, "geometry": {"type": "LineString", "coordinates": [[-82.8990733, 42.3910024], [-82.8989761, 42.3909595], [-82.897719, 42.390422], [-82.8976402, 42.3903362]]}}, {"type": "Feature", "properties": {"name": "Edgemere Road", "highway": "residential"}, "geometry": {"type": "LineString", "coordinates": [[-82.89738, 42.3882558], [-82.897519, 42.388427], [-82.897813, 42.388781], [-82.897953, 42.388976], [-82.898068, 42.38915], [-82.898178, 42.389342], [-82.898304, 42.389578], [-82.898412, 42.389724], [-82.898522, 42.389854], [-82.898559, 42.389888], [-82.898621, 42.389932], [-82.898688, 42.389968], [-82.899033, 42.390114], [-82.899123, 42.390164], [-82.899186, 42.390209], [-82.8995669, 42.3906027], [-82.8996364, 42.3906752]]}}, {"type": "Feature", "properties": {"name": "Saint Paul Street", "highway": "residential"}, "geometry": {"type": "LineString", "coordinates": [[-82.9412732, 42.3784908], [-82.94085, 42.378635], [-82.9403567, 42.3788098], [-82.9399856, 42.3789458], [-82.939902, 42.3789764], [-82.9398211, 42.3790051], [-82.9391523, 42.3792423], [-82.93849, 42.379482], [-82.937821, 42.3797216], [-82.937337, 42.379895], [-82.9368393, 42.3800717], [-82.936337, 42.38025], [-82.935365, 42.380603], [-82.93414, 42.381046], [-82.93266, 42.381577], [-82.931199, 42.382102], [-82.929755, 42.382621], [-82.928546, 42.383057], [-82.927053, 42.38359], [-82.925418, 42.384175], [-82.9241187, 42.384629], [-82.922819, 42.385106], [-82.921485, 42.385585], [-82.920304, 42.386008], [-82.919372, 42.386342], [-82.918378, 42.386698], [-82.917294, 42.38709], [-82.915518, 42.387726], [-82.91424, 42.388184], [-82.913434, 42.388473], [-82.912459, 42.388822], [-82.911138, 42.389295], [-82.909912, 42.389735], [-82.908795, 42.390135], [-82.907148, 42.390725], [-82.905873, 42.391182], [-82.9050596, 42.3914733], [-82.904583, 42.391644]]}}, {"type": "Feature", "properties": {"name": "Sunset Lane", "highway": "residential"}, "geometry": {"type": "LineString", "coordinates": [[-82.895922, 42.3888908], [-82.896093, 42.388979], [-82.896823, 42.389325], [-82.8973065, 42.3895369]]}}, {"type": "Feature", "properties": {"name": "Lakecrest Lane", "highway": "residential"}, "geometry": {"type": "LineString", "coordinates": [[-82.894693, 42.3895098], [-82.89481, 42.389597], [-82.894916, 42.389671], [-82.895037, 42.389739], [-82.895192, 42.389813], [-82.897349, 42.390689], [-82.897839, 42.390888]]}}, {"type": "Feature", "properties": {"name": "Warner Road", "highway": "residential"}, "geometry": {"type": "LineString", "coordinates": [[-82.8938077, 42.3900868], [-82.895233, 42.390659], [-82.895628, 42.390823], [-82.895714, 42.390871], [-82.895771, 42.390913], [-82.895866, 42.391002], [-82.895929, 42.391089], [-82.895979, 42.39119], [-82.89604, 42.39137], [-82.896066, 42.391432], [-82.896129, 42.39153], [-82.896207, 42.391615], [-82.896307, 42.391698], [-82.896424, 42.391768], [-82.896501, 42.391803], [-82.896776, 42.391909], [-82.8976415, 42.392272], [-82.8977429, 42.3923146]]}}, {"type": "Feature", "properties": {"name": "Fisher Road", "highway": "residential"}, "geometry": {"type": "LineString", "coordinates": [[-82.901327, 42.3865618], [-82.9014979, 42.3868323], [-82.9030867, 42.3893476], [-82.9034934, 42.3899797], [-82.9036443, 42.3902051], [-82.903735, 42.3903451], [-82.9039553, 42.3906896], [-82.904014, 42.3907812], [-82.9040761, 42.3908781], [-82.9041429, 42.3909823], [-82.904189, 42.3910541], [-82.9044891, 42.3915033], [-82.904583, 42.391644], [-82.9057105, 42.3933742], [-82.905872, 42.393622], [-82.905993, 42.393791]]}}, {"type": "Feature", "properties": {"name": "Lake Shore Road", "highway": "secondary"}, "geometry": {"type": "LineString", "coordinates": [[-82.887625, 42.4027948], [-82.8876864, 42.4025266], [-82.887695, 42.4024888], [-82.887883, 42.4016728], [-82.887922, 42.4014898], [-82.887962, 42.4013078], [-82.888071, 42.4008718], [-82.8881154, 42.4007265], [-82.8882247, 42.4003689], [-82.8883087, 42.4000957], [-82.888333, 42.4000168], [-82.8883765, 42.3999008], [-82.888565, 42.3993978], [-82.888594, 42.3993198], [-82.8885982, 42.3993089], [-82.889027, 42.3981938], [-82.889146, 42.3978999], [-82.889196, 42.3977518], [-82.889387, 42.3972598], [-82.889499, 42.3969718], [-82.889658, 42.3965708], [-82.889791, 42.3962688], [-82.889997, 42.3958368], [-82.89014, 42.3955618], [-82.890276, 42.3953128], [-82.890555, 42.3948348], [-82.8907444, 42.3945192], [-82.8909054, 42.3942507], [-82.891088, 42.3939818], [-82.891273, 42.3936858], [-82.891426, 42.3934458], [-82.8915617, 42.3931936], [-82.8915797, 42.3931676], [-82.8917602, 42.392906], [-82.8918615, 42.3927576], [-82.8919013, 42.3926993], [-82.8919372, 42.3926551], [-82.892132, 42.3924148], [-82.8923306, 42.3921449], [-82.892352, 42.3921158], [-82.892636, 42.3917238], [-82.892994, 42.3912318], [-82.893124, 42.3910518], [-82.8931703, 42.3909886], [-82.8932226, 42.3908906], [-82.8932552, 42.3908469], [-82.8932818, 42.3908114], [-82.8933648, 42.3906996], [-82.8934798, 42.3905588], [-82.8936388, 42.390369], [-82.8938337, 42.3901568], [-82.8938077, 42.3900868]]}}, {"type": "Feature", "properties": {"name": "Lake Shore Road", "highway": "secondary"}, "geometry": {"type": "LineString", "coordinates": [[-82.8938077, 42.3900868], [-82.8937057, 42.3901094], [-82.8935617, 42.3902291], [-82.8933773, 42.3904161], [-82.8931828, 42.3906573], [-82.8930737, 42.39081], [-82.892835, 42.391153], [-82.892484, 42.391639], [-82.892194, 42.392039], [-82.8917502, 42.3926366], [-82.8915597, 42.3929019], [-82.8914072, 42.3931346], [-82.891111, 42.393611], [-82.890739, 42.394202], [-82.890218, 42.395049], [-82.890111, 42.395245], [-82.889952, 42.395535], [-82.88983, 42.39577], [-82.889665, 42.396112], [-82.889486, 42.396515], [-82.88921, 42.397207], [-82.888973, 42.39783], [-82.888393, 42.399342]]}}, {"type": "Feature", "properties": {"name": "Kercheval Avenue", "highway": "tertiary"}, "geometry": {"type": "LineString", "coordinates": [[-82.9135154, 42.391096], [-82.912545, 42.391447], [-82.911322, 42.391885], [-82.9111536, 42.3919454], [-82.910204, 42.392286], [-82.9087147, 42.3928159], [-82.908557, 42.392872], [-82.9083148, 42.3929586], [-82.907281, 42.393328], [-82.9062428, 42.3937012], [-82.905993, 42.393791]]}}, {"type": "Feature", "properties": {"name": "East Jefferson Avenue", "highway": "secondary"}, "geometry": {"type": "LineString", "coordinates": [[-82.907649, 42.3839868], [-82.9067753, 42.3843439], [-82.9066809, 42.3843825], [-82.906433, 42.3844838], [-82.905967, 42.3846738], [-82.9058039, 42.3847403], [-82.905366, 42.3849188], [-82.904716, 42.3851838], [-82.904553, 42.3852508], [-82.903922, 42.3855078], [-82.903697, 42.3855998], [-82.903113, 42.3858408], [-82.902523, 42.3860808], [-82.90185, 42.3863488], [-82.901725, 42.3864008], [-82.901327, 42.3865618]]}}, {"type": "Feature", "properties": {"name": "Grosse Pointe Boulevard", "highway": "residential"}, "geometry": {"type": "LineString", "coordinates": [[-82.9025583, 42.3895647], [-82.9020898, 42.3897285], [-82.9016179, 42.3898935], [-82.9015658, 42.3899118]]}}, {"type": "Feature", "properties": {"name": "Grosse Pointe Boulevard", "highway": "residential"}, "geometry": {"type": "LineString", "coordinates": [[-82.9030867, 42.3893476], [-82.9029483, 42.389419], [-82.9025583, 42.3895647]]}}, {"type": "Feature", "properties": {"name": "Waterloo Street", "highway": "residential"}, "geometry": {"type": "LineString", "coordinates": [[-82.9181118, 42.3916827], [-82.9180456, 42.3917064], [-82.917292, 42.3919761], [-82.9169508, 42.3920899], [-82.9168397, 42.3921282], [-82.9167135, 42.3921702], [-82.9157756, 42.3925054], [-82.9150453, 42.3927696], [-82.9137347, 42.3932495], [-82.9125062, 42.3936893], [-82.9113886, 42.3940893], [-82.9097432, 42.3946783], [-82.908466, 42.3951355], [-82.9071802, 42.3955958]]}}, {"type": "Feature", "properties": {"name": "Grosse Pointe Boulevard", "highway": "residential"}, "geometry": {"type": "LineString", "coordinates": [[-82.9005325, 42.3902732], [-82.90036, 42.390332], [-82.900013, 42.390502], [-82.899674, 42.3906551], [-82.8996364, 42.3906752], [-82.8995947, 42.3906987], [-82.8990733, 42.3910024], [-82.8987107, 42.3912619], [-82.8986706, 42.3912914], [-82.898625, 42.391331], [-82.898523, 42.391428], [-82.898137, 42.391798], [-82.898074, 42.3918869]]}}, {"type": "Feature", "properties": {"name": "Berkshire Lane", "highway": "residential"}, "geometry": {"type": "LineString", "coordinates": [[-82.899926, 42.3871588], [-82.8997777, 42.3869014], [-82.8995584, 42.386578], [-82.899437, 42.3863967], [-82.8993918, 42.3863251], [-82.8991524, 42.3859782]]}}, {"type": "Feature", "properties": {"name": "Berkshire Place", "highway": "residential"}, "geometry": {"type": "LineString", "coordinates": [[-82.899209, 42.3874678], [-82.899169, 42.3874343], [-82.8990037, 42.3872961], [-82.8983073, 42.3867631]]}}, {"type": "Feature", "properties": {"name": "", "highway": "residential"}, "geometry": {"type": "LineString", "coordinates": [[-82.8983073, 42.3867631], [-82.8976934, 42.3863575], [-82.8973155, 42.3860772], [-82.8972799, 42.3860674], [-82.8972195, 42.3860812], [-82.8971411, 42.3861565]]}}, {"type": "Feature", "properties": {"name": "Rose Terrace Street", "highway": "residential"}, "geometry": {"type": "LineString", "coordinates": [[-82.9003932, 42.3865739], [-82.9004797, 42.3865379]]}}, {"type": "Feature", "properties": {"name": "Rose Terrace Street", "highway": "residential"}, "geometry": {"type": "LineString", "coordinates": [[-82.9003932, 42.3865739], [-82.9005669, 42.3867717], [-82.900699, 42.3868278], [-82.9006568, 42.3867281], [-82.9004797, 42.3865379]]}}, {"type": "Feature", "properties": {"name": "Carmel Lane", "highway": "residential"}, "geometry": {"type": "LineString", "coordinates": [[-82.887883, 42.4016728], [-82.887696, 42.401662]]}}, {"type": "Feature", "properties": {"name": "Ashley Street", "highway": "residential"}, "geometry": {"type": "LineString", "coordinates": [[-82.9121, 42.413407], [-82.912227, 42.413447], [-82.9123445, 42.4134946], [-82.9123873, 42.4135119], [-82.9127856, 42.4136731], [-82.914582, 42.4144], [-82.915167, 42.414642], [-82.917311, 42.415513], [-82.918301, 42.415911]]}}, {"type": "Feature", "properties": {"name": "Reno Lane", "highway": "residential"}, "geometry": {"type": "LineString", "coordinates": [[-82.892801, 42.40646], [-82.8925702, 42.4067722], [-82.8923306, 42.4070961], [-82.8922238, 42.4072406], [-82.892171, 42.407312]]}}, {"type": "Feature", "properties": {"name": "Oldbrook Lane", "highway": "residential"}, "geometry": {"type": "LineString", "coordinates": [[-82.888161, 42.406699], [-82.888395, 42.406799], [-82.888975, 42.407012], [-82.890067, 42.407399]]}}, {"type": "Feature", "properties": {"name": "Orchard Lane", "highway": "residential"}, "geometry": {"type": "LineString", "coordinates": [[-82.893698, 42.39723], [-82.893351, 42.397696]]}}, {"type": "Feature", "properties": {"name": "Moran Road", "highway": "residential"}, "geometry": {"type": "LineString", "coordinates": [[-82.88983, 42.39577], [-82.889997, 42.3958368], [-82.890053, 42.395857], [-82.890445, 42.396011], [-82.891624, 42.396495], [-82.892415, 42.396821], [-82.8924929, 42.3968491], [-82.8926136, 42.396896], [-82.892786, 42.396943], [-82.893091, 42.39702], [-82.8931571, 42.3970384], [-82.893281, 42.397073], [-82.893475, 42.39714], [-82.893698, 42.39723], [-82.894769, 42.397666], [-82.895991, 42.398151], [-82.899327, 42.399552], [-82.901843, 42.400595], [-82.903219, 42.401161], [-82.904283, 42.401597]]}}, {"type": "Feature", "properties": {"name": "Waverly Lane", "highway": "residential"}, "geometry": {"type": "LineString", "coordinates": [[-82.886673, 42.4115657], [-82.887637, 42.411917], [-82.889521, 42.412779]]}}, {"type": "Feature", "properties": {"name": "Vincennes Place", "highway": "residential"}, "geometry": {"type": "LineString", "coordinates": [[-82.899728, 42.407601], [-82.899618, 42.407747], [-82.899518, 42.407869], [-82.8993892, 42.4080057], [-82.8992097, 42.4081962], [-82.899175, 42.408233], [-82.898971, 42.408465], [-82.898875, 42.408583], [-82.89867, 42.408856]]}}, {"type": "Feature", "properties": {"name": "Williams Avenue", "highway": "residential"}, "geometry": {"type": "LineString", "coordinates": [[-82.9033922, 42.4129837], [-82.902757, 42.413847]]}}, {"type": "Feature", "properties": {"name": "Williams Avenue", "highway": "residential"}, "geometry": {"type": "LineString", "coordinates": [[-82.908145, 42.406051], [-82.907536, 42.406873], [-82.906676, 42.408032], [-82.906008, 42.408933], [-82.905626, 42.409444], [-82.905029, 42.410251], [-82.904347, 42.41117]]}}, {"type": "Feature", "properties": {"name": "Williams Avenue", "highway": "residential"}, "geometry": {"type": "LineString", "coordinates": [[-82.912199, 42.403292], [-82.9112073, 42.4036112], [-82.910327, 42.403923], [-82.9102437, 42.4039777], [-82.90971, 42.404741], [-82.909192, 42.405442]]}}, {"type": "Feature", "properties": {"name": "Grosse Pointe Boulevard", "highway": "residential"}, "geometry": {"type": "LineString", "coordinates": [[-82.892855, 42.401127], [-82.8928227, 42.401192], [-82.892552, 42.401677], [-82.892399, 42.401955]]}}, {"type": "Feature", "properties": {"name": "Tonnancour Place", "highway": "residential"}, "geometry": {"type": "LineString", "coordinates": [[-82.889094, 42.411635], [-82.8892139, 42.4114726], [-82.889359, 42.411276]]}}, {"type": "Feature", "properties": {"name": "Winthrop Place", "highway": "residential"}, "geometry": {"type": "LineString", "coordinates": [[-82.8882247, 42.4003689], [-82.8885021, 42.4004191], [-82.8886386, 42.400464], [-82.8898674, 42.400971]]}}, {"type": "Feature", "properties": {"name": "Irvine Lane", "highway": "residential"}, "geometry": {"type": "LineString", "coordinates": [[-82.889766, 42.41245], [-82.8919083, 42.4133382], [-82.8921628, 42.4134437], [-82.8923138, 42.4135021], [-82.8923321, 42.4135049], [-82.8925252, 42.4135346]]}}, {"type": "Feature", "properties": {"name": "Severn Road", "highway": "residential"}, "geometry": {"type": "LineString", "coordinates": [[-82.909796, 42.42392], [-82.909935, 42.423931], [-82.910079, 42.423941], [-82.910442, 42.423951], [-82.910614, 42.423962], [-82.910752, 42.423975], [-82.910916, 42.423997], [-82.911186, 42.424048], [-82.911344, 42.424087], [-82.9115, 42.424132], [-82.911752, 42.42422], [-82.911898, 42.42428], [-82.912039, 42.424346], [-82.912535, 42.424617], [-82.912742, 42.424726], [-82.913116, 42.424913], [-82.913544, 42.425114], [-82.914133, 42.425359], [-82.914621, 42.425548], [-82.915065, 42.425712], [-82.915891, 42.425998], [-82.916605, 42.426274], [-82.916865, 42.426384], [-82.917148, 42.42651], [-82.917502, 42.426682], [-82.9177882, 42.4268163], [-82.9178653, 42.4268499]]}}, {"type": "Feature", "properties": {"name": "Piche Street", "highway": "residential"}, "geometry": {"type": "LineString", "coordinates": [[-82.906653, 42.412109], [-82.9060304, 42.4129504], [-82.9053957, 42.4138041], [-82.90476, 42.414661]]}}, {"type": "Feature", "properties": {"name": "Goethe Street", "highway": "residential"}, "geometry": {"type": "LineString", "coordinates": [[-82.915967, 42.397973], [-82.915437, 42.398159], [-82.914321, 42.398561], [-82.912676, 42.399152], [-82.9114, 42.399608], [-82.910108, 42.400073]]}}, {"type": "Feature", "properties": {"name": "Public Drive", "highway": "residential"}, "geometry": {"type": "LineString", "coordinates": [[-82.9108725, 42.4138551], [-82.91085, 42.413904], [-82.9107942, 42.4140229], [-82.910226, 42.415234], [-82.9101887, 42.4153019], [-82.9101095, 42.4154458], [-82.910027, 42.4155956], [-82.9099532, 42.4157297], [-82.90987, 42.415881], [-82.909693, 42.416159], [-82.9095145, 42.4164141], [-82.909425, 42.416542]]}}, {"type": "Feature", "properties": {"name": "Lothrop Road", "highway": "residential"}, "geometry": {"type": "LineString", "coordinates": [[-82.90278, 42.403887], [-82.9057936, 42.4051143], [-82.9080981, 42.406032], [-82.908145, 42.406051], [-82.9085405, 42.4062106], [-82.90862, 42.4062427], [-82.908925, 42.4063657], [-82.909927, 42.40677]]}}, {"type": "Feature", "properties": {"name": "Lothrop Road", "highway": "residential"}, "geometry": {"type": "LineString", "coordinates": [[-82.893528, 42.39991], [-82.897774, 42.401652], [-82.900286, 42.402681], [-82.9016846, 42.4032511]]}}, {"type": "Feature", "properties": {"name": "Lothrop Road", "highway": "residential"}, "geometry": {"type": "LineString", "coordinates": [[-82.909997, 42.406619], [-82.911911, 42.407402], [-82.911988, 42.407424], [-82.912064, 42.407432], [-82.912143, 42.407426], [-82.912474, 42.407321]]}}, {"type": "Feature", "properties": {"name": "Whitcomb Drive", "highway": "residential"}, "geometry": {"type": "LineString", "coordinates": [[-82.886177, 42.4084648], [-82.888024, 42.409199], [-82.8893284, 42.4097319]]}}, {"type": "Feature", "properties": {"name": "Broadstone Road", "highway": "residential"}, "geometry": {"type": "LineString", "coordinates": [[-82.909808, 42.42495], [-82.9099423, 42.4250076], [-82.910481, 42.42505], [-82.910777, 42.425086], [-82.911014, 42.425128], [-82.911368, 42.425225], [-82.911517, 42.425278], [-82.911748, 42.425374], [-82.912023, 42.425518], [-82.912489, 42.425775], [-82.912901, 42.425972], [-82.913628, 42.42628], [-82.914069, 42.426451], [-82.915247, 42.426864], [-82.915633, 42.427007], [-82.916013, 42.42716], [-82.916397, 42.427325], [-82.916838, 42.427533], [-82.9172, 42.427695]]}}, {"type": "Feature", "properties": {"name": "Scherer Place", "highway": "residential"}, "geometry": {"type": "LineString", "coordinates": [[-82.8926136, 42.396896], [-82.8925424, 42.397025], [-82.892335, 42.397296]]}}, {"type": "Feature", "properties": {"name": "Mapleton Road", "highway": "residential"}, "geometry": {"type": "LineString", "coordinates": [[-82.896332, 42.394834], [-82.9012288, 42.3968341], [-82.9013265, 42.396874]]}}, {"type": "Feature", "properties": {"name": "Windward Place", "highway": "residential"}, "geometry": {"type": "LineString", "coordinates": [[-82.889499, 42.3969718], [-82.8904003, 42.397255], [-82.890655, 42.39736], [-82.890738, 42.397397], [-82.890877, 42.397476], [-82.890965, 42.397519], [-82.891922, 42.397911], [-82.892097, 42.397987]]}}, {"type": "Feature", "properties": {"name": "260-270 Road", "highway": "residential"}, "geometry": {"type": "LineString", "coordinates": [[-82.9034932, 42.4052398], [-82.903192, 42.405655]]}}, {"type": "Feature", "properties": {"name": "Shelbourne Road", "highway": "residential"}, "geometry": {"type": "LineString", "coordinates": [[-82.907443, 42.423581], [-82.907306, 42.42402], [-82.907297, 42.42407], [-82.907298, 42.424121], [-82.907308, 42.424172], [-82.907328, 42.424221], [-82.907526, 42.424583], [-82.907766, 42.425024], [-82.907831, 42.425096], [-82.907917, 42.425157], [-82.908122, 42.425251], [-82.909291, 42.425729], [-82.909366, 42.425749], [-82.9094296, 42.4257568], [-82.909553, 42.425772], [-82.909696, 42.425782], [-82.909839, 42.425792]]}}, {"type": "Feature", "properties": {"name": "Lewiston Road", "highway": "residential"}, "geometry": {"type": "LineString", "coordinates": [[-82.895909, 42.3956], [-82.8966411, 42.3958976], [-82.900798, 42.397587], [-82.9028154, 42.3984079], [-82.903322, 42.398614], [-82.9057619, 42.3996152], [-82.906063, 42.399783], [-82.906343, 42.399952], [-82.906542, 42.400063], [-82.906739, 42.400155], [-82.906961, 42.40024], [-82.907099, 42.400283], [-82.907241, 42.400319], [-82.907501, 42.400375], [-82.907566, 42.400384], [-82.907655, 42.400384], [-82.907721, 42.400375], [-82.907785, 42.40036], [-82.907887, 42.4003329]]}}, {"type": "Feature", "properties": {"name": "Kenwood Court", "highway": "residential"}, "geometry": {"type": "LineString", "coordinates": [[-82.903219, 42.401161], [-82.903782, 42.400397], [-82.9038161, 42.4003573], [-82.903837, 42.400333], [-82.903895, 42.40029], [-82.903963, 42.400258], [-82.90406, 42.400234], [-82.904161, 42.40023], [-82.904241, 42.400241], [-82.904298, 42.400258], [-82.90466, 42.400417], [-82.905022, 42.400598], [-82.905949, 42.401042], [-82.906514, 42.401285], [-82.907037, 42.401487], [-82.907461, 42.401645], [-82.907544, 42.401687], [-82.9076208, 42.4017365]]}}, {"type": "Feature", "properties": {"name": "Voltaire Place", "highway": "residential"}, "geometry": {"type": "LineString", "coordinates": [[-82.898111, 42.406943], [-82.898172, 42.407015], [-82.898214, 42.407074], [-82.89825, 42.407152], [-82.898272, 42.407253], [-82.898259, 42.407449], [-82.898243, 42.407518], [-82.8982337, 42.40754], [-82.898221, 42.40757], [-82.89818, 42.407632], [-82.898026, 42.407799], [-82.897969, 42.407849], [-82.897913, 42.40789], [-82.8978686, 42.4079141], [-82.897784, 42.40796], [-82.897626, 42.408016], [-82.897561, 42.408032], [-82.897402, 42.408044], [-82.8973176, 42.4080423], [-82.897251, 42.408041], [-82.89715, 42.408028], [-82.897009, 42.407992], [-82.896841, 42.407933], [-82.896766, 42.407903], [-82.896471, 42.407783]]}}, {"type": "Feature", "properties": {"name": "Country Club Drive", "highway": "residential"}, "geometry": {"type": "LineString", "coordinates": [[-82.890492, 42.411474], [-82.8910081, 42.4116837], [-82.8912944, 42.4118], [-82.8913751, 42.4118328], [-82.8916212, 42.4119328], [-82.891697, 42.4119636], [-82.891933, 42.4120595], [-82.8919945, 42.4120845], [-82.8922327, 42.4121813], [-82.893551, 42.412717], [-82.893896, 42.412857], [-82.893953, 42.412871], [-82.894006, 42.412877], [-82.89406, 42.412876]]}}, {"type": "Feature", "properties": {"name": "280-290 Road", "highway": "residential"}, "geometry": {"type": "LineString", "coordinates": [[-82.9043451, 42.405587], [-82.904033, 42.405998]]}}, {"type": "Feature", "properties": {"name": "Kercheval Avenue", "highway": "tertiary"}, "geometry": {"type": "LineString", "coordinates": [[-82.900015, 42.398635], [-82.8999291, 42.3987495], [-82.8994135, 42.3994367], [-82.899327, 42.399552], [-82.8987004, 42.4003995], [-82.898615, 42.400515], [-82.8985313, 42.4006281], [-82.897774, 42.401652], [-82.8970208, 42.4026712], [-82.8969276, 42.4027999], [-82.8968727, 42.4028716], [-82.896241, 42.403725], [-82.896166, 42.403827], [-82.89547, 42.40477], [-82.8953982, 42.4048661], [-82.894842, 42.405611], [-82.8939619, 42.4067961], [-82.893884, 42.406901], [-82.8932592, 42.4077431], [-82.89264, 42.408577], [-82.892015, 42.409423]]}}, {"type": "Feature", "properties": {"name": "Prestwick Road", "highway": "residential"}, "geometry": {"type": "LineString", "coordinates": [[-82.9185323, 42.4259992], [-82.916503, 42.425166], [-82.91585, 42.424896], [-82.914204, 42.4242275], [-82.9108347, 42.4228466], [-82.9107699, 42.422825], [-82.9107001, 42.4228023], [-82.9106429, 42.4227937], [-82.9103101, 42.4227737], [-82.910198, 42.4227571], [-82.9100523, 42.4226907]]}}, {"type": "Feature", "properties": {"name": "Willow Lane", "highway": "residential"}, "geometry": {"type": "LineString", "coordinates": [[-82.8875149, 42.4146804], [-82.887968, 42.414866]]}}, {"type": "Feature", "properties": {"name": "Preston Place", "highway": "residential"}, "geometry": {"type": "LineString", "coordinates": [[-82.885843, 42.415596], [-82.8853421, 42.4162571]]}}, {"type": "Feature", "properties": {"name": "Preston Place", "highway": "residential"}, "geometry": {"type": "LineString", "coordinates": [[-82.8851656, 42.4153315], [-82.885482, 42.415436], [-82.885843, 42.415596], [-82.8860966, 42.4156998], [-82.886444, 42.415842], [-82.887044, 42.416089]]}}, {"type": "Feature", "properties": {"name": "Beacon Hill Street", "highway": "residential"}, "geometry": {"type": "LineString", "coordinates": [[-82.8894142, 42.4057591], [-82.889122, 42.406184]]}}, {"type": "Feature", "properties": {"name": "Stephens Court", "highway": "residential"}, "geometry": {"type": "LineString", "coordinates": [[-82.9017952, 42.4045572], [-82.9015535, 42.4048946]]}}, {"type": "Feature", "properties": {"name": "De Petrie Way", "highway": "residential"}, "geometry": {"type": "LineString", "coordinates": [[-82.893374, 42.400189], [-82.89254, 42.399846], [-82.89226, 42.39973]]}}, {"type": "Feature", "properties": {"name": "Carver Street", "highway": "residential"}, "geometry": {"type": "LineString", "coordinates": [[-82.888631, 42.40805], [-82.888175, 42.408675], [-82.888166, 42.408699], [-82.888169, 42.408736], [-82.887981, 42.408876]]}}, {"type": "Feature", "properties": {"name": "Hillcrest Lane", "highway": "residential"}, "geometry": {"type": "LineString", "coordinates": [[-82.89264, 42.408577], [-82.893706, 42.409013], [-82.893826, 42.409043], [-82.893984, 42.409056], [-82.894107, 42.409081], [-82.894176, 42.409105], [-82.8946329, 42.4092901]]}}, {"type": "Feature", "properties": {"name": "Moross Place", "highway": "residential"}, "geometry": {"type": "LineString", "coordinates": [[-82.8988583, 42.411127], [-82.898226, 42.41199]]}}, {"type": "Feature", "properties": {"name": "Beacon Hill Road", "highway": "residential"}, "geometry": {"type": "LineString", "coordinates": [[-82.887029, 42.4054408], [-82.887399, 42.405517], [-82.887607, 42.405578], [-82.887936, 42.405696], [-82.888219, 42.405807], [-82.889122, 42.406184], [-82.889627, 42.406396], [-82.889781, 42.406456], [-82.889993, 42.406527], [-82.890357, 42.406631]]}}, {"type": "Feature", "properties": {"name": "Roland Court", "highway": "residential"}, "geometry": {"type": "LineString", "coordinates": [[-82.9063834, 42.4203123], [-82.906975, 42.419391]]}}, {"type": "Feature", "properties": {"name": "Ridgemont Road", "highway": "residential"}, "geometry": {"type": "LineString", "coordinates": [[-82.8932592, 42.4077431], [-82.8976136, 42.4095186], [-82.9014214, 42.4110712], [-82.9060304, 42.4129504], [-82.9074032, 42.4135101]]}}, {"type": "Feature", "properties": {"name": "Cloverly Road", "highway": "residential"}, "geometry": {"type": "LineString", "coordinates": [[-82.899528, 42.405129], [-82.899456, 42.405069], [-82.899425, 42.405035], [-82.899361, 42.404991], [-82.899316, 42.404969], [-82.898749, 42.40474], [-82.898668, 42.404716], [-82.896241, 42.403725], [-82.892404, 42.402167], [-82.892276, 42.402178]]}}, {"type": "Feature", "properties": {"name": "Cloverly Road", "highway": "residential"}, "geometry": {"type": "LineString", "coordinates": [[-82.909007, 42.408997], [-82.911042, 42.409841], [-82.912119, 42.41029], [-82.9126784, 42.4105225], [-82.9127893, 42.4105686], [-82.9130884, 42.4106929], [-82.913197, 42.410738], [-82.913297, 42.41076], [-82.913385, 42.410779]]}}, {"type": "Feature", "properties": {"name": "Cloverly Road", "highway": "residential"}, "geometry": {"type": "LineString", "coordinates": [[-82.906676, 42.408032], [-82.905701, 42.407636], [-82.905366, 42.407523], [-82.904779, 42.40734], [-82.904591, 42.407273], [-82.904313, 42.407162], [-82.9040034, 42.4070459], [-82.9035086, 42.4068026], [-82.9031681, 42.4066539], [-82.9028318, 42.4064913], [-82.9025744, 42.4063136], [-82.902327, 42.406177], [-82.901824, 42.405975], [-82.901215, 42.405725], [-82.90055, 42.40547], [-82.900317, 42.405386], [-82.899528, 42.405129]]}}, {"type": "Feature", "properties": {"name": "Kerby Court", "highway": "residential"}, "geometry": {"type": "LineString", "coordinates": [[-82.889897, 42.4047688], [-82.889795, 42.40488], [-82.889607, 42.405158]]}}, {"type": "Feature", "properties": {"name": "Manor Street", "highway": "residential"}, "geometry": {"type": "LineString", "coordinates": [[-82.909341, 42.40814], [-82.911614, 42.409085], [-82.9130631, 42.4096886], [-82.9134748, 42.40986], [-82.91359, 42.409908], [-82.913638, 42.409918], [-82.913687, 42.409927]]}}, {"type": "Feature", "properties": {"name": "Beacon Hill Avenue", "highway": "residential"}, "geometry": {"type": "LineString", "coordinates": [[-82.8885023, 42.4053947], [-82.888219, 42.405807]]}}, {"type": "Feature", "properties": {"name": "Tonnancour Place", "highway": "residential"}, "geometry": {"type": "LineString", "coordinates": [[-82.885653, 42.4099368], [-82.886951, 42.410447], [-82.887114, 42.410522], [-82.887204, 42.410579], [-82.887284, 42.410645], [-82.887335, 42.410699], [-82.887413, 42.410799], [-82.887484, 42.410879], [-82.887562, 42.410955], [-82.887642, 42.41102], [-82.887726, 42.411075], [-82.887847, 42.41114], [-82.887973, 42.411196], [-82.888146, 42.411262], [-82.888454, 42.411376], [-82.889094, 42.411635], [-82.890076, 42.412033]]}}, {"type": "Feature", "properties": {"name": "Lakeview Avenue", "highway": "residential"}, "geometry": {"type": "LineString", "coordinates": [[-82.890161, 42.409656], [-82.890165, 42.409674], [-82.890187, 42.409694], [-82.89029, 42.409736]]}}, {"type": "Feature", "properties": {"name": "Westwind Lane", "highway": "residential"}, "geometry": {"type": "LineString", "coordinates": [[-82.8922752, 42.3988595], [-82.8937678, 42.39948]]}}, {"type": "Feature", "properties": {"name": "Beaupre Avenue", "highway": "residential"}, "geometry": {"type": "LineString", "coordinates": [[-82.910108, 42.400073], [-82.9091345, 42.4004211], [-82.908616, 42.400608], [-82.908533, 42.400644], [-82.908455, 42.400686], [-82.908293, 42.400789], [-82.908236, 42.400844], [-82.9081741, 42.4009565], [-82.9076208, 42.4017365]]}}, {"type": "Feature", "properties": {"name": "Beaupre Avenue", "highway": "residential"}, "geometry": {"type": "LineString", "coordinates": [[-82.9076208, 42.4017365], [-82.907664, 42.401783], [-82.907704, 42.40183], [-82.907737, 42.401881], [-82.907761, 42.401934], [-82.907782, 42.402003], [-82.907796, 42.402096], [-82.907795, 42.402166], [-82.907786, 42.402237], [-82.90775, 42.402351], [-82.907704, 42.402438], [-82.9073853, 42.4028729], [-82.906874, 42.403588], [-82.9063607, 42.4043138], [-82.9057936, 42.4051143], [-82.9052166, 42.4059409], [-82.904313, 42.407162], [-82.903647, 42.408057], [-82.90337, 42.408428], [-82.902715, 42.409312], [-82.902037, 42.41023], [-82.9014214, 42.4110712], [-82.901049, 42.41158], [-82.9008001, 42.4119222], [-82.900165, 42.412785]]}}, {"type": "Feature", "properties": {"name": "McMillan Road", "highway": "residential"}, "geometry": {"type": "LineString", "coordinates": [[-82.9040572, 42.3944894], [-82.904132, 42.39456], [-82.9043507, 42.3949118], [-82.9046545, 42.3953833]]}}, {"type": "Feature", "properties": {"name": "McMillan Road", "highway": "residential"}, "geometry": {"type": "LineString", "coordinates": [[-82.9048126, 42.3956577], [-82.9048693, 42.3956787], [-82.9049139, 42.3956797], [-82.9049723, 42.3956697], [-82.905019, 42.3956497], [-82.905044, 42.3956138], [-82.9050306, 42.3955709], [-82.9048956, 42.3953736], [-82.904866, 42.3953539], [-82.9048246, 42.3953497], [-82.9047341, 42.3953605], [-82.9046545, 42.3953833]]}}, {"type": "Feature", "properties": {"name": "Earl Court", "highway": "residential"}, "geometry": {"type": "LineString", "coordinates": [[-82.8941374, 42.409896], [-82.893872, 42.409787], [-82.893836, 42.409785], [-82.893803, 42.409794], [-82.893777, 42.409813], [-82.893766, 42.409831], [-82.893687, 42.410112]]}}, {"type": "Feature", "properties": {"name": "Lannoo Drive", "highway": "residential"}, "geometry": {"type": "LineString", "coordinates": [[-82.911166, 42.415106], [-82.911312, 42.415147]]}}, {"type": "Feature", "properties": {"name": "Madison Street", "highway": "residential"}, "geometry": {"type": "LineString", "coordinates": [[-82.909674, 42.407318], [-82.912169, 42.408355], [-82.913117, 42.408736], [-82.9134592, 42.4088533]]}}, {"type": "Feature", "properties": {"name": "Kenwood Road", "highway": "residential"}, "geometry": {"type": "LineString", "coordinates": [[-82.895318, 42.396673], [-82.8994576, 42.3984169], [-82.899802, 42.398562], [-82.900015, 42.398635], [-82.900192, 42.398694], [-82.901206, 42.399104]]}}, {"type": "Feature", "properties": {"name": "Harbor Court", "highway": "residential"}, "geometry": {"type": "LineString", "coordinates": [[-82.88777, 42.407701], [-82.887533, 42.408037]]}}, {"type": "Feature", "properties": {"name": "Champine Place", "highway": "residential"}, "geometry": {"type": "LineString", "coordinates": [[-82.906124, 42.417679], [-82.906398, 42.417734], [-82.906625, 42.417794], [-82.90683, 42.417865], [-82.907071, 42.417966], [-82.907241, 42.418051], [-82.907446, 42.418172], [-82.907632, 42.418304], [-82.907815, 42.418454]]}}, {"type": "Feature", "properties": {"name": "Ridge Road", "highway": "residential"}, "geometry": {"type": "LineString", "coordinates": [[-82.8982282, 42.4086761], [-82.8976136, 42.4095186], [-82.8969964, 42.4103645], [-82.8963782, 42.4112121]]}}, {"type": "Feature", "properties": {"name": "Ridge Road", "highway": "residential"}, "geometry": {"type": "LineString", "coordinates": [[-82.9071802, 42.3955958], [-82.9062207, 42.395951], [-82.9052582, 42.3963027], [-82.9050314, 42.3963845], [-82.9049464, 42.3964663], [-82.9042545, 42.3973797], [-82.9042156, 42.3974317], [-82.9042061, 42.3974427], [-82.904028, 42.3976789], [-82.903322, 42.398614], [-82.9025729, 42.3996174], [-82.9024864, 42.3997332], [-82.9021894, 42.4001261], [-82.901843, 42.400595], [-82.901131, 42.40155], [-82.900286, 42.402681], [-82.899577, 42.403611], [-82.8994361, 42.4038094], [-82.8993994, 42.4038608], [-82.898749, 42.40474], [-82.898669, 42.404846], [-82.89796, 42.405796], [-82.897337, 42.406629], [-82.896471, 42.407783], [-82.89637, 42.407918]]}}, {"type": "Feature", "properties": {"name": "Mary Street", "highway": "residential"}, "geometry": {"type": "LineString", "coordinates": [[-82.890708, 42.408883], [-82.8902, 42.409579], [-82.890161, 42.409638], [-82.890161, 42.409656]]}}, {"type": "Feature", "properties": {"name": "South Prestwick Road", "highway": "residential"}, "geometry": {"type": "LineString", "coordinates": [[-82.9099097, 42.4226306], [-82.9100523, 42.4226907]]}}, {"type": "Feature", "properties": {"name": "Windemere Place", "highway": "residential"}, "geometry": {"type": "LineString", "coordinates": [[-82.888248, 42.41449], [-82.8881478, 42.4144491], [-82.887273, 42.414092], [-82.887215, 42.414047], [-82.887189, 42.414008], [-82.8871463, 42.4139246], [-82.887127, 42.413887], [-82.887082, 42.413837], [-82.887039, 42.413811], [-82.886642, 42.413629], [-82.886612, 42.413603], [-82.886586, 42.413569], [-82.886568, 42.41352], [-82.886559, 42.413376], [-82.886549, 42.413332], [-82.886514, 42.41326], [-82.886471, 42.413211], [-82.886445, 42.413189], [-82.8861, 42.413019], [-82.886051, 42.413], [-82.88598, 42.412991], [-82.885643, 42.413016], [-82.885596, 42.41301], [-82.885559, 42.412993], [-82.885535, 42.412969], [-82.885474, 42.412772], [-82.885459, 42.412749], [-82.885441, 42.412735], [-82.88517, 42.412635], [-82.88485, 42.4125868]]}}, {"type": "Feature", "properties": {"name": "Windemere Place", "highway": "residential"}, "geometry": {"type": "LineString", "coordinates": [[-82.8854918, 42.4131484], [-82.885413, 42.413253], [-82.8853581, 42.4133451], [-82.8853742, 42.4133862], [-82.8854131, 42.4134109], [-82.8854493, 42.4134188], [-82.8854875, 42.4134179], [-82.8855358, 42.4133995], [-82.8855667, 42.4133698], [-82.8855881, 42.4133406], [-82.8856009, 42.4133198], [-82.8856236, 42.4132862], [-82.885623, 42.4132575], [-82.8856069, 42.4132139], [-82.8855599, 42.4131792], [-82.8854918, 42.4131484]]}}, {"type": "Feature", "properties": {"name": "Windemere Place", "highway": "residential"}, "geometry": {"type": "LineString", "coordinates": [[-82.8861, 42.413019], [-82.886146, 42.412925], [-82.886141, 42.412894], [-82.886125, 42.412872], [-82.886106, 42.412858], [-82.885737, 42.412704], [-82.8857128, 42.4126158]]}}, {"type": "Feature", "properties": {"name": "Grosse Pointe Boulevard", "highway": "residential"}, "geometry": {"type": "LineString", "coordinates": [[-82.892399, 42.401955], [-82.892276, 42.402178], [-82.8922184, 42.4022827], [-82.8919743, 42.4027262], [-82.891674, 42.403272], [-82.8914063, 42.4039073], [-82.891296, 42.404169], [-82.89117, 42.404485], [-82.890739, 42.405621], [-82.890357, 42.406631], [-82.890206, 42.407032], [-82.890067, 42.407399], [-82.889934, 42.407749], [-82.889856, 42.4079552], [-82.889664, 42.408463]]}}, {"type": "Feature", "properties": {"name": "Opal Street", "highway": "residential"}, "geometry": {"type": "LineString", "coordinates": [[-82.913072, 42.411008], [-82.913171, 42.411029], [-82.913261, 42.411049], [-82.9133566, 42.411092], [-82.9135382, 42.4111737], [-82.9138037, 42.4112791], [-82.914479, 42.4115472], [-82.914509, 42.4115591], [-82.914705, 42.411637], [-82.9148944, 42.4117131], [-82.9149548, 42.4117374], [-82.915613, 42.412002]]}}, {"type": "Feature", "properties": {"name": "La Salle Place", "highway": "residential"}, "geometry": {"type": "LineString", "coordinates": [[-82.892781, 42.4056], [-82.892291, 42.406252]]}}, {"type": "Feature", "properties": {"name": "Stephens Road", "highway": "residential"}, "geometry": {"type": "LineString", "coordinates": [[-82.8993994, 42.4038608], [-82.8995566, 42.4039576], [-82.8998271, 42.404075], [-82.9005399, 42.4043592], [-82.9006749, 42.4044184], [-82.900753, 42.4044231], [-82.900831, 42.4044061], [-82.9010012, 42.404371], [-82.9011427, 42.4043503], [-82.9012811, 42.40435], [-82.9014003, 42.4043844], [-82.9017952, 42.4045572], [-82.9025265, 42.4048427], [-82.9026695, 42.4049032], [-82.9034932, 42.4052398], [-82.9043451, 42.405587], [-82.9052166, 42.4059409], [-82.906018, 42.406254], [-82.906754, 42.406555], [-82.907536, 42.406873]]}}, {"type": "Feature", "properties": {"name": "Stephens Road", "highway": "residential"}, "geometry": {"type": "LineString", "coordinates": [[-82.892855, 42.401127], [-82.892949, 42.401157], [-82.8969276, 42.4027999], [-82.8994361, 42.4038094]]}}, {"type": "Feature", "properties": {"name": "Lake Shore Road", "highway": "secondary"}, "geometry": {"type": "LineString", "coordinates": [[-82.8761863, 42.435423], [-82.876244, 42.4351408], [-82.8763456, 42.4346275], [-82.876361, 42.4345498], [-82.8764639, 42.4340353], [-82.876563, 42.4335398], [-82.876577, 42.4334778], [-82.876727, 42.4329608], [-82.8768001, 42.4327304], [-82.876842, 42.4326254], [-82.8768866, 42.4325138], [-82.876899, 42.4324828], [-82.8771435, 42.4319117], [-82.877232, 42.4317048], [-82.877341, 42.4314898], [-82.877475, 42.4312508], [-82.8777447, 42.4308019], [-82.878194, 42.4303088], [-82.878329, 42.4301548], [-82.878789, 42.4295918], [-82.878849, 42.4295208], [-82.879096, 42.4291908], [-82.879273, 42.4288878], [-82.879321, 42.4287768], [-82.879361, 42.4286818], [-82.879429, 42.4284808], [-82.8794686, 42.4283203], [-82.8795198, 42.4281128], [-82.879525, 42.4280918], [-82.8795954, 42.4277946], [-82.8796878, 42.4274068], [-82.8797299, 42.4272303], [-82.879749, 42.4271501], [-82.879929, 42.4264058], [-82.880035, 42.4260037], [-82.8802341, 42.4252313], [-82.880268, 42.4251004], [-82.8803388, 42.4248182], [-82.880355, 42.4247538], [-82.880496, 42.4241378], [-82.8806132, 42.4236288], [-82.8807071, 42.4232216], [-82.880713, 42.4231958], [-82.880744, 42.4230738], [-82.880776, 42.4229528], [-82.880957, 42.4223638], [-82.8810461, 42.4221272], [-82.881087, 42.4220188], [-82.8811089, 42.4219668], [-82.8812094, 42.4217281], [-82.881335, 42.4214298], [-82.8813788, 42.4213249], [-82.8814759, 42.4210927], [-82.8815129, 42.4210041], [-82.8816053, 42.420783], [-82.8817322, 42.4204794], [-82.881796, 42.4203268], [-82.88183, 42.4202364], [-82.88186, 42.4201568], [-82.8818955, 42.4200368], [-82.882029, 42.4195858], [-82.882049, 42.4194888], [-82.8821185, 42.4190847], [-82.882129, 42.4190238], [-82.882201, 42.4185998], [-82.8822432, 42.4184155], [-82.8822585, 42.4183488], [-82.882267, 42.4183118], [-82.882362, 42.4180318], [-82.882557, 42.4176138], [-82.8826751, 42.4173854], [-82.8827693, 42.4172032], [-82.8829368, 42.4168542], [-82.8830882, 42.4165513], [-82.883326, 42.4160758], [-82.883382, 42.4159698], [-82.883439, 42.4158648], [-82.88354, 42.4156478], [-82.883886, 42.4149568], [-82.883966, 42.4147965], [-82.884366, 42.4139988], [-82.884467, 42.4137898], [-82.884527, 42.4136518], [-82.884578, 42.4135108], [-82.884634, 42.4133268], [-82.88485, 42.4125868], [-82.8849172, 42.4123561], [-82.885169, 42.4114908]]}}, {"type": "Feature", "properties": {"name": "Allard Avenue", "highway": "residential"}, "geometry": {"type": "LineString", "coordinates": [[-82.907976, 42.419801], [-82.907988, 42.419758], [-82.908113, 42.419574], [-82.908203, 42.419469], [-82.908304, 42.419369], [-82.908448, 42.419253], [-82.908597, 42.419149], [-82.908766, 42.419049], [-82.908902, 42.418985], [-82.909105, 42.418906], [-82.909257, 42.418858], [-82.90941, 42.418818], [-82.909636, 42.4188], [-82.91016, 42.418836], [-82.910291, 42.418845]]}}, {"type": "Feature", "properties": {"name": "Touraine Court", "highway": "residential"}, "geometry": {"type": "LineString", "coordinates": [[-82.904851, 42.408483], [-82.9044563, 42.4090224], [-82.9043581, 42.4090374], [-82.9043033, 42.4090562], [-82.904274, 42.4090862], [-82.9042598, 42.4091302], [-82.9042815, 42.4091644], [-82.904325, 42.4091874], [-82.9043817, 42.4092], [-82.9044346, 42.4091958], [-82.9044724, 42.4091623], [-82.9044857, 42.409119], [-82.9044857, 42.4090792], [-82.9044563, 42.4090224]]}}, {"type": "Feature", "properties": {"name": "Carrington Place", "highway": "residential"}, "geometry": {"type": "LineString", "coordinates": [[-82.887936, 42.412924], [-82.889068, 42.413388]]}}, {"type": "Feature", "properties": {"name": "Lexington Road", "highway": "residential"}, "geometry": {"type": "LineString", "coordinates": [[-82.906474, 42.423184], [-82.907443, 42.423581], [-82.908192, 42.42389], [-82.908244, 42.423916], [-82.908292, 42.423948], [-82.908358, 42.424009], [-82.908411, 42.42408], [-82.908564, 42.424363], [-82.908614, 42.424439], [-82.908696, 42.424525], [-82.908797, 42.424599], [-82.908906, 42.424655], [-82.909392, 42.424858], [-82.909462, 42.424877], [-82.9095446, 42.4248943], [-82.909662, 42.424925], [-82.909808, 42.42495]]}}, {"type": "Feature", "properties": {"name": "Lexington Road", "highway": "residential"}, "geometry": {"type": "LineString", "coordinates": [[-82.905101, 42.420833], [-82.90543, 42.42093], [-82.905635, 42.421011], [-82.90691, 42.421539], [-82.906956, 42.421569], [-82.906981, 42.421599], [-82.906996, 42.421633], [-82.906999, 42.42168], [-82.906988, 42.421715], [-82.906743, 42.422058], [-82.906688, 42.422158], [-82.906648, 42.422261], [-82.906621, 42.422369], [-82.906506, 42.423038], [-82.906474, 42.423184]]}}, {"type": "Feature", "properties": {"name": "Roland Road", "highway": "residential"}, "geometry": {"type": "LineString", "coordinates": [[-82.906887, 42.419355], [-82.90703, 42.419159], [-82.907118, 42.419048], [-82.907214, 42.41894], [-82.907317, 42.418836], [-82.907442, 42.418727], [-82.907578, 42.418619], [-82.907697, 42.418532], [-82.907815, 42.418454], [-82.908055, 42.418317], [-82.908307, 42.418195], [-82.908549, 42.418098], [-82.9090295, 42.4179632], [-82.9092894, 42.417875], [-82.9098469, 42.4179067], [-82.9102657, 42.417936], [-82.910409, 42.417946]]}}, {"type": "Feature", "properties": {"name": "Fair Acres Drive", "highway": "residential"}, "geometry": {"type": "LineString", "coordinates": [[-82.888786, 42.403498], [-82.889367, 42.403749], [-82.89117, 42.404485]]}}, {"type": "Feature", "properties": {"name": "Fair Acres Drive", "highway": "residential"}, "geometry": {"type": "LineString", "coordinates": [[-82.88862, 42.40475], [-82.889367, 42.403749]]}}, {"type": "Feature", "properties": {"name": "Littlestone Road", "highway": "residential"}, "geometry": {"type": "LineString", "coordinates": [[-82.92334, 42.431396], [-82.9226417, 42.4311112], [-82.9224495, 42.4310329], [-82.9204799, 42.4302422], [-82.9196703, 42.4299079], [-82.9175786, 42.4290539], [-82.916737, 42.428702], [-82.91663, 42.428649], [-82.916529, 42.428566], [-82.916476, 42.428527], [-82.916394, 42.42849], [-82.91436, 42.427659], [-82.914119, 42.427555], [-82.913798, 42.427433], [-82.912885, 42.427052], [-82.912303, 42.426783], [-82.911549, 42.426412], [-82.911406, 42.426349], [-82.911209, 42.426274], [-82.911005, 42.426209], [-82.910795, 42.426154], [-82.910391, 42.426095], [-82.9103392, 42.4260914], [-82.909804, 42.426054], [-82.90966, 42.426052], [-82.9095255, 42.4260451]]}}, {"type": "Feature", "properties": {"name": "Muir Road", "highway": "residential"}, "geometry": {"type": "LineString", "coordinates": [[-82.902511, 42.396658], [-82.9031214, 42.3969048], [-82.9032377, 42.3969514], [-82.9034453, 42.3970356], [-82.9035164, 42.3970644], [-82.9035697, 42.397086], [-82.9039127, 42.3972246], [-82.9039701, 42.3972479], [-82.9041753, 42.3973454], [-82.9042545, 42.3973797], [-82.9061747, 42.3981604], [-82.9063325, 42.3982039], [-82.9065091, 42.3982006]]}}, {"type": "Feature", "properties": {"name": "Baker Lane", "highway": "residential"}, "geometry": {"type": "LineString", "coordinates": [[-82.889196, 42.3977518], [-82.890927, 42.398453]]}}, {"type": "Feature", "properties": {"name": "Kerby Road", "highway": "residential"}, "geometry": {"type": "LineString", "coordinates": [[-82.887123, 42.404201], [-82.8873, 42.4042398], [-82.887405, 42.404244], [-82.88862, 42.40475], [-82.889607, 42.405158], [-82.890739, 42.405621], [-82.892167, 42.406201], [-82.892291, 42.406252], [-82.892801, 42.40646], [-82.893366, 42.406691], [-82.893884, 42.406901], [-82.895251, 42.407459], [-82.89637, 42.407918], [-82.89713, 42.408228], [-82.8982282, 42.4086761], [-82.89867, 42.408856], [-82.899445, 42.409172], [-82.9007903, 42.4097218], [-82.902037, 42.41023], [-82.904347, 42.41117], [-82.906653, 42.412109], [-82.907609, 42.412496], [-82.907715, 42.412547], [-82.907819, 42.412595], [-82.9087388, 42.4129699], [-82.9089889, 42.4130719], [-82.909075, 42.413107], [-82.9095008, 42.4132806], [-82.9108725, 42.4138551], [-82.911482, 42.414093], [-82.9115035, 42.4141012], [-82.911611, 42.414142]]}}, {"type": "Feature", "properties": {"name": "Cambridge Road", "highway": "residential"}, "geometry": {"type": "LineString", "coordinates": [[-82.890206, 42.407032], [-82.891231, 42.407453], [-82.892108, 42.407816], [-82.892134, 42.407842], [-82.892233, 42.407882]]}}, {"type": "Feature", "properties": {"name": "Hamilton Court", "highway": "residential"}, "geometry": {"type": "LineString", "coordinates": [[-82.899993, 42.408436], [-82.9007, 42.408732], [-82.9009209, 42.4088251]]}}, {"type": "Feature", "properties": {"name": "Carmel Lane", "highway": "residential"}, "geometry": {"type": "LineString", "coordinates": [[-82.887883, 42.4016728], [-82.887983, 42.401672], [-82.890653, 42.402763]]}}, {"type": "Feature", "properties": {"name": "Belanger Street", "highway": "residential"}, "geometry": {"type": "LineString", "coordinates": [[-82.902715, 42.409312], [-82.905029, 42.410251], [-82.907943, 42.411436], [-82.908067, 42.41149], [-82.909765, 42.41218], [-82.911299, 42.412805]]}}, {"type": "Feature", "properties": {"name": "Shelbourne", "highway": "residential"}, "geometry": {"type": "LineString", "coordinates": [[-82.9069038, 42.424768], [-82.907526, 42.424583]]}}, {"type": "Feature", "properties": {"name": "Lannoo Street", "highway": "residential"}, "geometry": {"type": "LineString", "coordinates": [[-82.911312, 42.415147], [-82.911432, 42.415181], [-82.9115339, 42.4152056], [-82.91155, 42.4152121], [-82.9117257, 42.4152837], [-82.9139143, 42.4161757], [-82.914001, 42.416211], [-82.9156806, 42.4168965], [-82.916434, 42.417204], [-82.918732, 42.418137], [-82.920212, 42.418741]]}}, {"type": "Feature", "properties": {"name": "Mount Vernon Avenue", "highway": "residential"}, "geometry": {"type": "LineString", "coordinates": [[-82.903219, 42.40303], [-82.9063607, 42.4043138], [-82.909192, 42.405442], [-82.910338, 42.405907], [-82.911999, 42.406601]]}}, {"type": "Feature", "properties": {"name": "Windemere Lane", "highway": "residential"}, "geometry": {"type": "LineString", "coordinates": [[-82.886586, 42.413569], [-82.88649, 42.413701], [-82.8864823, 42.4137119], [-82.886428, 42.4137889], [-82.8864347, 42.4138203], [-82.8864602, 42.4138483], [-82.8865021, 42.4138674], [-82.8865447, 42.4138788], [-82.8865732, 42.4138793], [-82.886601, 42.4138748], [-82.8866285, 42.4138649], [-82.8866436, 42.4138515], [-82.886657, 42.4138342], [-82.8866617, 42.4138134], [-82.8866506, 42.4137958], [-82.886611, 42.4137654], [-82.8864823, 42.4137119]]}}, {"type": "Feature", "properties": {"name": "Windemere Lane", "highway": "residential"}, "geometry": {"type": "LineString", "coordinates": [[-82.886975, 42.413224], [-82.8870709, 42.4132634], [-82.8871706, 42.4132956], [-82.8872028, 42.413302], [-82.887235, 42.4133015], [-82.8872806, 42.4132911], [-82.8873161, 42.4132664], [-82.8873195, 42.4132377], [-82.8873175, 42.4132065], [-82.887294, 42.4131802], [-82.8872491, 42.4131421], [-82.8871968, 42.4131228], [-82.8871096, 42.4131104], [-82.887068, 42.4131178], [-82.8870291, 42.4131401], [-82.8869936, 42.4131703], [-82.886975, 42.413224]]}}, {"type": "Feature", "properties": {"name": "Hillcrest Drive", "highway": "residential"}, "geometry": {"type": "LineString", "coordinates": [[-82.910806, 42.415989], [-82.910961, 42.416025]]}}, {"type": "Feature", "properties": {"name": "Chalfonte Avenue", "highway": "residential"}, "geometry": {"type": "LineString", "coordinates": [[-82.91644, 42.401793], [-82.9148997, 42.4023463], [-82.914792, 42.402385], [-82.9146642, 42.4024308], [-82.9135089, 42.402845], [-82.912199, 42.403292]]}}, {"type": "Feature", "properties": {"name": "Ashley Drive", "highway": "residential"}, "geometry": {"type": "LineString", "coordinates": [[-82.911995, 42.413373], [-82.9121, 42.413407]]}}, {"type": "Feature", "properties": {"name": "Vendome Court", "highway": "residential"}, "geometry": {"type": "LineString", "coordinates": [[-82.900541, 42.407698], [-82.9018612, 42.4082241]]}}, {"type": "Feature", "properties": {"name": "Hillcrest Avenue", "highway": "residential"}, "geometry": {"type": "LineString", "coordinates": [[-82.8969964, 42.4103645], [-82.8988583, 42.411127], [-82.9008001, 42.4119222], [-82.9033922, 42.4129837], [-82.9053957, 42.4138041], [-82.9070856, 42.4144961], [-82.9085895, 42.415112]]}}, {"type": "Feature", "properties": {"name": "Beaupre Lane", "highway": "residential"}, "geometry": {"type": "LineString", "coordinates": [[-82.891231, 42.407453], [-82.8915818, 42.4069838], [-82.8916867, 42.4068434], [-82.892167, 42.406201]]}}, {"type": "Feature", "properties": {"name": "Country Club Lane", "highway": "residential"}, "geometry": {"type": "LineString", "coordinates": [[-82.895776, 42.410963], [-82.895206, 42.411738], [-82.8946705, 42.4124657], [-82.89459, 42.412575], [-82.894476, 42.412676], [-82.894399, 42.412731], [-82.894316, 42.412781], [-82.89421, 42.412837], [-82.894163, 42.412856], [-82.894112, 42.41287], [-82.89406, 42.412876]]}}, {"type": "Feature", "properties": {"name": "Harbor Hill Road", "highway": "residential"}, "geometry": {"type": "LineString", "coordinates": [[-82.889027, 42.3981938], [-82.889927, 42.398541], [-82.890341, 42.39871], [-82.890754, 42.39888], [-82.8915589, 42.3992343]]}}, {"type": "Feature", "properties": {"name": "Harbor Hill Road", "highway": "residential"}, "geometry": {"type": "LineString", "coordinates": [[-82.8915589, 42.3992343], [-82.8913303, 42.3995277]]}}, {"type": "Feature", "properties": {"name": "Harbor Hill Road", "highway": "residential"}, "geometry": {"type": "LineString", "coordinates": [[-82.889927, 42.398541], [-82.8896886, 42.3988715]]}}, {"type": "Feature", "properties": {"name": "Harbor Hill Road", "highway": "residential"}, "geometry": {"type": "LineString", "coordinates": [[-82.890754, 42.39888], [-82.89052, 42.399202]]}}, {"type": "Feature", "properties": {"name": "Barclay Road", "highway": "residential"}, "geometry": {"type": "LineString", "coordinates": [[-82.904837, 42.421654], [-82.905049, 42.421699], [-82.905167, 42.421732], [-82.90527, 42.421769], [-82.905342, 42.421802], [-82.90541, 42.42184], [-82.9055098, 42.4219157], [-82.905522, 42.421925], [-82.905584, 42.421992], [-82.905626, 42.422075], [-82.9056336, 42.4221111], [-82.905642, 42.422151], [-82.905646, 42.422315], [-82.905638, 42.422381], [-82.905592, 42.42261], [-82.90518, 42.423908], [-82.905184, 42.423965], [-82.905209, 42.424015], [-82.905248, 42.42405], [-82.905284, 42.42407], [-82.905868, 42.42431], [-82.905936, 42.424321], [-82.906011, 42.424316], [-82.906049, 42.424305], [-82.906088, 42.424284], [-82.90613, 42.424248], [-82.906152, 42.424211], [-82.906456, 42.423267], [-82.906474, 42.423184]]}}, {"type": "Feature", "properties": {"name": "Moran Court", "highway": "residential"}, "geometry": {"type": "LineString", "coordinates": [[-82.895991, 42.398151], [-82.895672, 42.398486]]}}, {"type": "Feature", "properties": {"name": "Provencal Road", "highway": "tertiary"}, "geometry": {"type": "LineString", "coordinates": [[-82.884197, 42.413942], [-82.884366, 42.4139988], [-82.884443, 42.414011], [-82.8876256, 42.4153327]]}}, {"type": "Feature", "properties": {"name": "Provencal Road", "highway": "residential"}, "geometry": {"type": "LineString", "coordinates": [[-82.8876256, 42.4153327], [-82.88762, 42.415422], [-82.887629, 42.415502], [-82.887684, 42.415649], [-82.887765, 42.415797], [-82.887882, 42.415956], [-82.887991, 42.416054], [-82.888065, 42.4161047], [-82.888118, 42.416141], [-82.8882117, 42.4162045], [-82.8882884, 42.4162373], [-82.8884788, 42.4163186], [-82.8886099, 42.4163715], [-82.888758, 42.41642], [-82.8889455, 42.416476], [-82.8891199, 42.416528], [-82.8894054, 42.416603], [-82.8894389, 42.4166096], [-82.890031, 42.4167255], [-82.8901342, 42.4167493], [-82.8904269, 42.416817], [-82.8905816, 42.4168597], [-82.8910169, 42.41698], [-82.8914619, 42.4171135], [-82.8919388, 42.4172925], [-82.892139, 42.4173605], [-82.8923149, 42.4174405], [-82.8926566, 42.417618], [-82.892831, 42.417709], [-82.893079, 42.4178523], [-82.8931515, 42.417893], [-82.893287, 42.417969], [-82.8935437, 42.4181001], [-82.893856, 42.4182289], [-82.8940611, 42.4183035], [-82.8941058, 42.4183198], [-82.8943629, 42.4184038], [-82.8945215, 42.418442], [-82.8946379, 42.41847], [-82.8949155, 42.4185338], [-82.895146, 42.4185916], [-82.89521, 42.4186094], [-82.8954558, 42.418678], [-82.895549, 42.4187099], [-82.89574, 42.4187752], [-82.8958094, 42.4188065], [-82.895891, 42.4188433], [-82.895998, 42.4189029], [-82.8960635, 42.4189402], [-82.896123, 42.4189846], [-82.89618, 42.419032], [-82.89623, 42.419088], [-82.896272, 42.419147], [-82.896308, 42.419211], [-82.896548, 42.419571], [-82.896669, 42.419731], [-82.896842, 42.419939], [-82.8969387, 42.4200447], [-82.896981, 42.420091], [-82.897126, 42.420239], [-82.8971505, 42.4202615], [-82.897385, 42.420477], [-82.8974175, 42.4205043], [-82.897548, 42.420614], [-82.8976886, 42.4207223], [-82.89777, 42.420785], [-82.8981141, 42.4210361], [-82.8983366, 42.4211759], [-82.8985506, 42.4213006], [-82.8985604, 42.4213063], [-82.8988, 42.421427], [-82.8990338, 42.4215564], [-82.8990933, 42.4215902], [-82.8991505, 42.4216026], [-82.899407, 42.421554], [-82.8994849, 42.421561], [-82.8995843, 42.421567], [-82.9003758, 42.42173], [-82.900578, 42.4217835], [-82.9010058, 42.4219697], [-82.9012936, 42.4220679], [-82.901574, 42.4221496], [-82.9021, 42.422339], [-82.9024832, 42.4224982], [-82.9029777, 42.4227007], [-82.9030703, 42.4227544], [-82.9031434, 42.4227949], [-82.9032106, 42.4228586], [-82.9032489, 42.4229011]]}}, {"type": "Feature", "properties": {"name": "Hall Place", "highway": "residential"}, "geometry": {"type": "LineString", "coordinates": [[-82.897065, 42.393506], [-82.8971554, 42.3935753], [-82.899231, 42.394406], [-82.900367, 42.394867], [-82.901063, 42.395148], [-82.90124, 42.395245], [-82.901316, 42.395312]]}}, {"type": "Feature", "properties": {"name": "Higbie Court", "highway": "residential"}, "geometry": {"type": "LineString", "coordinates": [[-82.891624, 42.396495], [-82.891334, 42.396887]]}}, {"type": "Feature", "properties": {"name": "Touraine Road", "highway": "residential"}, "geometry": {"type": "LineString", "coordinates": [[-82.908729, 42.409717], [-82.910651, 42.410519], [-82.912334, 42.4112253], [-82.912749, 42.4113943], [-82.912871, 42.411444], [-82.912969, 42.411459], [-82.913067, 42.411474]]}}, {"type": "Feature", "properties": {"name": "Touraine Road", "highway": "residential"}, "geometry": {"type": "LineString", "coordinates": [[-82.891674, 42.403272], [-82.892196, 42.403389], [-82.892546, 42.403483], [-82.892969, 42.403616], [-82.893333, 42.403749], [-82.893681, 42.403895], [-82.89398, 42.404038], [-82.894281, 42.404195], [-82.894723, 42.404442], [-82.894874, 42.404519], [-82.895052, 42.404599], [-82.89547, 42.40477], [-82.895911, 42.404907], [-82.896254, 42.405021], [-82.896508, 42.405114], [-82.896835, 42.405244], [-82.897082, 42.405351], [-82.89732, 42.405461], [-82.89796, 42.405796], [-82.898117, 42.405886], [-82.89823, 42.405942], [-82.898464, 42.406047], [-82.898644, 42.406119], [-82.8989276, 42.4062165], [-82.898935, 42.406219], [-82.899407, 42.406359], [-82.8994248, 42.4063647], [-82.899742, 42.406466], [-82.900978, 42.406955], [-82.901063, 42.406993], [-82.901429, 42.407129], [-82.902255, 42.407383], [-82.902499, 42.407471], [-82.90264, 42.407532], [-82.902776, 42.407598], [-82.90314, 42.407815], [-82.903223, 42.407864], [-82.903556, 42.40802], [-82.903647, 42.408057], [-82.903984, 42.408188], [-82.904198, 42.408259], [-82.904469, 42.408332], [-82.904851, 42.408483], [-82.90559, 42.408799], [-82.905734, 42.40885], [-82.906008, 42.408933], [-82.906234, 42.408975], [-82.906489, 42.408996], [-82.906655, 42.409015], [-82.9067665, 42.4090523]]}}, {"type": "Feature", "properties": {"name": "Touraine Road", "highway": "residential"}, "geometry": {"type": "LineString", "coordinates": [[-82.90337, 42.408428], [-82.9029642, 42.408288], [-82.9029141, 42.408254], [-82.9028922, 42.4082046], [-82.9028831, 42.408168], [-82.9028987, 42.4081208], [-82.902939, 42.408076], [-82.90314, 42.407815]]}}, {"type": "Feature", "properties": {"name": "Bournemouth Road", "highway": "residential"}, "geometry": {"type": "LineString", "coordinates": [[-82.908739, 42.420548], [-82.908764, 42.420555], [-82.909777, 42.420976], [-82.909845, 42.420996], [-82.9099244, 42.4210107], [-82.910064, 42.421023]]}}, {"type": "Feature", "properties": {"name": "Bournemouth Road", "highway": "residential"}, "geometry": {"type": "LineString", "coordinates": [[-82.905729, 42.418887], [-82.906887, 42.419355], [-82.906975, 42.419391], [-82.907777, 42.419716], [-82.907976, 42.419801], [-82.90898, 42.42021]]}}, {"type": "Feature", "properties": {"name": "Bournemouth Road", "highway": "residential"}, "geometry": {"type": "LineString", "coordinates": [[-82.910087, 42.420767], [-82.910241, 42.420775], [-82.91037, 42.420781], [-82.91045, 42.420795], [-82.9104915, 42.420813], [-82.9105986, 42.4208595], [-82.9107725, 42.4209351], [-82.910829, 42.4209597], [-82.911007, 42.421037], [-82.91118, 42.421104], [-82.914254, 42.42236], [-82.915264, 42.422774], [-82.916095, 42.423114]]}}, {"type": "Feature", "properties": {"name": "Stephens Lane", "highway": "residential"}, "geometry": {"type": "LineString", "coordinates": [[-82.906754, 42.406555], [-82.906443, 42.406977]]}}, {"type": "Feature", "properties": {"name": "Stephens Lane", "highway": "residential"}, "geometry": {"type": "LineString", "coordinates": [[-82.906018, 42.406254], [-82.905704, 42.406676]]}}, {"type": "Feature", "properties": {"name": "Mirabeau Place", "highway": "residential"}, "geometry": {"type": "LineString", "coordinates": [[-82.8955406, 42.4070638], [-82.895251, 42.407459]]}}, {"type": "Feature", "properties": {"name": "Elizabeth Court", "highway": "residential"}, "geometry": {"type": "LineString", "coordinates": [[-82.9089804, 42.4215087], [-82.909716, 42.421811], [-82.909832, 42.421846], [-82.909843, 42.4218473], [-82.909987, 42.421864], [-82.910128, 42.421866]]}}, {"type": "Feature", "properties": {"name": "Manor Avenue", "highway": "residential"}, "geometry": {"type": "LineString", "coordinates": [[-82.913687, 42.409927], [-82.913775, 42.409944]]}}, {"type": "Feature", "properties": {"name": "Calvin Avenue", "highway": "residential"}, "geometry": {"type": "LineString", "coordinates": [[-82.908426, 42.410501], [-82.910347, 42.411279], [-82.9119645, 42.4119383], [-82.9124184, 42.4121232], [-82.912435, 42.41213], [-82.912542, 42.412147]]}}, {"type": "Feature", "properties": {"name": "East Warren Avenue", "highway": "secondary"}, "geometry": {"type": "LineString", "coordinates": [[-82.912713, 42.412337], [-82.912557, 42.41239], [-82.91243, 42.412434]]}}, {"type": "Feature", "properties": {"name": "Mosselle Place", "highway": "residential"}, "geometry": {"type": "LineString", "coordinates": [[-82.905626, 42.409444], [-82.906617, 42.409845]]}}, {"type": "Feature", "properties": {"name": "Charlevoix Avenue", "highway": "tertiary"}, "geometry": {"type": "LineString", "coordinates": [[-82.9282117, 42.3909467], [-82.926914, 42.391392], [-82.9257255, 42.3918179], [-82.92558, 42.39187], [-82.9254038, 42.391933], [-82.924425, 42.392283], [-82.9235963, 42.3925793], [-82.923491, 42.392617], [-82.9233824, 42.3926557], [-82.922512, 42.392966], [-82.9215476, 42.3933171], [-82.921427, 42.393361], [-82.92135, 42.3933888], [-82.9212246, 42.3934341], [-82.9205915, 42.3936623], [-82.9205286, 42.393685], [-82.9204654, 42.3937077], [-82.9197644, 42.3939594], [-82.919724, 42.3939737], [-82.9196446, 42.3940017], [-82.919565, 42.3940307], [-82.9195183, 42.3940476], [-82.9188949, 42.3942698], [-82.9184829, 42.3944167], [-82.9183643, 42.394459], [-82.917262, 42.394856], [-82.9167164, 42.3950514], [-82.916589, 42.395097], [-82.9164399, 42.3951502], [-82.915258, 42.395572], [-82.9141594, 42.3959653], [-82.914029, 42.396012], [-82.9138639, 42.3960717], [-82.912915, 42.396415], [-82.9114113, 42.3969537], [-82.911268, 42.397005], [-82.9110748, 42.3970744], [-82.909996, 42.397462], [-82.9087941, 42.3978895], [-82.9087, 42.397923]]}}, {"type": "Feature", "properties": {"name": "Webster Road", "highway": "residential"}, "geometry": {"type": "LineString", "coordinates": [[-82.912169, 42.408355], [-82.911614, 42.409085], [-82.911042, 42.409841], [-82.910786, 42.41018], [-82.910651, 42.410519], [-82.910347, 42.411279], [-82.910323, 42.411344], [-82.910099, 42.411728], [-82.909765, 42.41218], [-82.909075, 42.413107]]}}, {"type": "Feature", "properties": {"name": "North Colonial Court", "highway": "residential"}, "geometry": {"type": "LineString", "coordinates": [[-82.909979, 42.4234662], [-82.9101253, 42.4234722]]}}, {"type": "Feature", "properties": {"name": "McKinley Avenue", "highway": "residential"}, "geometry": {"type": "LineString", "coordinates": [[-82.9062207, 42.395951], [-82.907737, 42.398266], [-82.9091345, 42.4004211], [-82.9112073, 42.4036112], [-82.911518, 42.404058], [-82.9115567, 42.404153], [-82.9139452, 42.4077911], [-82.9142043, 42.4082012], [-82.9142254, 42.40822], [-82.9142502, 42.4082452], [-82.914292, 42.40826], [-82.914353, 42.408283], [-82.914442, 42.408317], [-82.91452, 42.408346]]}}, {"type": "Feature", "properties": {"name": "Kerby Lane", "highway": "residential"}, "geometry": {"type": "LineString", "coordinates": [[-82.893366, 42.406691], [-82.892602, 42.407734]]}}, {"type": "Feature", "properties": {"name": "Muskoka Road", "highway": "residential"}, "geometry": {"type": "LineString", "coordinates": [[-82.889934, 42.407749], [-82.891969, 42.408577]]}}, {"type": "Feature", "properties": {"name": "Christine Drive", "highway": "residential"}, "geometry": {"type": "LineString", "coordinates": [[-82.890452, 42.403189], [-82.890653, 42.402763], [-82.8908886, 42.402259], [-82.8909967, 42.4020277]]}}, {"type": "Feature", "properties": {"name": "Lakeview Avenue", "highway": "residential"}, "geometry": {"type": "LineString", "coordinates": [[-82.89029, 42.409736], [-82.891437, 42.410204]]}}, {"type": "Feature", "properties": {"name": "Lakeview Avenue", "highway": "residential"}, "geometry": {"type": "LineString", "coordinates": [[-82.888169, 42.408736], [-82.888213, 42.408788], [-82.8902, 42.409579]]}}, {"type": "Feature", "properties": {"name": "Dean Lane", "highway": "residential"}, "geometry": {"type": "LineString", "coordinates": [[-82.904495, 42.397956], [-82.904883, 42.39811], [-82.905306, 42.398287], [-82.905338, 42.39831], [-82.905361, 42.398339], [-82.905439, 42.398532], [-82.905461, 42.398561], [-82.905513, 42.398594], [-82.905613, 42.398629], [-82.90589, 42.398743], [-82.9062854, 42.3989454]]}}, {"type": "Feature", "properties": {"name": "Calvin Avenue", "highway": "residential"}, "geometry": {"type": "LineString", "coordinates": [[-82.912663, 42.412148], [-82.912792, 42.412148]]}}, {"type": "Feature", "properties": {"name": "Maison Road", "highway": "residential"}, "geometry": {"type": "LineString", "coordinates": [[-82.906432, 42.416746], [-82.90692, 42.416847], [-82.907133, 42.416899], [-82.907407, 42.416981], [-82.907738, 42.417093], [-82.908297, 42.417336], [-82.908625, 42.417501], [-82.908832, 42.417623], [-82.9090732, 42.4177754], [-82.9092894, 42.417875]]}}, {"type": "Feature", "properties": {"name": "Colonial Court", "highway": "residential"}, "geometry": {"type": "LineString", "coordinates": [[-82.9099097, 42.4226306], [-82.9097952, 42.4226207], [-82.909741, 42.4226157], [-82.9095919, 42.4226062], [-82.909489, 42.4225917], [-82.909283, 42.4225318], [-82.908967, 42.4224086], [-82.908133, 42.422069], [-82.908029, 42.422058], [-82.907978, 42.422078], [-82.90791, 42.4221228], [-82.907735, 42.422342], [-82.907668, 42.422462], [-82.907576, 42.422668], [-82.9076124, 42.4227452], [-82.9077133, 42.4227987], [-82.9082535, 42.4230076], [-82.9089243, 42.4233008], [-82.9093295, 42.4234253], [-82.9096001, 42.4234563], [-82.9097127, 42.4234588], [-82.909851, 42.4234642], [-82.909979, 42.4234662]]}}, {"type": "Feature", "properties": {"name": "Bournemouth Circle", "highway": "residential"}, "geometry": {"type": "LineString", "coordinates": [[-82.907976, 42.419801], [-82.907953, 42.419855], [-82.907338, 42.420676], [-82.907324, 42.420723], [-82.907325, 42.420748], [-82.907345, 42.420804], [-82.907372, 42.420834], [-82.907417, 42.420865], [-82.907959, 42.421087], [-82.90802, 42.421099], [-82.908099, 42.421094], [-82.908156, 42.421074], [-82.908202, 42.421042], [-82.908536, 42.420609], [-82.908583, 42.420576], [-82.908639, 42.420552], [-82.908704, 42.420539], [-82.908739, 42.420548]]}}, {"type": "Feature", "properties": {"name": "Merriweather Road", "highway": "residential"}, "geometry": {"type": "LineString", "coordinates": [[-82.894146, 42.398792], [-82.89575, 42.399451], [-82.896092, 42.399572], [-82.896717, 42.399759], [-82.897094, 42.39989], [-82.89727, 42.399959], [-82.898615, 42.400515], [-82.900687, 42.4013673], [-82.901131, 42.40155], [-82.903572, 42.402554]]}}, {"type": "Feature", "properties": {"name": "Merriweather Road", "highway": "residential"}, "geometry": {"type": "LineString", "coordinates": [[-82.903753, 42.402312], [-82.906874, 42.403588], [-82.90971, 42.404741], [-82.909831, 42.404791], [-82.90996, 42.404828], [-82.910094, 42.404849], [-82.91023, 42.404852], [-82.910338, 42.404842], [-82.910469, 42.404815], [-82.9107375, 42.4047157]]}}, {"type": "Feature", "properties": {"name": "La Belle Road", "highway": "residential"}, "geometry": {"type": "LineString", "coordinates": [[-82.908739, 42.420548], [-82.90894, 42.420277], [-82.90898, 42.42021], [-82.909056, 42.420095], [-82.909108, 42.420036], [-82.909167, 42.41998], [-82.909233, 42.419929], [-82.909296, 42.419887], [-82.909368, 42.419848], [-82.909445, 42.419814], [-82.909582, 42.419769], [-82.909684, 42.419746], [-82.90986, 42.419728], [-82.909957, 42.419726], [-82.9100274, 42.4197298], [-82.910178, 42.419738]]}}, {"type": "Feature", "properties": {"name": "Lee Gate Lane", "highway": "residential"}, "geometry": {"type": "LineString", "coordinates": [[-82.8939408, 42.3936395], [-82.8949863, 42.3940509], [-82.8960095, 42.3944708], [-82.8961381, 42.3945871], [-82.896422, 42.394671]]}}, {"type": "Feature", "properties": {"name": "Vendome Road", "highway": "residential"}, "geometry": {"type": "LineString", "coordinates": [[-82.891296, 42.404169], [-82.8942822, 42.4053833], [-82.8946164, 42.4055193], [-82.894842, 42.405611], [-82.897337, 42.406629], [-82.8979718, 42.4068865], [-82.898111, 42.406943], [-82.8985341, 42.4071152], [-82.899728, 42.407601], [-82.900406, 42.407879]]}}, {"type": "Feature", "properties": {"name": "Moross Road", "highway": "secondary"}, "geometry": {"type": "LineString", "coordinates": [[-82.886596, 42.4072388], [-82.88777, 42.407701], [-82.888392, 42.407953], [-82.888631, 42.40805], [-82.889664, 42.408463], [-82.890708, 42.408883], [-82.891839, 42.409345], [-82.892015, 42.409423]]}}, {"type": "Feature", "properties": {"name": "Lake Shore Road", "highway": "secondary"}, "geometry": {"type": "LineString", "coordinates": [[-82.8864313, 42.4071905], [-82.886191, 42.407854], [-82.885804, 42.408969], [-82.885447, 42.410022], [-82.885262, 42.410554], [-82.885193, 42.410767], [-82.884993, 42.411447], [-82.884744, 42.412299], [-82.88452, 42.413071], [-82.884468, 42.413276], [-82.884393, 42.413492], [-82.884197, 42.413942], [-82.884168, 42.414008], [-82.883718, 42.414892], [-82.88338, 42.415567], [-82.883268, 42.415787], [-82.882574, 42.417176], [-82.88239, 42.417546], [-82.882349, 42.417628], [-82.882207, 42.417959], [-82.882103, 42.418271], [-82.882016, 42.418647], [-82.88196, 42.418989], [-82.881882, 42.419434], [-82.88187, 42.419492], [-82.881722, 42.420009], [-82.881687, 42.420108], [-82.881447, 42.420697], [-82.881159, 42.421377], [-82.880911, 42.421975], [-82.880657, 42.422713], [-82.880604, 42.422901], [-82.880535, 42.423157], [-82.88032, 42.424093], [-82.880178, 42.424717], [-82.880057, 42.4251923], [-82.879864, 42.4259503], [-82.879567, 42.427122], [-82.879346, 42.428059], [-82.879257, 42.428422], [-82.879193, 42.428611], [-82.879151, 42.428709], [-82.879107, 42.428812], [-82.878952, 42.429091], [-82.878725, 42.429394], [-82.87863, 42.429507], [-82.878042, 42.43021], [-82.8775901, 42.4307439], [-82.8773349, 42.4311092], [-82.8771552, 42.4314319], [-82.877055, 42.431659], [-82.876627, 42.43269], [-82.876385, 42.433494], [-82.876184, 42.434494], [-82.8760096, 42.4354068]]}}, {"type": "Feature", "properties": {"name": "Moross Road", "highway": "secondary"}, "geometry": {"type": "LineString", "coordinates": [[-82.91057, 42.416908], [-82.9104078, 42.4168477], [-82.9102073, 42.4167731], [-82.909653, 42.416567], [-82.909425, 42.416542]]}}, {"type": "Feature", "properties": {"name": "Moross Road", "highway": "secondary"}, "geometry": {"type": "LineString", "coordinates": [[-82.909425, 42.416542], [-82.9095705, 42.4166739], [-82.9097866, 42.4167638], [-82.909868, 42.4167977]]}}, {"type": "Feature", "properties": {"name": "Moross Road", "highway": "secondary"}, "geometry": {"type": "LineString", "coordinates": [[-82.895776, 42.410963], [-82.8958481, 42.4109928], [-82.8959154, 42.4110206], [-82.8963782, 42.4112121], [-82.896596, 42.411303], [-82.896855, 42.411426]]}}, {"type": "Feature", "properties": {"name": "Lake Shore Road", "highway": "secondary"}, "geometry": {"type": "LineString", "coordinates": [[-82.8868775, 42.4060489], [-82.886928, 42.4058538], [-82.8869459, 42.405785], [-82.886988, 42.4056238], [-82.887029, 42.4054408], [-82.8870492, 42.4052988], [-82.887081, 42.4050758], [-82.887181, 42.4046898], [-82.887191, 42.4046522], [-82.8873, 42.4042398], [-82.8874146, 42.4037331], [-82.8875873, 42.4029622], [-82.887625, 42.4027948]]}}, {"type": "Feature", "properties": {"name": "Moross Road", "highway": "secondary"}, "geometry": {"type": "LineString", "coordinates": [[-82.910537, 42.417076], [-82.910772, 42.417161]]}}, {"type": "Feature", "properties": {"name": "Mack Avenue", "highway": "secondary"}, "geometry": {"type": "LineString", "coordinates": [[-82.9100765, 42.4208843], [-82.910064, 42.421023], [-82.9100544, 42.4211279], [-82.909987, 42.421864], [-82.9099097, 42.4226306], [-82.909851, 42.4234642], [-82.909832, 42.4236109], [-82.909796, 42.42392], [-82.909662, 42.424925], [-82.909553, 42.425772], [-82.9095392, 42.4259149], [-82.9095255, 42.4260451], [-82.9095025, 42.4262359], [-82.9094271, 42.426824], [-82.9093527, 42.4272841], [-82.9093329, 42.427478], [-82.909313, 42.427577], [-82.909265, 42.427934], [-82.9092403, 42.4280769], [-82.909206, 42.4282781], [-82.909197, 42.4283312], [-82.9091286, 42.4287335], [-82.908955, 42.429781], [-82.908808, 42.430607], [-82.9087945, 42.4306874], [-82.9087732, 42.4308134], [-82.908709, 42.431194], [-82.9086115, 42.4317886], [-82.9085418, 42.4322049], [-82.9085248, 42.4322816], [-82.9084182, 42.4329779], [-82.9083786, 42.4332081], [-82.9082858, 42.4337635], [-82.9081691, 42.4346268], [-82.9081367, 42.4348476], [-82.908103, 42.435074], [-82.908051, 42.4355116], [-82.9080069, 42.4358549], [-82.9079691, 42.4361493], [-82.9079394, 42.4363808], [-82.9079007, 42.4366917], [-82.9077961, 42.4374452]]}}, {"type": "Feature", "properties": {"name": "Mack Avenue", "highway": "secondary"}, "geometry": {"type": "LineString", "coordinates": [[-82.911166, 42.415106], [-82.910977, 42.415526], [-82.910831, 42.41589], [-82.910806, 42.415989], [-82.9106, 42.41676], [-82.9105897, 42.4168109], [-82.91057, 42.416908]]}}, {"type": "Feature", "properties": {"name": "Mack Avenue", "highway": "secondary"}, "geometry": {"type": "LineString", "coordinates": [[-82.9220865, 42.3950154], [-82.9219392, 42.3950742], [-82.921852, 42.395109], [-82.921707, 42.395201], [-82.9216029, 42.3953084], [-82.921386, 42.39555], [-82.920997, 42.396102], [-82.9209385, 42.3961844], [-82.9202402, 42.3971619], [-82.9200436, 42.3974648], [-82.919686, 42.397961], [-82.9196378, 42.3980276], [-82.91948, 42.398246], [-82.9194349, 42.3983114], [-82.919064, 42.398849], [-82.9189758, 42.3989744], [-82.918912, 42.399065], [-82.9188596, 42.3991444], [-82.9187552, 42.3993028], [-82.918695, 42.399394], [-82.918651, 42.399482], [-82.918231, 42.400359], [-82.9180163, 42.4008048], [-82.917658, 42.401549], [-82.91708, 42.402763], [-82.9170246, 42.4028699], [-82.916635, 42.403621], [-82.916201, 42.404435], [-82.91588, 42.405049], [-82.915539, 42.405765], [-82.914845, 42.407239], [-82.9147376, 42.4074668], [-82.914353, 42.408283], [-82.9138774, 42.4093091], [-82.913839, 42.409392], [-82.9137875, 42.4094988], [-82.91359, 42.409908], [-82.9134788, 42.4100965], [-82.9133468, 42.4104217], [-82.913197, 42.410738], [-82.9131303, 42.4108821], [-82.9131099, 42.4109261], [-82.913072, 42.411008], [-82.912871, 42.411444], [-82.9128372, 42.411515], [-82.9127597, 42.4116856], [-82.9125467, 42.412137], [-82.912542, 42.412147], [-82.9125084, 42.4122332], [-82.9124629, 42.4123498], [-82.91243, 42.412434]]}}, {"type": "Feature", "properties": {"name": "Moross Road", "highway": "secondary"}, "geometry": {"type": "LineString", "coordinates": [[-82.910804, 42.416988], [-82.91057, 42.416908]]}}, {"type": "Feature", "properties": {"name": "Kercheval Avenue", "highway": "tertiary"}, "geometry": {"type": "LineString", "coordinates": [[-82.890492, 42.411474], [-82.890076, 42.412033], [-82.889766, 42.41245], [-82.889521, 42.412779], [-82.889068, 42.413388], [-82.888248, 42.41449], [-82.887968, 42.414866], [-82.8876256, 42.4153327]]}}, {"type": "Feature", "properties": {"name": "Moross Road", "highway": "secondary"}, "geometry": {"type": "LineString", "coordinates": [[-82.892015, 42.409423], [-82.892188, 42.4095002], [-82.892239, 42.409523], [-82.8926459, 42.4096885], [-82.893687, 42.410112], [-82.8944145, 42.4104084], [-82.8955048, 42.4108525], [-82.895776, 42.410963]]}}, {"type": "Feature", "properties": {"name": "Chalfonte Avenue", "highway": "tertiary"}, "geometry": {"type": "LineString", "coordinates": [[-82.912199, 42.403292], [-82.9119962, 42.403434], [-82.9119037, 42.4035564], [-82.9118632, 42.4036059], [-82.911518, 42.404058], [-82.910983, 42.404738], [-82.910877, 42.404898]]}}, {"type": "Feature", "properties": {"name": "Fisher Road", "highway": "residential"}, "geometry": {"type": "LineString", "coordinates": [[-82.9087, 42.397923], [-82.9087507, 42.3980004], [-82.910108, 42.400073], [-82.910162, 42.4001593], [-82.910265, 42.400324], [-82.912199, 42.403292]]}}, {"type": "Feature", "properties": {"name": "Chalfonte Avenue", "highway": "tertiary"}, "geometry": {"type": "LineString", "coordinates": [[-82.910877, 42.404898], [-82.9108278, 42.4049721], [-82.910766, 42.405065], [-82.910613, 42.405343], [-82.910338, 42.405907], [-82.9101331, 42.4063349], [-82.9100417, 42.4065256], [-82.909997, 42.406619], [-82.909927, 42.40677], [-82.9098791, 42.4068738], [-82.909674, 42.407318], [-82.909617, 42.40744], [-82.909341, 42.40814], [-82.9090378, 42.4089072], [-82.90903, 42.408927], [-82.909007, 42.408997], [-82.908729, 42.409717], [-82.9084707, 42.4103714], [-82.9084647, 42.4104005], [-82.908426, 42.410501], [-82.9082644, 42.4109461], [-82.908067, 42.41149]]}}, {"type": "Feature", "properties": {"name": "Charlevoix Avenue", "highway": "tertiary"}, "geometry": {"type": "LineString", "coordinates": [[-82.904283, 42.401597], [-82.903753, 42.402312], [-82.903572, 42.402554], [-82.903219, 42.40303], [-82.903139, 42.403139], [-82.902943, 42.403456], [-82.902869, 42.403621], [-82.90278, 42.403887], [-82.902623, 42.404523], [-82.9025265, 42.4048427], [-82.902399, 42.405123], [-82.902275, 42.405344], [-82.902105, 42.405594], [-82.901824, 42.405975], [-82.901063, 42.406993], [-82.900541, 42.407698], [-82.900406, 42.407879], [-82.899993, 42.408436], [-82.899445, 42.409172]]}}, {"type": "Feature", "properties": {"name": "Fisher Road", "highway": "residential"}, "geometry": {"type": "LineString", "coordinates": [[-82.912199, 42.403292], [-82.9122288, 42.4033768], [-82.914469, 42.4067819], [-82.914542, 42.4068941], [-82.9146579, 42.4070724], [-82.914711, 42.407154], [-82.9147398, 42.4071761], [-82.914793, 42.407217], [-82.914845, 42.407239], [-82.914935, 42.407266], [-82.915019, 42.40729]]}}, {"type": "Feature", "properties": {"name": "Moran Road", "highway": "residential"}, "geometry": {"type": "LineString", "coordinates": [[-82.910877, 42.404898], [-82.911999, 42.406601], [-82.912474, 42.407321], [-82.9134592, 42.4088533], [-82.913752, 42.4092685], [-82.913839, 42.409392], [-82.913897, 42.40948]]}}, {"type": "Feature", "properties": {"name": "Moran Road", "highway": "residential"}, "geometry": {"type": "LineString", "coordinates": [[-82.904283, 42.401597], [-82.904439, 42.4016605], [-82.9073216, 42.4028345], [-82.9073853, 42.4028729], [-82.9101195, 42.4039648], [-82.9102437, 42.4039777], [-82.9107375, 42.4047157], [-82.9107812, 42.4047515], [-82.910877, 42.404898]]}}, {"type": "Feature", "properties": {"name": "Charlevoix Avenue", "highway": "tertiary"}, "geometry": {"type": "LineString", "coordinates": [[-82.9087, 42.397923], [-82.907737, 42.398266], [-82.9068712, 42.3985989], [-82.9067831, 42.398636], [-82.9066994, 42.3986725], [-82.9065953, 42.39873], [-82.9064697, 42.398808], [-82.9063728, 42.398875], [-82.9062854, 42.3989454], [-82.9062182, 42.399012], [-82.9061558, 42.3991002], [-82.9058069, 42.3995605], [-82.9057619, 42.3996152]]}}, {"type": "Feature", "properties": {"name": "Moross Road", "highway": "secondary"}, "geometry": {"type": "LineString", "coordinates": [[-82.906801, 42.415491], [-82.9068873, 42.4155261], [-82.9070147, 42.4155779], [-82.907935, 42.415952], [-82.9089335, 42.4163474]]}}, {"type": "Feature", "properties": {"name": "Chalfonte Avenue", "highway": "residential"}, "geometry": {"type": "LineString", "coordinates": [[-82.906801, 42.415491], [-82.906779, 42.4156298], [-82.906763, 42.415731], [-82.9067484, 42.4157756], [-82.9067234, 42.4158522], [-82.9066037, 42.4162193], [-82.906432, 42.416746], [-82.906124, 42.417679], [-82.905729, 42.418887], [-82.905101, 42.420833], [-82.904837, 42.421654], [-82.904589, 42.422382], [-82.904499, 42.422692], [-82.904316, 42.423272], [-82.9042499, 42.4234546], [-82.904227, 42.423518], [-82.904012, 42.424007], [-82.9039228, 42.4242068], [-82.9035549, 42.4250312], [-82.903522, 42.425105], [-82.903402, 42.425389], [-82.9033107, 42.4255906], [-82.903282, 42.425654]]}}, {"type": "Feature", "properties": {"name": "Lake Shore Road", "highway": "secondary"}, "geometry": {"type": "LineString", "coordinates": [[-82.886384, 42.4079108], [-82.886436, 42.4077608], [-82.886596, 42.4072388]]}}, {"type": "Feature", "properties": {"name": "Lake Shore Road", "highway": "secondary"}, "geometry": {"type": "LineString", "coordinates": [[-82.885979, 42.4090198], [-82.886177, 42.4084648], [-82.886384, 42.4079108]]}}, {"type": "Feature", "properties": {"name": "Lake Shore Road", "highway": "secondary"}, "geometry": {"type": "LineString", "coordinates": [[-82.885169, 42.4114908], [-82.885394, 42.4107148], [-82.885432, 42.4105988], [-82.88561, 42.4100618], [-82.885653, 42.4099368], [-82.885979, 42.4090198]]}}, {"type": "Feature", "properties": {"name": "Cloverly Road", "highway": "residential"}, "geometry": {"type": "LineString", "coordinates": [[-82.892276, 42.402178], [-82.892343, 42.402263], [-82.893354, 42.402681], [-82.896166, 42.403827], [-82.898669, 42.404846], [-82.898765, 42.404892], [-82.899258, 42.405092], [-82.89938, 42.405118], [-82.899528, 42.405129]]}}, {"type": "Feature", "properties": {"name": "McMillan Road", "highway": "residential"}, "geometry": {"type": "LineString", "coordinates": [[-82.9102437, 42.4039777], [-82.9101667, 42.4038676], [-82.9084997, 42.4012734], [-82.908236, 42.400844], [-82.9081808, 42.4007648], [-82.907887, 42.4003329], [-82.9067831, 42.398636], [-82.9067396, 42.3985668], [-82.9065091, 42.3982006], [-82.9054515, 42.3966126], [-82.9053044, 42.3963676], [-82.9052582, 42.3963027]]}}, {"type": "Feature", "properties": {"name": "Mack Avenue", "highway": "secondary"}, "geometry": {"type": "LineString", "coordinates": [[-82.91057, 42.416908], [-82.910537, 42.417076]]}}, {"type": "Feature", "properties": {"name": "Mack Avenue", "highway": "secondary"}, "geometry": {"type": "LineString", "coordinates": [[-82.9103329, 42.4185186], [-82.910291, 42.418845], [-82.9102811, 42.4189169]]}}, {"type": "Feature", "properties": {"name": "Mack Avenue", "highway": "secondary"}, "geometry": {"type": "LineString", "coordinates": [[-82.9104498, 42.4176431], [-82.910429, 42.417796], [-82.910409, 42.417946], [-82.910352, 42.41837], [-82.9103471, 42.4184085], [-82.9103329, 42.4185186]]}}, {"type": "Feature", "properties": {"name": "Lake Shore Road", "highway": "secondary"}, "geometry": {"type": "LineString", "coordinates": [[-82.8865543, 42.4066797], [-82.8864313, 42.4071905]]}}, {"type": "Feature", "properties": {"name": "Moross Road", "highway": "secondary"}, "geometry": {"type": "LineString", "coordinates": [[-82.909868, 42.4167977], [-82.910021, 42.4168614], [-82.910291, 42.4169737], [-82.9103223, 42.416991], [-82.9103826, 42.4170149], [-82.910537, 42.417076]]}}, {"type": "Feature", "properties": {"name": "Fisher Road", "highway": "residential"}, "geometry": {"type": "LineString", "coordinates": [[-82.905993, 42.393791], [-82.906102, 42.393943], [-82.9062553, 42.3941781], [-82.9071802, 42.3955958], [-82.907898, 42.396696], [-82.9087, 42.397923]]}}, {"type": "Feature", "properties": {"name": "McKinley Avenue", "highway": "residential"}, "geometry": {"type": "LineString", "coordinates": [[-82.9062207, 42.395951], [-82.9052913, 42.3945163], [-82.905041, 42.394132]]}}, {"type": "Feature", "properties": {"name": "Saint Paul School", "highway": "residential"}, "geometry": {"type": "LineString", "coordinates": [[-82.8933936, 42.3943383], [-82.8932167, 42.3945886]]}}, {"type": "Feature", "properties": {"name": "Lake Shore Road", "highway": "secondary"}, "geometry": {"type": "LineString", "coordinates": [[-82.888393, 42.399342], [-82.888159, 42.399967], [-82.888135, 42.400043], [-82.887914, 42.400751], [-82.887895, 42.400827], [-82.887784, 42.401274], [-82.887696, 42.401662], [-82.887518, 42.402452], [-82.887451, 42.402746], [-82.887123, 42.404201]]}}, {"type": "Feature", "properties": {"name": "Lake Shore Road", "highway": "secondary"}, "geometry": {"type": "LineString", "coordinates": [[-82.887123, 42.404201], [-82.887021, 42.404662], [-82.886757, 42.40582], [-82.886712, 42.406025]]}}, {"type": "Feature", "properties": {"name": "Mack Avenue", "highway": "secondary"}, "geometry": {"type": "LineString", "coordinates": [[-82.911611, 42.414142], [-82.9115756, 42.4142186], [-82.9114792, 42.4144275], [-82.9113244, 42.4147628], [-82.9111914, 42.4150511], [-82.911166, 42.415106]]}}, {"type": "Feature", "properties": {"name": "Mack Avenue", "highway": "secondary"}, "geometry": {"type": "LineString", "coordinates": [[-82.91243, 42.412434], [-82.912419, 42.412466], [-82.9123761, 42.4125577], [-82.912195, 42.412945], [-82.9121677, 42.4130016], [-82.9120914, 42.4131667], [-82.911995, 42.413373]]}}, {"type": "Feature", "properties": {"name": "Gateshead Street", "highway": "residential"}, "geometry": {"type": "LineString", "coordinates": [[-82.911611, 42.414142], [-82.911743, 42.414191], [-82.911873, 42.41424]]}}, {"type": "Feature", "properties": {"name": "Moross Road", "highway": "secondary"}, "geometry": {"type": "LineString", "coordinates": [[-82.8864313, 42.4071905], [-82.886596, 42.4072388]]}}, {"type": "Feature", "properties": {"name": "Calvin Avenue", "highway": "residential"}, "geometry": {"type": "LineString", "coordinates": [[-82.912542, 42.412147], [-82.912602, 42.412148], [-82.912663, 42.412148]]}}, {"type": "Feature", "properties": {"name": "Mack Avenue", "highway": "secondary"}, "geometry": {"type": "LineString", "coordinates": [[-82.911995, 42.413373], [-82.9119058, 42.4135515], [-82.911847, 42.4136695], [-82.9116455, 42.414073], [-82.911611, 42.414142]]}}, {"type": "Feature", "properties": {"name": "Moross Road", "highway": "secondary"}, "geometry": {"type": "LineString", "coordinates": [[-82.9089335, 42.4163474], [-82.9093708, 42.4165206], [-82.909425, 42.416542]]}}, {"type": "Feature", "properties": {"name": "Kercheval Avenue", "highway": "tertiary"}, "geometry": {"type": "LineString", "coordinates": [[-82.891437, 42.410204], [-82.890492, 42.411474]]}}, {"type": "Feature", "properties": {"name": "Kercheval Avenue", "highway": "tertiary"}, "geometry": {"type": "LineString", "coordinates": [[-82.892015, 42.409423], [-82.891437, 42.410204]]}}, {"type": "Feature", "properties": {"name": "Lake Shore Road", "highway": "secondary"}, "geometry": {"type": "LineString", "coordinates": [[-82.886712, 42.406025], [-82.8865543, 42.4066797]]}}, {"type": "Feature", "properties": {"name": "Lake Shore Road", "highway": "secondary"}, "geometry": {"type": "LineString", "coordinates": [[-82.886596, 42.4072388], [-82.886646, 42.4070718], [-82.8867022, 42.4068131], [-82.8867783, 42.4064633]]}}, {"type": "Feature", "properties": {"name": "Moross Road", "highway": "secondary"}, "geometry": {"type": "LineString", "coordinates": [[-82.896855, 42.411426], [-82.8969796, 42.4114773], [-82.8976824, 42.4117664], [-82.8981145, 42.4119441], [-82.898226, 42.41199]]}}, {"type": "Feature", "properties": {"name": "Moross Road", "highway": "secondary"}, "geometry": {"type": "LineString", "coordinates": [[-82.898226, 42.41199], [-82.899494, 42.4125099], [-82.9000328, 42.4127308], [-82.9001283, 42.41277], [-82.900165, 42.412785], [-82.9005129, 42.4129276], [-82.9005891, 42.4129588], [-82.9019308, 42.4135123], [-82.9021492, 42.4136024], [-82.9023534, 42.4136866], [-82.902686, 42.4138188], [-82.902757, 42.413847], [-82.9031277, 42.4139997], [-82.9034714, 42.4141357], [-82.904025, 42.4143674], [-82.9044009, 42.414517], [-82.9046365, 42.4146108], [-82.90476, 42.414661], [-82.9048423, 42.4146945], [-82.9051856, 42.4148341], [-82.9054138, 42.4149269], [-82.9055469, 42.414981], [-82.9058565, 42.4151069], [-82.9062649, 42.415273], [-82.9063877, 42.4153229], [-82.9065291, 42.4153804], [-82.9066655, 42.4154359], [-82.906801, 42.415491]]}}, {"type": "Feature", "properties": {"name": "Windemere Lane", "highway": "residential"}, "geometry": {"type": "LineString", "coordinates": [[-82.886471, 42.413211], [-82.886511, 42.413227], [-82.886539, 42.413233], [-82.886798, 42.41324], [-82.886975, 42.413224]]}}, {"type": "Feature", "properties": {"name": "Chalfonte Avenue", "highway": "tertiary"}, "geometry": {"type": "LineString", "coordinates": [[-82.908067, 42.41149], [-82.9077429, 42.4124633], [-82.907715, 42.412547], [-82.9074032, 42.4135101], [-82.90734, 42.4137062], [-82.9070856, 42.4144961], [-82.90684, 42.415255], [-82.9068296, 42.4153359], [-82.9068178, 42.4153892], [-82.906801, 42.415491]]}}, {"type": "Feature", "properties": {"name": "Kercheval Avenue", "highway": "tertiary"}, "geometry": {"type": "LineString", "coordinates": [[-82.900798, 42.397587], [-82.9006996, 42.3977187], [-82.9002997, 42.3982539]]}}, {"type": "Feature", "properties": {"name": "Kercheval Avenue", "highway": "tertiary"}, "geometry": {"type": "LineString", "coordinates": [[-82.905993, 42.393791], [-82.9056948, 42.3938978], [-82.905211, 42.3940711], [-82.905041, 42.394132], [-82.9047863, 42.3942176], [-82.9042543, 42.3943964], [-82.904184, 42.39442], [-82.9040572, 42.3944894], [-82.9039936, 42.39454], [-82.903933, 42.394592], [-82.9038118, 42.3946798], [-82.9028709, 42.395361], [-82.902058, 42.39595], [-82.902027, 42.395977], [-82.901939, 42.396053], [-82.9018172, 42.3962169], [-82.9017695, 42.3962787], [-82.9017228, 42.396339], [-82.9016822, 42.3963939], [-82.9013265, 42.396874], [-82.9011757, 42.3970794], [-82.9008746, 42.3974841], [-82.900798, 42.397587]]}}, {"type": "Feature", "properties": {"name": "Windemere Place", "highway": "residential"}, "geometry": {"type": "LineString", "coordinates": [[-82.8854918, 42.4131484], [-82.885596, 42.41301]]}}, {"type": "Feature", "properties": {"name": "Lakeview Avenue", "highway": "residential"}, "geometry": {"type": "LineString", "coordinates": [[-82.891437, 42.410204], [-82.8920888, 42.4104693], [-82.895206, 42.411738]]}}, {"type": "Feature", "properties": {"name": "McMillan Road", "highway": "residential"}, "geometry": {"type": "LineString", "coordinates": [[-82.9046545, 42.3953833], [-82.9046784, 42.3954653], [-82.9048126, 42.3956577]]}}, {"type": "Feature", "properties": {"name": "Hall Place", "highway": "residential"}, "geometry": {"type": "LineString", "coordinates": [[-82.901316, 42.395312], [-82.901352, 42.395513], [-82.901376, 42.395578], [-82.901404, 42.395628], [-82.90144, 42.395674], [-82.901483, 42.395718], [-82.901531, 42.395757], [-82.9015592, 42.3957755], [-82.901586, 42.395793], [-82.901641, 42.395821], [-82.9019219, 42.3959345], [-82.902027, 42.395977]]}}, {"type": "Feature", "properties": {"name": "Forsyth Lane", "highway": "residential"}, "geometry": {"type": "LineString", "coordinates": [[-82.8928227, 42.401192], [-82.8907915, 42.40038]]}}, {"type": "Feature", "properties": {"name": "", "highway": "residential"}, "geometry": {"type": "LineString", "coordinates": [[-82.9062564, 42.4204326], [-82.9062408, 42.4204099], [-82.9062358, 42.4203846], [-82.9062419, 42.4203595], [-82.9062585, 42.4203372], [-82.9062838, 42.4203198], [-82.9063153, 42.4203093], [-82.9063497, 42.4203067], [-82.9063834, 42.4203123], [-82.9064143, 42.4203264], [-82.9064371, 42.4203473], [-82.9064492, 42.4203725], [-82.9064492, 42.4203993], [-82.9064371, 42.4204246], [-82.9064143, 42.4204455], [-82.9063834, 42.4204595], [-82.9063479, 42.4204652], [-82.9063119, 42.4204618], [-82.9062809, 42.4204506], [-82.9062564, 42.4204326]]}}, {"type": "Feature", "properties": {"name": "Charlevoix Avenue", "highway": "tertiary"}, "geometry": {"type": "LineString", "coordinates": [[-82.9057619, 42.3996152], [-82.905022, 42.400598], [-82.904283, 42.401597]]}}, {"type": "Feature", "properties": {"name": "Kercheval Avenue", "highway": "tertiary"}, "geometry": {"type": "LineString", "coordinates": [[-82.9002997, 42.3982539], [-82.9000756, 42.3985539], [-82.900015, 42.398635]]}}, {"type": "Feature", "properties": {"name": "Muir Road", "highway": "residential"}, "geometry": {"type": "LineString", "coordinates": [[-82.896646, 42.3942789], [-82.8969081, 42.3943838], [-82.9016226, 42.3963014], [-82.9017228, 42.396339]]}}, {"type": "Feature", "properties": {"name": "Muir Road", "highway": "residential"}, "geometry": {"type": "LineString", "coordinates": [[-82.9022597, 42.3965493], [-82.902511, 42.396658]]}}, {"type": "Feature", "properties": {"name": "Muir Road", "highway": "residential"}, "geometry": {"type": "LineString", "coordinates": [[-82.9017228, 42.396339], [-82.901847, 42.3963877], [-82.9022597, 42.3965493]]}}, {"type": "Feature", "properties": {"name": "Mack Avenue", "highway": "secondary"}, "geometry": {"type": "LineString", "coordinates": [[-82.910537, 42.417076], [-82.9105178, 42.4171718], [-82.910506, 42.417231], [-82.9105041, 42.4172453], [-82.9104677, 42.4175115], [-82.9104498, 42.4176431]]}}, {"type": "Feature", "properties": {"name": "", "highway": "residential"}, "geometry": {"type": "LineString", "coordinates": [[-82.9019816, 42.4028836], [-82.9016846, 42.4032511], [-82.9014424, 42.4035788], [-82.9013781, 42.4036957]]}}, {"type": "Feature", "properties": {"name": "Kercheval Avenue", "highway": "residential"}, "geometry": {"type": "LineString", "coordinates": [[-82.8876256, 42.4153327], [-82.887044, 42.416089], [-82.8865815, 42.4167158]]}}, {"type": "Feature", "properties": {"name": "", "highway": "residential"}, "geometry": {"type": "LineString", "coordinates": [[-82.906617, 42.409845], [-82.9067356, 42.409999], [-82.9072371, 42.4101821]]}}, {"type": "Feature", "properties": {"name": "", "highway": "residential"}, "geometry": {"type": "LineString", "coordinates": [[-82.9056336, 42.4221111], [-82.9057397, 42.42205], [-82.9057553, 42.4220261], [-82.9057607, 42.4220046], [-82.9057633, 42.421978], [-82.905754, 42.4219512], [-82.9057349, 42.4219264], [-82.9056984, 42.4219027], [-82.9056454, 42.4218909], [-82.9055898, 42.4218884], [-82.9055098, 42.4219157]]}}, {"type": "Feature", "properties": {"name": "", "highway": "residential"}, "geometry": {"type": "LineString", "coordinates": [[-82.899407, 42.421554], [-82.8994045, 42.4216239], [-82.8993864, 42.4216755], [-82.8993463, 42.4216965], [-82.8992803, 42.4216898], [-82.8991505, 42.4216026]]}}, {"type": "Feature", "properties": {"name": "", "highway": "residential"}, "geometry": {"type": "LineString", "coordinates": [[-82.904298, 42.400258], [-82.9042174, 42.4001626], [-82.904129, 42.4001078], [-82.9040651, 42.4000897], [-82.903972, 42.4000939], [-82.9038827, 42.4001189], [-82.9038413, 42.4001529], [-82.9038075, 42.4002168], [-82.9038056, 42.4002779], [-82.9038161, 42.4003573]]}}, {"type": "Feature", "properties": {"name": "Newcastle Road", "highway": "residential"}, "geometry": {"type": "LineString", "coordinates": [[-82.910128, 42.421866], [-82.910275, 42.421869], [-82.910351, 42.421866], [-82.9104505, 42.4218753], [-82.9108647, 42.4219185], [-82.9159683, 42.4240065], [-82.919051, 42.425262], [-82.9222083, 42.4265637]]}}, {"type": "Feature", "properties": {"name": "Lake Shore Road", "highway": "secondary"}, "geometry": {"type": "LineString", "coordinates": [[-82.8867783, 42.4064633], [-82.8867889, 42.4064143], [-82.8867997, 42.4063644], [-82.886829, 42.4062298], [-82.8868531, 42.4061377], [-82.8868684, 42.4060791], [-82.8868775, 42.4060489]]}}, {"type": "Feature", "properties": {"name": "Canyon Street", "highway": "residential"}, "geometry": {"type": "LineString", "coordinates": [[-82.913897, 42.40948], [-82.913944, 42.409553], [-82.9140212, 42.4096712], [-82.914072, 42.409749], [-82.9141714, 42.4098933], [-82.9142853, 42.4100586], [-82.914354, 42.4101582], [-82.9144354, 42.4102764], [-82.9145738, 42.4104773], [-82.915237, 42.41144], [-82.915495, 42.411814], [-82.915613, 42.412002], [-82.9156413, 42.41204], [-82.916412, 42.413159], [-82.917401, 42.414595], [-82.917687, 42.415013], [-82.918301, 42.415911], [-82.918518, 42.41623]]}}, {"type": "Feature", "properties": {"name": "Hillcrest Street", "highway": "residential"}, "geometry": {"type": "LineString", "coordinates": [[-82.910961, 42.416025], [-82.911074, 42.416051]]}}, {"type": "Feature", "properties": {"name": "Mack Avenue", "highway": "secondary"}, "geometry": {"type": "LineString", "coordinates": [[-82.9102811, 42.4189169], [-82.9102787, 42.4189381], [-82.910248, 42.419211], [-82.910178, 42.419738], [-82.91011, 42.420514], [-82.910087, 42.420767], [-82.9100765, 42.4208843]]}}]}